CONGLOME,VIVIENDA,HOGAR,CODPERSO,nacionalidad,ocupacion_principal,rama_actividad,anios_en_ocupacion_actual,meses_en_ocupacion_actual,tipo_contrato,indicador_pea,condicion_formalidad,sexo,edad,estado_civil,nivel_educ_venezuela,nivel_educ_peru,obtuvo_titulo,homologo_titulo_peru,tiene_carrera_superior,tipo_permiso_migratorio,mes_llegada_peru,anio_llegada_peru,discriminado_centro_trabajo,tiempo_residencia_anios,condicion_laboral,anios_escolaridad_venezuela,anios_escolaridad_peru,brecha_educativa_anios,ocupacion_grupo,rama_division,tiene_ocupacion_actual
5,2,11,1,2,7513,1071,0.0,6.0, ,1,2.0,2,37,1,6,13, , , ,2,3.0,2022.0, ,2.0,Empleado_Formal,11.0,11.0,0.0,7,10,1
5,2,11,2,2,7513,1071,0.0,5.0,7,1,1.0,1,39,1,8,13,1,2,3,2,3.0,2022.0, ,2.0,Empleado_Informal,14.0,14.0,0.0,7,10,1
5,2,11,3,2,7513,1071,0.0,5.0,7,1,1.0,1,18,6,3,6, , ,1,2,3.0,2022.0, ,2.0,Empleado_Informal,4.5,11.0,-6.5,7,10,1
5,9,12,1,2,9512,4799,1.0,5.0,7,1,1.0,1,59,1,6,13, , , ,2,12.0,2022.0, ,2.0,Empleado_Informal,11.0,11.0,0.0,9,47,1
5,9,12,2,2,9512,4799,1.0,4.0, ,1,1.0,2,51,1,10,13,1,2,3,2,12.0,2022.0,0,2.0,Empleado_Informal,16.0,16.0,0.0,9,47,1
5,9,12,3,2,9333,5224,0.0,5.0, ,1,1.0,1,31,6,9,13, , ,3,2,2.0,2023.0, ,1.0,Empleado_Informal,13.5,13.5,0.0,9,52,1
5,9,22,1,2,5142,9602,1.0,0.0, ,1,1.0,2,39,6,7,13, , ,3,2,10.0,2022.0, ,2.0,Empleado_Informal,12.5,12.5,0.0,5,96,1
5,10,11,1,2,9411,5610,5.0,0.0, ,1,2.0,2,58,1,6,13, , , ,2,4.0,2019.0, ,5.0,Empleado_Formal,11.0,11.0,0.0,9,56,1
5,10,11,2,2,9412,5610,5.0,0.0,7,1,1.0,1,64,1,4,13, , , ,2,4.0,2019.0,1,5.0,Empleado_Informal,9.0,9.0,0.0,9,56,1
10,13,11,1,2,5131,5610,0.0,10.0,7,1,1.0,1,36,6,8,13,1,2,3,2,7.0,2018.0, ,6.0,Empleado_Informal,14.0,14.0,0.0,5,56,1
10,16,11,1,2,9333,5224,0.0,5.0,7,1,1.0,1,42,1,4,13, , , ,2,11.0,2018.0, ,6.0,Empleado_Informal,9.0,9.0,0.0,9,52,1
10,16,11,2,2,9629,4921,1.0,0.0,7,1,1.0,2,35,1,6,13, , , ,2,11.0,2018.0, ,6.0,Empleado_Informal,11.0,11.0,0.0,9,49,1
10,16,11,3,2,9629,4921,0.0,6.0,7,1,1.0,1,14,6,4,5, , , ,2,11.0,2018.0, ,6.0,Empleado_Informal,9.0,8.5,0.5,9,49,1
10,17,11,1,2,7354,1410,1.0,0.0,7,1,1.0,1,32,2,10,13,1,2,3,2,2.0,2023.0, ,1.0,Empleado_Informal,16.0,16.0,0.0,7,14,1
10,17,11,2,2,7354,1410,1.0,0.0,7,1,1.0,2,30,2,10,13,1,2,3,2,2.0,2023.0, ,1.0,Empleado_Informal,16.0,16.0,0.0,7,14,1
16,16,11,1,2,7513,1071,2.0,0.0, ,1,1.0,1,32,1,5,13, , , ,2,7.0,2018.0, ,6.0,Empleado_Informal,10.0,10.0,0.0,7,10,1
16,16,11,2,1,5245,1071,1.0,0.0,7,1,1.0,2,34,1,1,6, , ,1,,,,,,Empleado_Informal,0.0,11.0,-11.0,5,10,1
16,17,11,1,2,,,0.0,0.0, ,2,,2,53,5,7,13, , ,3,2,12.0,2015.0,1,9.0,Desempleado,12.5,12.5,0.0,,,0
16,17,11,2,2,3322,4630,6.0,0.0,2,1,2.0,1,28,6,10,13,1,2,3,2,9.0,2015.0,1,9.0,Empleado_Formal,16.0,16.0,0.0,3,46,1
16,36,11,1,2,7231,4520,0.0,1.0,7,1,1.0,1,50,2,5,13, , , ,9,4.0,2024.0, ,0.0,Empleado_Informal,10.0,10.0,0.0,7,45,1
16,36,11,2,2,9111,9700,0.0,3.0,7,1,1.0,2,52,2,6,13, , , ,9,4.0,2024.0, ,0.0,Empleado_Informal,11.0,11.0,0.0,9,97,1
37,44,11,1,2,9112,9602,0.0,6.0,7,1,1.0,2,60,2,5,13, , , ,2,7.0,2018.0, ,6.0,Empleado_Informal,10.0,10.0,0.0,9,96,1
37,44,11,3,2,5142,9602,3.0,3.0,7,1,1.0,2,36,5,10,10, , ,3,2,7.0,2018.0, ,6.0,Empleado_Informal,16.0,16.0,0.0,5,96,1
37,44,11,5,2,5141,9602,5.0,0.0,7,1,1.0,2,26,1,6,13, , , ,2,7.0,2018.0, ,6.0,Empleado_Informal,11.0,11.0,0.0,5,96,1
37,44,11,6,2,7421,9511,2.0,0.0,7,1,1.0,1,36,1,9,13, , ,3,2,6.0,2017.0, ,7.0,Empleado_Informal,13.5,13.5,0.0,7,95,1
37,45,11,1,1,7411,4321,10.0,0.0,2,1,1.0,1,29,1,6,13, , , ,,,,,,Empleado_Informal,11.0,11.0,0.0,7,43,1
37,45,11,2,2,9412,5610,0.0,1.0,7,1,1.0,2,26,1,6,13, , , ,6,7.0,2018.0, ,6.0,Empleado_Informal,11.0,11.0,0.0,9,56,1
37,59,11,1,2,9111,9700,0.0,2.0,7,1,1.0,2,22,1,5,13, , , ,9,3.0,2023.0, ,1.0,Empleado_Informal,10.0,10.0,0.0,9,97,1
37,59,11,2,2,9629,4922,1.0,0.0,7,1,1.0,1,30,1,5,13, , , ,9,3.0,2023.0, ,1.0,Empleado_Informal,10.0,10.0,0.0,9,49,1
207,277,11,1,2,9313,4100,0.0,1.0,7,1,1.0,1,37,1,3,13, , , ,6,5.0,2020.0,0,4.0,Empleado_Informal,4.5,4.5,0.0,9,41,1
207,277,11,2,2,9211,146,2.0,4.0,7,1,1.0,2,27,1,4,13, , , ,2,5.0,2018.0,1,6.0,Empleado_Informal,9.0,9.0,0.0,9,01,1
207,280,11,2,2,8141,4540,5.0,9.0,7,1,1.0,1,39,1,3,13, , , ,2,11.0,2018.0, ,6.0,Empleado_Informal,4.5,4.5,0.0,8,45,1
207,282,11,2,2,,,0.0,0.0, ,3,,2,20,6,3,5, , , ,2,12.0,2020.0, ,4.0,Desempleado,4.5,8.5,-4.0,,,0
207,282,11,3,2,9313,4100,3.0,5.0,7,1,1.0,1,17,6,4,13, , , ,2,12.0,2020.0, ,4.0,Empleado_Informal,9.0,9.0,0.0,9,41,1
207,282,11,4,2,5142,9602,4.0,1.0,7,1,1.0,2,22,1,3,13, , , ,2,12.0,2020.0, ,4.0,Empleado_Informal,4.5,4.5,0.0,5,96,1
212,289,11,1,2,9313,4100,5.0,4.0,7,1,1.0,1,38,1,3,3, , , ,2,4.0,2019.0, ,5.0,Empleado_Informal,4.5,3.0,1.5,9,41,1
212,289,11,2,2,,,0.0,0.0, ,3,,2,32,1,4,13, , , ,2,6.0,2019.0, ,5.0,Desempleado,9.0,9.0,0.0,,,0
212,289,11,6,2,7111,4100,1.0,3.0, ,1,1.0,1,17,1,5,5, , , ,2,4.0,2019.0, ,5.0,Empleado_Informal,10.0,8.5,1.5,7,41,1
212,297,11,1,2,9112,8121,1.0,6.0, ,1,1.0,2,25,5,3,13, , , ,1,10.0,2022.0, ,2.0,Empleado_Informal,4.5,4.5,0.0,9,81,1
409,583,11,1,2,5131,5630,0.0,7.0,7,1,1.0,2,26,5,6,13, , , ,9,2.0,2020.0, ,4.0,Empleado_Informal,11.0,11.0,0.0,5,56,1
409,584,11,1,2,5131,5630,0.0,2.0,7,1,1.0,2,22,5,5,13, , , ,9,2.0,2023.0, ,1.0,Empleado_Informal,10.0,10.0,0.0,5,56,1
409,586,11,1,2,5131,5630,0.0,9.0,7,1,1.0,2,22,5,5,13, , , ,9,6.0,2022.0,1,2.0,Empleado_Informal,10.0,10.0,0.0,5,56,1
415,596,11,1,1,8321,4922,2.0,8.0, ,1,1.0,1,30,1,1,9, , ,3,,,,,,Empleado_Informal,0.0,13.5,-13.5,8,49,1
415,610,11,1,2,,,0.0,0.0, ,2,,2,32,1,5,13, , , ,9,9.0,2023.0, ,1.0,Desempleado,10.0,10.0,0.0,,,0
415,610,11,2,2,6222,311,1.0,0.0, ,1,1.0,1,35,1,5,13, , , ,9,12.0,2023.0, ,1.0,Empleado_Informal,10.0,10.0,0.0,6,03,1
698,195,11,2,2,5212,4722,1.0,6.0,2,1,1.0,2,21,6,6,13, , , ,1,12.0,2022.0, ,2.0,Empleado_Informal,11.0,11.0,0.0,5,47,1
698,198,11,1,2,4321,5510,6.0,0.0,1,1,2.0,1,30,1,9,13, , ,3,2,8.0,2019.0,0,5.0,Empleado_Formal,13.5,13.5,0.0,4,55,1
698,198,11,2,2,5212,4773,6.0,0.0,7,1,1.0,2,26,1,6,13, , , ,2,9.0,2019.0, ,5.0,Empleado_Informal,11.0,11.0,0.0,5,47,1
698,199,11,1,2,7129,3100,3.0,0.0,7,1,1.0,1,28,6,7,13, , ,3,1,1.0,2021.0, ,3.0,Empleado_Informal,12.5,12.5,0.0,7,31,1
708,211,11,1,2,,,0.0,0.0, ,2,,2,36,1,6,13, , , ,1,6.0,2019.0, ,5.0,Desempleado,11.0,11.0,0.0,,,0
708,211,11,2,2,7111,4100,6.0,0.0, ,1,1.0,1,38,1,5,13, , , ,2,10.0,2018.0, ,6.0,Empleado_Informal,10.0,10.0,0.0,7,41,1
708,212,11,1,2,7421,9522,2.0,2.0, ,1,2.0,1,38,1,5,13, , , ,6,5.0,2019.0, ,5.0,Empleado_Formal,10.0,10.0,0.0,7,95,1
708,212,11,2,2,,,0.0,0.0, ,2,,2,30,1,6,13, , , ,6,5.0,2019.0, ,5.0,Desempleado,11.0,11.0,0.0,,,0
708,213,11,1,2,9629,9609,1.0,2.0, ,1,1.0,1,30,1,5,13, , , ,6,8.0,2018.0, ,6.0,Empleado_Informal,10.0,10.0,0.0,9,96,1
708,213,11,2,2,5131,5610,0.0,1.0,7,1,1.0,2,36,1,5,13, , , ,1,7.0,2022.0, ,2.0,Empleado_Informal,10.0,10.0,0.0,5,56,1
921,335,11,1,2,9333,5224,4.0,0.0, ,1,1.0,1,30,6,7,13, , ,3,1,4.0,2019.0, ,5.0,Empleado_Informal,12.5,12.5,0.0,9,52,1
921,336,11,1,2,9112,5510,0.0,2.0,7,1,1.0,1,30,1,6,13, , , ,1,5.0,2019.0, ,5.0,Empleado_Informal,11.0,11.0,0.0,9,55,1
921,336,11,2,2,5245,1071,0.0,1.0,7,1,1.0,2,23,1,4,13, , , ,9,1.0,2018.0, ,6.0,Empleado_Informal,9.0,9.0,0.0,5,10,1
921,339,11,1,2,9122,4520,0.0,7.0,7,1,1.0,1,45,6,6,13, , , ,2,8.0,2018.0, ,6.0,Empleado_Informal,11.0,11.0,0.0,9,45,1
931,349,11,1,2,,,0.0,0.0, ,2,,2,45,5,8,13,1,2,3,6,3.0,2018.0, ,6.0,Desempleado,14.0,14.0,0.0,,,0
931,349,11,2,2,8321,4922,2.0,0.0, ,1,1.0,1,23,1,5,13, , , ,1,4.0,2019.0, ,5.0,Empleado_Informal,10.0,10.0,0.0,8,49,1
931,350,11,1,2,9112,4100,0.0,3.0,2,1,1.0,2,29,1,10,13,2, ,3,6,6.0,2018.0, ,6.0,Empleado_Informal,16.0,16.0,0.0,9,41,1
931,350,11,2,2,9313,4100,2.0,3.0,7,1,1.0,1,28,1,5,13, , , ,1,4.0,2019.0, ,5.0,Empleado_Informal,10.0,10.0,0.0,9,41,1
931,351,11,1,2,9411,5610,0.0,2.0,7,1,1.0,2,25,6,5,13, , , ,2,3.0,2023.0, ,1.0,Empleado_Informal,10.0,10.0,0.0,9,56,1
998,397,11,1,2,5120,5610,4.0,0.0, ,1,1.0,1,58,1,5,13, , , ,2,11.0,2019.0,0,5.0,Empleado_Informal,10.0,10.0,0.0,5,56,1
998,397,11,2,2,9412,5610,4.0,9.0,7,1,1.0,2,70,1,3,13, , , ,1,11.0,2019.0, ,5.0,Empleado_Informal,4.5,4.5,0.0,9,56,1
998,407,11,1,2,9313,4100,0.0,1.0,7,1,1.0,1,34,1,10,13,1,2,3,1,3.0,2023.0, ,1.0,Empleado_Informal,16.0,16.0,0.0,9,41,1
998,408,11,1,2,8321,4922,0.0,3.0, ,1,1.0,1,35,1,6,13, , , ,2,3.0,2019.0, ,5.0,Empleado_Informal,11.0,11.0,0.0,8,49,1
1008,404,11,1,2,5120,5610,1.0,2.0,7,1,1.0,1,24,6,6,13, , , ,1,1.0,2019.0, ,5.0,Empleado_Informal,11.0,11.0,0.0,5,56,1
1008,405,11,1,2,4214,8291,1.0,0.0,7,1,1.0,1,25,1,6,13, , , ,2,12.0,2021.0, ,3.0,Empleado_Informal,11.0,11.0,0.0,4,82,1
1008,405,11,2,2,5131,5610,0.0,8.0,7,1,1.0,2,26,1,5,13, , , ,1,4.0,2022.0, ,2.0,Empleado_Informal,10.0,10.0,0.0,5,56,1
1008,406,11,1,2,5212,4773,0.0,2.0,7,1,1.0,2,37,6,6,13, , , ,2,1.0,2019.0, ,5.0,Empleado_Informal,11.0,11.0,0.0,5,47,1
1127,25,11,1,2,,,0.0,0.0, ,2,,1,48,1,6,13, , , ,1,1.0,2023.0, ,1.0,Desempleado,11.0,11.0,0.0,,,0
1127,25,11,2,2,9112,8121,0.0,8.0, ,1,1.0,2,51,1,6,13, , , ,2,11.0,2022.0, ,2.0,Empleado_Informal,11.0,11.0,0.0,9,81,1
1127,25,11,3,2,9112,8121,0.0,1.0,7,1,1.0,1,19,6,5,13, , , ,2,11.0,2022.0, ,2.0,Empleado_Informal,10.0,10.0,0.0,9,81,1
1127,34,11,1,1,7129,4520,0.0,3.0, ,1,1.0,1,48,1,5,13, , , ,,,,,,Empleado_Informal,10.0,10.0,0.0,7,45,1
1127,34,11,2,2,7322,1629,4.0,0.0,7,1,1.0,2,36,1,9,13, , ,3,9,7.0,2018.0, ,6.0,Empleado_Informal,13.5,13.5,0.0,7,16,1
1127,41,11,1,2,7513,1071,7.0,0.0, ,1,2.0,1,44,1,7,13, , ,3,2,5.0,2018.0,0,6.0,Empleado_Formal,12.5,12.5,0.0,7,10,1
1127,41,11,2,2,5245,1071,5.0,0.0,7,1,1.0,2,38,1,6,13, , , ,2,6.0,2019.0, ,5.0,Empleado_Informal,11.0,11.0,0.0,5,10,1
1140,31,11,1,2,9629,9609,1.0,6.0, ,1,1.0,2,44,6,4,13, , , ,1,3.0,2022.0, ,2.0,Empleado_Informal,9.0,9.0,0.0,9,96,1
1140,31,11,2,2,9313,4100,1.0,0.0,7,1,1.0,1,21,6,6,13, , , ,1,1.0,2021.0, ,3.0,Empleado_Informal,11.0,11.0,0.0,9,41,1
1140,32,11,1,2,9122,4520,0.0,7.0,7,1,1.0,1,28,2,6,13, , , ,9,2.0,2021.0,1,3.0,Empleado_Informal,11.0,11.0,0.0,9,45,1
1140,32,11,5,2,,,0.0,0.0, ,2,,2,45,6,6,13, , , ,9,7.0,2023.0,1,1.0,Desempleado,11.0,11.0,0.0,,,0
1140,33,11,1,2,9333,4923,2.0,6.0,7,1,1.0,1,28,6,5,13, , , ,1,9.0,2021.0, ,3.0,Empleado_Informal,10.0,10.0,0.0,9,49,1
1180,53,11,1,2,9411,5610,0.0,2.0, ,1,1.0,2,57,4,10,13,1,1,3,2,7.0,2018.0,0,6.0,Empleado_Informal,16.0,16.0,0.0,9,56,1
1180,53,11,2,2,3431,4771,0.0,6.0,7,1,1.0,1,28,6,10,13,1,2,3,2,5.0,2021.0, ,3.0,Empleado_Informal,16.0,16.0,0.0,3,47,1
1180,53,11,3,2,9532,4799,0.0,2.0, ,1,1.0,1,19,6,6,9, , ,0,2,7.0,2018.0, ,6.0,Empleado_Informal,11.0,13.5,-2.5,9,47,1
1180,71,11,1,2,5142,9602,2.0,0.0, ,1,1.0,2,34,5,10,13,1,2,3,2,10.0,2019.0, ,5.0,Empleado_Informal,16.0,16.0,0.0,5,96,1
1180,79,11,1,2,9411,5610,0.0,2.0, ,1,1.0,2,41,6,5,13, , , ,2,11.0,2022.0,1,2.0,Empleado_Informal,10.0,10.0,0.0,9,56,1
1180,79,11,2,2,9411,5610,0.0,2.0,7,1,1.0,1,27,6,5,13, , , ,2,11.0,2021.0,1,3.0,Empleado_Informal,10.0,10.0,0.0,9,56,1
1193,55,11,1,2,,,0.0,0.0, ,3,,2,18,6,5,13, , , ,9,7.0,2024.0,0,0.0,Desempleado,10.0,10.0,0.0,,,0
1193,56,11,1,2,9629,9609,0.0,3.0, ,1,1.0,2,41,5,10,13,2, ,3,1,2.0,2021.0, ,3.0,Empleado_Informal,16.0,16.0,0.0,9,96,1
1193,56,11,2,2,9313,4100,0.0,1.0,7,1,1.0,1,17,6,5,5, , , ,1,2.0,2021.0, ,3.0,Empleado_Informal,10.0,8.5,1.5,9,41,1
1193,56,11,3,2,,,0.0,0.0, ,3,,1,17,6,5,5, , , ,1,2.0,2021.0, ,3.0,Desempleado,10.0,8.5,1.5,,,0
1676,310,11,1,2,9411,5630,0.0,3.0, ,1,1.0,2,35,6,10,13,1,2,3,2,7.0,2018.0, ,6.0,Empleado_Informal,16.0,16.0,0.0,9,56,1
1676,312,11,1,2,7129,4330,6.0,0.0,7,1,1.0,1,34,1,6,13, , , ,1,12.0,2018.0, ,6.0,Empleado_Informal,11.0,11.0,0.0,7,43,1
1676,313,11,1,2,5142,9602,4.0,8.0, ,1,1.0,2,27,6,10,13,1,2,3,2,3.0,2019.0,0,5.0,Empleado_Informal,16.0,16.0,0.0,5,96,1
1689,313,11,1,2,4321,4530,0.0,7.0,7,1,1.0,2,38,5,3,13, , , ,6,5.0,2019.0, ,5.0,Empleado_Informal,4.5,4.5,0.0,4,45,1
1689,314,11,2,2,9112,5610,0.0,5.0,7,1,1.0,2,25,1,6,13, , , ,9,2.0,2024.0,0,0.0,Empleado_Informal,11.0,11.0,0.0,9,56,1
1689,315,11,1,2,9532,4799,2.0,0.0, ,1,1.0,1,57,1,5,13, , , ,2,8.0,2020.0, ,4.0,Empleado_Informal,10.0,10.0,0.0,9,47,1
1689,315,11,2,2,9411,5610,3.0,0.0, ,1,1.0,2,46,1,6,13, , , ,2,8.0,2021.0, ,3.0,Empleado_Informal,11.0,11.0,0.0,9,56,1
2246,101,11,1,2,5131,5610,3.0,0.0,7,1,1.0,1,20,1,3,13, , , ,1,7.0,2020.0,1,4.0,Empleado_Informal,4.5,4.5,0.0,5,56,1
2246,101,11,2,2,5131,5610,1.0,0.0,7,1,1.0,2,21,1,4,13, , , ,8,3.0,2020.0,1,4.0,Empleado_Informal,9.0,9.0,0.0,5,56,1
2246,102,11,1,2,5120,5610,1.0,0.0,7,1,1.0,2,37,1,3,13, , , ,1,7.0,2022.0, ,2.0,Empleado_Informal,4.5,4.5,0.0,5,56,1
2246,102,11,2,2,9629,4781,0.0,8.0,7,1,1.0,1,38,1,3,13, , , ,1,4.0,2022.0,0,2.0,Empleado_Informal,4.5,4.5,0.0,9,47,1
2246,103,11,1,2,5120,5610,1.0,9.0,7,1,1.0,2,24,1,4,13, , , ,1,3.0,2019.0,1,5.0,Empleado_Informal,9.0,9.0,0.0,5,56,1
2262,107,11,1,2,9622,4781,2.0,0.0,7,1,1.0,1,37,6,4,13, , , ,1,2.0,2021.0, ,3.0,Empleado_Informal,9.0,9.0,0.0,9,47,1
2262,108,11,1,2,9511,4799,0.0,6.0,7,1,1.0,2,20,1,4,13, , , ,1,5.0,2018.0,0,6.0,Empleado_Informal,9.0,9.0,0.0,9,47,1
2262,108,11,2,1,9333,4663,3.0,0.0,7,1,1.0,1,20,1,3,13, , , ,,,,,,Empleado_Informal,4.5,4.5,0.0,9,46,1
2262,108,11,4,2,5141,9602,0.0,7.0,7,1,1.0,1,17,6,3,13, , , ,9,9.0,2023.0, ,1.0,Empleado_Informal,4.5,4.5,0.0,5,96,1
2262,109,11,2,1,3115,4321,18.0,0.0, ,1,2.0,1,56,2,8,13,1,2,3,,,,,,Empleado_Formal,14.0,14.0,0.0,3,43,1
2262,109,11,3,2,7421,4321,2.0,9.0,7,1,1.0,1,24,6,6,13, , , ,4,8.0,2019.0,0,5.0,Empleado_Informal,11.0,11.0,0.0,7,43,1
2262,109,11,5,2,7421,4321,0.0,8.0,7,1,1.0,1,21,6,4,13, , , ,4,11.0,2018.0, ,6.0,Empleado_Informal,9.0,9.0,0.0,7,43,1
2574,223,11,1,2,9333,5224,6.0,0.0, ,1,1.0,1,37,1,6,6, , ,1,2,8.0,2018.0, ,6.0,Empleado_Informal,11.0,11.0,0.0,9,52,1
2574,223,11,2,2,7513,1071,3.0,0.0, ,1,1.0,2,37,1,10,10, , ,3,2,8.0,2018.0, ,6.0,Empleado_Informal,16.0,16.0,0.0,7,10,1
2574,224,11,1,2,5142,9602,1.0,6.0, ,1,2.0,2,35,6,10,10, , ,3,2,3.0,2018.0, ,6.0,Empleado_Formal,16.0,16.0,0.0,5,96,1
2574,226,11,1,2,5131,5610,1.0,0.0,7,1,1.0,1,46,6,6,13, , , ,2,11.0,2018.0, ,6.0,Empleado_Informal,11.0,11.0,0.0,5,56,1
2591,229,11,1,2,9621,4923,0.0,1.0, ,1,1.0,1,32,6,6,13, , , ,2,8.0,2018.0, ,6.0,Empleado_Informal,11.0,11.0,0.0,9,49,1
2591,230,11,1,2,7352,1410,1.0,0.0, ,1,2.0,2,43,2,9,13, , ,3,2,12.0,2021.0, ,3.0,Empleado_Formal,13.5,13.5,0.0,7,14,1
2591,230,11,2,2,9621,4923,0.0,1.0, ,1,1.0,1,44,2,9,13, , ,3,2,7.0,2018.0, ,6.0,Empleado_Informal,13.5,13.5,0.0,9,49,1
2591,231,11,1,2,5212,4773,1.0,0.0,7,1,1.0,2,60,2,6,13, , , ,2,8.0,2018.0, ,6.0,Empleado_Informal,11.0,11.0,0.0,5,47,1
2591,231,11,2,2,5212,4773,1.0,0.0,7,1,1.0,1,70,2,3,13, , , ,2,8.0,2018.0, ,6.0,Empleado_Informal,4.5,4.5,0.0,5,47,1
2689,265,11,2,2,9541,4799,0.0,1.0,7,1,1.0,1,18,6,6,13, , , ,2,7.0,2021.0, ,3.0,Empleado_Informal,11.0,11.0,0.0,9,47,1
2689,265,11,3,2,9541,4799,1.0,0.0, ,1,1.0,2,27,1,6,13, , , ,2,11.0,2018.0, ,6.0,Empleado_Informal,11.0,11.0,0.0,9,47,1
2689,265,11,4,2,9122,4520,1.0,0.0,7,1,1.0,1,19,1,4,13, , , ,1,3.0,2022.0, ,2.0,Empleado_Informal,9.0,9.0,0.0,9,45,1
2689,266,11,1,2,9629,9609,2.0,0.0, ,1,1.0,2,51,6,10,13,1,2,3,2,12.0,2019.0, ,5.0,Empleado_Informal,16.0,16.0,0.0,9,96,1
2689,266,11,2,2,8322,4922,0.0,10.0, ,1,1.0,1,27,6,6,13, , , ,2,8.0,2018.0, ,6.0,Empleado_Informal,11.0,11.0,0.0,8,49,1
2689,268,11,1,2,5131,5610,1.0,0.0,7,1,1.0,2,19,6,4,13, , , ,1,9.0,2021.0,1,3.0,Empleado_Informal,9.0,9.0,0.0,5,56,1
2706,272,11,1,2,9111,9700,99.0,99.0,7,1,1.0,2,32,6,5,13, , , ,1,11.0,2018.0, ,6.0,Empleado_Informal,10.0,10.0,0.0,9,97,1
2706,273,11,1,2,8321,4922,0.0,3.0, ,1,1.0,1,38,6,10,13,1,2,3,2,11.0,2018.0,0,6.0,Empleado_Informal,16.0,16.0,0.0,8,49,1
2706,274,11,1,2,5322,9609,0.0,7.0, ,1,1.0,2,48,2,4,13, , , ,2,9.0,2018.0, ,6.0,Empleado_Informal,9.0,9.0,0.0,5,96,1
2706,274,11,2,2,9333,5224,4.0,0.0, ,1,1.0,1,47,2,6,13, , , ,2,3.0,2019.0, ,5.0,Empleado_Informal,11.0,11.0,0.0,9,52,1
2706,274,11,5,2,,,0.0,0.0, ,2,,2,17,5,4,13, , , ,1,9.0,2019.0,0,5.0,Desempleado,9.0,9.0,0.0,,,0
2903,343,11,1,2,9629,4520,1.0,0.0,7,1,1.0,1,55,1,10,13,1,2,3,1,7.0,2023.0, ,1.0,Empleado_Informal,16.0,16.0,0.0,9,45,1
2903,343,11,2,2,5212,4540,1.0,0.0,7,1,1.0,2,37,1,6,13, , , ,1,7.0,2023.0, ,1.0,Empleado_Informal,11.0,11.0,0.0,5,45,1
2903,345,11,1,2,9621,4661,4.0,0.0,7,1,1.0,1,32,1,6,13, , , ,2,5.0,2018.0, ,6.0,Empleado_Informal,11.0,11.0,0.0,9,46,1
2903,345,11,2,2,5212,4540,0.0,2.0,7,1,1.0,2,31,1,6,13, , , ,1,12.0,2018.0, ,6.0,Empleado_Informal,11.0,11.0,0.0,5,45,1
2903,346,11,1,2,8141,4520,2.0,0.0,3,1,1.0,1,25,1,7,13, , ,3,1,12.0,2022.0,0,2.0,Empleado_Informal,12.5,12.5,0.0,8,45,1
2920,349,11,1,2,7422,4321,1.0,2.0,2,1,2.0,1,34,1,4,13, , , ,2,3.0,2019.0, ,5.0,Empleado_Formal,9.0,9.0,0.0,7,43,1
2920,349,11,2,2,4224,8620,4.0,99.0,7,1,1.0,2,26,1,9,13, , ,3,2,8.0,2019.0, ,5.0,Empleado_Informal,13.5,13.5,0.0,4,86,1
2920,351,11,1,2,9411,5610,1.0,0.0, ,1,1.0,2,36,5,6,13, , , ,2,10.0,2017.0, ,7.0,Empleado_Informal,11.0,11.0,0.0,9,56,1
2920,351,11,2,2,9524,4799,0.0,1.0,7,1,1.0,2,15,6,3,4, , , ,6,6.0,2019.0, ,5.0,Empleado_Informal,4.5,6.0,-1.5,9,47,1
2920,352,11,1,2,5243,4791,3.0,0.0, ,1,1.0,1,27,2,6,13, , , ,1,3.0,2019.0, ,5.0,Empleado_Informal,11.0,11.0,0.0,5,47,1
2920,352,11,2,2,5243,4791,3.0,0.0, ,1,1.0,2,30,2,6,13, , , ,1,3.0,2019.0, ,5.0,Empleado_Informal,11.0,11.0,0.0,5,47,1
3002,382,11,1,2,8322,4922,0.0,4.0, ,1,1.0,1,50,1,5,13, , , ,2,1.0,2021.0,1,3.0,Empleado_Informal,10.0,10.0,0.0,8,49,1
3002,382,11,3,2,9333,4752,1.0,0.0,2,1,1.0,1,19,6,6,13, , , ,1,4.0,2023.0, ,1.0,Empleado_Informal,11.0,11.0,0.0,9,47,1
3002,384,11,1,2,,,0.0,0.0, ,2,,2,33,6,6,13, , , ,2,3.0,2018.0, ,6.0,Desempleado,11.0,11.0,0.0,,,0
3002,397,11,1,2,5212,4773,3.0,6.0,7,1,1.0,1,26,6,8,13,1,2,3,2,8.0,2018.0,0,6.0,Empleado_Informal,14.0,14.0,0.0,5,47,1
3002,397,11,2,2,7421,9512,3.0,0.0,7,1,1.0,1,26,6,6,13, , , ,1,10.0,2018.0, ,6.0,Empleado_Informal,11.0,11.0,0.0,7,95,1
3018,387,11,1,2,5211,4661,0.0,4.0,3,1,2.0,2,33,6,9,13, , ,3,2,9.0,2020.0, ,4.0,Empleado_Formal,13.5,13.5,0.0,5,46,1
3018,388,11,1,2,9313,4100,1.0,5.0,7,1,1.0,1,43,2,6,13, , , ,1,9.0,2018.0, ,6.0,Empleado_Informal,11.0,11.0,0.0,9,41,1
3018,388,11,2,2,9412,5610,3.0,0.0,7,1,1.0,2,39,2,6,13, , , ,1,9.0,2018.0,1,6.0,Empleado_Informal,11.0,11.0,0.0,9,56,1
3018,388,11,3,2,5212,4773,3.0,0.0,7,1,1.0,2,21,6,6,13, , , ,2,12.0,2021.0, ,3.0,Empleado_Informal,11.0,11.0,0.0,5,47,1
3018,389,11,1,2,3115,4321,0.0,8.0,2,1,2.0,1,41,2,8,13,1,2,3,2,4.0,2019.0,1,5.0,Empleado_Formal,14.0,14.0,0.0,3,43,1
3018,389,11,2,2,5230,1071,2.0,0.0,2,1,2.0,2,39,2,10,13,1,1,3,2,4.0,2019.0,0,5.0,Empleado_Formal,16.0,16.0,0.0,5,10,1
3133,430,11,1,2,7421,9512,5.0,5.0, ,1,2.0,1,33,1,10,13,1,2,3,2,4.0,2018.0,1,6.0,Empleado_Formal,16.0,16.0,0.0,7,95,1
3133,430,11,2,2,5213,4789,5.0,5.0, ,1,2.0,2,37,1,10,13,1,2,3,2,6.0,2018.0, ,6.0,Empleado_Formal,16.0,16.0,0.0,5,47,1
3133,434,11,1,2,9511,4799,4.0,2.0, ,1,1.0,2,28,5,6,13, , , ,2,7.0,2018.0, ,6.0,Empleado_Informal,11.0,11.0,0.0,9,47,1
3133,435,11,1,2,7123,4100,5.0,0.0,7,1,1.0,1,22,1,5,13, , , ,1,12.0,2017.0, ,7.0,Empleado_Informal,10.0,10.0,0.0,7,41,1
3133,435,11,2,1,9533,4799,20.0,0.0, ,1,1.0,2,49,1,1,8, , ,0,,,,,,Empleado_Informal,0.0,14.0,-14.0,9,47,1
3150,437,11,1,2,9333,5224,2.0,6.0, ,1,1.0,1,24,6,6,13, , , ,7,5.0,2021.0,1,3.0,Empleado_Informal,11.0,11.0,0.0,9,52,1
3150,440,11,1,2,5212,4752,2.0,0.0,7,1,1.0,1,30,1,4,13, , , ,9,5.0,2018.0, ,6.0,Empleado_Informal,9.0,9.0,0.0,5,47,1
3150,440,11,2,2,5120,5610,1.0,0.0,7,1,1.0,2,29,1,6,13, , , ,9,5.0,2019.0, ,5.0,Empleado_Informal,11.0,11.0,0.0,5,56,1
3150,441,11,1,2,8156,1520,1.0,1.0,7,1,1.0,1,28,6,6,13, , , ,6,4.0,2017.0, ,7.0,Empleado_Informal,11.0,11.0,0.0,8,15,1
3150,441,11,2,2,3432,4641,0.0,5.0,7,1,1.0,1,25,6,5,13, , , ,9,11.0,2023.0, ,1.0,Empleado_Informal,10.0,10.0,0.0,3,46,1
4222,58,11,1,2,9333,1020,0.0,6.0,7,1,1.0,1,19,6,6,13, , , ,1,7.0,2023.0, ,1.0,Empleado_Informal,11.0,11.0,0.0,9,10,1
4222,58,11,2,2,5212,4771,1.0,1.0,7,1,1.0,2,21,6,10,13,1,2,3,1,7.0,2023.0, ,1.0,Empleado_Informal,16.0,16.0,0.0,5,47,1
4222,59,11,1,2,7119,4100,0.0,3.0, ,1,1.0,1,36,1,5,13, , , ,2,2.0,2018.0, ,6.0,Empleado_Informal,10.0,10.0,0.0,7,41,1
4222,59,11,2,2,5131,5610,0.0,3.0,7,1,1.0,2,39,1,10,13,1,2,3,2,3.0,2019.0,0,5.0,Empleado_Informal,16.0,16.0,0.0,5,56,1
4234,66,11,1,2,8322,4923,4.0,0.0,7,1,1.0,1,35,1,6,13, , , ,2,10.0,2019.0, ,5.0,Empleado_Informal,11.0,11.0,0.0,8,49,1
4234,66,11,2,2,,,0.0,0.0, ,3,,2,38,1,10,13,1,2,3,2,6.0,2019.0, ,5.0,Desempleado,16.0,16.0,0.0,,,0
4234,66,11,3,2,5212,4773,0.0,4.0,7,1,1.0,2,18,6,5,6, , ,1,2,3.0,2020.0, ,4.0,Empleado_Informal,10.0,11.0,-1.0,5,47,1
4234,68,11,1,2,,,0.0,0.0, ,2,,2,32,2,10,13,1,2,3,1,11.0,2020.0, ,4.0,Desempleado,16.0,16.0,0.0,,,0
4234,68,11,2,2,9412,5610,3.0,2.0,7,1,1.0,1,36,2,6,13, , , ,1,4.0,2021.0, ,3.0,Empleado_Informal,11.0,11.0,0.0,9,56,1
4257,77,11,1,2,9321,1020,1.0,5.0,7,1,1.0,2,29,5,6,13, , , ,6,3.0,2023.0, ,1.0,Empleado_Informal,11.0,11.0,0.0,9,10,1
4257,77,11,2,2,9321,1020,0.0,3.0,7,1,1.0,1,51,1,4,13, , , ,9,5.0,2024.0, ,0.0,Empleado_Informal,9.0,9.0,0.0,9,10,1
4257,77,11,3,2,9321,1020,0.0,1.0,7,1,1.0,1,34,1,3,13, , , ,9,6.0,2024.0, ,0.0,Empleado_Informal,4.5,4.5,0.0,9,10,1
4257,77,11,4,2,7511,1020,0.0,5.0,2,1,1.0,1,42,1,4,13, , , ,9,2.0,2024.0, ,0.0,Empleado_Informal,9.0,9.0,0.0,7,10,1
4257,79,11,1,2,9313,4100,2.0,4.0,7,1,1.0,1,28,1,9,13, , ,3,6,11.0,2021.0, ,3.0,Empleado_Informal,13.5,13.5,0.0,9,41,1
4257,80,11,1,2,5120,5610,0.0,2.0,7,1,1.0,2,31,5,6,13, , , ,2,11.0,2018.0,1,6.0,Empleado_Informal,11.0,11.0,0.0,5,56,1
4257,80,11,5,2,9111,9700,2.0,6.0,7,1,1.0,2,48,5,3,13, , , ,1,8.0,2021.0,1,3.0,Empleado_Informal,4.5,4.5,0.0,9,97,1
4268,88,11,1,2,9112,5510,0.0,2.0,7,1,1.0,2,45,5,5,13, , , ,2,12.0,2019.0,0,5.0,Empleado_Informal,10.0,10.0,0.0,9,55,1
4268,88,11,2,2,9621,4923,0.0,3.0,7,1,1.0,1,20,6,5,6, , ,1,2,3.0,2019.0,0,5.0,Empleado_Informal,10.0,11.0,-1.0,9,49,1
4268,96,11,1,2,9321,1079,0.0,1.0,7,1,1.0,2,55,5,4,13, , , ,1,12.0,2021.0,0,3.0,Empleado_Informal,9.0,9.0,0.0,9,10,1
4268,96,11,2,2,,,0.0,0.0, ,3,,1,14,6,3,13, , , ,9,12.0,2021.0, ,3.0,Desempleado,4.5,4.5,0.0,,,0
4268,96,11,3,2,8183,1020,0.0,2.0,7,1,1.0,1,21,1,3,13, , , ,9,5.0,2019.0, ,5.0,Empleado_Informal,4.5,4.5,0.0,8,10,1
4268,96,11,4,2,9112,5610,0.0,1.0,7,1,1.0,2,20,1,4,13, , , ,9,5.0,2019.0, ,5.0,Empleado_Informal,9.0,9.0,0.0,9,56,1
4268,96,11,7,2,8183,1020,0.0,1.0,7,1,1.0,1,22,6,3,13, , , ,9,1.0,2024.0, ,0.0,Empleado_Informal,4.5,4.5,0.0,8,10,1
4268,102,11,1,2,9622,8010,5.0,8.0,7,1,1.0,1,53,2,8,13,1,2,3,7,8.0,2018.0,0,6.0,Empleado_Informal,14.0,14.0,0.0,9,80,1
4268,102,11,2,2,9549,4799,4.0,8.0, ,1,1.0,2,51,2,10,13,2, ,3,2,8.0,2018.0,0,6.0,Empleado_Informal,16.0,16.0,0.0,9,47,1
4268,102,11,3,2,,,0.0,0.0, ,2,,1,24,6,6,13, , , ,2,8.0,2018.0,1,6.0,Desempleado,11.0,11.0,0.0,,,0
4268,102,11,4,2,5213,4782,2.0,1.0,7,1,1.0,1,20,6,6,6, , ,1,2,8.0,2018.0,0,6.0,Empleado_Informal,11.0,11.0,0.0,5,47,1
4337,122,11,1,2,9333,9603,1.0,6.0,7,1,1.0,1,26,1,6,13, , , ,1,7.0,2019.0,1,5.0,Empleado_Informal,11.0,11.0,0.0,9,96,1
4337,122,11,2,2,5212,4773,3.0,2.0,7,1,1.0,2,35,1,10,13,1,2,3,2,8.0,2018.0,1,6.0,Empleado_Informal,16.0,16.0,0.0,5,47,1
4337,123,11,1,2,9411,5610,2.0,2.0, ,1,1.0,1,30,1,5,13, , , ,1,9.0,2020.0, ,4.0,Empleado_Informal,10.0,10.0,0.0,9,56,1
4337,123,11,2,1,9411,5610,4.0,5.0, ,1,1.0,2,29,1,1,6, , ,1,,,,,,Empleado_Informal,0.0,11.0,-11.0,9,56,1
4337,124,11,1,2,,,0.0,0.0, ,2,,2,39,5,3,13, , , ,1,7.0,2021.0,0,3.0,Desempleado,4.5,4.5,0.0,,,0
4360,135,11,1,2,9112,5510,0.0,11.0,7,1,1.0,1,28,5,5,13, , , ,1,9.0,2023.0,0,1.0,Empleado_Informal,10.0,10.0,0.0,9,55,1
4360,136,11,1,2,8332,4669,0.0,1.0,7,1,1.0,1,23,1,5,13, , , ,2,9.0,2020.0,0,4.0,Empleado_Informal,10.0,10.0,0.0,8,46,1
4360,136,11,2,1,5131,5610,2.0,0.0,7,1,1.0,2,33,1,1,6, , ,1,,,,,,Empleado_Informal,0.0,11.0,-11.0,5,56,1
4360,139,11,1,2,5131,5610,0.0,6.0,7,1,1.0,2,31,1,9,13, , ,3,2,11.0,2021.0, ,3.0,Empleado_Informal,13.5,13.5,0.0,5,56,1
4360,139,11,2,2,9629,9609,3.0,0.0, ,1,1.0,1,23,1,6,13, , , ,6,6.0,2018.0, ,6.0,Empleado_Informal,11.0,11.0,0.0,9,96,1
4543,236,11,1,2,5414,8010,1.0,6.0,4,1,1.0,1,29,6,9,13, , ,3,1,5.0,2019.0,0,5.0,Empleado_Informal,13.5,13.5,0.0,5,80,1
4543,237,11,1,2,9312,4100,0.0,2.0,7,1,1.0,1,26,1,9,13, , ,3,1,3.0,2020.0,0,4.0,Empleado_Informal,13.5,13.5,0.0,9,41,1
4543,237,11,2,2,9412,5610,0.0,6.0,7,1,1.0,2,24,1,5,13, , , ,1,3.0,2020.0,0,4.0,Empleado_Informal,10.0,10.0,0.0,9,56,1
4543,238,11,1,2,5131,5610,1.0,4.0,7,1,1.0,2,26,6,4,13, , , ,1,3.0,2021.0, ,3.0,Empleado_Informal,9.0,9.0,0.0,5,56,1
4554,259,12,1,2,8322,4922,1.0,0.0, ,1,1.0,1,32,1,5,13, , , ,1,12.0,2020.0, ,4.0,Empleado_Informal,10.0,10.0,0.0,8,49,1
4554,259,12,2,2,5213,4781,0.0,9.0,7,1,1.0,2,28,1,6,13, , , ,1,3.0,2021.0, ,3.0,Empleado_Informal,11.0,11.0,0.0,5,47,1
4554,259,22,1,2,8322,4922,2.0,0.0, ,1,1.0,1,37,6,4,13, , , ,9,9.0,2020.0,1,4.0,Empleado_Informal,9.0,9.0,0.0,8,49,1
4554,262,11,1,2,9112,1020,0.0,10.0,7,1,1.0,1,46,1,10,13,1,2,3,3,12.0,2019.0,1,5.0,Empleado_Informal,16.0,16.0,0.0,9,10,1
4554,262,11,2,2,9112,1020,0.0,10.0,7,1,1.0,2,31,1,10,13,1,2,3,2,12.0,2019.0,0,5.0,Empleado_Informal,16.0,16.0,0.0,9,10,1
4554,262,11,3,2,9333,1020,0.0,3.0,7,1,1.0,1,22,6,6,13, , , ,1,5.0,2021.0, ,3.0,Empleado_Informal,11.0,11.0,0.0,9,10,1
4554,264,11,1,2,7128,4330,0.0,1.0, ,1,1.0,1,44,1,5,13, , , ,6,7.0,2018.0,1,6.0,Empleado_Informal,10.0,10.0,0.0,7,43,1
4554,264,11,2,2,9511,4799,0.0,4.0, ,1,1.0,2,43,1,5,13, , , ,6,7.0,2018.0, ,6.0,Empleado_Informal,10.0,10.0,0.0,9,47,1
4554,264,11,3,2,5141,9602,0.0,1.0,7,1,1.0,1,25,6,5,13, , , ,2,7.0,2018.0,1,6.0,Empleado_Informal,10.0,10.0,0.0,5,96,1
4600,267,11,1,2,5142,9602,0.0,8.0,7,1,1.0,2,23,6,5,13, , , ,1,6.0,2020.0,0,4.0,Empleado_Informal,10.0,10.0,0.0,5,96,1
4600,268,11,1,2,7511,1020,0.0,2.0,7,1,1.0,1,36,1,6,13, , , ,6,5.0,2018.0, ,6.0,Empleado_Informal,11.0,11.0,0.0,7,10,1
4600,268,11,2,2,,,0.0,0.0, ,3,,2,41,1,6,13, , , ,6,10.0,2018.0, ,6.0,Desempleado,11.0,11.0,0.0,,,0
4600,268,11,5,2,7511,1020,0.0,3.0,7,1,1.0,2,39,6,5,13, , , ,1,9.0,2017.0, ,7.0,Empleado_Informal,10.0,10.0,0.0,7,10,1
4600,269,11,1,2,9313,4100,0.0,4.0,7,1,1.0,1,43,1,6,13, , , ,2,7.0,2023.0, ,1.0,Empleado_Informal,11.0,11.0,0.0,9,41,1
4600,269,11,2,2,9533,4799,0.0,6.0, ,1,1.0,2,33,1,4,13, , , ,9,10.0,2023.0, ,1.0,Empleado_Informal,9.0,9.0,0.0,9,47,1
4646,291,11,1,2,9411,5610,0.0,4.0, ,1,1.0,2,34,6,3,3, , , ,9,1.0,2019.0, ,5.0,Empleado_Informal,4.5,3.0,1.5,9,56,1
4646,292,11,1,2,7128,4330,0.0,6.0, ,1,1.0,1,29,1,4,13, , , ,1,2.0,2022.0, ,2.0,Empleado_Informal,9.0,9.0,0.0,7,43,1
4646,294,11,1,2,9411,5610,4.0,0.0, ,1,1.0,2,48,6,6,6, , ,1,1,4.0,2019.0, ,5.0,Empleado_Informal,11.0,11.0,0.0,9,56,1
5098,73,11,1,2,9533,4799,0.0,6.0, ,1,1.0,2,52,3,6,13, , , ,2,5.0,2017.0,0,7.0,Empleado_Informal,11.0,11.0,0.0,9,47,1
5098,73,11,2,2,8322,4922,2.0,4.0, ,1,1.0,1,32,6,6,13, , , ,1,3.0,2018.0,0,6.0,Empleado_Informal,11.0,11.0,0.0,8,49,1
5098,74,11,1,2,7513,1071,0.0,6.0, ,1,1.0,2,43,6,6,9, , ,0,2,11.0,2018.0, ,6.0,Empleado_Informal,11.0,13.5,-2.5,7,10,1
5098,74,11,2,2,5230,4721,0.0,1.0,7,1,1.0,2,17,6,6,6, , ,0,1,11.0,2018.0, ,6.0,Empleado_Informal,11.0,11.0,0.0,5,47,1
5098,75,11,1,2,9211,123,4.0,2.0,2,1,1.0,1,24,6,6,13, , , ,2,7.0,2018.0, ,6.0,Empleado_Informal,11.0,11.0,0.0,9,01,1
5098,75,11,2,2,7212,2511,5.0,0.0,7,1,1.0,1,42,6,6,13, , , ,6,9.0,2018.0, ,6.0,Empleado_Informal,11.0,11.0,0.0,7,25,1
5109,93,11,1,2,9112,5510,2.0,1.0,7,1,1.0,2,56,6,6,13, , , ,1,12.0,2018.0, ,6.0,Empleado_Informal,11.0,11.0,0.0,9,55,1
5109,93,11,2,2,9621,4923,2.0,7.0,7,1,1.0,2,24,6,9,13, , ,3,2,12.0,2018.0,1,6.0,Empleado_Informal,13.5,13.5,0.0,9,49,1
5109,102,11,1,2,7231,4520,0.0,2.0,7,1,1.0,1,31,1,4,13, , , ,2,10.0,2022.0, ,2.0,Empleado_Informal,9.0,9.0,0.0,7,45,1
5109,102,11,2,1,5120,5610,1.0,0.0,7,1,1.0,2,38,1,1,7, , ,0,,,,,,Empleado_Informal,0.0,12.5,-12.5,5,56,1
5127,116,11,1,1,9313,4100,0.0,4.0,2,1,1.0,1,19,1,1,5, , , ,,,,,,Empleado_Informal,0.0,8.5,-8.5,9,41,1
5127,117,11,1,2,5120,5610,2.0,0.0,7,1,1.0,2,32,1,6,13, , , ,6,1.0,2018.0, ,6.0,Empleado_Informal,11.0,11.0,0.0,5,56,1
5127,117,11,2,2,5141,9602,3.0,0.0,7,1,1.0,1,19,1,5,13, , , ,9,1.0,2018.0, ,6.0,Empleado_Informal,10.0,10.0,0.0,5,96,1
5127,118,11,1,2,9412,5610,0.0,1.0,7,1,1.0,1,18,1,4,13, , , ,9,2.0,2017.0, ,7.0,Empleado_Informal,9.0,9.0,0.0,9,56,1
5127,118,11,2,2,,,0.0,0.0, ,2,,2,17,1,5,13, , , ,1,9.0,2021.0,0,3.0,Desempleado,10.0,10.0,0.0,,,0
5132,123,11,1,2,8322,4922,1.0,11.0, ,1,1.0,1,61,6,6,13, , , ,9,10.0,2022.0, ,2.0,Empleado_Informal,11.0,11.0,0.0,8,49,1
5132,124,11,1,2,9412,5610,0.0,9.0,2,1,1.0,1,27,1,5,13, , , ,1,5.0,2023.0, ,1.0,Empleado_Informal,10.0,10.0,0.0,9,56,1
5132,125,11,1,2,9112,5610,1.0,3.0,7,1,1.0,2,51,6,3,13, , , ,2,7.0,2018.0, ,6.0,Empleado_Informal,4.5,4.5,0.0,9,56,1
5150,148,11,1,2,7111,4330,0.0,7.0,7,1,1.0,1,33,1,6,13, , , ,9,3.0,2018.0,0,6.0,Empleado_Informal,11.0,11.0,0.0,7,43,1
5150,148,11,2,2,9412,5610,3.0,6.0,7,1,1.0,2,24,1,6,13, , , ,2,3.0,2018.0, ,6.0,Empleado_Informal,11.0,11.0,0.0,9,56,1
5150,168,11,1,2,9313,4100,0.0,1.0,7,1,1.0,1,39,1,6,13, , , ,2,2.0,2018.0, ,6.0,Empleado_Informal,11.0,11.0,0.0,9,41,1
5150,168,11,2,2,9411,5630,0.0,3.0, ,1,1.0,2,33,1,5,13, , , ,1,1.0,2023.0, ,1.0,Empleado_Informal,10.0,10.0,0.0,9,56,1
5150,169,11,1,2,5141,9602,1.0,7.0,7,1,1.0,1,19,1,5,13, , , ,1,2.0,2022.0, ,2.0,Empleado_Informal,10.0,10.0,0.0,5,96,1
5156,153,11,1,2,5212,4771,3.0,10.0,7,1,1.0,2,30,1,6,13, , , ,2,8.0,2019.0, ,5.0,Empleado_Informal,11.0,11.0,0.0,5,47,1
5156,153,11,2,2,5212,4759,1.0,2.0,7,1,1.0,2,31,1,6,13, , , ,2,5.0,2019.0, ,5.0,Empleado_Informal,11.0,11.0,0.0,5,47,1
5156,153,11,4,1,7213,2750,1.0,0.0,7,1,2.0,1,42,1,1,8, , ,2,,,,,,Empleado_Formal,0.0,14.0,-14.0,7,27,1
5156,154,11,1,2,3334,6810,1.0,10.0,7,1,1.0,1,57,4,10,13,1,2,3,2,12.0,2018.0, ,6.0,Empleado_Informal,16.0,16.0,0.0,3,68,1
5156,155,11,1,2,7399,3212,30.0,0.0, ,1,1.0,1,52,1,5,13, , , ,9,8.0,2023.0, ,1.0,Empleado_Informal,10.0,10.0,0.0,7,32,1
5156,155,11,2,2,9412,1071,3.0,1.0,2,1,2.0,2,46,1,10,13,1,2,3,2,8.0,2018.0, ,6.0,Empleado_Formal,16.0,16.0,0.0,9,10,1
6259,267,11,1,2,5120,5610,2.0,3.0, ,1,1.0,1,28,1,9,13, , ,3,2,6.0,2018.0, ,6.0,Empleado_Informal,13.5,13.5,0.0,5,56,1
6259,267,11,2,2,9412,5610,2.0,3.0,7,1,1.0,2,28,1,8,13,1,2,3,2,7.0,2018.0, ,6.0,Empleado_Informal,14.0,14.0,0.0,9,56,1
6259,277,11,1,2,9412,5610,1.0,4.0,7,1,1.0,2,49,6,6,13, , , ,2,9.0,2020.0, ,4.0,Empleado_Informal,11.0,11.0,0.0,9,56,1
6259,277,11,2,2,5131,5610,2.0,0.0,2,1,1.0,2,28,5,10,13,2, ,3,2,9.0,2020.0, ,4.0,Empleado_Informal,16.0,16.0,0.0,5,56,1
6259,279,11,1,2,5211,4663,0.0,2.0, ,1,1.0,1,37,6,4,13, , , ,2,7.0,2017.0, ,7.0,Empleado_Informal,9.0,9.0,0.0,5,46,1
6278,272,11,1,2,5211,4661,0.0,8.0,2,1,1.0,2,38,5,10,13,1,2,3,2,12.0,2022.0,1,2.0,Empleado_Informal,16.0,16.0,0.0,5,46,1
6278,275,11,1,2,3124,4530,4.0,6.0,2,1,2.0,1,27,1,6,13, , , ,2,6.0,2018.0, ,6.0,Empleado_Formal,11.0,11.0,0.0,3,45,1
6278,275,11,2,2,5212,4771,0.0,9.0,7,1,1.0,2,39,1,10,13,1,2,3,2,2.0,2018.0,0,6.0,Empleado_Informal,16.0,16.0,0.0,5,47,1
6278,276,11,1,2,5212,4773,2.0,4.0,7,1,1.0,2,49,6,10,13,1,2,3,2,5.0,2018.0,1,6.0,Empleado_Informal,16.0,16.0,0.0,5,47,1
6278,276,11,2,2,3334,6810,0.0,9.0,2,1,2.0,2,29,6,10,13,2, ,3,2,4.0,2023.0,1,1.0,Empleado_Formal,16.0,16.0,0.0,3,68,1
6354,295,11,1,2,5142,9602,0.0,6.0,7,1,1.0,1,31,1,5,13, , , ,9,11.0,2023.0, ,1.0,Empleado_Informal,10.0,10.0,0.0,5,96,1
6354,295,11,2,2,5131,5610,0.0,1.0,7,1,1.0,2,25,1,6,13, , , ,9,11.0,2023.0,1,1.0,Empleado_Informal,11.0,11.0,0.0,5,56,1
6354,296,11,1,2,9112,8121,0.0,3.0, ,1,1.0,2,48,6,10,13,1,2,3,2,10.0,2018.0, ,6.0,Empleado_Informal,16.0,16.0,0.0,9,81,1
6354,297,11,1,2,5131,5610,1.0,0.0,7,1,1.0,2,32,1,6,13, , , ,1,7.0,2023.0, ,1.0,Empleado_Informal,11.0,11.0,0.0,5,56,1
6354,297,11,2,2,9313,4100,0.0,1.0,7,1,1.0,1,41,1,6,13, , , ,9,8.0,2024.0, ,0.0,Empleado_Informal,11.0,11.0,0.0,9,41,1
6373,301,11,1,2,8332,4923,0.0,3.0,7,1,1.0,1,50,2,10,13,1,2,3,2,12.0,2017.0, ,7.0,Empleado_Informal,16.0,16.0,0.0,8,49,1
6373,301,11,2,2,4419,4652,5.0,0.0,2,1,2.0,2,49,2,8,13,1,2,3,2,10.0,2018.0,0,6.0,Empleado_Formal,14.0,14.0,0.0,4,46,1
6373,301,11,4,2,5212,4530,4.0,0.0,2,1,2.0,2,29,6,9,13, , ,3,2,4.0,2018.0, ,6.0,Empleado_Formal,13.5,13.5,0.0,5,45,1
6373,309,11,1,2,8321,4923,1.0,0.0,2,1,1.0,1,24,1,6,13, , , ,2,10.0,2019.0, ,5.0,Empleado_Informal,11.0,11.0,0.0,8,49,1
6373,309,11,2,1,5131,5610,3.0,0.0,2,1,2.0,2,22,1,1,9, , ,0,,,,,,Empleado_Formal,0.0,13.5,-13.5,5,56,1
6373,311,11,1,2,5120,5610,2.0,0.0,2,1,2.0,1,29,1,6,13, , , ,2,10.0,2016.0, ,8.0,Empleado_Formal,11.0,11.0,0.0,5,56,1
6392,307,11,1,2,5142,9602,0.0,3.0, ,1,1.0,2,31,5,9,13, , ,3,2,11.0,2021.0,1,3.0,Empleado_Informal,13.5,13.5,0.0,5,96,1
6392,307,11,4,2,9111,9700,0.0,3.0,7,1,1.0,2,50,5,3,13, , , ,2,11.0,2021.0, ,3.0,Empleado_Informal,4.5,4.5,0.0,9,97,1
6392,307,11,5,2,7128,4330,0.0,1.0,7,2,,1,27,6,6,13, , , ,2,7.0,2018.0, ,6.0,Desempleado,11.0,11.0,0.0,7,43,1
6392,308,11,1,2,8322,4922,3.0,3.0, ,1,1.0,1,36,1,8,13,1,2,3,2,12.0,2018.0, ,6.0,Empleado_Informal,14.0,14.0,0.0,8,49,1
6392,308,11,2,2,4120,4923,2.0,0.0,7,1,1.0,2,30,1,10,13,1,2,3,2,3.0,2018.0, ,6.0,Empleado_Informal,16.0,16.0,0.0,4,49,1
6392,311,11,1,2,9313,4100,1.0,0.0,7,1,1.0,1,45,2,10,13,1,2,3,2,5.0,2018.0, ,6.0,Empleado_Informal,16.0,16.0,0.0,9,41,1
6392,311,11,2,2,2341,8510,2.0,6.0,2,1,1.0,2,40,2,10,13,1,2,3,2,10.0,2018.0, ,6.0,Empleado_Informal,16.0,16.0,0.0,2,85,1
6411,314,11,1,2,3521,9000,5.0,7.0, ,1,1.0,1,33,5,6,13, , , ,2,8.0,2018.0, ,6.0,Empleado_Informal,11.0,11.0,0.0,3,90,1
6411,315,11,1,2,3113,4321,5.0,3.0, ,1,2.0,1,42,1,8,13,1,2,3,2,6.0,2018.0,0,6.0,Empleado_Formal,14.0,14.0,0.0,3,43,1
6411,319,11,1,2,7212,2511,1.0,8.0,7,1,1.0,1,44,1,6,13, , , ,2,11.0,2020.0, ,4.0,Empleado_Informal,11.0,11.0,0.0,7,25,1
16312,109,11,1,1,7354,1410,2.0,0.0,7,1,1.0,2,38,1,1,6, , ,1,,,,,,Empleado_Informal,0.0,11.0,-11.0,7,14,1
16312,109,11,2,2,5131,5610,3.0,0.0,7,1,1.0,1,29,1,5,13, , , ,1,5.0,2018.0, ,6.0,Empleado_Informal,10.0,10.0,0.0,5,56,1
16312,111,11,1,2,9333,5224,3.0,10.0, ,1,1.0,1,27,6,5,13, , , ,1,7.0,2018.0, ,6.0,Empleado_Informal,10.0,10.0,0.0,9,52,1
16312,111,11,2,2,5131,5610,2.0,10.0,7,1,1.0,2,54,6,8,13,1,2,3,7,12.0,2019.0, ,5.0,Empleado_Informal,14.0,14.0,0.0,5,56,1
16312,117,11,1,2,9333,4759,4.0,0.0,7,1,1.0,1,35,1,6,13, , , ,1,7.0,2020.0,1,4.0,Empleado_Informal,11.0,11.0,0.0,9,47,1
16312,117,11,2,2,7354,1410,1.0,0.0,7,1,1.0,2,32,1,6,13, , , ,2,3.0,2022.0, ,2.0,Empleado_Informal,11.0,11.0,0.0,7,14,1
16355,116,11,1,2,9112,8121,1.0,0.0, ,1,1.0,2,61,6,5,13, , , ,1,9.0,2018.0, ,6.0,Empleado_Informal,10.0,10.0,0.0,9,81,1
16355,119,11,1,2,7354,1410,2.0,6.0,7,1,1.0,1,28,1,6,13, , , ,2,9.0,2021.0,0,3.0,Empleado_Informal,11.0,11.0,0.0,7,14,1
16355,119,11,2,2,5142,9602,1.0,6.0, ,1,1.0,2,29,1,7,13, , ,3,2,9.0,2021.0,0,3.0,Empleado_Informal,12.5,12.5,0.0,5,96,1
16355,122,11,1,2,7129,3100,4.0,0.0,7,1,1.0,1,28,1,6,13, , , ,1,6.0,2019.0, ,5.0,Empleado_Informal,11.0,11.0,0.0,7,31,1
16355,122,11,2,1,2359,8549,0.0,6.0, ,1,1.0,2,19,1,1,6, , ,1,,,,,,Empleado_Informal,0.0,11.0,-11.0,2,85,1
16399,121,11,1,2,9112,9329,2.0,6.0,7,1,1.0,1,31,6,6,13, , , ,2,8.0,2018.0, ,6.0,Empleado_Informal,11.0,11.0,0.0,9,93,1
16399,121,11,2,2,7356,1313,0.0,11.0,7,1,1.0,1,23,6,4,13, , , , ,,, ,,Empleado_Informal,9.0,9.0,0.0,7,13,1
16399,122,11,1,2,9411,5610,6.0,7.0, ,1,1.0,2,31,1,5,13, , , ,9,10.0,2019.0, ,5.0,Empleado_Informal,10.0,10.0,0.0,9,56,1
16399,122,11,2,2,7513,1071,4.0,0.0, ,1,1.0,1,39,1,6,13, , , ,1,2.0,2019.0,0,5.0,Empleado_Informal,11.0,11.0,0.0,7,10,1
16399,123,11,1,2,9333,5224,4.0,0.0, ,1,1.0,1,34,6,4,13, , , ,1,4.0,2017.0, ,7.0,Empleado_Informal,9.0,9.0,0.0,9,52,1
16442,127,11,1,2,5243,4791,0.0,5.0, ,1,1.0,2,26,6,5,13, , , ,9,11.0,2023.0,1,1.0,Empleado_Informal,10.0,10.0,0.0,5,47,1
16442,128,11,1,2,5212,4771,0.0,6.0,7,1,1.0,2,29,1,9,13, , ,3,1,3.0,2023.0,0,1.0,Empleado_Informal,13.5,13.5,0.0,5,47,1
16442,128,11,2,2,7354,1410,1.0,0.0,7,1,1.0,1,29,1,6,13, , , ,2,3.0,2023.0,0,1.0,Empleado_Informal,11.0,11.0,0.0,7,14,1
16442,129,11,1,2,7322,3100,2.0,3.0,7,1,1.0,1,33,1,5,13, , , ,2,6.0,2018.0, ,6.0,Empleado_Informal,10.0,10.0,0.0,7,31,1
16614,151,11,1,2,9411,5630,0.0,3.0, ,1,1.0,2,26,1,6,13, , , ,2,6.0,2020.0, ,4.0,Empleado_Informal,11.0,11.0,0.0,9,56,1
16614,151,11,2,2,5211,4649,1.0,0.0,2,1,2.0,1,26,1,6,13, , , ,2,8.0,2020.0, ,4.0,Empleado_Formal,11.0,11.0,0.0,5,46,1
16614,153,11,1,2,5211,4641,8.0,0.0,3,1,1.0,1,27,1,10,13,2, ,3,2,5.0,2016.0, ,8.0,Empleado_Informal,16.0,16.0,0.0,5,46,1
16614,153,11,2,2,5212,4771,8.0,0.0,7,1,2.0,2,27,1,6,13, , , ,2,5.0,2016.0, ,8.0,Empleado_Formal,11.0,11.0,0.0,5,47,1
16614,153,11,3,2,8322,4922,4.0,0.0, ,1,2.0,1,52,6,10,13,1,2,3,2,7.0,2018.0, ,6.0,Empleado_Formal,16.0,16.0,0.0,8,49,1
16657,160,11,1,2,3421,9329,8.0,0.0,5,1,1.0,1,37,6,7,13, , ,3,2,8.0,2016.0, ,8.0,Empleado_Informal,12.5,12.5,0.0,3,93,1
16657,161,11,1,1,7354,1410,3.0,11.0,7,1,1.0,1,33,1,1,6, , ,1,,,,,,Empleado_Informal,0.0,11.0,-11.0,7,14,1
16657,162,11,1,2,5212,4741,3.0,0.0,7,1,1.0,2,32,6,10,13,1,2,3,2,10.0,2018.0, ,6.0,Empleado_Informal,16.0,16.0,0.0,5,47,1
16744,169,11,1,2,9333,5224,2.0,0.0, ,1,1.0,1,27,1,5,13, , , ,1,6.0,2022.0, ,2.0,Empleado_Informal,10.0,10.0,0.0,9,52,1
16744,169,11,2,2,5131,5610,4.0,0.0,7,1,1.0,2,26,1,6,13, , , ,1,2.0,2021.0, ,3.0,Empleado_Informal,11.0,11.0,0.0,5,56,1
16744,169,11,5,2,7111,4100,7.0,0.0, ,1,1.0,1,43,2,5,13, , , ,9,1.0,2018.0, ,6.0,Empleado_Informal,10.0,10.0,0.0,7,41,1
16744,174,11,1,2,9313,4100,3.0,0.0,7,1,1.0,1,31,1,5,13, , , ,1,8.0,2021.0, ,3.0,Empleado_Informal,10.0,10.0,0.0,9,41,1
16787,177,11,1,2,7513,1071,2.0,8.0,7,1,1.0,1,31,1,4,13, , , ,2,3.0,2019.0,0,5.0,Empleado_Informal,9.0,9.0,0.0,7,10,1
16787,177,11,2,2,9621,1071,0.0,6.0,7,1,1.0,2,34,1,10,13,1,2,3,2,3.0,2019.0,0,5.0,Empleado_Informal,16.0,16.0,0.0,9,10,1
16787,177,11,3,2,9412,5610,0.0,4.0,7,1,1.0,1,17,6,4,5, , , ,2,8.0,2019.0,0,5.0,Empleado_Informal,9.0,8.5,0.5,9,56,1
16787,178,11,1,2,7353,1410,0.0,7.0,7,1,1.0,1,41,1,5,13, , , ,1,9.0,2021.0, ,3.0,Empleado_Informal,10.0,10.0,0.0,7,14,1
16787,178,11,2,2,5211,4641,2.0,0.0,7,1,1.0,2,35,1,6,13, , , ,1,9.0,2021.0, ,3.0,Empleado_Informal,11.0,11.0,0.0,5,46,1
17002,207,11,1,2,9621,4923,5.0,0.0, ,1,1.0,1,36,1,8,13,1,2,3,2,1.0,2019.0,0,5.0,Empleado_Informal,14.0,14.0,0.0,9,49,1
17002,207,11,2,2,5212,4771,2.0,0.0,7,1,1.0,2,47,1,8,13,1,2,3,2,1.0,2019.0, ,5.0,Empleado_Informal,14.0,14.0,0.0,5,47,1
17002,207,11,4,2,5120,5610,1.0,0.0, ,1,1.0,2,32,6,7,13, , ,3,2,12.0,2021.0, ,3.0,Empleado_Informal,12.5,12.5,0.0,5,56,1
17002,208,11,1,2,9629,4773,0.0,9.0,7,1,1.0,2,49,6,8,13,1,2,3,2,2.0,2022.0, ,2.0,Empleado_Informal,14.0,14.0,0.0,9,47,1
17002,208,11,2,2,5132,5610,2.0,0.0,2,1,2.0,2,20,6,6,13, , , ,2,12.0,2024.0, ,0.0,Empleado_Formal,11.0,11.0,0.0,5,56,1
17002,211,11,1,2,3432,1313,1.0,6.0, ,1,1.0,2,35,6,10,13,1,2,3,2,3.0,2017.0,0,7.0,Empleado_Informal,16.0,16.0,0.0,3,13,1
17002,211,11,2,2,9621,4923,0.0,8.0, ,1,1.0,1,31,6,9,13, , ,3,2,4.0,2018.0,0,6.0,Empleado_Informal,13.5,13.5,0.0,9,49,1
17045,219,11,1,2,9412,5610,1.0,0.0,7,1,1.0,2,24,1,9,13, , ,3,2,11.0,2021.0, ,3.0,Empleado_Informal,13.5,13.5,0.0,9,56,1
17045,219,11,2,2,7111,4100,4.0,0.0, ,1,1.0,1,26,1,4,13, , , ,2,5.0,2019.0, ,5.0,Empleado_Informal,9.0,9.0,0.0,7,41,1
17045,222,11,1,2,9313,4100,1.0,6.0,2,1,2.0,1,23,1,5,13, , , ,2,4.0,2018.0, ,6.0,Empleado_Formal,10.0,10.0,0.0,9,41,1
17045,224,11,1,2,9533,4799,1.0,6.0, ,1,1.0,2,28,6,6,13, , , , ,,, ,,Empleado_Informal,11.0,11.0,0.0,9,47,1
17089,217,11,1,2,9112,8610,0.0,7.0,2,1,2.0,2,54,1,10,13,1,2,3,2,6.0,2019.0, ,5.0,Empleado_Formal,16.0,16.0,0.0,9,86,1
17089,217,11,2,2,9622,8010,3.0,6.0,7,1,1.0,1,59,1,3,13, , , ,2,8.0,2019.0, ,5.0,Empleado_Informal,4.5,4.5,0.0,9,80,1
17089,219,11,1,2,9621,4630,0.0,7.0,7,1,1.0,1,37,1,5,13, , , ,1,6.0,2023.0, ,1.0,Empleado_Informal,10.0,10.0,0.0,9,46,1
17089,219,11,2,1,9112,5510,5.0,1.0,7,1,2.0,2,39,1,6,13, , , ,,,,,,Empleado_Formal,11.0,11.0,0.0,9,55,1
17089,222,11,1,2,5212,4530,0.0,6.0, ,1,1.0,2,34,6,10,13,1,2,3,2,8.0,2019.0, ,5.0,Empleado_Informal,16.0,16.0,0.0,5,45,1
17089,222,11,3,2,5212,4530,1.0,6.0,7,1,1.0,2,25,6,9,13, , ,3,2,1.0,2019.0, ,5.0,Empleado_Informal,13.5,13.5,0.0,5,45,1
17132,223,11,1,2,9412,5610,0.0,11.0,7,1,1.0,1,18,6,5,6, , ,1,1,5.0,2021.0,0,3.0,Empleado_Informal,10.0,11.0,-1.0,9,56,1
17132,223,11,2,2,8322,4922,3.0,0.0, ,1,1.0,1,35,2,5,13, , , ,2,4.0,2020.0,0,4.0,Empleado_Informal,10.0,10.0,0.0,8,49,1
17132,223,11,3,2,9411,5610,0.0,7.0, ,1,1.0,2,40,2,5,13, , , ,1,5.0,2021.0, ,3.0,Empleado_Informal,10.0,10.0,0.0,9,56,1
17132,224,11,2,1,9112,5011,0.0,8.0,2,1,2.0,1,46,1,1,6, , ,2,,,,,,Empleado_Formal,0.0,11.0,-11.0,9,50,1
17132,225,11,1,2,5120,5610,3.0,0.0,7,1,1.0,1,27,1,8,13,1,2,3,2,9.0,2020.0,1,4.0,Empleado_Informal,14.0,14.0,0.0,5,56,1
17132,225,11,2,2,9411,5610,5.0,0.0, ,1,1.0,2,33,1,8,13,1,2,3,2,6.0,2019.0,0,5.0,Empleado_Informal,14.0,14.0,0.0,9,56,1
17692,305,11,1,2,9629,9609,3.0,1.0, ,1,1.0,2,36,1,6,13, , , ,2,3.0,2018.0, ,6.0,Empleado_Informal,11.0,11.0,0.0,9,96,1
17692,305,11,2,2,7421,9512,6.0,1.0, ,1,1.0,1,28,1,6,13, , , ,2,8.0,2017.0, ,7.0,Empleado_Informal,11.0,11.0,0.0,7,95,1
17692,309,11,1,2,8322,4922,2.0,5.0, ,1,1.0,1,33,6,8,13,1,2,3,1,8.0,2021.0, ,3.0,Empleado_Informal,14.0,14.0,0.0,8,49,1
17692,310,11,1,2,,,0.0,0.0, ,3,,2,29,1,3,13, , , ,1,10.0,2020.0, ,4.0,Desempleado,4.5,4.5,0.0,,,0
17692,310,11,2,2,9629,4923,0.0,1.0,7,1,1.0,1,30,1,6,13, , , ,1,10.0,2022.0, ,2.0,Empleado_Informal,11.0,11.0,0.0,9,49,1
17735,311,11,1,2,7129,4520,4.0,10.0, ,1,1.0,1,33,6,10,13,2, ,3,2,2.0,2019.0, ,5.0,Empleado_Informal,16.0,16.0,0.0,7,45,1
17735,313,11,1,2,9512,4799,3.0,1.0, ,1,1.0,2,24,1,6,13, , , ,1,10.0,2019.0, ,5.0,Empleado_Informal,11.0,11.0,0.0,9,47,1
17735,313,11,2,2,8321,4922,2.0,1.0, ,1,1.0,1,33,1,6,13, , , ,1,10.0,2019.0, ,5.0,Empleado_Informal,11.0,11.0,0.0,8,49,1
17735,315,11,1,2,9333,5224,2.0,1.0,7,1,1.0,1,35,6,6,13, , , ,1,1.0,2020.0, ,4.0,Empleado_Informal,11.0,11.0,0.0,9,52,1
17779,317,11,1,2,8322,4922,0.0,4.0,7,1,1.0,1,32,1,7,13, , ,3,2,4.0,2021.0, ,3.0,Empleado_Informal,12.5,12.5,0.0,8,49,1
17779,317,11,2,2,,,0.0,0.0, ,2,,2,27,1,6,13, , , ,1,4.0,2021.0,0,3.0,Desempleado,11.0,11.0,0.0,,,0
17779,318,11,1,2,9622,9499,2.0,0.0,7,1,1.0,1,61,6,6,13, , , ,2,9.0,2021.0, ,3.0,Empleado_Informal,11.0,11.0,0.0,9,94,1
17779,319,11,1,2,8322,4752,1.0,2.0,7,1,1.0,1,27,6,5,13, , , ,1,8.0,2022.0, ,2.0,Empleado_Informal,10.0,10.0,0.0,8,47,1
17779,319,11,2,2,7513,1071,1.0,4.0,7,1,1.0,2,21,1,6,13, , , ,1,8.0,2022.0, ,2.0,Empleado_Informal,11.0,11.0,0.0,7,10,1
17779,319,11,3,2,5212,4741,0.0,9.0,7,1,1.0,1,22,1,7,13, , ,3,1,10.0,2021.0, ,3.0,Empleado_Informal,12.5,12.5,0.0,5,47,1
17822,323,11,1,2,5212,4722,1.0,6.0,7,1,1.0,2,47,4,7,13, , ,3,2,3.0,2017.0, ,7.0,Empleado_Informal,12.5,12.5,0.0,5,47,1
17822,323,11,2,2,5131,5610,0.0,8.0,7,1,1.0,2,21,6,5,13, , , ,1,3.0,2017.0, ,7.0,Empleado_Informal,10.0,10.0,0.0,5,56,1
17822,323,11,4,2,5142,9602,0.0,8.0, ,1,1.0,2,27,5,9,13, , ,3,9,10.0,2022.0, ,2.0,Empleado_Informal,13.5,13.5,0.0,5,96,1
17822,324,11,1,2,9321,1020,1.0,0.0,7,1,1.0,2,29,6,7,13, , ,3,3,8.0,2018.0, ,6.0,Empleado_Informal,12.5,12.5,0.0,9,10,1
17822,324,11,2,2,9321,1020,1.0,6.0,7,1,1.0,1,27,6,6,13, , , ,1,11.0,2023.0, ,1.0,Empleado_Informal,11.0,11.0,0.0,9,10,1
17822,325,11,1,2,5211,4659,3.0,6.0,7,1,1.0,1,29,6,7,13, , ,3,1,5.0,2019.0, ,5.0,Empleado_Informal,12.5,12.5,0.0,5,46,1
17822,325,11,2,2,7421,9512,2.0,3.0,7,1,1.0,1,29,6,6,13, , , ,1,11.0,2022.0, ,2.0,Empleado_Informal,11.0,11.0,0.0,7,95,1
17822,325,11,3,2,9621,4923,0.0,1.0,7,1,1.0,1,27,6,6,13, , , ,6,2.0,2021.0, ,3.0,Empleado_Informal,11.0,11.0,0.0,9,49,1
17994,349,11,2,2,5213,4782,1.0,1.0,7,1,1.0,2,25,6,6,13, , , ,1,7.0,2023.0, ,1.0,Empleado_Informal,11.0,11.0,0.0,5,47,1
17994,349,11,3,2,5141,9602,1.0,0.0,7,1,1.0,2,22,6,6,13, , , ,1,7.0,2023.0,0,1.0,Empleado_Informal,11.0,11.0,0.0,5,96,1
17994,350,11,1,2,4321,4752,0.0,3.0,7,1,2.0,1,19,6,6,13, , , ,2,8.0,2021.0, ,3.0,Empleado_Formal,11.0,11.0,0.0,4,47,1
17994,351,11,1,2,5131,5610,0.0,6.0,2,1,1.0,1,23,6,6,13, , , ,9,8.0,2023.0, ,1.0,Empleado_Informal,11.0,11.0,0.0,5,56,1
18037,355,11,1,2,9622,8010,1.0,5.0,2,1,1.0,1,57,4,8,13,1,2,3,2,2.0,2018.0, ,6.0,Empleado_Informal,14.0,14.0,0.0,9,80,1
18037,356,11,1,2,8322,4922,1.0,0.0, ,1,2.0,1,27,6,6,13, , , ,2,8.0,2017.0, ,7.0,Empleado_Formal,11.0,11.0,0.0,8,49,1
18037,357,11,1,2,4419,6820,1.0,1.0,2,1,2.0,1,29,6,9,9, , ,3,2,5.0,2018.0, ,6.0,Empleado_Formal,13.5,13.5,0.0,4,68,1
21348,12,11,1,2,9112,8129,2.0,0.0,7,1,1.0,2,64,5,6,13, , , ,2,5.0,2017.0, ,7.0,Empleado_Informal,11.0,11.0,0.0,9,81,1
21348,12,11,2,2,5131,5610,0.0,5.0,2,1,1.0,2,26,6,6,13, , , ,2,12.0,2018.0, ,6.0,Empleado_Informal,11.0,11.0,0.0,5,56,1
21348,12,11,3,2,5131,5610,0.0,1.0,7,1,1.0,2,24,6,7,13, , ,3,2,12.0,2020.0, ,4.0,Empleado_Informal,12.5,12.5,0.0,5,56,1
21348,13,11,1,2,7513,1071,3.0,0.0, ,1,2.0,2,28,6,9,13, , ,3,2,10.0,2018.0, ,6.0,Empleado_Formal,13.5,13.5,0.0,7,10,1
21378,14,11,1,2,5414,8010,1.0,0.0,7,1,1.0,1,39,1,6,13, , , ,2,5.0,2018.0,0,6.0,Empleado_Informal,11.0,11.0,0.0,5,80,1
21378,14,11,2,2,9412,5630,1.0,0.0,7,1,1.0,2,37,1,6,13, , , ,2,1.0,2020.0,0,4.0,Empleado_Informal,11.0,11.0,0.0,9,56,1
21378,26,11,1,2,9629,4773,1.0,6.0,7,1,1.0,2,31,5,5,13, , , ,2,6.0,2018.0, ,6.0,Empleado_Informal,10.0,10.0,0.0,9,47,1
21675,74,11,1,2,9112,8121,0.0,2.0,2,1,2.0,2,38,1,9,13, , ,3,2,10.0,2018.0, ,6.0,Empleado_Formal,13.5,13.5,0.0,9,81,1
21675,74,11,2,2,8322,4921,1.0,0.0,7,1,1.0,1,44,1,6,13, , , ,2,10.0,2018.0, ,6.0,Empleado_Informal,11.0,11.0,0.0,8,49,1
21675,75,11,1,2,7513,1071,0.0,1.0, ,1,1.0,2,25,1,8,13,1,2,3,9,1.0,2024.0, ,0.0,Empleado_Informal,14.0,14.0,0.0,7,10,1
21675,75,11,2,2,8152,1393,1.0,3.0,2,1,2.0,2,28,1,9,13, , ,3,2,11.0,2017.0,1,7.0,Empleado_Formal,13.5,13.5,0.0,8,13,1
21675,75,11,3,2,3332,9000,0.0,1.0,5,1,1.0,1,26,6,6,13, , , ,2,5.0,2019.0,1,5.0,Empleado_Informal,11.0,11.0,0.0,3,90,1
21675,75,11,4,2,3332,9000,0.0,1.0,7,1,1.0,1,26,6,8,13,1,2,3,2,5.0,2018.0,1,6.0,Empleado_Informal,14.0,14.0,0.0,3,90,1
21675,77,11,1,2,7352,2930,0.0,2.0,2,1,2.0,1,30,1,6,13, , , ,2,11.0,2018.0, ,6.0,Empleado_Formal,11.0,11.0,0.0,7,29,1
21675,77,11,2,1,5120,5610,6.0,0.0,2,1,2.0,1,38,1,1,6, , ,2,,,,,,Empleado_Formal,0.0,11.0,-11.0,5,56,1
21705,81,11,1,2,5120,5610,1.0,3.0,7,1,1.0,1,32,6,6,13, , , ,2,6.0,2018.0, ,6.0,Empleado_Informal,11.0,11.0,0.0,5,56,1
21705,86,11,1,2,5230,5610,1.0,0.0,2,1,2.0,2,42,4,8,13,1,1,3,4,12.0,2017.0,1,7.0,Empleado_Formal,14.0,14.0,0.0,5,56,1
21705,86,11,2,2,5131,5610,0.0,4.0,2,1,2.0,2,18,6,3,6, , ,1,4,12.0,2017.0, ,7.0,Empleado_Formal,4.5,11.0,-6.5,5,56,1
21705,88,11,1,2,7119,4100,8.0,0.0,7,1,1.0,1,50,2,6,13, , , ,2,9.0,2016.0, ,8.0,Empleado_Informal,11.0,11.0,0.0,7,41,1
22092,158,11,1,2,3221,8610,3.0,0.0,2,1,2.0,2,27,6,8,13,1,2,3,2,3.0,2021.0, ,3.0,Empleado_Formal,14.0,14.0,0.0,3,86,1
22092,161,11,1,2,4321,4653,2.0,9.0,7,1,1.0,1,36,1,10,13,2, ,3,2,11.0,2021.0,1,3.0,Empleado_Informal,16.0,16.0,0.0,4,46,1
22092,161,11,2,2,5120,5610,4.0,0.0,2,1,1.0,1,31,1,8,13,2, ,3,2,9.0,2018.0,1,6.0,Empleado_Informal,14.0,14.0,0.0,5,56,1
22121,163,11,1,2,9629,8690,1.0,5.0,7,1,1.0,2,39,5,6,13, , , ,2,2.0,2018.0,1,6.0,Empleado_Informal,11.0,11.0,0.0,9,86,1
22121,164,11,1,2,3255,8690,2.0,0.0,7,1,1.0,2,40,6,10,13,1,2,3,2,2.0,2018.0, ,6.0,Empleado_Informal,16.0,16.0,0.0,3,86,1
22121,164,11,2,2,4222,6110,2.0,0.0,2,1,1.0,2,18,6,5,6, , ,1, ,,, ,,Empleado_Informal,10.0,11.0,-1.0,4,61,1
22121,164,11,4,2,,,0.0,0.0, ,3,,2,63,4,6,13, , , ,2,3.0,2019.0, ,5.0,Desempleado,11.0,11.0,0.0,,,0
22121,169,11,1,2,3230,8690,2.0,0.0, ,1,1.0,2,53,6,11,13,1,2,3,2,8.0,2018.0,0,6.0,Empleado_Informal,18.0,18.0,0.0,3,86,1
22121,169,11,2,2,5212,4752,3.0,0.0,7,1,1.0,1,24,6,3,13, , , ,1,2.0,2015.0, ,9.0,Empleado_Informal,4.5,4.5,0.0,5,47,1
23073,382,11,1,2,7119,4330,3.0,0.0,2,1,2.0,1,29,6,10,13,2, ,3,1,4.0,2018.0, ,6.0,Empleado_Formal,16.0,16.0,0.0,7,43,1
23073,383,11,1,2,4222,8220,1.0,0.0,2,1,2.0,1,29,6,6,13, , , ,2,6.0,2019.0,1,5.0,Empleado_Formal,11.0,11.0,0.0,4,82,1
23103,384,11,1,2,7231,4520,1.0,0.0,7,1,2.0,1,31,1,10,13,1,2,3,1,2.0,2018.0,1,6.0,Empleado_Formal,16.0,16.0,0.0,7,45,1
23103,384,11,2,2,5212,4773,1.0,0.0,7,1,1.0,2,33,1,6,13, , , ,1,5.0,2019.0,1,5.0,Empleado_Informal,11.0,11.0,0.0,5,47,1
23103,385,11,1,2,4222,8220,0.0,1.0,2,1,1.0,1,28,6,4,13, , , ,2,5.0,2018.0,1,6.0,Empleado_Informal,9.0,9.0,0.0,4,82,1
23133,390,11,1,2,7421,9522,3.0,1.0,7,1,1.0,1,31,1,9,13, , ,3,1,10.0,2018.0,0,6.0,Empleado_Informal,13.5,13.5,0.0,7,95,1
23133,390,11,6,1,9629,8130,5.0,2.0,2,1,2.0,1,65,6,1,8, , ,0,,,,,,Empleado_Formal,0.0,14.0,-14.0,9,81,1
23133,391,11,1,2,7231,4520,1.0,8.0,7,1,1.0,1,31,6,6,13, , , ,1,5.0,2019.0, ,5.0,Empleado_Informal,11.0,11.0,0.0,7,45,1
23133,392,11,1,2,9122,4520,2.0,6.0,7,1,1.0,1,27,1,6,13, , , ,1,8.0,2021.0, ,3.0,Empleado_Informal,11.0,11.0,0.0,9,45,1
23133,392,11,2,2,5245,1071,1.0,9.0,7,1,1.0,2,26,1,7,13, , ,3,1,6.0,2020.0, ,4.0,Empleado_Informal,12.5,12.5,0.0,5,10,1
23163,397,11,2,2,3115,3312,3.0,0.0,7,1,1.0,1,38,1,8,13,1,2,3,1,3.0,2019.0, ,5.0,Empleado_Informal,14.0,14.0,0.0,3,33,1
23163,400,11,1,2,5131,5610,1.0,0.0,7,1,1.0,2,25,6,7,13, , ,3,1,9.0,2021.0,0,3.0,Empleado_Informal,12.5,12.5,0.0,5,56,1
23163,401,11,1,2,8141,4520,0.0,8.0,2,1,1.0,1,25,6,6,13, , , ,1,10.0,2021.0, ,3.0,Empleado_Informal,11.0,11.0,0.0,8,45,1
23252,417,11,1,2,9621,4923,1.0,6.0, ,1,1.0,1,40,2,5,13, , , ,4,7.0,2018.0, ,6.0,Empleado_Informal,10.0,10.0,0.0,9,49,1
23252,417,11,2,2,9112,8129,1.0,2.0,2,1,1.0,2,33,2,10,13,1,2,3,2,7.0,2018.0,1,6.0,Empleado_Informal,16.0,16.0,0.0,9,81,1
23252,422,11,1,1,7128,4330,5.0,0.0, ,1,2.0,1,42,2,1,8, , ,0,,,,,,Empleado_Formal,0.0,14.0,-14.0,7,43,1
23252,422,11,2,2,4412,5320,2.0,7.0,2,1,2.0,2,31,2,9,13, , ,3,2,12.0,2017.0,1,7.0,Empleado_Formal,13.5,13.5,0.0,4,53,1
23282,420,11,1,2,5120,5610,6.0,3.0, ,1,1.0,2,38,5,8,13,1,2,3,2,4.0,2018.0, ,6.0,Empleado_Informal,14.0,14.0,0.0,5,56,1
23282,423,11,1,2,9112,8121,0.0,1.0, ,1,1.0,2,39,1,5,13, , , ,2,3.0,2018.0, ,6.0,Empleado_Informal,10.0,10.0,0.0,9,81,1
23282,423,11,2,2,5212,4721,6.0,2.0,7,1,1.0,1,33,1,9,13, , ,3,2,5.0,2018.0, ,6.0,Empleado_Informal,13.5,13.5,0.0,5,47,1
23282,424,11,2,2,8332,3600,2.0,6.0,7,1,1.0,1,42,1,9,13, , ,3,2,3.0,2018.0, ,6.0,Empleado_Informal,13.5,13.5,0.0,8,36,1
23341,437,11,2,2,7231,4520,1.0,6.0,7,1,1.0,1,30,1,6,13, , , ,4,3.0,2018.0, ,6.0,Empleado_Informal,11.0,11.0,0.0,7,45,1
23341,437,11,4,2,9621,4923,0.0,3.0,7,1,1.0,1,50,2,6,13, , , ,2,12.0,2021.0, ,3.0,Empleado_Informal,11.0,11.0,0.0,9,49,1
23341,438,11,1,2,5211,4649,2.0,0.0,2,1,2.0,2,34,5,10,13,2, ,3,2,5.0,2019.0, ,5.0,Empleado_Formal,16.0,16.0,0.0,5,46,1
23341,442,11,1,2,8322,4922,1.0,6.0, ,1,1.0,1,32,1,6,13, , , ,2,12.0,2018.0,1,6.0,Empleado_Informal,11.0,11.0,0.0,8,49,1
23341,442,11,2,2,4321,4649,0.0,10.0,2,1,2.0,2,41,1,6,13, , , ,2,10.0,2018.0, ,6.0,Empleado_Formal,11.0,11.0,0.0,4,46,1
23371,444,11,1,2,2341,8510,2.0,3.0,3,1,1.0,1,40,5,10,13,1,2,3,2,4.0,2019.0, ,5.0,Empleado_Informal,16.0,16.0,0.0,2,85,1
23371,446,11,1,2,4419,6419,4.0,2.0,2,1,2.0,2,40,5,10,13,1,2,3,2,7.0,2017.0, ,7.0,Empleado_Formal,16.0,16.0,0.0,4,64,1
23371,447,11,1,2,5212,4771,2.0,4.0,2,1,1.0,2,37,1,4,13, , , ,2,3.0,2021.0, ,3.0,Empleado_Informal,9.0,9.0,0.0,5,47,1
23371,447,11,2,2,5414,8010,1.0,8.0,2,1,1.0,1,39,1,4,13, , , ,2,3.0,2021.0, ,3.0,Empleado_Informal,9.0,9.0,0.0,5,80,1
23401,450,11,1,2,3314,6820,5.0,6.0,2,1,2.0,1,41,1,7,13, , ,3,2,2.0,2018.0, ,6.0,Empleado_Formal,12.5,12.5,0.0,3,68,1
23401,450,11,2,2,9111,9700,1.0,0.0,7,1,1.0,2,46,1,6,13, , , ,2,7.0,2020.0, ,4.0,Empleado_Informal,11.0,11.0,0.0,9,97,1
23401,450,11,3,2,7111,4100,3.0,0.0,7,1,1.0,1,24,6,6,13, , , ,9,4.0,2024.0, ,0.0,Empleado_Informal,11.0,11.0,0.0,7,41,1
23401,452,11,1,2,3439,9000,2.0,0.0,7,1,1.0,1,26,6,10,13,1,2,3,1,4.0,2016.0, ,8.0,Empleado_Informal,16.0,16.0,0.0,3,90,1
23431,455,11,1,2,7111,4100,2.0,0.0,7,1,1.0,1,25,6,6,13, , , ,9,4.0,2019.0,0,5.0,Empleado_Informal,11.0,11.0,0.0,7,41,1
23431,457,11,1,2,9621,4923,1.0,0.0, ,1,1.0,1,29,1,5,13, , , ,9,11.0,2023.0, ,1.0,Empleado_Informal,10.0,10.0,0.0,9,49,1
23431,457,11,4,2,9411,5630,1.0,6.0, ,1,1.0,2,47,6,6,13, , , ,1,2.0,2023.0, ,1.0,Empleado_Informal,11.0,11.0,0.0,9,56,1
23431,467,11,1,2,9411,5610,6.0,0.0,7,1,1.0,2,24,1,9,13, , ,3,2,9.0,2018.0, ,6.0,Empleado_Informal,13.5,13.5,0.0,9,56,1
23431,467,11,2,2,9411,5610,6.0,0.0, ,1,2.0,1,35,1,10,13,1,2,3,2,9.0,2018.0, ,6.0,Empleado_Formal,16.0,16.0,0.0,9,56,1
23698,509,11,1,2,5131,5610,0.0,1.0,7,1,1.0,1,31,1,10,13,1,2,3,2,11.0,2017.0,1,7.0,Empleado_Informal,16.0,16.0,0.0,5,56,1
23698,509,11,2,1,5131,9329,0.0,6.0,7,1,1.0,2,25,1,6,6, , ,1,,,,,,Empleado_Informal,11.0,11.0,0.0,5,93,1
23698,510,11,1,2,4224,6810,1.0,3.0,2,1,2.0,2,42,6,8,13,1,2,3,2,2.0,2022.0, ,2.0,Empleado_Formal,14.0,14.0,0.0,4,68,1
23698,511,11,1,1,5142,9602,8.0,0.0,7,1,1.0,2,36,1,1,7, , ,0,,,,,,Empleado_Informal,0.0,12.5,-12.5,5,96,1
23698,511,11,2,2,5141,9602,0.0,5.0,7,1,1.0,1,45,1,9,13, , ,3,6,8.0,2019.0, ,5.0,Empleado_Informal,13.5,13.5,0.0,5,96,1
23728,517,11,1,2,7212,4330,3.0,0.0, ,1,1.0,1,34,2,5,13, , , ,4,6.0,2017.0, ,7.0,Empleado_Informal,10.0,10.0,0.0,7,43,1
23728,517,11,2,2,5212,4772,4.0,0.0,7,1,1.0,2,31,2,9,13, , ,3,2,12.0,2017.0, ,7.0,Empleado_Informal,13.5,13.5,0.0,5,47,1
23728,522,11,1,2,8321,4922,3.0,0.0, ,1,1.0,1,44,1,4,13, , , ,2,6.0,2018.0,1,6.0,Empleado_Informal,9.0,9.0,0.0,8,49,1
23728,522,11,2,2,2342,8510,7.0,0.0,2,1,2.0,2,50,1,8,13,1,2,3,2,2.0,2018.0,1,6.0,Empleado_Formal,14.0,14.0,0.0,2,85,1
23728,525,11,1,2,8321,4922,1.0,0.0, ,1,1.0,1,26,2,10,13,1,2,3,2,11.0,2023.0, ,1.0,Empleado_Informal,16.0,16.0,0.0,8,49,1
23728,525,11,2,2,5131,5610,0.0,3.0,7,1,1.0,2,21,2,6,13, , , ,2,11.0,2023.0, ,1.0,Empleado_Informal,11.0,11.0,0.0,5,56,1
23877,545,12,1,2,4223,8610,5.0,0.0,2,1,2.0,2,36,6,7,13, , ,3,2,5.0,2018.0, ,6.0,Empleado_Formal,12.5,12.5,0.0,4,86,1
23877,545,22,1,2,4222,8610,3.0,0.0,2,1,2.0,2,38,6,8,13,1,2,3,2,5.0,2018.0, ,6.0,Empleado_Formal,14.0,14.0,0.0,4,86,1
23877,546,11,1,2,9621,4923,0.0,8.0, ,1,1.0,1,27,1,6,13, , , ,2,7.0,2018.0, ,6.0,Empleado_Informal,11.0,11.0,0.0,9,49,1
23877,546,11,2,2,4222,8220,3.0,2.0,2,1,1.0,2,26,1,6,13, , , ,2,5.0,2018.0, ,6.0,Empleado_Informal,11.0,11.0,0.0,4,82,1
23877,548,11,1,2,5141,9602,3.0,0.0,7,1,1.0,1,35,1,9,13, , ,3,2,5.0,2020.0, ,4.0,Empleado_Informal,13.5,13.5,0.0,5,96,1
23877,548,11,2,2,8321,4922,2.0,8.0, ,1,1.0,2,29,1,6,13, , , ,2,6.0,2020.0,0,4.0,Empleado_Informal,11.0,11.0,0.0,8,49,1
23907,553,11,1,2,3145,2511,2.0,0.0,2,1,2.0,1,35,1,10,13,1,1,3,2,5.0,2018.0, ,6.0,Empleado_Formal,16.0,16.0,0.0,3,25,1
23907,557,11,1,2,3322,6110,0.0,5.0,2,1,2.0,1,34,6,10,13,1,2,3,2,6.0,2017.0,1,7.0,Empleado_Formal,16.0,16.0,0.0,3,61,1
23907,562,11,1,2,7231,4520,2.0,6.0,7,1,1.0,1,27,1,6,13, , , ,2,7.0,2021.0, ,3.0,Empleado_Informal,11.0,11.0,0.0,7,45,1
23907,562,11,2,2,5142,9602,0.0,9.0, ,1,1.0,2,21,1,6,13, , , ,2,6.0,2022.0, ,2.0,Empleado_Informal,11.0,11.0,0.0,5,96,1
23907,562,11,5,2,,,0.0,0.0, ,3,,1,21,6,6,13, , , ,2,10.0,2023.0,0,1.0,Desempleado,11.0,11.0,0.0,,,0
24115,605,11,1,2,7111,4100,7.0,0.0,7,1,1.0,1,33,1,6,13, , , ,2,5.0,2018.0,1,6.0,Empleado_Informal,11.0,11.0,0.0,7,41,1
24115,605,11,2,2,5131,5610,2.0,0.0,7,1,1.0,2,27,1,6,13, , , ,2,7.0,2019.0, ,5.0,Empleado_Informal,11.0,11.0,0.0,5,56,1
24115,606,11,1,2,7231,4520,7.0,0.0, ,1,1.0,1,37,2,8,13,1,2,3,2,8.0,2017.0, ,7.0,Empleado_Informal,14.0,14.0,0.0,7,45,1
24115,606,11,2,2,3122,1410,4.0,0.0,7,1,1.0,2,37,2,10,13,1,2,3,2,8.0,2017.0, ,7.0,Empleado_Informal,16.0,16.0,0.0,3,14,1
24115,607,11,1,2,7354,1410,7.0,0.0,7,1,1.0,2,41,5,6,13, , , ,2,12.0,2017.0, ,7.0,Empleado_Informal,11.0,11.0,0.0,7,14,1
24115,607,11,2,2,9313,4100,1.0,0.0,7,1,1.0,1,21,6,6,13, , , ,1,8.0,2023.0, ,1.0,Empleado_Informal,11.0,11.0,0.0,9,41,1
24145,614,11,1,2,5120,5610,2.0,0.0,7,1,1.0,1,42,6,6,13, , , ,2,1.0,2019.0, ,5.0,Empleado_Informal,11.0,11.0,0.0,5,56,1
25327,1,11,1,2,9411,5630,0.0,5.0, ,1,1.0,2,42,5,5,13, , , ,2,12.0,2020.0,1,4.0,Empleado_Informal,10.0,10.0,0.0,9,56,1
25327,5,11,1,2,5212,4721,1.0,3.0,7,1,1.0,1,30,1,6,13, , , ,1,6.0,2019.0, ,5.0,Empleado_Informal,11.0,11.0,0.0,5,47,1
25327,5,11,2,2,5212,4742,1.0,0.0,7,1,1.0,2,28,1,6,13, , , ,1,6.0,2019.0,1,5.0,Empleado_Informal,11.0,11.0,0.0,5,47,1
25327,6,11,1,2,7511,1010,2.0,9.0,7,1,1.0,1,22,1,5,13, , , ,1,11.0,2020.0, ,4.0,Empleado_Informal,10.0,10.0,0.0,7,10,1
25327,6,11,2,2,9629,9609,0.0,4.0, ,1,1.0,2,15,1,3,13, , , ,1,11.0,2021.0, ,3.0,Empleado_Informal,4.5,4.5,0.0,9,96,1
25379,7,11,1,2,5212,4721,2.0,2.0,7,1,1.0,2,30,1,6,13, , , ,1,9.0,2021.0, ,3.0,Empleado_Informal,11.0,11.0,0.0,5,47,1
25379,7,11,2,2,7111,4100,0.0,2.0,7,1,1.0,1,35,1,6,13, , , ,2,9.0,2021.0, ,3.0,Empleado_Informal,11.0,11.0,0.0,7,41,1
25379,8,11,1,2,9411,5610,1.0,2.0, ,1,1.0,2,27,1,10,13,1,2,3,6,5.0,2019.0, ,5.0,Empleado_Informal,16.0,16.0,0.0,9,56,1
25379,8,11,2,2,9412,5610,1.0,3.0,7,1,1.0,1,33,1,10,13,1,2,3,1,5.0,2019.0, ,5.0,Empleado_Informal,16.0,16.0,0.0,9,56,1
25379,9,11,2,2,7111,4100,6.0,0.0,7,1,1.0,1,41,1,7,13, , ,3,2,5.0,2019.0, ,5.0,Empleado_Informal,12.5,12.5,0.0,7,41,1
26056,90,11,1,2,3322,4772,0.0,1.0,2,1,1.0,2,38,1,8,13,1,2,3,2,12.0,2021.0, ,3.0,Empleado_Informal,14.0,14.0,0.0,3,47,1
26056,90,11,2,2,9313,4100,0.0,3.0,7,1,1.0,1,51,1,4,13, , , ,2,12.0,2021.0, ,3.0,Empleado_Informal,9.0,9.0,0.0,9,41,1
26056,91,11,1,2,5243,4530,1.0,2.0,7,1,1.0,2,35,6,8,13,1,2,3,2,7.0,2018.0, ,6.0,Empleado_Informal,14.0,14.0,0.0,5,45,1
26056,92,11,1,2,4321,3830,0.0,7.0,2,1,1.0,1,42,1,6,13, , , ,1,6.0,2019.0, ,5.0,Empleado_Informal,11.0,11.0,0.0,4,38,1
26108,96,11,1,2,7354,1410,0.0,10.0,7,1,1.0,2,51,1,6,13, , , ,9,10.0,2023.0,1,1.0,Empleado_Informal,11.0,11.0,0.0,7,14,1
26108,96,11,2,2,8321,4922,0.0,3.0, ,1,1.0,1,49,1,5,13, , , ,9,12.0,2023.0,1,1.0,Empleado_Informal,10.0,10.0,0.0,8,49,1
26108,96,11,3,2,5131,9329,0.0,3.0,1,1,1.0,2,25,6,5,13, , , ,1,4.0,2018.0, ,6.0,Empleado_Informal,10.0,10.0,0.0,5,93,1
26108,99,11,1,2,5230,5630,4.0,8.0,7,1,1.0,2,24,1,6,13, , , ,2,12.0,2018.0, ,6.0,Empleado_Informal,11.0,11.0,0.0,5,56,1
26108,99,11,2,2,7231,4540,3.0,9.0, ,1,1.0,1,35,1,6,13, , , ,2,2.0,2021.0, ,3.0,Empleado_Informal,11.0,11.0,0.0,7,45,1
26108,99,11,5,2,5230,5630,3.0,0.0,7,1,1.0,2,18,6,5,13, , , ,2,12.0,2022.0, ,2.0,Empleado_Informal,10.0,10.0,0.0,5,56,1
26108,101,11,2,2,7231,4540,2.0,0.0, ,1,1.0,1,27,2,6,13, , , ,2,9.0,2021.0, ,3.0,Empleado_Informal,11.0,11.0,0.0,7,45,1
26317,120,11,1,2,9313,4100,6.0,6.0,7,1,1.0,1,49,1,8,13,1,2,3,2,2.0,2018.0,1,6.0,Empleado_Informal,14.0,14.0,0.0,9,41,1
26317,120,11,2,2,2359,8549,3.0,9.0, ,1,1.0,2,46,1,10,13,1,2,3,2,2.0,2019.0, ,5.0,Empleado_Informal,16.0,16.0,0.0,2,85,1
26317,121,11,1,2,8322,4922,5.0,1.0, ,1,1.0,1,48,2,5,13, , , ,1,10.0,2019.0, ,5.0,Empleado_Informal,10.0,10.0,0.0,8,49,1
26317,122,11,1,2,9333,4630,2.0,1.0,2,1,1.0,1,34,2,7,13, , ,3,2,12.0,2018.0, ,6.0,Empleado_Informal,12.5,12.5,0.0,9,46,1
26317,122,11,2,2,9111,9700,2.0,7.0,7,1,1.0,2,33,2,6,13, , , ,2,7.0,2019.0, ,5.0,Empleado_Informal,11.0,11.0,0.0,9,97,1
26369,126,11,1,2,9333,9499,3.0,9.0,7,1,1.0,1,43,6,6,13, , , ,2,8.0,2019.0, ,5.0,Empleado_Informal,11.0,11.0,0.0,9,94,1
26369,127,11,1,2,7231,3312,1.0,3.0,7,1,2.0,1,27,1,8,13,1,2,3,6,7.0,2023.0,0,1.0,Empleado_Formal,14.0,14.0,0.0,7,33,1
26369,127,11,2,2,5131,5610,0.0,7.0,7,1,1.0,2,25,1,7,13, , ,3,9,11.0,2023.0,1,1.0,Empleado_Informal,12.5,12.5,0.0,5,56,1
26369,132,11,1,2,5120,5610,1.0,6.0,7,1,1.0,1,24,1,8,13,1,1,3,1,12.0,2022.0, ,2.0,Empleado_Informal,14.0,14.0,0.0,5,56,1
26369,132,11,2,2,5120,5610,0.0,3.0, ,1,1.0,2,23,1,6,13, , , ,9,11.0,2023.0, ,1.0,Empleado_Informal,11.0,11.0,0.0,5,56,1
27306,236,11,1,2,,,0.0,0.0, ,2,,2,37,6,10,13,1,2,3,2,8.0,2018.0, ,6.0,Desempleado,16.0,16.0,0.0,,,0
27306,236,11,2,2,5131,5610,0.0,8.0,2,1,1.0,2,18,6,6,13, , , ,1,4.0,2023.0, ,1.0,Empleado_Informal,11.0,11.0,0.0,5,56,1
27306,237,11,1,2,5212,4771,0.0,6.0,7,1,1.0,2,35,6,8,13,1,2,3,2,12.0,2018.0, ,6.0,Empleado_Informal,14.0,14.0,0.0,5,47,1
27306,239,11,1,2,5120,5610,6.0,0.0,7,1,1.0,2,43,2,5,13, , , ,2,3.0,2016.0, ,8.0,Empleado_Informal,10.0,10.0,0.0,5,56,1
27306,239,11,2,2,7231,4520,5.0,0.0,7,1,1.0,1,64,2,3,13, , , ,1,3.0,2016.0, ,8.0,Empleado_Informal,4.5,4.5,0.0,7,45,1
27306,239,11,3,2,7231,4520,4.0,8.0,7,1,1.0,1,22,6,3,13, , , ,2,3.0,2016.0,0,8.0,Empleado_Informal,4.5,4.5,0.0,7,45,1
27358,248,11,1,2,7111,4100,4.0,0.0,7,1,1.0,1,43,2,5,13, , , ,7,7.0,2019.0, ,5.0,Empleado_Informal,10.0,10.0,0.0,7,41,1
27358,249,11,1,2,5213,4789,3.0,0.0, ,1,1.0,1,37,1,8,13,1,2,3,1,11.0,2018.0,0,6.0,Empleado_Informal,14.0,14.0,0.0,5,47,1
27358,249,11,2,2,5212,4771,2.0,0.0,7,1,1.0,2,30,1,6,13, , , ,2,11.0,2018.0,1,6.0,Empleado_Informal,11.0,11.0,0.0,5,47,1
27358,250,11,1,2,7354,9529,0.0,7.0,7,1,1.0,2,29,1,6,13, , , ,1,12.0,2019.0,0,5.0,Empleado_Informal,11.0,11.0,0.0,7,95,1
27358,250,11,2,2,9612,3811,0.0,7.0, ,1,1.0,1,29,1,5,13, , , ,1,12.0,2019.0, ,5.0,Empleado_Informal,10.0,10.0,0.0,9,38,1
27515,260,11,1,2,4321,1410,1.0,8.0,2,1,1.0,1,40,1,8,13,1,2,3,2,2.0,2021.0, ,3.0,Empleado_Informal,14.0,14.0,0.0,4,14,1
27515,260,11,2,2,,,0.0,0.0, ,2,,2,45,1,6,13, , , ,1,2.0,2021.0,0,3.0,Desempleado,11.0,11.0,0.0,,,0
27515,261,11,1,2,7354,1410,4.0,0.0,2,1,1.0,2,28,4,9,13, , ,3,2,6.0,2019.0, ,5.0,Empleado_Informal,13.5,13.5,0.0,7,14,1
27515,261,11,4,2,7513,1071,5.0,0.0, ,1,1.0,2,45,6,10,13,1,2,3,2,12.0,2019.0, ,5.0,Empleado_Informal,16.0,16.0,0.0,7,10,1
27515,262,11,1,2,5211,4641,1.0,2.0,7,1,1.0,2,27,6,6,13, , , ,1,9.0,2021.0, ,3.0,Empleado_Informal,11.0,11.0,0.0,5,46,1
27567,266,11,1,2,5120,5610,0.0,10.0,7,1,1.0,2,38,5,6,13, , , ,2,6.0,2019.0, ,5.0,Empleado_Informal,11.0,11.0,0.0,5,56,1
27567,267,11,1,2,4120,4530,0.0,1.0,3,1,1.0,2,34,6,10,13,1,1,3,2,6.0,2018.0,0,6.0,Empleado_Informal,16.0,16.0,0.0,4,45,1
27567,267,11,2,2,4419,4530,2.0,0.0,7,1,2.0,2,28,6,10,13,1,2,3,,,,,,Empleado_Formal,16.0,16.0,0.0,4,45,1
27567,268,11,1,2,9313,4100,6.0,0.0,7,1,1.0,1,46,1,3,13, , , ,2,12.0,2018.0, ,6.0,Empleado_Informal,4.5,4.5,0.0,9,41,1
27567,268,11,3,2,9313,4100,1.0,2.0,7,1,1.0,1,27,6,6,13, , , ,2,5.0,2019.0, ,5.0,Empleado_Informal,11.0,11.0,0.0,9,41,1
27567,268,11,4,2,9313,4100,1.0,2.0,7,1,1.0,1,24,6,6,13, , , ,2,2.0,2019.0, ,5.0,Empleado_Informal,11.0,11.0,0.0,9,41,1
27671,278,11,1,2,9333,1410,3.0,0.0,7,1,1.0,2,32,6,7,13, , ,3,2,6.0,2018.0,1,6.0,Empleado_Informal,12.5,12.5,0.0,9,14,1
27671,278,11,4,2,4321,4782,0.0,2.0,7,1,1.0,1,35,6,10,13,1,2,3,9,7.0,2024.0,0,0.0,Empleado_Informal,16.0,16.0,0.0,4,47,1
27671,279,11,1,2,8322,4922,3.0,0.0, ,1,1.0,1,29,1,8,13,2, ,3,2,6.0,2018.0, ,6.0,Empleado_Informal,14.0,14.0,0.0,8,49,1
27671,281,11,1,2,9535,4799,0.0,10.0, ,1,1.0,2,34,5,10,13,1,2,3,2,5.0,2019.0, ,5.0,Empleado_Informal,16.0,16.0,0.0,9,47,1
27723,284,11,1,2,3423,9319,1.0,4.0,7,1,1.0,1,40,1,6,13, , , ,1,3.0,2023.0, ,1.0,Empleado_Informal,11.0,11.0,0.0,3,93,1
27723,284,11,2,2,5142,9602,4.0,0.0, ,1,1.0,2,28,1,7,13, , ,3,2,8.0,2018.0, ,6.0,Empleado_Informal,12.5,12.5,0.0,5,96,1
27723,285,11,1,2,9333,5224,4.0,6.0, ,1,1.0,1,38,1,10,13,1,2,3,2,10.0,2018.0, ,6.0,Empleado_Informal,16.0,16.0,0.0,9,52,1
27723,285,11,2,2,9411,5610,3.0,0.0, ,1,1.0,2,34,1,10,13,1,1,3,2,12.0,2018.0, ,6.0,Empleado_Informal,16.0,16.0,0.0,9,56,1
27723,286,11,1,2,9333,4781,0.0,3.0,7,1,1.0,1,54,2,4,13, , , ,2,12.0,2020.0, ,4.0,Empleado_Informal,9.0,9.0,0.0,9,47,1
27723,286,11,2,2,7513,1073,5.0,0.0,7,1,1.0,1,29,1,9,13, , ,3,2,8.0,2017.0, ,7.0,Empleado_Informal,13.5,13.5,0.0,7,10,1
27723,286,11,3,1,9321,1073,3.0,0.0,7,1,1.0,2,20,1,1,5, , , ,,,,,,Empleado_Informal,0.0,8.5,-8.5,9,10,1
27723,286,11,5,1,9629,9609,3.0,0.0, ,1,1.0,2,45,1,1,6, , ,1,,,,,,Empleado_Informal,0.0,11.0,-11.0,9,96,1
27723,286,11,6,1,8331,4922,2.0,0.0,2,1,2.0,1,63,1,1,4, , , ,,,,,,Empleado_Formal,0.0,6.0,-6.0,8,49,1
27879,302,11,1,2,9521,4799,5.0,0.0, ,1,1.0,1,26,1,8,13,1,2,3,9,4.0,2019.0,1,5.0,Empleado_Informal,14.0,14.0,0.0,9,47,1
27879,302,11,2,2,9521,4799,1.0,6.0, ,1,1.0,2,25,1,9,13, , ,3,1,4.0,2019.0,0,5.0,Empleado_Informal,13.5,13.5,0.0,9,47,1
27879,303,11,1,2,9549,4799,0.0,3.0,7,1,1.0,2,51,4,10,13,1,2,3,1,11.0,2020.0,1,4.0,Empleado_Informal,16.0,16.0,0.0,9,47,1
27879,303,11,2,2,7322,3100,0.0,3.0,7,1,1.0,1,22,6,6,13, , , ,2,11.0,2021.0, ,3.0,Empleado_Informal,11.0,11.0,0.0,7,31,1
27879,310,11,1,2,7235,4540,3.0,6.0, ,1,1.0,1,60,1,10,13,1,2,3,2,3.0,2020.0, ,4.0,Empleado_Informal,16.0,16.0,0.0,7,45,1
27931,308,11,2,2,3115,4520,3.0,0.0,2,1,1.0,1,40,1,8,13,1,2,3,1,3.0,2018.0, ,6.0,Empleado_Informal,14.0,14.0,0.0,3,45,1
27931,309,11,2,2,5213,4789,0.0,3.0,7,1,1.0,1,36,1,6,13, , , ,9,11.0,2023.0, ,1.0,Empleado_Informal,11.0,11.0,0.0,5,47,1
27931,313,11,1,2,9612,3811,3.0,0.0, ,1,1.0,1,43,5,3,13, , , ,9,3.0,2023.0, ,1.0,Empleado_Informal,4.5,4.5,0.0,9,38,1
31838,784,11,1,2,5213,4781,2.0,5.0,7,1,1.0,1,32,1,6,13, , , ,2,12.0,2019.0, ,5.0,Empleado_Informal,11.0,11.0,0.0,5,47,1
31838,784,11,2,2,5212,4771,1.0,6.0,7,1,1.0,2,26,1,6,13, , , ,1,3.0,2020.0,1,4.0,Empleado_Informal,11.0,11.0,0.0,5,47,1
31838,784,11,3,2,,,0.0,0.0, ,2,,2,21,6,6,13, , , ,1,2.0,2023.0, ,1.0,Desempleado,11.0,11.0,0.0,,,0
31838,788,11,1,2,5230,5630,0.0,5.0,7,1,1.0,2,23,1,5,13, , , ,9,4.0,2023.0, ,1.0,Empleado_Informal,10.0,10.0,0.0,5,56,1
31838,788,11,2,2,9621,4923,0.0,7.0, ,1,1.0,1,35,1,6,13, , , ,2,1.0,2024.0, ,0.0,Empleado_Informal,11.0,11.0,0.0,9,49,1
31838,788,11,4,2,9621,4923,0.0,2.0, ,1,2.0,2,45,1,5,13, , , ,9,4.0,2018.0,0,6.0,Empleado_Formal,10.0,10.0,0.0,9,49,1
31838,788,11,5,2,5131,5610,0.0,1.0,7,1,1.0,2,30,1,6,13, , , ,1,4.0,2023.0,1,1.0,Empleado_Informal,11.0,11.0,0.0,5,56,1
31838,789,11,1,2,9411,5610,1.0,0.0, ,1,1.0,2,57,5,10,13,1,2,3,2,4.0,2018.0, ,6.0,Empleado_Informal,16.0,16.0,0.0,9,56,1
31838,789,11,2,2,7352,1410,0.0,7.0,2,1,2.0,2,23,5,6,13, , , ,2,4.0,2018.0, ,6.0,Empleado_Formal,11.0,11.0,0.0,7,14,1
31890,790,11,1,2,5131,5610,1.0,0.0,7,1,1.0,2,41,1,6,13, , , ,2,5.0,2020.0, ,4.0,Empleado_Informal,11.0,11.0,0.0,5,56,1
31890,790,11,2,2,9112,4759,0.0,7.0,7,1,1.0,1,26,1,6,13, , , ,1,9.0,2021.0,0,3.0,Empleado_Informal,11.0,11.0,0.0,9,47,1
31890,790,11,4,2,5212,4771,2.0,0.0,7,1,1.0,2,33,6,4,13, , , ,2,9.0,2019.0, ,5.0,Empleado_Informal,9.0,9.0,0.0,5,47,1
31890,792,11,1,2,7513,1071,0.0,1.0,2,1,2.0,1,36,1,6,13, , , ,2,7.0,2018.0, ,6.0,Empleado_Formal,11.0,11.0,0.0,7,10,1
31890,792,11,2,2,,,0.0,0.0, ,2,,2,25,1,6,13, , , ,2,6.0,2019.0, ,5.0,Desempleado,11.0,11.0,0.0,,,0
31890,792,11,4,2,5131,5630,0.0,5.0,7,1,1.0,2,18,6,5,13, , , ,6,10.0,2023.0, ,1.0,Empleado_Informal,10.0,10.0,0.0,5,56,1
31890,793,11,2,2,9313,4100,0.0,6.0,2,1,1.0,1,19,1,5,13, , , ,9,11.0,2023.0, ,1.0,Empleado_Informal,10.0,10.0,0.0,9,41,1
21,23,11,1,2,9411,5630,1.0,3.0, ,1,1.0,1,46,6,4,13, , , ,2,11.0,2017.0, ,7.0,Empleado_Informal,9.0,9.0,0.0,9,56,1
21,24,11,1,2,5132,5630,3.0,9.0,7,1,1.0,2,29,6,4,13, , , ,1,2.0,2020.0, ,4.0,Empleado_Informal,9.0,9.0,0.0,5,56,1
21,25,11,1,2,5211,4630,3.0,3.0, ,1,1.0,1,33,1,10,13,1,2,3,2,4.0,2019.0, ,5.0,Empleado_Informal,16.0,16.0,0.0,5,46,1
26,28,11,1,2,5120,5610,5.0,0.0,2,1,2.0,1,31,6,6,7, , ,0,2,12.0,2018.0,0,6.0,Empleado_Formal,11.0,12.5,-1.5,5,56,1
26,29,11,1,2,9412,5610,1.0,5.0,7,1,1.0,2,36,6,9,13, , ,3,2,6.0,2019.0, ,5.0,Empleado_Informal,13.5,13.5,0.0,9,56,1
26,30,11,1,2,5131,5610,0.0,1.0,7,1,1.0,2,29,5,3,13, , , ,6,11.0,2021.0,1,3.0,Empleado_Informal,4.5,4.5,0.0,5,56,1
32,36,11,1,2,3322,4630,5.0,0.0,2,1,2.0,1,28,2,9,13, , ,3,2,10.0,2018.0, ,6.0,Empleado_Formal,13.5,13.5,0.0,3,46,1
32,36,11,2,2,5212,4752,5.0,0.0,2,1,2.0,2,29,2,9,13, , ,3,2,11.0,2017.0, ,7.0,Empleado_Formal,13.5,13.5,0.0,5,47,1
32,36,11,4,2,,,0.0,0.0, ,2,,2,49,3,8,13,1,2,3,2,2.0,2021.0, ,3.0,Desempleado,14.0,14.0,0.0,,,0
32,36,11,5,2,5120,5630,3.0,6.0,7,1,1.0,2,22,6,8,13,2, ,3,2,2.0,2020.0, ,4.0,Empleado_Informal,14.0,14.0,0.0,5,56,1
32,36,11,6,2,3322,4630,1.0,0.0,7,1,1.0,1,23,6,6,13, , , ,2,11.0,2021.0, ,3.0,Empleado_Informal,11.0,11.0,0.0,3,46,1
32,36,11,7,2,9621,4630,4.0,6.0,7,1,1.0,1,42,6,7,13, , ,3,2,6.0,2019.0, ,5.0,Empleado_Informal,12.5,12.5,0.0,9,46,1
32,37,11,1,2,5131,5610,0.0,6.0,7,1,1.0,2,25,6,5,13, , , ,1,7.0,2023.0,0,1.0,Empleado_Informal,10.0,10.0,0.0,5,56,1
32,39,11,1,2,9533,4799,3.0,0.0, ,1,1.0,2,43,1,5,13, , , ,2,10.0,2018.0, ,6.0,Empleado_Informal,10.0,10.0,0.0,9,47,1
32,39,11,2,2,7231,4520,2.0,0.0,7,1,1.0,1,29,1,6,13, , , ,2,2.0,2020.0, ,4.0,Empleado_Informal,11.0,11.0,0.0,7,45,1
42,52,11,1,1,8322,4921,2.0,0.0, ,1,1.0,1,25,1,1,5, , , ,,,,,,Empleado_Informal,0.0,8.5,-8.5,8,49,1
42,60,11,1,2,5120,5610,5.0,9.0, ,1,2.0,2,44,5,8,13,1,2,3,2,12.0,2018.0,1,6.0,Empleado_Formal,14.0,14.0,0.0,5,56,1
42,63,11,1,2,9333,4922,3.0,0.0,7,1,1.0,1,47,5,8,13,1,2,3,2,8.0,2018.0, ,6.0,Empleado_Informal,14.0,14.0,0.0,9,49,1
48,54,11,1,2,8321,4922,0.0,1.0, ,1,1.0,1,29,1,9,13, , ,3,2,2.0,2019.0, ,5.0,Empleado_Informal,13.5,13.5,0.0,8,49,1
48,54,11,2,2,5212,4771,0.0,1.0,7,1,1.0,2,26,1,8,13,1,2,3,2,2.0,2019.0, ,5.0,Empleado_Informal,14.0,14.0,0.0,5,47,1
48,60,11,1,1,4419,7911,1.0,6.0,3,1,1.0,1,45,1,1,7, , ,0,,,,,,Empleado_Informal,0.0,12.5,-12.5,4,79,1
48,60,11,2,2,7352,1410,4.0,0.0, ,1,1.0,2,41,1,10,13,1,1,3,2,10.0,2020.0, ,4.0,Empleado_Informal,16.0,16.0,0.0,7,14,1
48,61,11,1,2,5212,4771,2.0,0.0,7,1,1.0,2,28,5,9,13, , ,3,6,5.0,2018.0, ,6.0,Empleado_Informal,13.5,13.5,0.0,5,47,1
53,64,11,1,2,9112,5510,1.0,6.0,7,1,1.0,2,33,6,6,13, , , ,2,7.0,2019.0, ,5.0,Empleado_Informal,11.0,11.0,0.0,9,55,1
53,64,11,3,2,9411,5610,0.0,8.0, ,1,1.0,2,56,6,6,13, , , ,2,3.0,2022.0,1,2.0,Empleado_Informal,11.0,11.0,0.0,9,56,1
53,65,11,2,2,9412,5610,2.0,0.0,7,1,1.0,1,30,1,6,13, , , ,2,9.0,2018.0, ,6.0,Empleado_Informal,11.0,11.0,0.0,9,56,1
53,66,11,1,2,9411,5610,1.0,0.0, ,1,1.0,2,39,1,6,13, , , ,2,2.0,2020.0, ,4.0,Empleado_Informal,11.0,11.0,0.0,9,56,1
53,66,11,2,2,5211,4649,3.0,0.0,2,1,2.0,1,35,1,6,13, , , ,2,8.0,2018.0, ,6.0,Empleado_Formal,11.0,11.0,0.0,5,46,1
58,73,11,1,2,2411,9499,4.0,0.0,2,1,2.0,1,40,5,11,13,1,1,3,2,7.0,2019.0, ,5.0,Empleado_Formal,18.0,18.0,0.0,2,94,1
58,74,11,1,2,7513,1071,0.0,3.0,7,1,2.0,2,39,5,4,13, , , ,2,8.0,2021.0, ,3.0,Empleado_Formal,9.0,9.0,0.0,7,10,1
58,75,11,1,2,8131,2100,5.0,0.0, ,1,1.0,2,52,4,6,13, , , ,2,7.0,2018.0,0,6.0,Empleado_Informal,11.0,11.0,0.0,8,21,1
58,75,11,2,2,5131,5610,0.0,7.0,7,1,1.0,2,23,6,9,13, , ,3,1,7.0,2018.0,0,6.0,Empleado_Informal,13.5,13.5,0.0,5,56,1
64,97,11,1,2,5120,5610,6.0,0.0,2,1,2.0,1,33,1,6,13, , , ,2,7.0,2018.0, ,6.0,Empleado_Formal,11.0,11.0,0.0,5,56,1
64,97,11,2,2,5131,5610,6.0,0.0,2,1,2.0,2,27,1,5,13, , , ,2,12.0,2018.0, ,6.0,Empleado_Formal,10.0,10.0,0.0,5,56,1
64,200,11,1,2,,,0.0,0.0, ,2,,2,37,1,5,13, , , ,1,4.0,2023.0, ,1.0,Desempleado,10.0,10.0,0.0,,,0
64,200,11,2,2,9121,9601,1.0,1.0,7,1,1.0,1,51,1,8,13,1,2,3,1,5.0,2023.0, ,1.0,Empleado_Informal,14.0,14.0,0.0,9,96,1
64,200,11,4,2,9629,5610,1.0,2.0,7,1,1.0,1,19,6,5,13, , , ,1,4.0,2023.0, ,1.0,Empleado_Informal,10.0,10.0,0.0,9,56,1
64,202,11,1,2,9412,5610,0.0,7.0,7,1,1.0,2,32,1,6,13, , , ,1,4.0,2024.0, ,0.0,Empleado_Informal,11.0,11.0,0.0,9,56,1
64,202,11,2,2,9412,5610,0.0,6.0,7,1,1.0,1,34,1,6,13, , , ,1,10.0,2023.0, ,1.0,Empleado_Informal,11.0,11.0,0.0,9,56,1
69,85,11,1,2,5120,5610,2.0,0.0,2,1,1.0,2,71,4,5,13, , , ,2,6.0,2018.0, ,6.0,Empleado_Informal,10.0,10.0,0.0,5,56,1
69,95,11,1,2,5120,5621,2.0,0.0, ,1,1.0,2,23,6,6,13, , , ,6,2.0,2022.0, ,2.0,Empleado_Informal,11.0,11.0,0.0,5,56,1
69,102,11,1,2,9112,5610,0.0,1.0,7,1,1.0,2,42,6,6,13, , , ,1,2.0,2022.0, ,2.0,Empleado_Informal,11.0,11.0,0.0,9,56,1
69,102,11,2,2,5131,5610,0.0,1.0,7,1,1.0,2,27,6,9,13, , ,3,6,7.0,2024.0, ,0.0,Empleado_Informal,13.5,13.5,0.0,5,56,1
74,98,11,1,2,9111,9700,10.0,0.0,7,1,1.0,2,50,5,9,13, , ,3,2,2.0,2019.0, ,5.0,Empleado_Informal,13.5,13.5,0.0,9,97,1
74,98,11,2,2,7111,4100,5.0,0.0,2,1,1.0,1,28,1,6,13, , , ,2,6.0,2019.0, ,5.0,Empleado_Informal,11.0,11.0,0.0,7,41,1
74,98,11,4,2,7231,4520,0.0,3.0,7,1,1.0,1,33,6,6,13, , , ,2,9.0,2019.0,1,5.0,Empleado_Informal,11.0,11.0,0.0,7,45,1
74,98,11,5,2,9313,4100,3.0,0.0,2,1,1.0,1,26,5,5,13, , , ,1,4.0,2019.0, ,5.0,Empleado_Informal,10.0,10.0,0.0,9,41,1
74,99,11,1,2,5141,9602,6.0,0.0,7,1,1.0,1,21,1,5,13, , , ,2,2.0,2019.0, ,5.0,Empleado_Informal,10.0,10.0,0.0,5,96,1
74,99,11,2,1,5213,4782,4.0,0.0,7,1,1.0,2,23,1,1,9, , ,0,,,,,,Empleado_Informal,0.0,13.5,-13.5,5,47,1
74,108,11,1,1,4120,4630,5.0,0.0,7,1,1.0,2,34,1,1,7, , ,0,,,,,,Empleado_Informal,0.0,12.5,-12.5,4,46,1
74,108,11,2,2,5131,5610,2.0,1.0,3,1,1.0,1,23,1,6,13, , , ,2,4.0,2019.0,1,5.0,Empleado_Informal,11.0,11.0,0.0,5,56,1
79,98,11,1,2,,,0.0,0.0, ,2,,2,26,1,5,13, , , ,6,9.0,2022.0,0,2.0,Desempleado,10.0,10.0,0.0,,,0
79,98,11,2,2,5211,4630,3.0,0.0,7,1,1.0,1,31,1,7,13, , ,3,2,9.0,2022.0, ,2.0,Empleado_Informal,12.5,12.5,0.0,5,46,1
79,103,11,1,2,9621,1104,0.0,4.0,3,1,1.0,1,25,6,9,13, , ,3,2,10.0,2021.0, ,3.0,Empleado_Informal,13.5,13.5,0.0,9,11,1
85,105,11,1,2,5211,4649,4.0,0.0,7,1,1.0,2,46,4,6,13, , , ,2,5.0,2019.0, ,5.0,Empleado_Informal,11.0,11.0,0.0,5,46,1
85,107,11,1,2,9622,4630,1.0,6.0,7,1,1.0,1,34,1,8,13,1,2,3,1,6.0,2019.0, ,5.0,Empleado_Informal,14.0,14.0,0.0,9,46,1
85,107,11,2,2,5120,5610,0.0,1.0,7,1,1.0,2,25,1,6,13, , , ,2,11.0,2021.0, ,3.0,Empleado_Informal,11.0,11.0,0.0,5,56,1
90,111,11,1,2,5142,9602,1.0,6.0, ,1,2.0,2,53,1,4,13, , , ,2,2.0,2018.0, ,6.0,Empleado_Formal,9.0,9.0,0.0,5,96,1
90,111,11,2,1,8321,4922,25.0,0.0, ,1,1.0,1,46,1,1,4, , , ,,,,,,Empleado_Informal,0.0,6.0,-6.0,8,49,1
90,111,11,4,2,5142,9602,3.0,6.0, ,1,1.0,2,56,6,4,13, , , ,2,6.0,2018.0, ,6.0,Empleado_Informal,9.0,9.0,0.0,5,96,1
90,111,11,5,2,9411,5610,3.0,0.0, ,1,1.0,2,45,1,3,13, , , ,2,2.0,2012.0, ,12.0,Empleado_Informal,4.5,4.5,0.0,9,56,1
90,112,11,1,2,5131,5610,0.0,4.0,7,1,1.0,2,28,5,9,13, , ,3,2,8.0,2018.0, ,6.0,Empleado_Informal,13.5,13.5,0.0,5,56,1
90,116,11,1,2,9333,4630,2.0,0.0,7,1,1.0,1,27,1,5,13, , , ,2,7.0,2016.0,1,8.0,Empleado_Informal,10.0,10.0,0.0,9,46,1
90,116,11,2,2,9411,5610,2.0,0.0, ,1,1.0,2,23,1,6,13, , , ,2,4.0,2018.0,0,6.0,Empleado_Informal,11.0,11.0,0.0,9,56,1
95,117,11,1,2,9411,5610,1.0,6.0, ,1,1.0,2,28,5,3,13, , , ,6,1.0,2019.0, ,5.0,Empleado_Informal,4.5,4.5,0.0,9,56,1
95,125,11,1,2,9321,1104,0.0,3.0,2,1,1.0,1,47,6,6,13, , , ,2,10.0,2021.0, ,3.0,Empleado_Informal,11.0,11.0,0.0,9,11,1
95,127,11,1,2,9535,4799,0.0,3.0,7,1,1.0,1,31,1,9,13, , ,3,2,1.0,2019.0, ,5.0,Empleado_Informal,13.5,13.5,0.0,9,47,1
101,124,11,1,2,9122,4520,2.0,6.0,2,1,2.0,1,29,1,3,13, , , ,2,8.0,2017.0,0,7.0,Empleado_Formal,4.5,4.5,0.0,9,45,1
101,129,11,1,2,9412,5610,3.0,0.0,7,1,1.0,1,35,1,5,13, , , ,2,7.0,2018.0, ,6.0,Empleado_Informal,10.0,10.0,0.0,9,56,1
101,129,11,2,2,5120,5610,3.0,0.0, ,1,1.0,2,31,1,8,13,1,2,3,2,8.0,2018.0, ,6.0,Empleado_Informal,14.0,14.0,0.0,5,56,1
101,132,11,1,2,,,0.0,0.0, ,2,,2,37,1,6,13, , , ,2,1.0,2021.0, ,3.0,Desempleado,11.0,11.0,0.0,,,0
101,132,11,2,2,8321,4922,0.0,3.0, ,1,1.0,1,34,1,4,13, , , ,2,1.0,2021.0, ,3.0,Empleado_Informal,9.0,9.0,0.0,8,49,1
106,133,11,1,1,8343,4663,0.0,11.0,2,1,2.0,1,28,1,1,7, , ,0,,,,,,Empleado_Formal,0.0,12.5,-12.5,8,46,1
106,133,11,2,2,5142,9602,15.0,0.0, ,1,1.0,2,35,1,6,13, , , ,6,3.0,2023.0, ,1.0,Empleado_Informal,11.0,11.0,0.0,5,96,1
106,135,11,1,2,9629,4921,2.0,0.0,7,1,1.0,1,40,2,6,13, , , ,1,11.0,2022.0, ,2.0,Empleado_Informal,11.0,11.0,0.0,9,49,1
106,135,11,2,2,7399,3290,1.0,0.0, ,1,1.0,2,38,2,8,13,1,2,3,1,2.0,2023.0, ,1.0,Empleado_Informal,14.0,14.0,0.0,7,32,1
106,151,11,1,2,9412,5610,2.0,0.0,7,1,1.0,2,35,5,8,13,1,2,3,2,10.0,2018.0, ,6.0,Empleado_Informal,14.0,14.0,0.0,9,56,1
111,139,11,1,2,3314,5610,2.0,0.0, ,1,2.0,1,31,6,8,13,1,2,3,2,12.0,2018.0, ,6.0,Empleado_Formal,14.0,14.0,0.0,3,56,1
111,139,11,2,2,5131,5610,1.0,0.0,7,1,1.0,1,52,2,4,13, , , ,2,7.0,2022.0, ,2.0,Empleado_Informal,9.0,9.0,0.0,5,56,1
111,139,11,3,2,5131,5610,1.0,0.0,7,1,1.0,2,52,2,4,13, , , ,2,7.0,2022.0, ,2.0,Empleado_Informal,9.0,9.0,0.0,5,56,1
111,139,11,4,2,5329,8690,3.0,0.0,7,1,1.0,1,33,6,8,13,1,2,3,2,1.0,2019.0, ,5.0,Empleado_Informal,14.0,14.0,0.0,5,86,1
111,139,11,5,2,8321,5610,1.0,0.0,7,1,1.0,1,30,5,8,13,1,2,3,2,1.0,2019.0, ,5.0,Empleado_Informal,14.0,14.0,0.0,8,56,1
111,139,11,7,2,4224,6420,1.0,0.0,7,1,1.0,2,32,6,9,13, , ,3,2,7.0,2022.0, ,2.0,Empleado_Informal,13.5,13.5,0.0,4,64,1
111,141,11,1,2,5131,5610,0.0,4.0,7,1,1.0,2,35,5,6,13, , , ,6,10.0,2021.0, ,3.0,Empleado_Informal,11.0,11.0,0.0,5,56,1
111,143,11,1,2,5142,9602,5.0,0.0, ,1,1.0,2,32,5,6,13, , , ,2,9.0,2021.0, ,3.0,Empleado_Informal,11.0,11.0,0.0,5,96,1
117,145,11,1,2,4120,6920,0.0,1.0,7,1,1.0,2,38,5,5,13, , , ,2,2.0,2020.0, ,4.0,Empleado_Informal,10.0,10.0,0.0,4,69,1
117,148,11,1,2,7231,4540,7.0,0.0, ,1,1.0,1,55,2,5,13, , , ,2,11.0,2017.0, ,7.0,Empleado_Informal,10.0,10.0,0.0,7,45,1
117,152,11,1,2,3322,6110,0.0,1.0,7,1,1.0,2,25,6,5,13, , , ,2,6.0,2021.0, ,3.0,Empleado_Informal,10.0,10.0,0.0,3,61,1
122,151,11,1,2,5131,5630,0.0,1.0,7,1,1.0,2,30,6,5,13, , , ,6,7.0,2019.0, ,5.0,Empleado_Informal,10.0,10.0,0.0,5,56,1
122,152,11,2,2,9333,5224,0.0,1.0, ,1,1.0,1,29,1,5,13, , , ,2,8.0,2019.0, ,5.0,Empleado_Informal,10.0,10.0,0.0,9,52,1
122,153,11,1,2,7128,4330,0.0,1.0,7,1,1.0,1,45,1,6,13, , , ,9,2.0,2024.0, ,0.0,Empleado_Informal,11.0,11.0,0.0,7,43,1
149,189,11,1,2,5211,4663,5.0,0.0,7,1,1.0,1,29,1,6,13, , , ,1,3.0,2018.0, ,6.0,Empleado_Informal,11.0,11.0,0.0,5,46,1
149,189,11,2,2,5322,9609,0.0,2.0, ,1,1.0,2,31,1,10,13,1,2,3,2,10.0,2018.0, ,6.0,Empleado_Informal,16.0,16.0,0.0,5,96,1
149,190,11,1,2,5142,9602,2.0,0.0, ,1,1.0,2,32,1,10,13,1,2,3,2,4.0,2018.0, ,6.0,Empleado_Informal,16.0,16.0,0.0,5,96,1
149,190,11,2,2,5141,9602,2.0,0.0, ,1,1.0,1,35,1,6,13, , , ,2,4.0,2018.0, ,6.0,Empleado_Informal,11.0,11.0,0.0,5,96,1
149,190,11,4,2,9111,9700,0.0,2.0,7,1,1.0,2,29,6,10,13,1,2,3,9,5.0,2024.0, ,0.0,Empleado_Informal,16.0,16.0,0.0,9,97,1
149,191,11,1,2,9411,5610,4.0,0.0, ,1,2.0,2,39,2,7,13, , ,3,2,1.0,2020.0, ,4.0,Empleado_Formal,12.5,12.5,0.0,9,56,1
149,191,11,2,2,9411,5610,2.0,0.0, ,1,1.0,1,42,2,6,13, , , ,2,2.0,2020.0,0,4.0,Empleado_Informal,11.0,11.0,0.0,9,56,1
154,202,11,1,2,5131,5630,0.0,7.0,7,1,1.0,2,41,6,7,13, , ,3,6,12.0,2021.0, ,3.0,Empleado_Informal,12.5,12.5,0.0,5,56,1
154,202,11,3,2,5142,9602,1.0,6.0, ,1,1.0,2,20,6,6,13, , , ,9,12.0,2021.0, ,3.0,Empleado_Informal,11.0,11.0,0.0,5,96,1
154,203,11,1,2,5131,5630,1.0,0.0,7,1,1.0,2,29,6,6,13, , , ,7,12.0,2018.0,1,6.0,Empleado_Informal,11.0,11.0,0.0,5,56,1
154,204,11,1,2,9313,4100,2.0,10.0,7,1,1.0,1,40,5,5,13, , , ,2,7.0,2018.0, ,6.0,Empleado_Informal,10.0,10.0,0.0,9,41,1
154,204,11,2,2,9313,4100,2.0,0.0,7,1,1.0,1,37,6,5,13, , , ,2,8.0,2016.0, ,8.0,Empleado_Informal,10.0,10.0,0.0,9,41,1
165,209,11,1,2,5131,5610,1.0,10.0,7,1,1.0,2,43,1,6,13, , , ,2,6.0,2018.0, ,6.0,Empleado_Informal,11.0,11.0,0.0,5,56,1
165,209,11,2,1,5120,5610,1.0,0.0, ,1,2.0,1,41,1,1,6, , ,1,,,,,,Empleado_Formal,0.0,11.0,-11.0,5,56,1
165,210,11,1,2,5131,5630,0.0,1.0,7,1,1.0,2,48,1,5,13, , , ,2,10.0,2021.0,0,3.0,Empleado_Informal,10.0,10.0,0.0,5,56,1
165,210,11,2,1,9621,4630,0.0,4.0,7,1,1.0,1,53,1,1,8, , ,0,,,,,,Empleado_Informal,0.0,14.0,-14.0,9,46,1
165,211,11,1,2,9412,5610,2.0,1.0,7,1,1.0,2,24,1,6,13, , , ,2,11.0,2018.0, ,6.0,Empleado_Informal,11.0,11.0,0.0,9,56,1
165,211,11,2,2,8321,4922,4.0,9.0,7,1,1.0,1,30,1,6,13, , , , ,,, ,,Empleado_Informal,11.0,11.0,0.0,8,49,1
239,318,11,1,2,9333,4781,0.0,2.0,3,1,1.0,1,25,1,9,13, , ,3,1,9.0,2020.0,0,4.0,Empleado_Informal,13.5,13.5,0.0,9,47,1
239,318,11,2,1,9112,5610,1.0,6.0,7,1,1.0,2,21,1,1,7, , ,0,,,,,,Empleado_Informal,0.0,12.5,-12.5,9,56,1
239,320,11,1,2,9629,8510,0.0,1.0,2,1,1.0,2,49,6,6,13, , , ,2,7.0,2019.0, ,5.0,Empleado_Informal,11.0,11.0,0.0,9,85,1
239,320,11,3,2,5212,4772,0.0,3.0,7,1,1.0,2,28,6,7,13, , ,3,2,7.0,2019.0, ,5.0,Empleado_Informal,12.5,12.5,0.0,5,47,1
244,325,11,1,2,9333,5224,2.0,0.0, ,1,1.0,1,44,1,4,13, , , ,2,8.0,2022.0, ,2.0,Empleado_Informal,9.0,9.0,0.0,9,52,1
244,325,11,2,2,5142,9602,0.0,5.0, ,1,1.0,2,45,1,6,13, , , ,2,8.0,2022.0, ,2.0,Empleado_Informal,11.0,11.0,0.0,5,96,1
244,326,11,1,1,2221,8610,8.0,0.0,1,1,2.0,1,36,2,1,10, , ,0,,,,,,Empleado_Formal,0.0,16.0,-16.0,2,86,1
244,330,11,1,2,9121,9601,1.0,0.0, ,1,1.0,2,55,6,4,13, , , ,2,10.0,2022.0, ,2.0,Empleado_Informal,9.0,9.0,0.0,9,96,1
244,330,11,2,2,5212,4771,0.0,5.0,7,1,1.0,2,23,6,6,13, , , ,2,8.0,2019.0, ,5.0,Empleado_Informal,11.0,11.0,0.0,5,47,1
250,336,11,1,2,5120,5610,2.0,0.0,7,1,1.0,2,44,6,8,13,1,2,3,2,8.0,2019.0, ,5.0,Empleado_Informal,14.0,14.0,0.0,5,56,1
250,337,11,1,2,8321,4922,1.0,7.0, ,1,1.0,1,37,1,3,13, , , ,2,5.0,2018.0, ,6.0,Empleado_Informal,4.5,4.5,0.0,8,49,1
250,337,11,2,2,5212,4721,12.0,0.0,7,1,1.0,2,35,1,10,13,1,2,3,2,5.0,2018.0, ,6.0,Empleado_Informal,16.0,16.0,0.0,5,47,1
250,340,11,1,1,5120,5610,24.0,0.0, ,1,1.0,2,62,2,1,6, , ,1,,,,,,Empleado_Informal,0.0,11.0,-11.0,5,56,1
250,340,11,2,2,8321,4922,8.0,0.0, ,1,1.0,1,36,1,5,6, , ,1,2,3.0,2015.0, ,9.0,Empleado_Informal,10.0,11.0,-1.0,8,49,1
250,340,11,3,1,,,0.0,0.0, ,2,,2,39,1,1,7, , ,0,,,,,,Desempleado,0.0,12.5,-12.5,,,0
250,340,11,5,2,5212,4771,2.0,0.0,7,1,1.0,2,34,6,6,13, , , ,1,1.0,2021.0, ,3.0,Empleado_Informal,11.0,11.0,0.0,5,47,1
255,337,11,1,2,7354,9529,0.0,7.0, ,1,1.0,2,68,6,4,13, , , ,6,3.0,2023.0, ,1.0,Empleado_Informal,9.0,9.0,0.0,7,95,1
255,340,11,1,2,9112,8121,3.0,0.0, ,1,1.0,2,34,6,9,13, , ,3,1,1.0,2021.0, ,3.0,Empleado_Informal,13.5,13.5,0.0,9,81,1
255,346,11,1,2,8322,5320,1.0,0.0,7,1,1.0,2,30,1,6,13, , , ,2,10.0,2018.0, ,6.0,Empleado_Informal,11.0,11.0,0.0,8,53,1
255,346,11,2,1,9313,4100,2.0,0.0,7,1,1.0,1,37,1,1,7, , ,0,,,,,,Empleado_Informal,0.0,12.5,-12.5,9,41,1
335,454,11,1,2,7212,2511,0.0,3.0,7,1,1.0,1,52,1,4,13, , , ,2,4.0,2018.0,1,6.0,Empleado_Informal,9.0,9.0,0.0,7,25,1
335,454,11,2,2,7354,9529,3.0,0.0, ,1,1.0,2,50,1,5,13, , , ,2,5.0,2018.0, ,6.0,Empleado_Informal,10.0,10.0,0.0,7,95,1
335,454,11,3,2,8342,4210,5.0,6.0,7,1,1.0,1,53,5,4,13, , , ,2,3.0,2017.0, ,7.0,Empleado_Informal,9.0,9.0,0.0,8,42,1
335,454,11,4,2,7212,2511,4.0,0.0,7,1,1.0,1,39,6,6,13, , , ,2,4.0,2017.0, ,7.0,Empleado_Informal,11.0,11.0,0.0,7,25,1
335,454,11,5,2,7212,2511,0.0,8.0,7,1,1.0,1,28,6,8,13,1,2,3,2,2.0,2021.0, ,3.0,Empleado_Informal,14.0,14.0,0.0,7,25,1
335,464,11,1,1,8321,4922,5.0,0.0, ,1,1.0,1,40,1,1,6, , ,1,,,,,,Empleado_Informal,0.0,11.0,-11.0,8,49,1
335,464,11,2,2,5142,9602,0.0,1.0, ,1,1.0,2,32,1,9,13, , ,3,9,1.0,2023.0, ,1.0,Empleado_Informal,13.5,13.5,0.0,5,96,1
335,469,11,1,2,7231,4540,5.0,0.0, ,1,1.0,1,43,1,6,13, , , ,2,9.0,2019.0, ,5.0,Empleado_Informal,11.0,11.0,0.0,7,45,1
335,469,11,2,1,2330,8521,0.0,1.0,2,1,1.0,2,33,1,1,8, , ,0,,,,,,Empleado_Informal,0.0,14.0,-14.0,2,85,1
346,474,11,2,2,5131,5610,0.0,2.0,7,1,1.0,1,16,6,5,13, , , ,9,6.0,2024.0, ,0.0,Empleado_Informal,10.0,10.0,0.0,5,56,1
346,477,11,1,2,9411,5610,2.0,0.0, ,1,1.0,2,54,5,8,13,1,2,3,1,9.0,2018.0, ,6.0,Empleado_Informal,14.0,14.0,0.0,9,56,1
346,482,11,1,2,8332,4923,0.0,4.0,7,1,1.0,1,34,2,10,13,1,2,3,2,8.0,2021.0, ,3.0,Empleado_Informal,16.0,16.0,0.0,8,49,1
383,543,11,1,2,9333,311,3.0,0.0,7,1,1.0,1,27,1,9,13, , ,3,2,2.0,2020.0, ,4.0,Empleado_Informal,13.5,13.5,0.0,9,03,1
383,544,11,1,2,5212,4773,2.0,0.0,7,1,1.0,2,23,5,6,13, , , ,9,6.0,2022.0, ,2.0,Empleado_Informal,11.0,11.0,0.0,5,47,1
383,544,11,2,2,5113,7990,2.0,0.0,7,1,1.0,2,25,6,6,13, , , ,9,6.0,2020.0, ,4.0,Empleado_Informal,11.0,11.0,0.0,5,79,1
383,549,11,1,2,9333,4799,5.0,0.0,7,1,1.0,1,46,1,10,13,1,1,3,2,6.0,2018.0, ,6.0,Empleado_Informal,16.0,16.0,0.0,9,47,1
383,549,11,2,2,,,0.0,0.0, ,3,,2,42,1,10,13,1,2,3,2,4.0,2019.0, ,5.0,Desempleado,16.0,16.0,0.0,,,0
388,553,11,1,2,9523,4799,3.0,0.0, ,1,1.0,1,28,1,6,13, , , ,2,12.0,2018.0, ,6.0,Empleado_Informal,11.0,11.0,0.0,9,47,1
388,553,11,2,1,5213,4781,6.0,0.0, ,1,1.0,2,30,1,1,7, , ,0,,,,,,Empleado_Informal,0.0,12.5,-12.5,5,47,1
388,568,11,1,1,9629,4781,10.0,0.0,7,1,1.0,1,26,1,1,6, , ,1,,,,,,Empleado_Informal,0.0,11.0,-11.0,9,47,1
393,557,11,1,2,9313,4100,5.0,6.0,7,1,1.0,1,57,6,3,13, , , ,2,10.0,2018.0,0,6.0,Empleado_Informal,4.5,4.5,0.0,9,41,1
393,558,11,1,2,,,0.0,0.0, ,2,,2,29,1,6,13, , , ,1,11.0,2020.0, ,4.0,Desempleado,11.0,11.0,0.0,,,0
393,558,11,2,1,9313,4100,0.0,1.0,7,1,1.0,1,48,1,1,1, , , ,,,,,,Empleado_Informal,0.0,0.0,0.0,9,41,1
393,561,11,1,2,6223,311,4.0,10.0,7,1,1.0,1,52,6,6,13, , , ,2,6.0,2019.0,0,5.0,Empleado_Informal,11.0,11.0,0.0,6,03,1
399,564,11,1,2,5131,5630,3.0,0.0,7,1,1.0,2,22,6,3,13, , , ,9,7.0,2022.0, ,2.0,Empleado_Informal,4.5,4.5,0.0,5,56,1
399,569,11,1,2,5131,5610,3.0,1.0,7,1,1.0,2,24,6,5,13, , , ,2,7.0,2019.0, ,5.0,Empleado_Informal,10.0,10.0,0.0,5,56,1
399,571,11,1,2,5131,5630,0.0,6.0,7,1,1.0,2,25,5,3,13, , , ,9,3.0,2024.0, ,0.0,Empleado_Informal,4.5,4.5,0.0,5,56,1
543,95,11,1,2,8321,4922,2.0,6.0, ,1,1.0,1,35,2,6,13, , , ,2,7.0,2017.0,0,7.0,Empleado_Informal,11.0,11.0,0.0,8,49,1
543,95,11,2,2,2342,8510,1.0,0.0,2,1,2.0,2,37,2,10,13,1,2,3,2,7.0,2017.0,0,7.0,Empleado_Formal,16.0,16.0,0.0,2,85,1
543,98,11,1,2,9411,5610,2.0,0.0, ,1,1.0,1,54,2,6,13, , , ,1,11.0,2022.0, ,2.0,Empleado_Informal,11.0,11.0,0.0,9,56,1
543,98,11,2,2,9412,5610,1.0,6.0,7,1,1.0,2,45,2,10,13,1,2,3,2,6.0,2022.0, ,2.0,Empleado_Informal,16.0,16.0,0.0,9,56,1
543,98,11,4,2,9629,5610,1.0,0.0,7,1,1.0,2,26,6,5,13, , , ,1,6.0,2023.0, ,1.0,Empleado_Informal,10.0,10.0,0.0,9,56,1
543,115,11,1,2,9333,2392,0.0,4.0,7,1,1.0,1,27,1,6,13, , , ,1,10.0,2019.0, ,5.0,Empleado_Informal,11.0,11.0,0.0,9,23,1
543,115,11,2,2,9412,5610,0.0,6.0,7,1,1.0,2,25,1,5,13, , , ,9,9.0,2022.0, ,2.0,Empleado_Informal,10.0,10.0,0.0,9,56,1
553,101,11,1,2,9313,4220,0.0,3.0,7,1,1.0,1,31,1,9,13, , ,3,1,7.0,2020.0, ,4.0,Empleado_Informal,13.5,13.5,0.0,9,42,1
553,101,11,2,2,9411,5610,0.0,5.0, ,1,1.0,2,33,1,5,13, , , ,1,3.0,2020.0, ,4.0,Empleado_Informal,10.0,10.0,0.0,9,56,1
553,102,11,1,2,9122,4520,1.0,0.0,7,1,1.0,1,29,1,5,13, , , ,2,3.0,2021.0, ,3.0,Empleado_Informal,10.0,10.0,0.0,9,45,1
553,104,11,1,1,9612,3811,3.0,0.0, ,1,1.0,1,44,5,1,6, , ,1,,,,,,Empleado_Informal,0.0,11.0,-11.0,9,38,1
553,104,11,2,2,9612,3811,3.0,0.0,7,1,1.0,1,22,6,5,13, , , ,1,6.0,2020.0,0,4.0,Empleado_Informal,10.0,10.0,0.0,9,38,1
562,108,11,1,2,7513,1071,2.0,0.0, ,1,1.0,2,35,1,7,13, , ,3,2,6.0,2019.0, ,5.0,Empleado_Informal,12.5,12.5,0.0,7,10,1
562,108,11,2,2,7231,4520,1.0,2.0,7,1,1.0,1,37,1,5,13, , , ,1,2.0,2018.0, ,6.0,Empleado_Informal,10.0,10.0,0.0,7,45,1
562,109,11,1,2,9621,4923,1.0,6.0,7,1,1.0,1,39,1,5,13, , , ,2,11.0,2018.0, ,6.0,Empleado_Informal,10.0,10.0,0.0,9,49,1
562,110,11,1,2,5131,5610,1.0,0.0,7,1,1.0,2,23,6,6,13, , , ,2,12.0,2020.0, ,4.0,Empleado_Informal,11.0,11.0,0.0,5,56,1
582,118,11,1,2,9313,4100,6.0,0.0,7,1,1.0,1,31,1,6,13, , , ,9,9.0,2018.0,1,6.0,Empleado_Informal,11.0,11.0,0.0,9,41,1
582,118,11,2,2,5120,5610,0.0,2.0, ,1,1.0,2,30,1,5,13, , , ,2,7.0,2018.0, ,6.0,Empleado_Informal,10.0,10.0,0.0,5,56,1
582,121,11,1,2,7231,4520,0.0,2.0,7,1,1.0,1,25,1,5,13, , , ,9,8.0,2024.0, ,0.0,Empleado_Informal,10.0,10.0,0.0,7,45,1
582,122,11,1,2,7231,4520,1.0,10.0,7,1,1.0,1,61,1,4,13, , , ,1,4.0,2024.0, ,0.0,Empleado_Informal,9.0,9.0,0.0,7,45,1
582,122,11,2,2,5322,9609,0.0,1.0, ,1,1.0,2,53,1,3,13, , , ,2,4.0,2022.0, ,2.0,Empleado_Informal,4.5,4.5,0.0,5,96,1
582,122,11,3,2,9111,9700,0.0,4.0,7,1,1.0,2,34,6,8,13,1,2,3,2,6.0,2019.0, ,5.0,Empleado_Informal,14.0,14.0,0.0,9,97,1
601,133,11,1,1,5211,4630,12.0,0.0,7,1,1.0,1,30,1,1,9, , ,0,,,,,,Empleado_Informal,0.0,13.5,-13.5,5,46,1
601,137,11,1,2,4214,6492,1.0,0.0,7,1,1.0,1,23,1,5,13, , , ,1,6.0,2021.0, ,3.0,Empleado_Informal,10.0,10.0,0.0,4,64,1
601,137,11,2,2,5131,5610,0.0,4.0,7,1,1.0,2,30,1,8,13,1,2,3,1,3.0,2021.0, ,3.0,Empleado_Informal,14.0,14.0,0.0,5,56,1
601,140,11,1,2,9533,4799,0.0,1.0, ,1,1.0,2,31,1,10,13,1,2,3,2,8.0,2018.0,0,6.0,Empleado_Informal,16.0,16.0,0.0,9,47,1
601,140,11,2,2,4110,4630,3.0,5.0,2,1,2.0,1,37,1,5,13, , , ,2,4.0,2018.0, ,6.0,Empleado_Formal,10.0,10.0,0.0,4,46,1
601,140,11,5,2,,,0.0,0.0, ,3,,2,52,6,6,13, , , ,2,8.0,2018.0, ,6.0,Desempleado,11.0,11.0,0.0,,,0
611,137,11,1,2,2359,8549,3.0,0.0, ,1,1.0,2,56,2,10,13,2, ,3,2,2.0,2020.0,0,4.0,Empleado_Informal,16.0,16.0,0.0,2,85,1
611,137,11,2,2,9313,4100,3.0,0.0,7,1,1.0,1,45,2,5,13, , , ,2,5.0,2020.0,0,4.0,Empleado_Informal,10.0,10.0,0.0,9,41,1
611,142,11,1,2,9321,1030,0.0,7.0,2,1,1.0,1,63,2,10,13,1,2,3,2,7.0,2019.0, ,5.0,Empleado_Informal,16.0,16.0,0.0,9,10,1
611,142,11,2,2,9411,5630,0.0,3.0, ,1,1.0,2,62,2,10,13,1,2,3,2,6.0,2019.0,1,5.0,Empleado_Informal,16.0,16.0,0.0,9,56,1
611,142,11,3,2,4222,8220,0.0,5.0,2,1,2.0,2,25,6,9,9, , ,3,2,6.0,2019.0, ,5.0,Empleado_Formal,13.5,13.5,0.0,4,82,1
611,150,11,1,2,5212,4721,4.0,0.0,7,1,1.0,2,39,1,6,13, , , ,2,5.0,2018.0,1,6.0,Empleado_Informal,11.0,11.0,0.0,5,47,1
611,150,11,2,2,8322,4721,6.0,0.0,2,1,2.0,1,37,1,6,13, , , ,2,9.0,2017.0,0,7.0,Empleado_Formal,11.0,11.0,0.0,8,47,1
621,149,11,1,2,5131,5610,6.0,0.0,7,1,1.0,2,36,6,5,13, , , ,2,6.0,2018.0, ,6.0,Empleado_Informal,10.0,10.0,0.0,5,56,1
621,151,11,1,2,4214,6492,0.0,4.0,7,1,1.0,1,27,6,3,13, , , ,9,4.0,2024.0, ,0.0,Empleado_Informal,4.5,4.5,0.0,4,64,1
621,151,11,2,2,4214,6492,0.0,4.0,7,1,1.0,1,19,6,5,13, , , ,9,5.0,2024.0, ,0.0,Empleado_Informal,10.0,10.0,0.0,4,64,1
621,160,11,1,2,5131,5610,0.0,7.0,7,1,1.0,2,25,6,6,13, , , ,1,1.0,2023.0,1,1.0,Empleado_Informal,11.0,11.0,0.0,5,56,1
630,149,11,1,2,5131,5630,0.0,2.0,7,1,1.0,2,22,6,5,13, , , ,9,4.0,2021.0,0,3.0,Empleado_Informal,10.0,10.0,0.0,5,56,1
630,150,11,1,2,9313,4100,0.0,8.0,7,1,1.0,1,29,1,5,13, , , ,9,8.0,2022.0, ,2.0,Empleado_Informal,10.0,10.0,0.0,9,41,1
630,152,11,1,1,7231,4520,5.0,8.0,5,1,1.0,1,28,1,9,13, , ,3,,,,,,Empleado_Informal,13.5,13.5,0.0,7,45,1
630,152,11,2,2,,,0.0,0.0, ,2,,2,34,1,10,13,1,1,3,2,3.0,2019.0,0,5.0,Desempleado,16.0,16.0,0.0,,,0
659,172,11,1,2,5142,9602,3.0,0.0, ,1,1.0,2,34,6,5,13, , , ,2,9.0,2020.0, ,4.0,Empleado_Informal,10.0,10.0,0.0,5,96,1
659,172,11,3,2,5142,9602,2.0,0.0, ,1,1.0,2,30,6,6,13, , , ,2,9.0,2020.0,0,4.0,Empleado_Informal,11.0,11.0,0.0,5,96,1
659,172,11,7,2,,,0.0,0.0, ,3,,2,55,5,4,13, , , ,2,12.0,2020.0, ,4.0,Desempleado,9.0,9.0,0.0,,,0
659,172,11,8,2,5322,9609,1.0,0.0,7,1,1.0,2,18,6,5,5, , , ,1,6.0,2023.0, ,1.0,Empleado_Informal,10.0,8.5,1.5,5,96,1
659,173,11,1,2,8332,4923,0.0,8.0,7,1,1.0,1,51,1,5,13, , , ,2,11.0,2021.0, ,3.0,Empleado_Informal,10.0,10.0,0.0,8,49,1
659,173,11,2,2,5213,4781,0.0,1.0, ,1,1.0,2,54,1,8,13,1,2,3,2,2.0,2020.0, ,4.0,Empleado_Informal,14.0,14.0,0.0,5,47,1
659,173,11,4,2,5213,4781,0.0,1.0, ,1,1.0,2,21,6,6,13, , , ,2,1.0,2022.0, ,2.0,Empleado_Informal,11.0,11.0,0.0,5,47,1
659,174,11,1,2,3132,5610,4.0,0.0,2,1,2.0,2,32,5,10,13,1,2,3,2,2.0,2018.0, ,6.0,Empleado_Formal,16.0,16.0,0.0,3,56,1
669,176,11,1,2,9512,4799,3.0,0.0, ,1,1.0,2,47,6,6,13, , , ,1,3.0,2019.0, ,5.0,Empleado_Informal,11.0,11.0,0.0,9,47,1
669,176,11,2,2,9511,4799,1.0,6.0, ,1,1.0,2,26,6,9,13, , ,3,2,7.0,2018.0, ,6.0,Empleado_Informal,13.5,13.5,0.0,9,47,1
669,176,11,4,2,9411,5610,1.0,6.0,7,1,1.0,2,24,1,6,13, , , ,1,2.0,2019.0, ,5.0,Empleado_Informal,11.0,11.0,0.0,9,56,1
669,176,11,5,2,9411,5610,1.0,6.0, ,1,1.0,1,31,1,9,13, , ,3,2,10.0,2018.0, ,6.0,Empleado_Informal,13.5,13.5,0.0,9,56,1
669,177,11,1,2,3124,6492,2.0,2.0,7,1,1.0,1,30,6,8,13,1,2,3,2,12.0,2020.0, ,4.0,Empleado_Informal,14.0,14.0,0.0,3,64,1
669,177,11,2,2,4214,6492,1.0,9.0,7,1,1.0,1,19,6,6,13, , , ,1,1.0,2023.0, ,1.0,Empleado_Informal,11.0,11.0,0.0,4,64,1
669,177,11,3,2,4214,6492,0.0,6.0,7,1,1.0,1,20,6,6,13, , , ,9,4.0,2024.0, ,0.0,Empleado_Informal,11.0,11.0,0.0,4,64,1
669,187,11,1,2,9629,5610,0.0,7.0,7,1,1.0,2,28,6,9,13, , ,3,2,6.0,2021.0, ,3.0,Empleado_Informal,13.5,13.5,0.0,9,56,1
669,187,11,2,2,5131,5610,0.0,1.0,7,1,1.0,2,24,6,6,13, , , ,1,12.0,2022.0, ,2.0,Empleado_Informal,11.0,11.0,0.0,5,56,1
688,191,11,1,2,9411,5630,3.0,0.0, ,1,1.0,2,35,5,6,13, , , ,2,2.0,2019.0, ,5.0,Empleado_Informal,11.0,11.0,0.0,9,56,1
688,192,11,1,2,9411,5610,0.0,2.0, ,1,1.0,2,38,6,6,13, , , ,1,7.0,2024.0, ,0.0,Empleado_Informal,11.0,11.0,0.0,9,56,1
688,198,11,1,2,9313,4100,4.0,0.0,7,1,1.0,1,54,1,6,13, , , ,2,12.0,2020.0,0,4.0,Empleado_Informal,11.0,11.0,0.0,9,41,1
688,198,11,2,2,7513,1071,0.0,6.0, ,1,1.0,2,48,1,9,13, , ,3,2,12.0,2020.0,0,4.0,Empleado_Informal,13.5,13.5,0.0,7,10,1
688,198,11,3,2,9412,5610,0.0,6.0,7,1,1.0,2,18,6,5,6, , ,1,2,12.0,2020.0,0,4.0,Empleado_Informal,10.0,11.0,-1.0,9,56,1
717,207,11,1,2,5131,5610,3.0,0.0,7,1,1.0,2,47,1,6,13, , , ,2,10.0,2020.0,0,4.0,Empleado_Informal,11.0,11.0,0.0,5,56,1
717,207,11,2,2,9411,5610,0.0,1.0, ,1,1.0,1,48,1,6,13, , , ,2,10.0,2020.0, ,4.0,Empleado_Informal,11.0,11.0,0.0,9,56,1
717,207,11,4,2,5212,4721,1.0,0.0, ,1,1.0,2,67,5,4,13, , , ,1,6.0,2021.0, ,3.0,Empleado_Informal,9.0,9.0,0.0,5,47,1
717,207,11,5,2,8321,4922,0.0,8.0, ,1,1.0,1,49,6,5,13, , , ,2,9.0,2020.0, ,4.0,Empleado_Informal,10.0,10.0,0.0,8,49,1
717,218,11,1,2,8321,4922,1.0,0.0, ,1,1.0,1,26,1,5,13, , , ,2,8.0,2018.0, ,6.0,Empleado_Informal,10.0,10.0,0.0,8,49,1
717,218,11,2,2,,,0.0,0.0, ,2,,2,22,1,5,13, , , ,2,2.0,2019.0, ,5.0,Desempleado,10.0,10.0,0.0,,,0
717,221,11,1,2,8321,4922,1.0,5.0, ,1,1.0,1,25,1,5,13, , , ,1,2.0,2022.0, ,2.0,Empleado_Informal,10.0,10.0,0.0,8,49,1
717,221,11,2,2,,,0.0,0.0, ,2,,2,18,1,4,13, , , ,1,2.0,2019.0, ,5.0,Desempleado,9.0,9.0,0.0,,,0
727,212,11,1,2,9412,5610,2.0,0.0,7,1,1.0,1,32,6,6,13, , , ,2,10.0,2018.0, ,6.0,Empleado_Informal,11.0,11.0,0.0,9,56,1
727,220,11,1,2,,,0.0,0.0, ,2,,2,28,1,8,13,1,2,3,2,3.0,2021.0, ,3.0,Desempleado,14.0,14.0,0.0,,,0
727,220,11,2,2,4321,4781,2.0,0.0,7,1,1.0,1,24,1,3,13, , , ,2,3.0,2021.0, ,3.0,Empleado_Informal,4.5,4.5,0.0,4,47,1
727,224,11,1,2,5120,5610,7.0,0.0,5,1,1.0,1,38,6,9,13, , ,3,2,1.0,2019.0, ,5.0,Empleado_Informal,13.5,13.5,0.0,5,56,1
737,218,11,1,2,9411,5610,0.0,4.0, ,1,1.0,1,46,1,5,13, , , ,2,11.0,2019.0, ,5.0,Empleado_Informal,10.0,10.0,0.0,9,56,1
737,218,11,2,2,9512,4799,0.0,4.0,7,1,1.0,2,39,1,4,13, , , ,2,12.0,2019.0, ,5.0,Empleado_Informal,9.0,9.0,0.0,9,47,1
737,220,11,1,2,5120,5630,5.0,0.0, ,1,1.0,1,53,2,10,13,1,2,3,2,6.0,2018.0, ,6.0,Empleado_Informal,16.0,16.0,0.0,5,56,1
737,220,11,2,2,9411,5630,7.0,0.0, ,1,1.0,2,42,2,5,13, , , ,2,3.0,2018.0,1,6.0,Empleado_Informal,10.0,10.0,0.0,9,56,1
737,220,11,6,2,5212,4721,3.0,0.0,7,1,1.0,1,65,2,3,13, , , ,2,6.0,2018.0,0,6.0,Empleado_Informal,4.5,4.5,0.0,5,47,1
737,221,11,1,2,9629,4630,4.0,0.0,7,1,1.0,2,53,6,4,13, , , ,1,2.0,2020.0, ,4.0,Empleado_Informal,9.0,9.0,0.0,9,46,1
737,221,11,2,2,9622,4781,0.0,8.0,7,1,1.0,1,27,6,4,13, , , ,1,3.0,2023.0, ,1.0,Empleado_Informal,9.0,9.0,0.0,9,47,1
737,221,11,3,2,9512,4799,0.0,1.0, ,1,1.0,2,25,6,5,13, , , ,1,8.0,2023.0, ,1.0,Empleado_Informal,10.0,10.0,0.0,9,47,1
737,221,11,4,2,9629,4782,2.0,0.0,7,1,1.0,1,16,6,5,13, , , ,1,3.0,2023.0,1,1.0,Empleado_Informal,10.0,10.0,0.0,9,47,1
747,233,11,1,2,9411,5610,0.0,5.0, ,1,1.0,2,37,6,9,13, , ,3,2,1.0,2019.0, ,5.0,Empleado_Informal,13.5,13.5,0.0,9,56,1
747,236,11,1,2,3314,4773,6.0,0.0,2,1,2.0,1,34,1,10,13,1,2,3,2,5.0,2018.0, ,6.0,Empleado_Formal,16.0,16.0,0.0,3,47,1
747,237,11,1,2,4321,4773,0.0,7.0,7,1,1.0,1,23,6,6,13, , , ,9,2.0,2024.0, ,0.0,Empleado_Informal,11.0,11.0,0.0,4,47,1
756,232,11,1,2,9629,4752,0.0,5.0,7,1,1.0,1,29,1,10,13,1,1,3,2,8.0,2019.0, ,5.0,Empleado_Informal,16.0,16.0,0.0,9,47,1
756,232,11,2,2,4419,4752,3.0,0.0,7,1,1.0,2,28,1,10,13,1,1,3,2,6.0,2019.0, ,5.0,Empleado_Informal,16.0,16.0,0.0,4,47,1
756,232,11,4,2,5120,5610,3.0,0.0,7,1,1.0,1,23,6,6,13, , , ,1,7.0,2021.0, ,3.0,Empleado_Informal,11.0,11.0,0.0,5,56,1
756,234,11,1,2,5212,4752,3.0,0.0,7,1,1.0,1,27,6,6,13, , , ,2,2.0,2018.0, ,6.0,Empleado_Informal,11.0,11.0,0.0,5,47,1
756,235,11,1,2,9412,5610,4.0,0.0,7,1,1.0,2,31,6,10,13,1,1,3,2,4.0,2019.0, ,5.0,Empleado_Informal,16.0,16.0,0.0,9,56,1
766,250,12,1,2,5131,5610,1.0,6.0,7,1,1.0,1,26,1,6,13, , , ,1,3.0,2023.0,1,1.0,Empleado_Informal,11.0,11.0,0.0,5,56,1
766,250,12,2,2,5131,5610,1.0,6.0,7,1,1.0,2,30,1,6,13, , , ,1,3.0,2023.0,1,1.0,Empleado_Informal,11.0,11.0,0.0,5,56,1
766,250,22,1,2,7421,9329,1.0,2.0,7,1,1.0,1,26,6,6,13, , , ,1,6.0,2019.0, ,5.0,Empleado_Informal,11.0,11.0,0.0,7,93,1
766,253,11,1,2,5120,5610,7.0,6.0,7,1,1.0,2,47,1,6,13, , , ,2,12.0,2020.0, ,4.0,Empleado_Informal,11.0,11.0,0.0,5,56,1
766,253,11,2,2,9411,5610,2.0,1.0, ,1,1.0,1,48,1,6,13, , , ,2,3.0,2021.0, ,3.0,Empleado_Informal,11.0,11.0,0.0,9,56,1
766,253,11,4,2,5212,4721,0.0,8.0, ,1,1.0,2,67,6,4,13, , , ,2,6.0,2021.0, ,3.0,Empleado_Informal,9.0,9.0,0.0,5,47,1
766,253,11,5,2,9333,4923,0.0,1.0,7,1,1.0,1,48,6,5,13, , , ,2,3.0,2020.0,1,4.0,Empleado_Informal,10.0,10.0,0.0,9,49,1
766,260,11,1,2,9333,5224,4.0,0.0, ,1,1.0,1,27,2,6,13, , , ,2,11.0,2020.0,1,4.0,Empleado_Informal,11.0,11.0,0.0,9,52,1
805,260,11,1,2,9411,5610,1.0,5.0, ,1,1.0,2,47,6,10,13,1,2,3,2,4.0,2019.0, ,5.0,Empleado_Informal,16.0,16.0,0.0,9,56,1
805,260,11,2,2,9511,4799,1.0,0.0, ,1,1.0,1,30,6,5,13, , , ,9,9.0,2023.0,1,1.0,Empleado_Informal,10.0,10.0,0.0,9,47,1
805,262,11,1,2,9629,5610,0.0,2.0,7,1,1.0,2,34,5,6,13, , , ,1,5.0,2019.0, ,5.0,Empleado_Informal,11.0,11.0,0.0,9,56,1
805,263,11,1,2,7128,4100,6.0,0.0,7,1,1.0,1,42,6,5,13, , , ,2,10.0,2018.0,0,6.0,Empleado_Informal,10.0,10.0,0.0,7,41,1
814,275,11,1,2,9511,4799,0.0,8.0, ,1,1.0,2,18,1,5,13, , , ,9,9.0,2022.0, ,2.0,Empleado_Informal,10.0,10.0,0.0,9,47,1
814,275,11,2,2,9511,4799,0.0,8.0, ,1,1.0,1,30,1,6,13, , , ,9,11.0,2018.0, ,6.0,Empleado_Informal,11.0,11.0,0.0,9,47,1
814,279,11,1,2,7399,3212,0.0,2.0, ,1,1.0,2,29,2,9,13, , ,3,2,1.0,2020.0,0,4.0,Empleado_Informal,13.5,13.5,0.0,7,32,1
814,279,11,2,2,9622,8010,4.0,0.0,7,1,1.0,1,36,2,5,13, , , ,2,1.0,2020.0,1,4.0,Empleado_Informal,10.0,10.0,0.0,9,80,1
814,279,11,7,2,5213,4781,3.0,0.0,7,1,1.0,2,48,5,6,13, , , ,2,1.0,2020.0, ,4.0,Empleado_Informal,11.0,11.0,0.0,5,47,1
824,273,11,1,1,2132,7490,6.0,0.0, ,1,2.0,1,58,1,1,10, , ,0,,,,,,Empleado_Formal,0.0,16.0,-16.0,2,74,1
824,273,11,2,2,7513,1071,3.0,0.0, ,1,1.0,2,42,1,10,13,1,1,3,2,3.0,2019.0, ,5.0,Empleado_Informal,16.0,16.0,0.0,7,10,1
824,273,11,3,2,5142,9602,2.0,0.0, ,1,1.0,2,17,6,6,13, , , ,2,3.0,2021.0, ,3.0,Empleado_Informal,11.0,11.0,0.0,5,96,1
824,273,11,4,2,9313,4100,3.0,0.0,2,1,1.0,1,31,6,9,13, , ,3,2,4.0,2019.0, ,5.0,Empleado_Informal,13.5,13.5,0.0,9,41,1
824,275,11,1,2,8321,4922,2.0,0.0, ,1,1.0,1,36,1,6,13, , , ,2,6.0,2018.0, ,6.0,Empleado_Informal,11.0,11.0,0.0,8,49,1
824,275,11,2,2,5131,5610,1.0,0.0,7,1,1.0,2,35,1,6,13, , , ,2,6.0,2019.0, ,5.0,Empleado_Informal,11.0,11.0,0.0,5,56,1
824,275,11,6,2,9412,5610,2.0,0.0,7,1,1.0,1,19,6,6,13, , , ,1,10.0,2022.0, ,2.0,Empleado_Informal,11.0,11.0,0.0,9,56,1
824,276,11,1,2,5211,4649,0.0,1.0,7,1,1.0,2,28,5,7,13, , ,3,2,11.0,2022.0,0,2.0,Empleado_Informal,12.5,12.5,0.0,5,46,1
940,355,11,2,1,8321,4922,9.0,5.0, ,1,1.0,1,34,1,1,6, , ,1,,,,,,Empleado_Informal,0.0,11.0,-11.0,8,49,1
940,356,11,1,2,5131,5630,4.0,0.0,7,1,1.0,2,28,1,5,13, , , ,1,3.0,2019.0,1,5.0,Empleado_Informal,10.0,10.0,0.0,5,56,1
940,356,11,2,2,4214,6492,1.0,0.0,7,1,1.0,1,29,1,6,13, , , ,9,8.0,2019.0, ,5.0,Empleado_Informal,11.0,11.0,0.0,4,64,1
940,360,11,1,2,,,0.0,0.0, ,2,,2,27,6,9,13, , ,3,2,2.0,2017.0, ,7.0,Desempleado,13.5,13.5,0.0,,,0
960,368,11,1,2,5120,5610,1.0,0.0, ,1,1.0,2,45,1,10,13,1,2,3,2,3.0,2019.0, ,5.0,Empleado_Informal,16.0,16.0,0.0,5,56,1
960,368,11,2,2,9622,5221,2.0,0.0,7,1,1.0,1,47,1,5,13, , , ,2,3.0,2019.0, ,5.0,Empleado_Informal,10.0,10.0,0.0,9,52,1
960,368,11,3,2,,,0.0,0.0, ,2,,1,21,6,5,6, , ,1,2,1.0,2019.0, ,5.0,Desempleado,10.0,11.0,-1.0,,,0
960,373,11,1,2,5212,4741,0.0,5.0, ,1,2.0,2,22,1,5,13, , , ,2,6.0,2021.0,1,3.0,Empleado_Formal,10.0,10.0,0.0,5,47,1
960,373,11,2,1,5212,4741,9.0,0.0, ,1,2.0,1,31,1,1,10, , ,0,,,,,,Empleado_Formal,0.0,16.0,-16.0,5,47,1
960,374,11,2,2,5141,9602,2.0,0.0,7,1,1.0,2,27,6,10,13,1,2,3,2,12.0,2022.0, ,2.0,Empleado_Informal,16.0,16.0,0.0,5,96,1
960,374,11,3,2,5141,9602,2.0,0.0,7,1,1.0,2,27,6,10,13,1,2,3,1,12.0,2022.0, ,2.0,Empleado_Informal,16.0,16.0,0.0,5,96,1
979,383,11,1,2,9112,311,3.0,11.0,7,1,1.0,1,27,6,4,13, , , ,2,1.0,2019.0, ,5.0,Empleado_Informal,9.0,9.0,0.0,9,03,1
979,386,11,1,2,7354,1410,25.0,0.0,7,1,1.0,1,37,1,5,13, , , ,1,4.0,2022.0, ,2.0,Empleado_Informal,10.0,10.0,0.0,7,14,1
979,386,11,2,2,,,0.0,0.0, ,3,,2,38,1,6,13, , , ,1,6.0,2021.0, ,3.0,Desempleado,11.0,11.0,0.0,,,0
979,386,11,3,2,,,0.0,0.0, ,2,,1,21,6,5,13, , , ,1,3.0,2022.0, ,2.0,Desempleado,10.0,10.0,0.0,,,0
989,387,11,1,2,7399,3240,2.0,0.0, ,1,1.0,2,52,1,6,13, , , ,2,6.0,2018.0, ,6.0,Empleado_Informal,11.0,11.0,0.0,7,32,1
989,387,11,2,2,7231,4520,40.0,0.0, ,1,2.0,1,60,1,5,13, , , ,2,6.0,2018.0, ,6.0,Empleado_Formal,10.0,10.0,0.0,7,45,1
989,387,11,3,2,5142,9602,6.0,4.0, ,1,1.0,2,21,6,5,6, , ,1,2,6.0,2018.0, ,6.0,Empleado_Informal,10.0,11.0,-1.0,5,96,1
989,388,11,1,2,5142,9602,9.0,0.0, ,1,2.0,2,37,1,6,13, , , ,2,6.0,2019.0,0,5.0,Empleado_Formal,11.0,11.0,0.0,5,96,1
989,388,11,2,2,7221,2511,12.0,0.0, ,1,1.0,1,32,1,6,13, , , ,2,6.0,2019.0, ,5.0,Empleado_Informal,11.0,11.0,0.0,7,25,1
989,390,11,1,2,,,0.0,0.0, ,2,,2,36,1,5,13, , , ,6,4.0,2022.0, ,2.0,Desempleado,10.0,10.0,0.0,,,0
989,390,11,2,2,8321,4922,2.0,0.0, ,1,1.0,1,35,1,6,13, , , ,2,1.0,2019.0, ,5.0,Empleado_Informal,11.0,11.0,0.0,8,49,1
1088,25,11,1,2,9612,3811,3.0,0.0,7,1,1.0,1,27,1,5,13, , , ,1,1.0,2021.0, ,3.0,Empleado_Informal,10.0,10.0,0.0,9,38,1
1088,26,11,1,2,9313,4100,0.0,2.0,7,1,1.0,1,46,1,4,13, , , ,9,11.0,2022.0, ,2.0,Empleado_Informal,9.0,9.0,0.0,9,41,1
1088,26,11,2,2,9629,9609,0.0,6.0, ,1,1.0,2,35,1,8,13,1,2,3,9,11.0,2022.0, ,2.0,Empleado_Informal,14.0,14.0,0.0,9,96,1
1088,27,11,1,2,7129,4520,0.0,3.0, ,1,1.0,1,28,1,5,13, , , ,2,5.0,2020.0,1,4.0,Empleado_Informal,10.0,10.0,0.0,7,45,1
1088,27,11,2,2,5120,5610,0.0,6.0,7,1,1.0,2,53,1,4,13, , , ,2,5.0,2020.0, ,4.0,Empleado_Informal,9.0,9.0,0.0,5,56,1
1101,14,11,1,2,8322,4921,0.0,1.0, ,1,1.0,1,28,1,5,13, , , ,1,2.0,2020.0, ,4.0,Empleado_Informal,10.0,10.0,0.0,8,49,1
1101,14,11,2,2,9111,9700,0.0,1.0,7,1,1.0,2,33,1,10,13,1,2,3,1,2.0,2021.0, ,3.0,Empleado_Informal,16.0,16.0,0.0,9,97,1
1101,14,11,6,2,9412,5610,0.0,2.0,7,1,1.0,1,24,6,6,13, , , ,1,2.0,2020.0, ,4.0,Empleado_Informal,11.0,11.0,0.0,9,56,1
1101,25,11,1,1,5212,4520,1.0,0.0,7,1,1.0,1,33,1,1,8, , ,0,,,,,,Empleado_Informal,0.0,14.0,-14.0,5,45,1
1101,25,11,2,2,3314,4520,0.0,2.0,7,1,1.0,2,29,1,10,13,2, ,3,2,12.0,2018.0, ,6.0,Empleado_Informal,16.0,16.0,0.0,3,45,1
1101,31,11,1,2,3322,2750,1.0,0.0,7,1,1.0,2,33,5,6,13, , , ,2,1.0,2021.0,0,3.0,Empleado_Informal,11.0,11.0,0.0,3,27,1
1153,37,11,1,2,7354,1410,0.0,1.0,7,1,1.0,2,53,2,6,13, , , ,2,7.0,2019.0,1,5.0,Empleado_Informal,11.0,11.0,0.0,7,14,1
1153,37,11,2,2,9313,4100,1.0,0.0,7,1,1.0,1,46,2,5,13, , , ,2,7.0,2022.0, ,2.0,Empleado_Informal,10.0,10.0,0.0,9,41,1
1153,37,11,3,2,2166,1410,0.0,1.0,7,1,1.0,2,24,1,6,13, , , ,1,12.0,2018.0, ,6.0,Empleado_Informal,11.0,11.0,0.0,2,14,1
1153,37,11,4,2,8322,4922,6.0,0.0, ,1,1.0,1,32,1,6,13, , , ,2,8.0,2019.0, ,5.0,Empleado_Informal,11.0,11.0,0.0,8,49,1
1153,39,11,1,2,5141,9602,2.0,0.0,7,1,1.0,1,30,1,6,13, , , ,2,3.0,2022.0, ,2.0,Empleado_Informal,11.0,11.0,0.0,5,96,1
1153,39,11,2,2,5230,5630,0.0,1.0,7,1,1.0,2,25,1,9,13, , ,3,1,4.0,2022.0, ,2.0,Empleado_Informal,13.5,13.5,0.0,5,56,1
1153,41,11,1,2,9411,5610,3.0,4.0, ,1,1.0,2,32,6,9,13, , ,3,2,10.0,2018.0,1,6.0,Empleado_Informal,13.5,13.5,0.0,9,56,1
1153,41,11,4,2,9511,4799,0.0,9.0, ,1,1.0,2,27,6,6,13, , , ,1,8.0,2023.0,0,1.0,Empleado_Informal,11.0,11.0,0.0,9,47,1
1166,43,11,1,2,8322,4923,2.0,0.0,2,1,2.0,1,35,1,1,13, , , ,3,9.0,2020.0, ,4.0,Empleado_Formal,0.0,0.0,0.0,8,49,1
1166,43,11,2,2,9112,9329,0.0,3.0,7,1,1.0,2,35,1,6,13, , , ,2,9.0,2018.0, ,6.0,Empleado_Informal,11.0,11.0,0.0,9,93,1
1166,43,11,4,2,5120,5610,1.0,0.0,7,1,1.0,1,28,1,6,13, , , ,2,5.0,2019.0, ,5.0,Empleado_Informal,11.0,11.0,0.0,5,56,1
1166,43,11,5,1,5120,5610,1.0,0.0,7,1,1.0,2,33,1,1,9, , ,0,,,,,,Empleado_Informal,0.0,13.5,-13.5,5,56,1
1166,44,11,1,2,5131,9329,0.0,4.0,7,1,1.0,2,21,6,6,13, , , ,2,9.0,2022.0, ,2.0,Empleado_Informal,11.0,11.0,0.0,5,93,1
1166,45,11,1,2,,,0.0,0.0, ,2,,2,60,3,11,13,1,2,3,2,4.0,2019.0, ,5.0,Desempleado,18.0,18.0,0.0,,,0
1166,45,11,2,2,5213,4789,0.0,6.0, ,1,1.0,1,29,6,9,13, , ,3,2,9.0,2018.0, ,6.0,Empleado_Informal,13.5,13.5,0.0,5,47,1
1206,61,11,1,2,7513,1071,0.0,7.0, ,1,2.0,2,51,5,6,13, , , ,2,12.0,2019.0, ,5.0,Empleado_Formal,11.0,11.0,0.0,7,10,1
1206,61,11,2,2,9313,4100,4.0,0.0,7,1,1.0,1,28,1,5,13, , , ,2,5.0,2021.0, ,3.0,Empleado_Informal,10.0,10.0,0.0,9,41,1
1206,61,11,3,2,7513,1071,0.0,6.0, ,1,2.0,2,32,1,9,13, , ,3,2,5.0,2021.0, ,3.0,Empleado_Formal,13.5,13.5,0.0,7,10,1
1206,62,11,1,2,7214,2592,4.0,0.0,7,1,1.0,1,45,1,5,13, , , ,2,4.0,2019.0, ,5.0,Empleado_Informal,10.0,10.0,0.0,7,25,1
1206,62,11,2,2,7513,1071,2.0,0.0, ,1,2.0,2,40,1,5,13, , , ,2,2.0,2019.0,1,5.0,Empleado_Formal,10.0,10.0,0.0,7,10,1
1206,63,11,1,2,9535,4799,4.0,0.0, ,1,1.0,1,31,1,6,13, , , ,2,1.0,2020.0,0,4.0,Empleado_Informal,11.0,11.0,0.0,9,47,1
1206,63,11,2,2,9535,4799,4.0,0.0, ,1,2.0,2,30,1,5,13, , , ,2,1.0,2020.0,1,4.0,Empleado_Formal,10.0,10.0,0.0,9,47,1
1219,71,11,1,2,,,0.0,0.0, ,2,,2,30,5,6,13, , , ,2,2.0,2019.0, ,5.0,Desempleado,11.0,11.0,0.0,,,0
1219,72,11,1,2,9122,4520,0.0,3.0,7,1,1.0,1,22,1,4,13, , , ,1,9.0,2021.0, ,3.0,Empleado_Informal,9.0,9.0,0.0,9,45,1
1219,78,11,1,2,5131,5630,0.0,9.0,7,1,1.0,2,22,6,5,13, , , ,2,2.0,2021.0,0,3.0,Empleado_Informal,10.0,10.0,0.0,5,56,1
1232,73,11,1,2,9621,4923,1.0,2.0,2,1,2.0,1,38,1,5,13, , , ,4,3.0,2018.0,1,6.0,Empleado_Formal,10.0,10.0,0.0,9,49,1
1232,73,11,2,2,9112,8121,0.0,5.0,7,1,1.0,2,46,1,8,13,1,2,3,2,2.0,2019.0,0,5.0,Empleado_Informal,14.0,14.0,0.0,9,81,1
1232,73,11,6,1,9511,4799,2.0,4.0,7,1,1.0,1,71,2,8,9, , ,3,,,,,,Empleado_Informal,14.0,13.5,0.5,9,47,1
1232,75,11,1,2,,,0.0,0.0, ,2,,2,48,1,5,13, , , ,2,3.0,2024.0, ,0.0,Desempleado,10.0,10.0,0.0,,,0
1232,75,11,2,2,9313,4100,1.0,2.0,7,1,1.0,1,36,1,5,13, , , ,1,10.0,2023.0, ,1.0,Empleado_Informal,10.0,10.0,0.0,9,41,1
1232,75,11,3,2,9122,4520,0.0,2.0,7,1,1.0,1,15,6,3,13, , , ,2,4.0,2024.0, ,0.0,Empleado_Informal,4.5,4.5,0.0,9,45,1
1232,76,11,1,2,4214,6492,0.0,3.0,7,1,1.0,1,30,1,7,13, , ,3,2,5.0,2019.0,0,5.0,Empleado_Informal,12.5,12.5,0.0,4,64,1
1232,76,11,2,2,5212,4771,0.0,2.0, ,1,1.0,2,29,1,7,13, , ,3,2,5.0,2019.0, ,5.0,Empleado_Informal,12.5,12.5,0.0,5,47,1
1245,79,11,1,2,9511,4799,0.0,7.0, ,1,1.0,2,22,1,6,13, , , ,2,2.0,2021.0, ,3.0,Empleado_Informal,11.0,11.0,0.0,9,47,1
1245,79,11,2,2,9622,5630,0.0,3.0,7,1,1.0,1,25,1,5,13, , , ,2,10.0,2020.0, ,4.0,Empleado_Informal,10.0,10.0,0.0,9,56,1
1245,80,11,1,2,7123,4330,2.0,0.0,7,1,1.0,1,36,2,6,13, , , ,2,5.0,2019.0, ,5.0,Empleado_Informal,11.0,11.0,0.0,7,43,1
1245,81,11,1,2,5212,4773,1.0,0.0,7,1,1.0,2,19,6,3,13, , , ,1,3.0,2023.0,1,1.0,Empleado_Informal,4.5,4.5,0.0,5,47,1
1258,100,11,1,2,3255,8690,3.0,9.0,7,1,1.0,2,31,6,5,13, , , ,2,3.0,2020.0, ,4.0,Empleado_Informal,10.0,10.0,0.0,3,86,1
1258,100,11,3,2,5212,4772,1.0,8.0,7,1,1.0,2,34,6,10,13,1,2,3,2,8.0,2018.0, ,6.0,Empleado_Informal,16.0,16.0,0.0,5,47,1
1258,100,11,4,2,5212,4772,1.0,6.0,7,1,1.0,2,28,6,8,13,1,2,3,1,2.0,2022.0, ,2.0,Empleado_Informal,14.0,14.0,0.0,5,47,1
1258,110,11,1,1,5412,8411,0.0,4.0,5,1,1.0,2,48,1,6,7, , ,2,,,,,,Empleado_Informal,11.0,12.5,-1.5,5,84,1
1258,110,11,2,2,,,0.0,0.0, ,2,,1,51,1,10,13,1,2,3,2,6.0,2019.0, ,5.0,Desempleado,16.0,16.0,0.0,,,0
1258,117,11,1,2,9629,9609,0.0,9.0, ,1,1.0,2,39,5,10,13,1,1,3,2,7.0,2019.0,1,5.0,Empleado_Informal,16.0,16.0,0.0,9,96,1
1258,117,11,2,2,,,0.0,0.0, ,2,,1,18,6,4,5, , , ,2,7.0,2019.0,0,5.0,Desempleado,9.0,8.5,0.5,,,0
1271,95,11,1,2,2144,6201,1.0,0.0,2,1,2.0,1,27,6,6,10, , ,0,4,4.0,2014.0,0,10.0,Empleado_Formal,11.0,16.0,-5.0,2,62,1
1271,95,11,2,2,,,0.0,0.0, ,2,,1,19,6,3,6, , ,1,4,4.0,2014.0, ,10.0,Desempleado,4.5,11.0,-6.5,,,0
1271,98,11,1,2,9411,5610,2.0,0.0, ,1,1.0,2,54,2,6,13, , , ,1,12.0,2017.0, ,7.0,Empleado_Informal,11.0,11.0,0.0,9,56,1
1271,98,11,2,2,7421,9512,1.0,0.0, ,1,2.0,1,53,2,8,13,1,2,3,9,12.0,2017.0, ,7.0,Empleado_Formal,14.0,14.0,0.0,7,95,1
1271,98,11,3,2,5213,4789,0.0,11.0, ,1,2.0,1,24,6,9,13, , ,3,2,12.0,2017.0, ,7.0,Empleado_Formal,13.5,13.5,0.0,5,47,1
1271,98,11,5,2,7421,9512,1.0,0.0, ,1,1.0,1,33,5,8,13,1,2,3,1,12.0,2017.0, ,7.0,Empleado_Informal,14.0,14.0,0.0,7,95,1
1271,103,11,1,2,3322,4510,0.0,5.0,2,1,2.0,1,37,1,6,13, , , ,2,4.0,2018.0,1,6.0,Empleado_Formal,11.0,11.0,0.0,3,45,1
1271,103,11,2,2,,,0.0,0.0, ,2,,2,33,1,8,13,1,2,3,2,4.0,2018.0,0,6.0,Desempleado,14.0,14.0,0.0,,,0
1271,103,11,5,2,5120,5610,1.0,0.0,7,1,1.0,1,59,6,10,13,1,1,3,2,2.0,2021.0, ,3.0,Empleado_Informal,16.0,16.0,0.0,5,56,1
1284,116,11,1,2,5131,5610,2.0,6.0,2,1,1.0,2,30,6,6,13, , , ,2,10.0,2018.0, ,6.0,Empleado_Informal,11.0,11.0,0.0,5,56,1
1284,117,11,1,2,2330,8521,1.0,6.0,2,1,1.0,1,38,6,10,13,1,2,3,2,8.0,2019.0, ,5.0,Empleado_Informal,16.0,16.0,0.0,2,85,1
1284,128,11,1,2,9411,5610,6.0,0.0, ,1,1.0,1,40,2,6,13, , , ,2,3.0,2018.0,0,6.0,Empleado_Informal,11.0,11.0,0.0,9,56,1
1284,128,11,2,2,9411,5610,3.0,0.0,7,1,1.0,2,41,2,10,13,1,2,3,2,11.0,2021.0, ,3.0,Empleado_Informal,16.0,16.0,0.0,9,56,1
1310,122,11,1,2,9512,4799,1.0,0.0, ,1,2.0,1,34,1,6,13, , , ,2,9.0,2017.0, ,7.0,Empleado_Formal,11.0,11.0,0.0,9,47,1
1310,122,11,2,2,,,0.0,0.0, ,2,,2,37,1,10,13,2, ,3,2,10.0,2017.0, ,7.0,Desempleado,16.0,16.0,0.0,,,0
1310,122,11,3,2,,,0.0,0.0, ,2,,1,71,2,6,13, , , ,2,9.0,2018.0,1,6.0,Desempleado,11.0,11.0,0.0,,,0
1310,127,11,1,2,9329,1061,6.0,0.0,7,1,1.0,1,46,1,6,13, , , ,1,8.0,2018.0, ,6.0,Empleado_Informal,11.0,11.0,0.0,9,10,1
1310,127,11,2,1,9111,9700,1.0,6.0,7,1,1.0,2,48,1,1,5, , , ,,,,,,Empleado_Informal,0.0,8.5,-8.5,9,97,1
1310,129,11,1,2,7411,4321,6.0,0.0, ,1,2.0,1,59,2,8,13,1,2,3,2,3.0,2018.0,1,6.0,Empleado_Formal,14.0,14.0,0.0,7,43,1
1310,129,11,2,2,2342,8510,0.0,3.0,7,1,1.0,2,52,2,10,13,1,1,3,2,10.0,2018.0, ,6.0,Empleado_Informal,16.0,16.0,0.0,2,85,1
1323,124,11,1,2,5120,5610,1.0,0.0,7,1,1.0,2,44,1,5,13, , , ,2,6.0,2018.0, ,6.0,Empleado_Informal,10.0,10.0,0.0,5,56,1
1323,124,11,2,2,8331,4921,6.0,0.0, ,1,1.0,1,54,1,5,13, , , ,2,7.0,2018.0, ,6.0,Empleado_Informal,10.0,10.0,0.0,8,49,1
1323,125,11,1,2,9411,5610,3.0,0.0, ,1,1.0,2,36,6,6,13, , , ,2,2.0,2020.0, ,4.0,Empleado_Informal,11.0,11.0,0.0,9,56,1
1323,138,11,1,2,8331,4921,3.0,6.0, ,1,1.0,1,53,1,5,13, , , ,1,5.0,2018.0,1,6.0,Empleado_Informal,10.0,10.0,0.0,8,49,1
1323,138,11,2,2,5131,5610,0.0,9.0,7,1,1.0,2,43,1,6,13, , , ,1,8.0,2021.0,0,3.0,Empleado_Informal,11.0,11.0,0.0,5,56,1
1336,150,11,1,2,7322,3100,3.0,0.0, ,1,1.0,1,29,1,9,13, , ,3,4,11.0,2016.0, ,8.0,Empleado_Informal,13.5,13.5,0.0,7,31,1
1336,150,11,2,1,9629,7810,5.0,0.0, ,1,1.0,2,27,1,1,9, , ,0,,,,,,Empleado_Informal,0.0,13.5,-13.5,9,78,1
1336,152,11,1,2,5212,4771,0.0,4.0,7,1,1.0,2,22,6,5,13, , , ,9,3.0,2021.0, ,3.0,Empleado_Informal,10.0,10.0,0.0,5,47,1
1336,159,11,1,2,5142,9602,5.0,0.0, ,1,1.0,2,29,5,10,13,1,2,3,1,10.0,2017.0,1,7.0,Empleado_Informal,16.0,16.0,0.0,5,96,1
1350,136,11,1,2,5120,5610,1.0,0.0,7,1,1.0,1,48,2,8,13,1,2,3,2,3.0,2015.0, ,9.0,Empleado_Informal,14.0,14.0,0.0,5,56,1
1350,137,11,1,2,7128,4330,0.0,1.0,7,1,1.0,1,53,2,6,13, , , ,2,10.0,2019.0,1,5.0,Empleado_Informal,11.0,11.0,0.0,7,43,1
1350,137,11,2,2,7513,1071,1.0,0.0, ,1,1.0,2,53,2,6,13, , , ,2,10.0,2019.0,1,5.0,Empleado_Informal,11.0,11.0,0.0,7,10,1
1350,137,11,3,2,9333,4663,0.0,3.0,7,1,1.0,1,17,6,4,5, , , ,1,10.0,2019.0,0,5.0,Empleado_Informal,9.0,8.5,0.5,9,46,1
1350,138,11,1,1,7231,4520,1.0,0.0, ,1,1.0,1,60,2,1,8, , ,0,,,,,,Empleado_Informal,0.0,14.0,-14.0,7,45,1
1350,138,11,3,2,9313,4100,1.0,0.0,7,1,1.0,1,19,6,6,13, , , ,4,8.0,2022.0, ,2.0,Empleado_Informal,11.0,11.0,0.0,9,41,1
1363,151,11,1,1,5212,4721,2.0,0.0,7,1,1.0,2,22,1,1,8, , ,0,,,,,,Empleado_Informal,0.0,14.0,-14.0,5,47,1
1363,151,11,2,2,9122,4520,2.0,0.0,2,1,1.0,1,23,1,6,13, , , ,2,11.0,2019.0, ,5.0,Empleado_Informal,11.0,11.0,0.0,9,45,1
1363,153,11,1,2,8322,4921,0.0,3.0, ,1,1.0,1,53,4,8,13,1,2,3,1,2.0,2018.0,1,6.0,Empleado_Informal,14.0,14.0,0.0,8,49,1
1363,155,11,1,2,8322,4921,3.0,0.0, ,1,1.0,1,61,2,10,13,1,2,3,2,12.0,2018.0, ,6.0,Empleado_Informal,16.0,16.0,0.0,8,49,1
1363,155,11,2,2,5131,5610,0.0,3.0,7,1,1.0,2,25,6,9,13, , ,3,2,7.0,2018.0, ,6.0,Empleado_Informal,13.5,13.5,0.0,5,56,1
1376,152,11,1,2,9521,4799,6.0,0.0,7,1,1.0,2,26,6,9,13, , ,3,2,5.0,2018.0, ,6.0,Empleado_Informal,13.5,13.5,0.0,9,47,1
1376,153,11,1,2,9313,4100,0.0,6.0,7,1,2.0,1,51,6,5,13, , , ,2,6.0,2021.0,1,3.0,Empleado_Formal,10.0,10.0,0.0,9,41,1
1376,154,11,1,2,9112,5510,0.0,3.0,7,1,1.0,2,51,4,10,13,1,2,3,2,2.0,2022.0, ,2.0,Empleado_Informal,16.0,16.0,0.0,9,55,1
1376,154,11,3,2,9313,4100,0.0,1.0,7,1,1.0,1,31,1,8,13,1,2,3,2,9.0,2021.0, ,3.0,Empleado_Informal,14.0,14.0,0.0,9,41,1
1376,154,11,4,2,5245,1071,1.0,0.0,7,1,1.0,2,26,1,8,13,1,2,3,2,9.0,2021.0, ,3.0,Empleado_Informal,14.0,14.0,0.0,5,10,1
1389,159,11,1,2,5212,4773,3.0,1.0, ,1,1.0,1,29,6,10,13,2, ,3,1,12.0,2018.0,0,6.0,Empleado_Informal,16.0,16.0,0.0,5,47,1
1389,169,11,1,2,5120,5610,5.0,0.0,5,1,1.0,2,56,1,11,13,1,2,3,2,9.0,2019.0, ,5.0,Empleado_Informal,18.0,18.0,0.0,5,56,1
1389,169,11,2,2,5212,4772,3.0,7.0,7,1,1.0,1,55,1,4,13, , , ,2,8.0,2019.0, ,5.0,Empleado_Informal,9.0,9.0,0.0,5,47,1
1389,169,11,4,2,9621,4772,0.0,11.0,7,1,1.0,1,27,2,9,13, , ,3,2,8.0,2019.0,0,5.0,Empleado_Informal,13.5,13.5,0.0,9,47,1
1389,169,11,5,2,,,0.0,0.0, ,2,,2,28,2,9,13, , ,3,9,2.0,2024.0, ,0.0,Desempleado,13.5,13.5,0.0,,,0
1389,172,11,1,2,3322,4741,0.0,3.0,7,1,1.0,2,42,1,10,13,1,2,3,2,7.0,2018.0,0,6.0,Empleado_Informal,16.0,16.0,0.0,3,47,1
1389,172,11,2,2,9211,125,3.0,8.0,2,1,2.0,1,33,1,6,13, , , ,2,7.0,2018.0, ,6.0,Empleado_Formal,11.0,11.0,0.0,9,01,1
1389,172,11,3,2,9211,125,3.0,2.0,2,1,2.0,1,22,6,4,6, , ,1,2,7.0,2018.0, ,6.0,Empleado_Formal,9.0,11.0,-2.0,9,01,1
1402,162,11,1,2,3322,4759,3.0,8.0,7,1,1.0,1,24,6,9,13, , ,3,2,10.0,2018.0, ,6.0,Empleado_Informal,13.5,13.5,0.0,3,47,1
1402,162,11,2,2,3322,4759,0.0,9.0,7,1,1.0,1,23,6,6,13, , , ,2,11.0,2020.0, ,4.0,Empleado_Informal,11.0,11.0,0.0,3,47,1
1402,167,11,1,2,9629,9609,0.0,5.0, ,1,1.0,2,29,1,6,13, , , ,2,8.0,2019.0, ,5.0,Empleado_Informal,11.0,11.0,0.0,9,96,1
1402,167,11,2,2,7119,4390,2.0,4.0,7,1,1.0,1,40,1,6,13, , , ,2,9.0,2021.0, ,3.0,Empleado_Informal,11.0,11.0,0.0,7,43,1
1402,170,11,1,2,9521,4799,4.0,3.0, ,1,1.0,2,35,1,6,13, , , ,2,2.0,2019.0, ,5.0,Empleado_Informal,11.0,11.0,0.0,9,47,1
1402,170,11,2,2,8331,4923,4.0,6.0, ,1,1.0,1,55,1,6,13, , , ,2,2.0,2019.0, ,5.0,Empleado_Informal,11.0,11.0,0.0,8,49,1
1402,170,11,3,2,5120,5610,0.0,5.0, ,1,1.0,2,17,6,4,5, , , ,2,8.0,2019.0, ,5.0,Empleado_Informal,9.0,8.5,0.5,5,56,1
1402,170,11,4,2,7128,4330,0.0,1.0, ,1,1.0,2,15,6,3,5, , , ,2,2.0,2019.0,0,5.0,Empleado_Informal,4.5,8.5,-4.0,7,43,1
1415,191,11,1,2,9122,4520,0.0,3.0,7,1,1.0,1,20,6,6,13, , , ,9,7.0,2023.0,0,1.0,Empleado_Informal,11.0,11.0,0.0,9,45,1
1415,192,11,1,2,,,0.0,0.0, ,2,,1,48,6,3,13, , , ,1,6.0,2020.0, ,4.0,Desempleado,4.5,4.5,0.0,,,0
1415,192,11,2,2,8183,1701,0.0,2.0,7,1,1.0,1,49,6,1,13, , , ,1,11.0,2020.0, ,4.0,Empleado_Informal,0.0,0.0,0.0,8,17,1
1428,188,11,1,2,9621,4923,0.0,5.0,7,1,1.0,1,27,6,8,13,2, ,3,2,8.0,2022.0, ,2.0,Empleado_Informal,14.0,14.0,0.0,9,49,1
1428,193,11,1,1,3129,6810,3.0,2.0,7,1,1.0,1,32,1,1,10, , ,0,,,,,,Empleado_Informal,0.0,16.0,-16.0,3,68,1
1428,207,11,1,2,5131,5610,0.0,2.0,7,1,1.0,2,30,5,9,13, , ,3,2,3.0,2020.0, ,4.0,Empleado_Informal,13.5,13.5,0.0,5,56,1
1454,196,11,1,2,9621,4923,1.0,5.0, ,1,1.0,1,33,6,5,13, , , ,1,2.0,2023.0, ,1.0,Empleado_Informal,10.0,10.0,0.0,9,49,1
1454,196,11,2,2,5132,5630,1.0,0.0,7,1,1.0,2,32,3,9,13, , ,3,2,6.0,2018.0, ,6.0,Empleado_Informal,13.5,13.5,0.0,5,56,1
1454,199,11,1,2,5132,5630,1.0,2.0,7,1,1.0,2,25,5,6,13, , , ,2,8.0,2018.0, ,6.0,Empleado_Informal,11.0,11.0,0.0,5,56,1
1454,203,11,1,2,9122,4520,1.0,3.0,7,1,1.0,2,36,6,6,13, , , ,2,11.0,2018.0, ,6.0,Empleado_Informal,11.0,11.0,0.0,9,45,1
1467,202,11,1,2,9313,4100,4.0,0.0,7,1,1.0,1,26,1,6,13, , , ,1,1.0,2019.0, ,5.0,Empleado_Informal,11.0,11.0,0.0,9,41,1
1467,204,11,1,2,5131,5610,0.0,2.0,7,1,1.0,2,31,2,10,13,2, ,3,1,10.0,2020.0,0,4.0,Empleado_Informal,16.0,16.0,0.0,5,56,1
1467,204,11,2,2,9621,5610,0.0,2.0,7,1,1.0,1,31,2,10,13,2, ,3,1,4.0,2018.0, ,6.0,Empleado_Informal,16.0,16.0,0.0,9,56,1
1467,209,11,1,2,7111,4100,6.0,0.0, ,1,2.0,1,45,1,6,13, , , ,2,1.0,2018.0,0,6.0,Empleado_Formal,11.0,11.0,0.0,7,41,1
1480,233,11,1,1,5141,9602,6.0,0.0,2,1,2.0,1,33,1,8,13,2, ,3,,,,,,Empleado_Formal,14.0,14.0,0.0,5,96,1
1480,233,11,2,2,,,0.0,0.0, ,2,,2,22,1,9,13, , ,3,1,10.0,2021.0,1,3.0,Desempleado,13.5,13.5,0.0,,,0
1480,233,11,4,2,9111,9700,2.0,0.0,7,1,1.0,2,47,3,6,13, , , ,1,2.0,2023.0, ,1.0,Empleado_Informal,11.0,11.0,0.0,9,97,1
1480,234,11,1,2,9629,4520,0.0,1.0,7,1,1.0,2,31,1,6,13, , , ,2,8.0,2020.0, ,4.0,Empleado_Informal,11.0,11.0,0.0,9,45,1
1480,234,11,2,2,9122,4520,0.0,8.0,7,1,1.0,1,39,1,3,13, , , ,6,8.0,2020.0, ,4.0,Empleado_Informal,4.5,4.5,0.0,9,45,1
1480,235,11,1,2,9629,5610,1.0,10.0,7,1,1.0,1,61,2,8,13,1,2,3,2,1.0,2019.0, ,5.0,Empleado_Informal,14.0,14.0,0.0,9,56,1
1480,235,11,2,2,9122,4520,1.0,0.0,7,1,1.0,1,31,6,6,13, , , ,2,1.0,2019.0, ,5.0,Empleado_Informal,11.0,11.0,0.0,9,45,1
2624,242,11,1,2,9621,4759,4.0,0.0,7,1,1.0,1,32,1,9,13, , ,3,2,5.0,2018.0, ,6.0,Empleado_Informal,13.5,13.5,0.0,9,47,1
2624,242,11,2,2,9621,4759,0.0,1.0,7,1,1.0,2,26,1,6,13, , , ,2,5.0,2018.0, ,6.0,Empleado_Informal,11.0,11.0,0.0,9,47,1
2624,243,11,1,2,9111,9700,1.0,4.0,7,1,1.0,2,47,6,8,13,2, ,3,2,6.0,2021.0, ,3.0,Empleado_Informal,14.0,14.0,0.0,9,97,1
2624,245,11,1,2,9333,5224,5.0,6.0, ,1,1.0,1,37,2,8,13,1,2,3,2,10.0,2018.0,1,6.0,Empleado_Informal,14.0,14.0,0.0,9,52,1
2640,247,11,1,2,9621,4923,1.0,0.0,1,1,1.0,1,33,6,3,13, , , ,2,7.0,2017.0, ,7.0,Empleado_Informal,4.5,4.5,0.0,9,49,1
2640,248,11,1,2,9621,4923,0.0,3.0,1,1,1.0,1,34,6,6,13, , , ,2,12.0,2021.0, ,3.0,Empleado_Informal,11.0,11.0,0.0,9,49,1
2640,249,11,1,2,8322,4922,3.0,0.0, ,1,1.0,1,30,1,6,13, , , ,2,12.0,2018.0, ,6.0,Empleado_Informal,11.0,11.0,0.0,8,49,1
2640,249,11,2,2,5212,4741,0.0,6.0,7,1,1.0,2,26,1,6,13, , , ,2,8.0,2018.0,1,6.0,Empleado_Informal,11.0,11.0,0.0,5,47,1
2755,295,11,2,2,9313,4100,4.0,0.0,7,1,1.0,1,26,1,5,13, , , ,2,5.0,2018.0, ,6.0,Empleado_Informal,10.0,10.0,0.0,9,41,1
2755,296,11,1,2,5212,4721,2.0,0.0,7,1,1.0,2,41,2,10,13,1,2,3,2,5.0,2019.0,1,5.0,Empleado_Informal,16.0,16.0,0.0,5,47,1
2755,296,11,2,2,5212,4752,5.0,0.0,1,1,2.0,1,44,2,6,13, , , ,2,2.0,2018.0, ,6.0,Empleado_Formal,11.0,11.0,0.0,5,47,1
2755,303,11,1,2,5131,5610,0.0,1.0,7,1,1.0,1,41,6,8,13,1,2,3,2,5.0,2018.0, ,6.0,Empleado_Informal,14.0,14.0,0.0,5,56,1
2772,296,11,1,2,5211,4630,4.0,0.0,7,1,1.0,1,57,1,10,13,1,2,3,2,12.0,2017.0, ,7.0,Empleado_Informal,16.0,16.0,0.0,5,46,1
2772,310,11,1,2,5211,4630,5.0,0.0,7,1,1.0,2,43,5,10,13,1,2,3,2,5.0,2019.0, ,5.0,Empleado_Informal,16.0,16.0,0.0,5,46,1
2772,311,11,1,2,9411,5610,5.0,0.0, ,1,1.0,1,43,2,6,13, , , ,9,4.0,2018.0, ,6.0,Empleado_Informal,11.0,11.0,0.0,9,56,1
2772,311,11,2,2,9411,5610,5.0,0.0, ,1,1.0,2,43,2,10,13,1,2,3,2,8.0,2019.0, ,5.0,Empleado_Informal,16.0,16.0,0.0,9,56,1
2788,302,11,1,2,4110,9329,1.0,2.0,7,1,1.0,1,65,1,5,13, , , ,2,2.0,2022.0, ,2.0,Empleado_Informal,10.0,10.0,0.0,4,93,1
2788,302,11,3,2,9629,5630,0.0,5.0,7,1,1.0,2,35,5,6,13, , , ,2,4.0,2023.0,1,1.0,Empleado_Informal,11.0,11.0,0.0,9,56,1
2788,302,11,6,2,5230,5630,3.0,0.0,7,1,1.0,2,25,5,6,13, , , ,2,12.0,2019.0, ,5.0,Empleado_Informal,11.0,11.0,0.0,5,56,1
2788,303,11,1,2,9122,4520,0.0,1.0,7,1,1.0,2,37,5,8,13,1,2,3,2,12.0,2018.0, ,6.0,Empleado_Informal,14.0,14.0,0.0,9,45,1
2788,303,11,2,2,9511,4799,0.0,3.0, ,1,1.0,2,19,6,5,6, , ,1,2,12.0,2018.0, ,6.0,Empleado_Informal,10.0,11.0,-1.0,9,47,1
2788,310,11,1,2,5211,4630,0.0,2.0,7,1,1.0,2,27,1,9,13, , ,3,2,8.0,2018.0,1,6.0,Empleado_Informal,13.5,13.5,0.0,5,46,1
2788,310,11,2,1,7411,6110,8.0,0.0,2,1,2.0,1,43,1,1,7, , ,0,,,,,,Empleado_Formal,0.0,12.5,-12.5,7,61,1
2804,307,11,1,2,9622,8010,1.0,7.0, ,1,1.0,1,61,5,9,13, , ,3,2,7.0,2022.0,1,2.0,Empleado_Informal,13.5,13.5,0.0,9,80,1
2804,308,11,1,2,7231,4520,3.0,0.0,7,1,1.0,1,33,1,8,13,1,2,3,6,6.0,2020.0, ,4.0,Empleado_Informal,14.0,14.0,0.0,7,45,1
2804,308,11,2,1,9535,4799,4.0,0.0, ,1,1.0,2,43,1,1,6, , ,1,,,,,,Empleado_Informal,0.0,11.0,-11.0,9,47,1
2804,311,11,1,2,5120,5610,3.0,0.0, ,1,1.0,1,36,6,10,13,1,2,3,2,1.0,2018.0, ,6.0,Empleado_Informal,16.0,16.0,0.0,5,56,1
2837,319,11,1,2,4321,1511,6.0,0.0,7,1,1.0,1,37,1,6,13, , , ,2,9.0,2018.0,1,6.0,Empleado_Informal,11.0,11.0,0.0,4,15,1
2837,320,11,1,2,5142,9602,2.0,6.0, ,1,1.0,2,28,6,8,13,1,2,3,2,2.0,2018.0,1,6.0,Empleado_Informal,14.0,14.0,0.0,5,96,1
2837,321,11,1,2,9412,5610,0.0,2.0,7,1,1.0,1,46,1,5,13, , , ,2,12.0,2023.0, ,1.0,Empleado_Informal,10.0,10.0,0.0,9,56,1
2837,321,11,2,2,9411,5610,0.0,3.0, ,1,1.0,2,33,1,9,13, , ,3,2,12.0,2023.0, ,1.0,Empleado_Informal,13.5,13.5,0.0,9,56,1
2837,321,11,3,2,5131,5610,0.0,1.0,7,1,1.0,2,17,6,5,5, , , ,9,12.0,2023.0, ,1.0,Empleado_Informal,10.0,8.5,1.5,5,56,1
2854,325,11,1,2,7362,1520,2.0,0.0, ,1,1.0,2,35,5,8,13,1,2,3,2,2.0,2018.0,0,6.0,Empleado_Informal,14.0,14.0,0.0,7,15,1
2854,325,11,2,2,9122,4520,0.0,2.0,7,1,1.0,1,15,6,5,5, , , ,9,5.0,2019.0,0,5.0,Empleado_Informal,10.0,8.5,1.5,9,45,1
2854,326,11,1,2,7231,4520,0.0,8.0,7,1,1.0,1,30,4,10,13,1,2,3,9,3.0,2024.0, ,0.0,Empleado_Informal,16.0,16.0,0.0,7,45,1
2854,327,11,1,2,3115,4520,5.0,8.0,7,1,1.0,1,32,5,8,13,1,2,3,2,3.0,2018.0, ,6.0,Empleado_Informal,14.0,14.0,0.0,3,45,1
2870,331,11,1,2,9512,4799,2.0,6.0, ,1,1.0,2,38,2,6,13, , , ,2,9.0,2019.0,1,5.0,Empleado_Informal,11.0,11.0,0.0,9,47,1
2870,331,11,2,2,9521,4799,5.0,0.0, ,1,1.0,1,42,2,5,13, , , ,2,9.0,2019.0, ,5.0,Empleado_Informal,10.0,10.0,0.0,9,47,1
2870,332,11,1,2,9512,4799,3.0,0.0, ,1,1.0,2,66,1,3,13, , , ,2,6.0,2019.0, ,5.0,Empleado_Informal,4.5,4.5,0.0,9,47,1
2870,332,11,2,2,,,0.0,0.0, ,3,,1,71,1,4,13, , , ,2,3.0,2023.0, ,1.0,Desempleado,9.0,9.0,0.0,,,0
2870,350,11,1,2,5243,4791,1.0,2.0, ,1,1.0,2,28,5,8,13,1,2,3,2,1.0,2020.0, ,4.0,Empleado_Informal,14.0,14.0,0.0,5,47,1
2887,337,11,1,2,3422,9311,3.0,2.0,7,1,1.0,1,53,1,8,13,1,2,3,2,10.0,2018.0, ,6.0,Empleado_Informal,14.0,14.0,0.0,3,93,1
2887,337,11,2,2,9629,9609,4.0,6.0, ,1,1.0,2,42,1,8,13,1,2,3,2,4.0,2019.0, ,5.0,Empleado_Informal,14.0,14.0,0.0,9,96,1
2887,355,11,4,2,7322,1623,3.0,0.0,7,1,1.0,1,59,5,6,13, , , ,2,10.0,2021.0,0,3.0,Empleado_Informal,11.0,11.0,0.0,7,16,1
2887,355,11,5,2,7322,1623,1.0,6.0,7,1,1.0,1,28,5,6,13, , , ,2,12.0,2023.0,0,1.0,Empleado_Informal,11.0,11.0,0.0,7,16,1
2887,356,11,1,2,9112,5610,0.0,1.0,7,1,1.0,1,38,1,7,13, , ,3,6,12.0,2022.0, ,2.0,Empleado_Informal,12.5,12.5,0.0,9,56,1
2887,356,11,2,2,,,0.0,0.0, ,3,,1,32,1,3,13, , , ,2,3.0,2019.0,0,5.0,Desempleado,4.5,4.5,0.0,,,0
2952,361,11,1,2,9333,4752,1.0,0.0,2,1,2.0,1,44,6,3,13, , , ,2,7.0,2023.0, ,1.0,Empleado_Formal,4.5,4.5,0.0,9,47,1
2952,362,11,1,2,4214,6492,2.0,0.0,7,1,1.0,1,25,1,6,13, , , ,2,12.0,2018.0,0,6.0,Empleado_Informal,11.0,11.0,0.0,4,64,1
2952,362,11,2,3,9411,5610,0.0,6.0, ,1,1.0,2,35,1,1,7, , ,0,2,7.0,2014.0, ,10.0,Empleado_Informal,0.0,12.5,-12.5,9,56,1
2952,366,11,1,2,8322,4922,5.0,0.0, ,1,1.0,1,32,6,6,13, , , ,1,12.0,2019.0, ,5.0,Empleado_Informal,11.0,11.0,0.0,8,49,1
2969,379,11,1,2,7113,4330,4.0,0.0, ,1,1.0,1,34,1,6,13, , , ,2,2.0,2018.0, ,6.0,Empleado_Informal,11.0,11.0,0.0,7,43,1
2969,379,11,2,2,5142,9602,4.0,0.0, ,1,2.0,1,27,1,6,13, , , ,1,7.0,2021.0, ,3.0,Empleado_Formal,11.0,11.0,0.0,5,96,1
2969,383,11,1,4,5245,1071,0.0,1.0,2,1,1.0,1,59,1,1,13, , , ,2,4.0,2023.0, ,1.0,Empleado_Informal,0.0,0.0,0.0,5,10,1
2969,383,11,2,2,,,0.0,0.0, ,2,,2,36,1,8,13,1,2,3,1,7.0,2003.0, ,21.0,Desempleado,14.0,14.0,0.0,,,0
2969,383,11,3,1,7322,3100,0.0,8.0,7,1,1.0,1,17,6,4,13, , , ,,,,,,Empleado_Informal,9.0,9.0,0.0,7,31,1
2969,384,11,1,2,5120,5610,2.0,0.0, ,1,1.0,1,45,1,6,13, , , ,2,1.0,2023.0, ,1.0,Empleado_Informal,11.0,11.0,0.0,5,56,1
2969,384,11,2,2,5120,5610,0.0,2.0, ,1,1.0,2,22,1,6,13, , , ,1,7.0,2021.0, ,3.0,Empleado_Informal,11.0,11.0,0.0,5,56,1
2985,382,11,1,2,5120,5610,1.0,0.0, ,1,1.0,2,29,1,6,13, , , ,2,8.0,2018.0, ,6.0,Empleado_Informal,11.0,11.0,0.0,5,56,1
2985,382,11,2,2,5212,4752,0.0,6.0,7,1,1.0,1,29,1,6,13, , , ,2,6.0,2021.0, ,3.0,Empleado_Informal,11.0,11.0,0.0,5,47,1
2985,383,11,2,2,9122,4520,1.0,2.0,7,1,1.0,1,24,1,6,13, , , ,2,2.0,2022.0, ,2.0,Empleado_Informal,11.0,11.0,0.0,9,45,1
2985,385,11,1,2,3322,6810,1.0,8.0,7,1,1.0,2,59,3,10,13,1,2,3,2,10.0,2018.0,1,6.0,Empleado_Informal,16.0,16.0,0.0,3,68,1
2985,385,11,2,2,5131,5610,0.0,2.0,7,1,1.0,2,34,1,9,13, , ,3,2,10.0,2018.0,1,6.0,Empleado_Informal,13.5,13.5,0.0,5,56,1
2985,385,11,3,2,5120,5610,0.0,9.0,7,1,1.0,1,29,1,5,13, , , ,1,1.0,2021.0,1,3.0,Empleado_Informal,10.0,10.0,0.0,5,56,1
3035,392,11,1,2,7212,2511,2.0,5.0,7,1,1.0,2,32,6,6,13, , , ,2,11.0,2018.0, ,6.0,Empleado_Informal,11.0,11.0,0.0,7,25,1
3035,393,11,1,2,7221,2511,4.0,9.0, ,1,1.0,1,54,2,4,13, , , ,2,11.0,2019.0, ,5.0,Empleado_Informal,9.0,9.0,0.0,7,25,1
3035,394,11,1,2,7212,2511,0.0,3.0,7,1,1.0,1,26,6,6,13, , , ,9,10.0,2017.0, ,7.0,Empleado_Informal,11.0,11.0,0.0,7,25,1
3067,405,11,1,2,5212,4751,2.0,4.0,7,1,1.0,1,49,2,8,13,1,2,3,1,8.0,2018.0,1,6.0,Empleado_Informal,14.0,14.0,0.0,5,47,1
3067,405,11,3,2,9629,7490,0.0,6.0,2,1,2.0,1,26,6,6,13, , , ,1,4.0,2018.0, ,6.0,Empleado_Formal,11.0,11.0,0.0,9,74,1
3067,408,11,1,2,9411,5610,4.0,2.0, ,1,1.0,2,33,1,5,13, , , ,2,9.0,2018.0, ,6.0,Empleado_Informal,10.0,10.0,0.0,9,56,1
3067,408,11,2,2,9621,4923,3.0,2.0,7,1,1.0,1,33,1,10,13,1,2,3,2,6.0,2018.0, ,6.0,Empleado_Informal,16.0,16.0,0.0,9,49,1
3067,427,11,1,2,8331,4921,4.0,9.0,7,1,1.0,1,48,6,5,13, , , ,2,8.0,2018.0, ,6.0,Empleado_Informal,10.0,10.0,0.0,8,49,1
3084,415,11,1,2,7511,1010,0.0,7.0,7,1,1.0,1,37,6,6,13, , , ,1,2.0,2023.0, ,1.0,Empleado_Informal,11.0,11.0,0.0,7,10,1
3084,416,11,1,2,8141,4520,2.0,6.0,7,1,1.0,1,28,6,4,13, , , ,2,10.0,2018.0, ,6.0,Empleado_Informal,9.0,9.0,0.0,8,45,1
3084,419,11,1,2,9621,4923,3.0,2.0,7,1,1.0,1,33,1,9,13, , ,3,2,10.0,2018.0, ,6.0,Empleado_Informal,13.5,13.5,0.0,9,49,1
3100,419,11,2,2,9333,4663,3.0,0.0,3,1,1.0,1,26,1,6,13, , , ,1,11.0,2020.0, ,4.0,Empleado_Informal,11.0,11.0,0.0,9,46,1
3100,419,11,6,2,9412,5610,0.0,5.0,7,1,1.0,1,25,6,5,13, , , ,1,7.0,2023.0, ,1.0,Empleado_Informal,10.0,10.0,0.0,9,56,1
3100,419,11,7,2,5141,9602,0.0,6.0,7,1,1.0,1,22,6,6,13, , , ,1,10.0,2021.0, ,3.0,Empleado_Informal,11.0,11.0,0.0,5,96,1
3100,431,11,1,2,9412,5630,1.0,0.0,2,1,2.0,2,28,6,8,13,1,2,3,2,12.0,2022.0,0,2.0,Empleado_Formal,14.0,14.0,0.0,9,56,1
3100,432,12,1,2,4412,5320,0.0,2.0,7,1,1.0,1,31,1,10,13,1,2,3,2,5.0,2021.0, ,3.0,Empleado_Informal,16.0,16.0,0.0,4,53,1
3100,432,22,1,2,5131,5610,2.0,0.0,7,1,1.0,2,26,6,6,13, , , ,2,8.0,2019.0,1,5.0,Empleado_Informal,11.0,11.0,0.0,5,56,1
3117,424,11,1,2,7119,4330,1.0,0.0, ,1,1.0,1,60,2,6,13, , , ,2,7.0,2021.0, ,3.0,Empleado_Informal,11.0,11.0,0.0,7,43,1
3117,425,11,1,2,9112,8121,1.0,6.0, ,1,1.0,2,34,1,6,13, , , ,2,4.0,2019.0, ,5.0,Empleado_Informal,11.0,11.0,0.0,9,81,1
3117,425,11,2,2,7231,4520,2.0,0.0, ,1,1.0,1,42,1,5,13, , , ,2,6.0,2018.0, ,6.0,Empleado_Informal,10.0,10.0,0.0,7,45,1
3117,426,11,2,2,5141,9602,0.0,5.0,7,1,1.0,1,18,1,5,13, , , ,1,12.0,2021.0, ,3.0,Empleado_Informal,10.0,10.0,0.0,5,96,1
3166,447,11,1,2,4321,4773,2.0,9.0,7,1,1.0,1,53,1,6,13, , , ,2,7.0,2017.0, ,7.0,Empleado_Informal,11.0,11.0,0.0,4,47,1
3166,454,11,1,2,9411,5630,5.0,3.0, ,1,1.0,1,34,1,9,13, , ,3,2,4.0,2018.0, ,6.0,Empleado_Informal,13.5,13.5,0.0,9,56,1
3166,454,11,3,2,5245,5610,3.0,0.0,7,1,1.0,1,21,6,5,13, , , ,2,2.0,2018.0, ,6.0,Empleado_Informal,10.0,10.0,0.0,5,56,1
3166,456,11,1,2,5211,4649,5.0,0.0,7,1,1.0,1,31,1,9,13, , ,3,2,1.0,2019.0, ,5.0,Empleado_Informal,13.5,13.5,0.0,5,46,1
3166,456,11,2,2,5243,4791,2.0,0.0, ,1,1.0,2,27,1,9,13, , ,3,2,10.0,2018.0, ,6.0,Empleado_Informal,13.5,13.5,0.0,5,47,1
3183,448,11,1,2,7421,9512,4.0,0.0,7,1,1.0,1,28,1,7,13, , ,3,2,2.0,2020.0, ,4.0,Empleado_Informal,12.5,12.5,0.0,7,95,1
3183,448,11,2,2,4321,6810,3.0,0.0,7,1,1.0,1,24,1,6,13, , , ,2,10.0,2021.0, ,3.0,Empleado_Informal,11.0,11.0,0.0,4,68,1
3183,449,11,1,2,5120,5610,0.0,1.0,7,1,1.0,2,50,1,6,13, , , ,2,7.0,2022.0,1,2.0,Empleado_Informal,11.0,11.0,0.0,5,56,1
3183,449,11,2,2,9122,4520,0.0,1.0,7,1,1.0,1,41,1,6,13, , , ,2,11.0,2021.0,1,3.0,Empleado_Informal,11.0,11.0,0.0,9,45,1
3183,449,11,3,2,5131,5610,0.0,2.0,7,1,1.0,1,19,6,6,13, , , ,9,6.0,2024.0,1,0.0,Empleado_Informal,11.0,11.0,0.0,5,56,1
3183,450,11,1,2,4321,5229,0.0,1.0,7,1,1.0,1,20,6,6,13, , , ,9,11.0,2023.0,1,1.0,Empleado_Informal,11.0,11.0,0.0,4,52,1
3199,454,11,1,2,5141,9602,0.0,7.0, ,1,1.0,2,38,6,6,13, , , ,2,10.0,2018.0,0,6.0,Empleado_Informal,11.0,11.0,0.0,5,96,1
3199,454,11,2,2,5213,4782,1.0,1.0, ,1,1.0,2,21,6,6,13, , , ,2,10.0,2018.0,1,6.0,Empleado_Informal,11.0,11.0,0.0,5,47,1
3199,454,11,3,2,,,0.0,0.0, ,2,,2,17,6,4,6, , ,2,2,11.0,2018.0,0,6.0,Desempleado,9.0,11.0,-2.0,,,0
3199,455,11,2,2,8322,9700,1.0,0.0,7,1,1.0,1,44,1,8,13,1,2,3,2,7.0,2018.0,0,6.0,Empleado_Informal,14.0,14.0,0.0,8,97,1
3199,456,11,1,2,5212,4772,1.0,2.0,7,1,1.0,2,36,5,10,13,1,1,3,2,4.0,2018.0, ,6.0,Empleado_Informal,16.0,16.0,0.0,5,47,1
3215,460,11,1,2,,,0.0,0.0, ,3,,2,47,1,6,13, , , ,2,11.0,2018.0,0,6.0,Desempleado,11.0,11.0,0.0,,,0
3215,460,11,2,2,9542,4799,3.0,0.0, ,1,1.0,1,49,1,6,13, , , ,2,2.0,2018.0, ,6.0,Empleado_Informal,11.0,11.0,0.0,9,47,1
3215,460,11,3,2,8321,4922,2.0,0.0, ,1,1.0,1,30,6,10,13,1,2,3,2,12.0,2020.0, ,4.0,Empleado_Informal,16.0,16.0,0.0,8,49,1
3215,460,11,4,2,8321,4922,1.0,6.0, ,1,1.0,1,26,6,10,13,1,2,3,2,12.0,2020.0, ,4.0,Empleado_Informal,16.0,16.0,0.0,8,49,1
3215,460,11,5,2,9411,5610,1.0,0.0, ,1,1.0,1,58,5,4,13, , , ,1,5.0,2022.0, ,2.0,Empleado_Informal,9.0,9.0,0.0,9,56,1
3215,460,11,6,2,7411,4100,1.0,1.0,7,1,1.0,1,47,6,5,13, , , ,1,7.0,2023.0, ,1.0,Empleado_Informal,10.0,10.0,0.0,7,41,1
3215,463,11,1,2,4321,4773,1.0,9.0,2,1,2.0,1,35,6,8,13,1,2,3,2,7.0,2021.0, ,3.0,Empleado_Formal,14.0,14.0,0.0,4,47,1
3215,465,11,1,2,4321,4663,0.0,1.0,7,1,1.0,1,31,6,8,13,1,2,3,2,4.0,2019.0,1,5.0,Empleado_Informal,14.0,14.0,0.0,4,46,1
3232,470,11,1,2,9411,5610,5.0,0.0, ,1,1.0,1,36,1,7,13, , ,3,2,8.0,2019.0, ,5.0,Empleado_Informal,12.5,12.5,0.0,9,56,1
3232,470,11,2,2,5142,9602,3.0,0.0, ,1,1.0,2,35,1,9,13, , ,3,2,4.0,2019.0,0,5.0,Empleado_Informal,13.5,13.5,0.0,5,96,1
3232,470,11,3,2,9112,8121,0.0,6.0,7,1,1.0,1,17,6,3,13, , , ,2,4.0,2019.0,1,5.0,Empleado_Informal,4.5,4.5,0.0,9,81,1
3232,472,11,1,2,7399,3290,2.0,0.0,7,1,1.0,2,56,2,10,13,1,2,3,2,2.0,2022.0, ,2.0,Empleado_Informal,16.0,16.0,0.0,7,32,1
3232,472,11,2,2,7399,3290,3.0,0.0, ,1,1.0,1,58,2,8,13,1,2,3,2,6.0,2019.0, ,5.0,Empleado_Informal,14.0,14.0,0.0,7,32,1
3232,472,11,3,2,7513,1071,0.0,7.0,7,1,1.0,1,31,6,10,13,1,1,3,2,9.0,2018.0, ,6.0,Empleado_Informal,16.0,16.0,0.0,7,10,1
3232,472,11,4,2,7399,3290,2.0,0.0,7,1,1.0,1,22,1,4,13, , , ,2,2.0,2022.0, ,2.0,Empleado_Informal,9.0,9.0,0.0,7,32,1
3232,472,11,5,2,9629,3290,2.0,0.0,7,1,1.0,2,22,1,4,13, , , ,2,2.0,2022.0,0,2.0,Empleado_Informal,9.0,9.0,0.0,9,32,1
3232,479,11,1,2,9411,5610,4.0,0.0, ,1,1.0,1,35,1,3,13, , , ,2,8.0,2019.0,1,5.0,Empleado_Informal,4.5,4.5,0.0,9,56,1
3248,474,11,1,2,5120,5610,2.0,0.0, ,1,1.0,1,40,2,4,13, , , ,2,12.0,2018.0,0,6.0,Empleado_Informal,9.0,9.0,0.0,5,56,1
3248,474,11,2,2,9412,5610,2.0,0.0,7,1,1.0,2,38,2,4,13, , , ,2,12.0,2018.0,0,6.0,Empleado_Informal,9.0,9.0,0.0,9,56,1
3248,474,11,3,2,9629,9499,0.0,4.0,7,1,1.0,2,16,6,3,6, , ,1,2,12.0,2018.0, ,6.0,Empleado_Informal,4.5,11.0,-6.5,9,94,1
3248,475,11,1,2,4321,4630,4.0,0.0,2,1,2.0,1,42,2,4,13, , , ,2,8.0,2018.0, ,6.0,Empleado_Formal,9.0,9.0,0.0,4,46,1
3248,475,11,2,2,9411,5610,0.0,6.0, ,1,1.0,2,40,2,9,13, , ,3,2,6.0,2019.0,0,5.0,Empleado_Informal,13.5,13.5,0.0,9,56,1
3248,475,11,3,2,9333,4630,0.0,8.0,7,1,1.0,1,19,6,3,6, , ,1,2,6.0,2019.0, ,5.0,Empleado_Informal,4.5,11.0,-6.5,9,46,1
3248,478,11,1,2,9333,4781,4.0,6.0,7,1,1.0,1,34,1,4,13, , , ,2,5.0,2017.0, ,7.0,Empleado_Informal,9.0,9.0,0.0,9,47,1
3248,478,11,2,2,,,0.0,0.0, ,2,,2,32,1,4,13, , , ,2,2.0,2019.0, ,5.0,Desempleado,9.0,9.0,0.0,,,0
3281,487,11,1,2,4419,4922,0.0,6.0,7,1,1.0,2,47,2,9,10, , ,2,2,12.0,2020.0, ,4.0,Empleado_Informal,13.5,16.0,-2.5,4,49,1
3281,487,11,2,2,9112,8690,2.0,0.0,7,1,1.0,1,50,2,10,13,1,2,3,2,12.0,2020.0, ,4.0,Empleado_Informal,16.0,16.0,0.0,9,86,1
3281,487,11,7,2,5245,1071,2.0,9.0,7,1,1.0,1,38,5,5,13, , , ,2,6.0,2018.0, ,6.0,Empleado_Informal,10.0,10.0,0.0,5,10,1
3281,489,11,1,2,5142,9602,0.0,2.0, ,1,1.0,2,25,1,6,13, , , ,2,3.0,2019.0, ,5.0,Empleado_Informal,11.0,11.0,0.0,5,96,1
3281,489,11,2,2,7113,4330,4.0,0.0, ,1,1.0,1,25,1,6,13, , , ,1,7.0,2019.0, ,5.0,Empleado_Informal,11.0,11.0,0.0,7,43,1
3281,489,11,5,2,7128,4330,3.0,0.0,7,1,1.0,1,42,6,4,13, , , ,1,8.0,2021.0, ,3.0,Empleado_Informal,9.0,9.0,0.0,7,43,1
3281,489,11,6,2,7221,2511,0.0,8.0, ,1,1.0,1,53,5,1,13, , , ,6,12.0,2019.0,1,5.0,Empleado_Informal,0.0,0.0,0.0,7,25,1
3281,489,11,8,2,5142,9602,4.0,0.0,7,1,1.0,2,22,1,6,13, , , ,2,6.0,2019.0, ,5.0,Empleado_Informal,11.0,11.0,0.0,5,96,1
3281,489,11,9,2,7411,4321,0.0,3.0,7,1,1.0,1,30,1,4,13, , , ,9,6.0,2017.0, ,7.0,Empleado_Informal,9.0,9.0,0.0,7,43,1
3281,490,11,1,2,9535,4799,0.0,6.0, ,1,1.0,2,52,5,10,13,1,2,3,9,12.0,2023.0, ,1.0,Empleado_Informal,16.0,16.0,0.0,9,47,1
3298,492,11,1,2,5131,5610,0.0,1.0,7,1,1.0,2,23,5,4,13, , , ,1,12.0,2022.0, ,2.0,Empleado_Informal,9.0,9.0,0.0,5,56,1
3298,493,11,1,2,7212,4520,1.0,1.0,7,1,1.0,1,34,1,6,13, , , ,1,11.0,2023.0,0,1.0,Empleado_Informal,11.0,11.0,0.0,7,45,1
3298,496,11,1,2,7231,4540,5.0,0.0,7,1,1.0,1,25,6,6,13, , , ,2,2.0,2019.0, ,5.0,Empleado_Informal,11.0,11.0,0.0,7,45,1
3413,536,11,2,2,5212,4741,2.0,1.0,7,1,1.0,2,26,6,9,13, , ,3,1,11.0,2021.0, ,3.0,Empleado_Informal,13.5,13.5,0.0,5,47,1
3413,536,11,3,2,5212,4741,1.0,6.0,7,1,1.0,2,22,6,5,13, , , ,2,11.0,2022.0, ,2.0,Empleado_Informal,10.0,10.0,0.0,5,47,1
3413,537,11,1,2,5142,9602,0.0,4.0, ,1,1.0,2,30,6,6,13, , , ,2,8.0,2018.0, ,6.0,Empleado_Informal,11.0,11.0,0.0,5,96,1
3413,539,11,1,2,9412,5610,0.0,6.0,7,1,1.0,2,35,1,3,13, , , ,2,8.0,2019.0,0,5.0,Empleado_Informal,4.5,4.5,0.0,9,56,1
3413,539,11,2,2,4224,5510,2.0,6.0,7,1,1.0,1,40,1,5,13, , , ,2,9.0,2017.0, ,7.0,Empleado_Informal,10.0,10.0,0.0,4,55,1
3413,539,11,3,2,5131,5610,0.0,6.0,7,1,1.0,2,15,6,3,5, , , ,2,8.0,2019.0, ,5.0,Empleado_Informal,4.5,8.5,-4.0,5,56,1
3429,541,11,1,2,4224,5510,2.0,0.0,7,1,1.0,2,33,5,8,13,1,2,3,1,3.0,2018.0,1,6.0,Empleado_Informal,14.0,14.0,0.0,4,55,1
3429,544,11,1,2,,,0.0,0.0, ,2,,1,50,1,10,13,1,2,3,2,8.0,2016.0,1,8.0,Desempleado,16.0,16.0,0.0,,,0
3429,544,11,2,2,9412,5610,0.0,2.0,7,1,1.0,2,40,1,5,13, , , ,2,8.0,2018.0,1,6.0,Empleado_Informal,10.0,10.0,0.0,9,56,1
3429,545,11,2,2,,,0.0,0.0, ,2,,1,51,2,5,13, , , ,2,3.0,2022.0, ,2.0,Desempleado,10.0,10.0,0.0,,,0
3429,545,11,3,2,5245,1071,4.0,6.0,7,1,1.0,2,45,6,6,13, , , ,2,8.0,2019.0, ,5.0,Empleado_Informal,11.0,11.0,0.0,5,10,1
3429,545,11,6,2,7513,1071,3.0,6.0,7,1,1.0,2,26,1,6,13, , , ,2,8.0,2019.0, ,5.0,Empleado_Informal,11.0,11.0,0.0,7,10,1
3429,545,11,7,2,5120,5610,0.0,8.0,7,1,1.0,1,29,1,3,13, , , ,1,12.0,2019.0, ,5.0,Empleado_Informal,4.5,4.5,0.0,5,56,1
3429,545,11,8,2,5120,5610,3.0,6.0,7,1,1.0,2,37,6,3,13, , , ,2,8.0,2019.0, ,5.0,Empleado_Informal,4.5,4.5,0.0,5,56,1
3446,547,11,1,2,5213,4782,1.0,0.0, ,1,1.0,1,22,1,7,13, , ,3,2,9.0,2022.0, ,2.0,Empleado_Informal,12.5,12.5,0.0,5,47,1
3446,547,11,2,2,5213,4782,1.0,9.0,7,1,1.0,2,21,1,9,13, , ,3,2,4.0,2023.0, ,1.0,Empleado_Informal,13.5,13.5,0.0,5,47,1
3446,552,11,1,2,7212,2511,0.0,3.0,7,1,1.0,1,38,2,4,13, , , ,2,4.0,2018.0, ,6.0,Empleado_Informal,9.0,9.0,0.0,7,25,1
3446,552,11,2,2,,,0.0,0.0, ,2,,2,38,2,4,13, , , ,2,7.0,2018.0, ,6.0,Desempleado,9.0,9.0,0.0,,,0
3446,552,11,3,2,,,0.0,0.0, ,2,,1,16,6,3,13, , , ,1,7.0,2019.0, ,5.0,Desempleado,4.5,4.5,0.0,,,0
3446,552,11,4,2,9412,5610,0.0,1.0,7,1,1.0,2,14,6,3,13, , , ,1,7.0,2019.0, ,5.0,Empleado_Informal,4.5,4.5,0.0,9,56,1
3446,554,11,1,2,5212,4741,2.0,0.0,2,1,1.0,1,29,1,10,13,2, ,3,2,6.0,2018.0,0,6.0,Empleado_Informal,16.0,16.0,0.0,5,47,1
3446,554,11,2,2,5212,4772,2.0,0.0,2,1,2.0,2,28,1,10,13,1,2,3,2,9.0,2018.0, ,6.0,Empleado_Formal,16.0,16.0,0.0,5,47,1
3462,556,11,1,2,9621,4923,0.0,5.0, ,1,1.0,1,42,1,3,13, , , ,2,2.0,2023.0,0,1.0,Empleado_Informal,4.5,4.5,0.0,9,49,1
3462,556,11,2,2,,,0.0,0.0, ,2,,2,45,1,3,13, , , ,2,2.0,2023.0, ,1.0,Desempleado,4.5,4.5,0.0,,,0
3462,556,11,3,2,5212,4771,1.0,0.0,7,1,1.0,1,19,1,4,13, , , ,2,2.0,2023.0, ,1.0,Empleado_Informal,9.0,9.0,0.0,5,47,1
3462,556,11,4,2,5142,9602,0.0,3.0,7,1,1.0,2,20,1,4,13, , , ,2,2.0,2023.0, ,1.0,Empleado_Informal,9.0,9.0,0.0,5,96,1
3462,557,11,1,2,9621,4923,5.0,0.0, ,1,1.0,1,36,1,4,13, , , ,2,10.0,2018.0, ,6.0,Empleado_Informal,9.0,9.0,0.0,9,49,1
3462,557,11,2,2,9412,5610,0.0,1.0,7,1,1.0,2,39,1,3,13, , , ,9,6.0,2024.0, ,0.0,Empleado_Informal,4.5,4.5,0.0,9,56,1
3462,557,11,3,2,,,0.0,0.0, ,3,,2,15,6,3,13, , , ,9,6.0,2024.0, ,0.0,Desempleado,4.5,4.5,0.0,,,0
3462,557,11,4,2,5212,4771,0.0,2.0,7,1,1.0,1,17,1,3,13, , , ,9,2.0,2023.0, ,1.0,Empleado_Informal,4.5,4.5,0.0,5,47,1
3462,565,11,1,2,9412,5610,3.0,0.0,7,1,1.0,2,27,1,3,13, , , ,1,3.0,2021.0,1,3.0,Empleado_Informal,4.5,4.5,0.0,9,56,1
3462,565,11,2,2,7119,4100,0.0,8.0, ,1,1.0,1,29,1,3,13, , , ,1,2.0,2021.0,1,3.0,Empleado_Informal,4.5,4.5,0.0,7,41,1
3462,565,11,4,2,7513,1071,0.0,1.0,7,1,1.0,1,15,6,3,13, , , ,9,7.0,2024.0,0,0.0,Empleado_Informal,4.5,4.5,0.0,7,10,1
3511,571,11,1,2,5213,4781,2.0,0.0, ,1,1.0,2,51,6,10,13,1,2,3,2,12.0,2021.0, ,3.0,Empleado_Informal,16.0,16.0,0.0,5,47,1
3511,571,11,3,2,9122,4520,0.0,1.0,7,1,1.0,1,35,6,6,13, , , ,9,3.0,2024.0, ,0.0,Empleado_Informal,11.0,11.0,0.0,9,45,1
3511,572,11,1,2,9313,4100,0.0,2.0,7,1,1.0,1,42,2,4,13, , , ,2,9.0,2018.0, ,6.0,Empleado_Informal,9.0,9.0,0.0,9,41,1
3511,572,11,2,2,5322,9609,0.0,6.0, ,1,1.0,2,37,2,5,13, , , ,1,6.0,2019.0, ,5.0,Empleado_Informal,10.0,10.0,0.0,5,96,1
3511,573,11,1,2,7513,1071,1.0,6.0, ,1,1.0,1,27,1,6,13, , , ,2,11.0,2017.0, ,7.0,Empleado_Informal,11.0,11.0,0.0,7,10,1
3511,573,11,2,2,7513,1071,1.0,6.0, ,1,1.0,2,26,1,6,13, , , ,2,7.0,2019.0, ,5.0,Empleado_Informal,11.0,11.0,0.0,7,10,1
3511,573,11,3,2,3115,9522,5.0,0.0, ,1,1.0,1,58,6,10,13,1,2,3,2,8.0,2018.0, ,6.0,Empleado_Informal,16.0,16.0,0.0,3,95,1
3511,573,11,4,2,7119,4100,1.0,1.0,7,1,2.0,1,50,6,8,13,1,2,3,1,2.0,2020.0, ,4.0,Empleado_Formal,14.0,14.0,0.0,7,41,1
3528,577,11,1,2,5213,4781,2.0,0.0, ,1,1.0,2,33,1,6,13, , , ,2,12.0,2021.0, ,3.0,Empleado_Informal,11.0,11.0,0.0,5,47,1
3528,577,11,2,1,8331,4921,2.0,0.0,7,1,1.0,1,46,1,6,13, , , ,,,,,,Empleado_Informal,11.0,11.0,0.0,8,49,1
3528,581,11,1,2,,,0.0,0.0, ,2,,1,33,1,6,13, , , ,2,7.0,2018.0, ,6.0,Desempleado,11.0,11.0,0.0,,,0
3528,581,11,2,2,5212,4773,1.0,0.0,2,1,2.0,2,33,1,5,13, , , ,2,7.0,2018.0, ,6.0,Empleado_Formal,10.0,10.0,0.0,5,47,1
3528,589,11,1,2,9313,4100,0.0,6.0,7,1,1.0,1,33,2,6,13, , , ,2,10.0,2018.0, ,6.0,Empleado_Informal,11.0,11.0,0.0,9,41,1
3544,583,11,1,2,,,0.0,0.0, ,2,,1,47,1,10,13,1,1,3,2,4.0,2019.0,1,5.0,Desempleado,16.0,16.0,0.0,,,0
3544,583,11,2,2,5212,4771,2.0,1.0,7,1,1.0,2,38,1,4,13, , , ,1,11.0,2021.0, ,3.0,Empleado_Informal,9.0,9.0,0.0,5,47,1
3544,584,11,1,2,5211,4641,1.0,1.0,7,1,1.0,2,35,6,6,13, , , ,2,11.0,2018.0,0,6.0,Empleado_Informal,11.0,11.0,0.0,5,46,1
3544,585,11,1,2,,,0.0,0.0, ,2,,2,42,5,6,13, , , ,9,6.0,2023.0,1,1.0,Desempleado,11.0,11.0,0.0,,,0
3544,585,11,2,2,5131,5630,1.0,2.0,7,1,1.0,2,20,6,7,13, , ,3,1,6.0,2023.0, ,1.0,Empleado_Informal,12.5,12.5,0.0,5,56,1
3544,585,11,3,2,5212,4741,1.0,1.0,7,1,1.0,2,16,6,6,13, , , ,9,6.0,2024.0, ,0.0,Empleado_Informal,11.0,11.0,0.0,5,47,1
3544,585,11,4,2,9333,5320,1.0,3.0,7,1,1.0,1,20,6,6,13, , , ,1,6.0,2023.0,0,1.0,Empleado_Informal,11.0,11.0,0.0,9,53,1
3561,590,11,1,2,7354,1410,3.0,1.0,7,1,1.0,2,51,5,9,13, , ,3,2,3.0,2018.0, ,6.0,Empleado_Informal,13.5,13.5,0.0,7,14,1
3561,593,11,1,2,5312,9499,1.0,8.0,7,1,1.0,2,46,5,10,13,1,2,3,2,1.0,2019.0, ,5.0,Empleado_Informal,16.0,16.0,0.0,5,94,1
3561,593,11,2,2,9621,4923,5.0,0.0, ,1,1.0,2,25,6,8,13,1,2,3,2,1.0,2019.0, ,5.0,Empleado_Informal,14.0,14.0,0.0,9,49,1
3561,593,11,4,2,5212,4741,0.0,3.0,7,1,1.0,2,25,5,6,13, , , ,2,2.0,2021.0, ,3.0,Empleado_Informal,11.0,11.0,0.0,5,47,1
3561,608,11,1,2,9621,5610,4.0,0.0,7,1,1.0,1,31,1,6,13, , , ,2,2.0,2019.0, ,5.0,Empleado_Informal,11.0,11.0,0.0,9,56,1
3561,608,11,2,2,9629,5610,1.0,0.0,7,1,1.0,2,37,1,10,13,1,2,3,2,2.0,2019.0, ,5.0,Empleado_Informal,16.0,16.0,0.0,9,56,1
3577,605,11,1,2,5142,9602,4.0,0.0,7,1,1.0,1,37,1,5,13, , , ,2,7.0,2018.0, ,6.0,Empleado_Informal,10.0,10.0,0.0,5,96,1
3577,605,11,2,1,3314,9602,6.0,0.0, ,1,2.0,2,42,1,1,6, , ,1,,,,,,Empleado_Formal,0.0,11.0,-11.0,3,96,1
3577,605,11,3,2,5141,9602,1.0,0.0,7,1,1.0,1,17,6,5,13, , , ,2,12.0,2023.0, ,1.0,Empleado_Informal,10.0,10.0,0.0,5,96,1
3577,620,11,1,2,9629,8690,1.0,0.0,7,1,1.0,2,33,5,10,13,1,2,3,2,7.0,2023.0,0,1.0,Empleado_Informal,16.0,16.0,0.0,9,86,1
3577,621,11,1,2,9112,8121,3.0,0.0, ,1,1.0,2,43,5,7,13, , ,3,2,2.0,2018.0,0,6.0,Empleado_Informal,12.5,12.5,0.0,9,81,1
3594,601,11,1,2,3314,6810,1.0,6.0,7,1,1.0,1,37,1,9,13, , ,3,2,12.0,2022.0, ,2.0,Empleado_Informal,13.5,13.5,0.0,3,68,1
3594,601,11,2,2,9112,6810,1.0,6.0,7,1,1.0,2,39,1,10,13,1,2,3,2,12.0,2022.0,1,2.0,Empleado_Informal,16.0,16.0,0.0,9,68,1
3594,602,11,1,2,3334,6810,1.0,5.0,2,1,2.0,2,34,1,10,13,1,2,3,2,5.0,2018.0, ,6.0,Empleado_Formal,16.0,16.0,0.0,3,68,1
3594,602,11,2,2,7113,4330,5.0,0.0, ,1,1.0,1,32,1,7,13, , ,3,2,6.0,2019.0, ,5.0,Empleado_Informal,12.5,12.5,0.0,7,43,1
3594,603,11,1,2,8322,4922,1.0,0.0, ,1,1.0,1,34,1,8,13,1,2,3,2,7.0,2018.0,1,6.0,Empleado_Informal,14.0,14.0,0.0,8,49,1
3594,603,11,2,1,5212,4772,3.0,0.0,2,1,2.0,2,24,1,1,9, , ,0,,,,,,Empleado_Formal,0.0,13.5,-13.5,5,47,1
3610,612,11,1,2,5212,4773,0.0,3.0,7,1,1.0,1,39,2,6,13, , , ,2,10.0,2018.0,0,6.0,Empleado_Informal,11.0,11.0,0.0,5,47,1
3610,612,11,2,2,9629,9311,0.0,9.0,7,1,1.0,2,34,2,10,13,1,2,3,2,8.0,2019.0, ,5.0,Empleado_Informal,16.0,16.0,0.0,9,93,1
3610,614,11,1,2,9111,9700,4.0,0.0,7,1,1.0,2,43,5,6,13, , , ,2,8.0,2019.0, ,5.0,Empleado_Informal,11.0,11.0,0.0,9,97,1
3610,615,11,1,2,7513,1073,5.0,0.0, ,1,1.0,1,32,1,9,13, , ,3,2,6.0,2019.0,0,5.0,Empleado_Informal,13.5,13.5,0.0,7,10,1
3643,622,11,1,2,9411,5610,5.0,0.0, ,1,1.0,2,32,5,5,13, , , ,1,12.0,2018.0, ,6.0,Empleado_Informal,10.0,10.0,0.0,9,56,1
3643,627,11,1,2,5120,5610,0.0,8.0,7,1,1.0,1,34,1,10,13,1,2,3,2,7.0,2018.0, ,6.0,Empleado_Informal,16.0,16.0,0.0,5,56,1
3643,628,11,1,2,9412,5610,1.0,0.0,7,1,1.0,2,28,5,6,13, , , ,1,9.0,2021.0, ,3.0,Empleado_Informal,11.0,11.0,0.0,9,56,1
3676,632,11,1,2,9535,4799,2.0,1.0, ,1,1.0,2,34,6,9,9, , ,3,2,2.0,2021.0, ,3.0,Empleado_Informal,13.5,13.5,0.0,9,47,1
3676,633,11,1,2,9621,4923,0.0,8.0, ,1,1.0,1,33,1,6,13, , , ,2,5.0,2022.0, ,2.0,Empleado_Informal,11.0,11.0,0.0,9,49,1
3676,633,11,2,1,9321,8292,2.0,0.0,2,1,2.0,2,35,1,1,6, , ,1,,,,,,Empleado_Formal,0.0,11.0,-11.0,9,82,1
3676,640,11,1,2,7119,4100,5.0,6.0, ,1,1.0,1,40,1,6,13, , , ,1,12.0,2019.0, ,5.0,Empleado_Informal,11.0,11.0,0.0,7,41,1
3692,639,11,1,2,9412,5610,0.0,1.0,7,1,1.0,2,23,1,7,13, , ,3,2,12.0,2021.0, ,3.0,Empleado_Informal,12.5,12.5,0.0,9,56,1
3692,639,11,2,2,5120,5610,0.0,7.0,7,1,1.0,1,23,1,7,13, , ,3,2,12.0,2021.0, ,3.0,Empleado_Informal,12.5,12.5,0.0,5,56,1
3692,640,11,1,2,9112,8121,1.0,0.0, ,1,1.0,2,39,1,7,13, , ,3,2,7.0,2018.0,0,6.0,Empleado_Informal,12.5,12.5,0.0,9,81,1
3692,640,11,2,1,9333,4781,12.0,0.0,7,1,1.0,1,32,1,1,6, , ,1,,,,,,Empleado_Informal,0.0,11.0,-11.0,9,47,1
3692,640,11,3,2,5131,9329,2.0,0.0,7,1,1.0,2,20,6,5,6, , ,1,2,7.0,2018.0,1,6.0,Empleado_Informal,10.0,11.0,-1.0,5,93,1
3692,642,11,1,2,4321,5320,0.0,7.0,7,1,1.0,2,41,1,6,13, , , ,2,10.0,2018.0, ,6.0,Empleado_Informal,11.0,11.0,0.0,4,53,1
3692,642,11,2,2,9122,4520,2.0,0.0,2,1,2.0,1,42,1,8,13,1,2,3,2,10.0,2018.0, ,6.0,Empleado_Formal,14.0,14.0,0.0,9,45,1
3692,642,11,3,1,5132,5610,0.0,1.0,2,1,1.0,1,19,6,5,6, , ,2,,,,,,Empleado_Informal,10.0,11.0,-1.0,5,56,1
3709,646,11,1,2,5131,5630,4.0,0.0,7,1,1.0,1,37,2,10,13,1,2,3,2,9.0,2018.0, ,6.0,Empleado_Informal,16.0,16.0,0.0,5,56,1
3709,651,11,1,2,8322,4922,3.0,0.0,2,1,1.0,1,41,5,4,13, , , ,2,2.0,2019.0,1,5.0,Empleado_Informal,9.0,9.0,0.0,8,49,1
3709,655,11,1,2,5212,4773,3.0,6.0,7,1,1.0,2,40,1,10,13,1,2,3,2,7.0,2021.0,1,3.0,Empleado_Informal,16.0,16.0,0.0,5,47,1
3709,655,11,2,2,2257,4773,2.0,6.0,7,1,2.0,1,52,1,10,11, , ,3,2,7.0,2021.0,1,3.0,Empleado_Formal,16.0,19.0,-3.0,2,47,1
3725,656,11,1,1,4120,9602,1.0,6.0,7,1,1.0,2,23,1,1,9, , ,0,,,,,,Empleado_Informal,0.0,13.5,-13.5,4,96,1
3725,656,11,2,2,5120,5610,0.0,1.0,7,1,1.0,1,19,1,3,13, , , ,9,5.0,2024.0,0,0.0,Empleado_Informal,4.5,4.5,0.0,5,56,1
3725,667,11,1,2,9313,4100,6.0,0.0,7,1,1.0,1,44,1,4,13, , , ,2,6.0,2018.0,1,6.0,Empleado_Informal,9.0,9.0,0.0,9,41,1
3725,667,11,2,2,9111,9700,5.0,0.0,7,1,1.0,2,50,1,4,13, , , ,2,5.0,2019.0, ,5.0,Empleado_Informal,9.0,9.0,0.0,9,97,1
3725,670,11,1,2,9621,4923,0.0,1.0, ,1,1.0,1,37,1,3,13, , , ,2,12.0,2018.0, ,6.0,Empleado_Informal,4.5,4.5,0.0,9,49,1
3725,670,11,2,2,9629,5221,1.0,3.0,7,1,1.0,2,46,1,4,13, , , ,2,12.0,2018.0, ,6.0,Empleado_Informal,9.0,9.0,0.0,9,52,1
3725,670,11,4,2,9313,4100,0.0,1.0,7,1,1.0,1,23,1,4,13, , , ,1,8.0,2022.0, ,2.0,Empleado_Informal,9.0,9.0,0.0,9,41,1
3741,660,11,1,2,5142,9602,2.0,1.0,7,1,1.0,2,59,3,5,13, , , ,2,9.0,2019.0, ,5.0,Empleado_Informal,10.0,10.0,0.0,5,96,1
3741,661,11,1,2,5142,9602,3.0,1.0, ,1,1.0,2,31,6,5,13, , , ,2,3.0,2018.0,0,6.0,Empleado_Informal,10.0,10.0,0.0,5,96,1
3741,664,11,1,2,9621,4923,2.0,0.0, ,1,1.0,1,37,1,6,13, , , ,2,5.0,2020.0, ,4.0,Empleado_Informal,11.0,11.0,0.0,9,49,1
3741,664,11,2,2,9111,9700,1.0,0.0,7,1,1.0,2,37,1,6,13, , , ,2,5.0,2020.0, ,4.0,Empleado_Informal,11.0,11.0,0.0,9,97,1
3758,666,11,1,2,8332,4923,4.0,1.0, ,1,1.0,1,34,1,10,13,1,2,3,2,9.0,2017.0, ,7.0,Empleado_Informal,16.0,16.0,0.0,8,49,1
3758,676,11,1,2,9629,8690,1.0,0.0,7,1,1.0,2,27,2,6,13, , , ,6,10.0,2022.0, ,2.0,Empleado_Informal,11.0,11.0,0.0,9,86,1
3758,676,11,2,2,9313,4100,1.0,1.0,7,1,1.0,1,23,2,5,13, , , ,6,10.0,2022.0, ,2.0,Empleado_Informal,10.0,10.0,0.0,9,41,1
3758,677,11,1,2,5243,4791,1.0,1.0, ,1,1.0,2,39,6,8,13,1,2,3,2,10.0,2018.0,1,6.0,Empleado_Informal,14.0,14.0,0.0,5,47,1
3774,671,11,1,2,7221,3100,1.0,0.0,7,1,1.0,1,40,1,4,13, , , ,2,1.0,2018.0,0,6.0,Empleado_Informal,9.0,9.0,0.0,7,31,1
3774,671,11,2,2,5212,4772,0.0,6.0,7,1,1.0,2,35,1,4,13, , , ,2,6.0,2018.0,0,6.0,Empleado_Informal,9.0,9.0,0.0,5,47,1
3774,676,11,1,2,7128,4330,2.0,0.0, ,1,1.0,1,62,1,4,13, , , ,2,7.0,2019.0,0,5.0,Empleado_Informal,9.0,9.0,0.0,7,43,1
3774,676,11,2,2,7352,1410,2.0,0.0, ,1,1.0,2,50,1,4,13, , , ,2,8.0,2019.0,0,5.0,Empleado_Informal,9.0,9.0,0.0,7,14,1
3774,676,11,4,2,5120,5610,1.0,9.0,7,1,1.0,2,29,6,8,13,1,2,3,2,8.0,2018.0, ,6.0,Empleado_Informal,14.0,14.0,0.0,5,56,1
3774,677,11,1,2,5120,5610,5.0,0.0, ,1,1.0,2,41,6,9,13, , ,3,2,9.0,2016.0, ,8.0,Empleado_Informal,13.5,13.5,0.0,5,56,1
3774,677,11,2,2,5120,5610,0.0,10.0,7,1,1.0,1,20,6,3,13, , , ,2,10.0,2016.0,1,8.0,Empleado_Informal,4.5,4.5,0.0,5,56,1
3791,676,11,1,2,8322,4922,5.0,0.0, ,1,1.0,1,39,2,4,13, , , ,2,1.0,2018.0, ,6.0,Empleado_Informal,9.0,9.0,0.0,8,49,1
3791,676,11,2,2,5120,5610,2.0,0.0, ,1,1.0,2,36,2,10,13,1,2,3,2,8.0,2018.0,0,6.0,Empleado_Informal,16.0,16.0,0.0,5,56,1
3791,681,11,1,2,5120,5610,2.0,0.0,7,1,1.0,2,46,1,3,13, , , ,2,2.0,2021.0, ,3.0,Empleado_Informal,4.5,4.5,0.0,5,56,1
3791,681,11,2,2,,,0.0,0.0, ,2,,1,55,1,3,13, , , ,9,2.0,2024.0, ,0.0,Desempleado,4.5,4.5,0.0,,,0
3791,681,11,3,2,5120,5610,2.0,0.0,7,1,1.0,2,22,6,4,13, , , ,2,2.0,2021.0, ,3.0,Empleado_Informal,9.0,9.0,0.0,5,56,1
3791,681,11,5,2,9621,5610,3.0,0.0,7,1,1.0,1,28,1,3,13, , , ,2,11.0,2018.0, ,6.0,Empleado_Informal,4.5,4.5,0.0,9,56,1
3791,681,11,6,2,5230,5610,2.0,0.0,2,1,2.0,2,28,1,4,13, , , ,2,1.0,2018.0, ,6.0,Empleado_Formal,9.0,9.0,0.0,5,56,1
3791,690,11,1,2,9211,146,3.0,0.0,7,1,1.0,1,38,1,3,13, , , ,2,12.0,2018.0, ,6.0,Empleado_Informal,4.5,4.5,0.0,9,01,1
3857,702,11,1,2,5141,9602,3.0,0.0,7,1,1.0,1,21,6,5,13, , , ,6,3.0,2021.0, ,3.0,Empleado_Informal,10.0,10.0,0.0,5,96,1
3857,703,11,1,2,5141,9602,2.0,0.0,7,1,1.0,1,34,6,6,13, , , ,2,8.0,2019.0, ,5.0,Empleado_Informal,11.0,11.0,0.0,5,96,1
3857,704,11,1,1,,,0.0,0.0, ,2,,2,52,1,1,10, , ,0,,,,,,Desempleado,0.0,16.0,-16.0,,,0
3857,704,11,2,2,5212,4773,0.0,5.0,7,1,1.0,1,47,1,10,13,1,2,3,2,5.0,2016.0,0,8.0,Empleado_Informal,16.0,16.0,0.0,5,47,1
3889,713,11,1,2,9112,8121,0.0,5.0, ,1,1.0,2,56,6,6,13, , , ,2,7.0,2018.0,1,6.0,Empleado_Informal,11.0,11.0,0.0,9,81,1
3889,715,11,1,2,5212,4761,2.0,0.0,7,1,1.0,1,31,6,10,13,1,2,3,2,1.0,2019.0, ,5.0,Empleado_Informal,16.0,16.0,0.0,5,47,1
3889,727,11,1,2,9122,4520,4.0,6.0,7,1,1.0,1,32,5,8,13,1,1,3,9,5.0,2020.0, ,4.0,Empleado_Informal,14.0,14.0,0.0,9,45,1
3889,727,11,2,2,9122,4520,0.0,2.0,7,1,1.0,1,19,6,6,13, , , ,9,9.0,2024.0, ,0.0,Empleado_Informal,11.0,11.0,0.0,9,45,1
4142,7,11,1,2,7128,4330,4.0,0.0, ,1,1.0,1,45,2,4,13, , , ,2,6.0,2019.0,0,5.0,Empleado_Informal,9.0,9.0,0.0,7,43,1
4142,7,11,2,2,9412,5610,0.0,3.0,7,1,1.0,2,42,2,10,13,1,2,3,2,6.0,2019.0, ,5.0,Empleado_Informal,16.0,16.0,0.0,9,56,1
4142,8,11,1,2,9313,4100,0.0,1.0,7,1,1.0,1,18,1,5,13, , , ,1,3.0,2019.0, ,5.0,Empleado_Informal,10.0,10.0,0.0,9,41,1
4142,9,11,1,2,9313,4100,0.0,1.0,7,1,1.0,1,24,1,6,13, , , ,1,12.0,2020.0, ,4.0,Empleado_Informal,11.0,11.0,0.0,9,41,1
4142,9,11,2,2,,,0.0,0.0, ,3,,2,28,1,6,13, , , ,1,11.0,2021.0,0,3.0,Desempleado,11.0,11.0,0.0,,,0
4154,14,11,1,2,8321,4922,0.0,8.0, ,1,1.0,1,32,1,6,13, , , ,2,1.0,2020.0, ,4.0,Empleado_Informal,11.0,11.0,0.0,8,49,1
4154,17,11,1,2,8322,4921,0.0,3.0, ,1,1.0,1,44,5,6,13, , , ,6,4.0,2019.0, ,5.0,Empleado_Informal,11.0,11.0,0.0,8,49,1
4154,24,11,1,2,8322,4922,5.0,0.0, ,1,1.0,1,35,1,10,13,1,2,3,2,8.0,2018.0,1,6.0,Empleado_Informal,16.0,16.0,0.0,8,49,1
4154,24,11,2,1,5141,9602,0.0,6.0,7,1,1.0,2,26,1,1,6, , ,1,,,,,,Empleado_Informal,0.0,11.0,-11.0,5,96,1
4177,38,11,1,2,7511,1020,0.0,5.0,7,1,1.0,1,48,1,5,13, , , ,1,12.0,2016.0, ,8.0,Empleado_Informal,10.0,10.0,0.0,7,10,1
4177,38,11,2,2,,,0.0,0.0, ,3,,2,43,1,10,13,1,2,3,1,1.0,2019.0, ,5.0,Desempleado,16.0,16.0,0.0,,,0
4177,38,11,3,2,9122,4520,6.0,0.0,7,1,1.0,1,26,6,8,13,1,2,3,1,1.0,2019.0, ,5.0,Empleado_Informal,14.0,14.0,0.0,9,45,1
4177,38,11,4,2,,,0.0,0.0, ,2,,1,24,6,5,13, , , ,1,1.0,2019.0, ,5.0,Desempleado,10.0,10.0,0.0,,,0
4177,39,11,1,2,9313,4100,0.0,6.0,7,1,1.0,1,34,1,6,13, , , ,2,8.0,2020.0,0,4.0,Empleado_Informal,11.0,11.0,0.0,9,41,1
4177,41,11,1,2,9213,311,4.0,0.0,7,1,1.0,1,23,6,6,6, , ,1,1,1.0,2019.0, ,5.0,Empleado_Informal,11.0,11.0,0.0,9,03,1
4188,38,11,1,2,7511,1020,5.0,0.0,7,1,1.0,2,37,6,4,13, , , ,2,9.0,2018.0,0,6.0,Empleado_Informal,9.0,9.0,0.0,7,10,1
4188,39,11,1,2,7511,1020,3.0,0.0,7,1,1.0,1,32,1,4,13, , , ,2,9.0,2019.0,0,5.0,Empleado_Informal,9.0,9.0,0.0,7,10,1
4188,40,11,1,2,9412,1071,5.0,0.0,7,1,1.0,1,34,1,9,13, , ,3,2,8.0,2018.0, ,6.0,Empleado_Informal,13.5,13.5,0.0,9,10,1
4188,40,11,2,2,5212,4721,2.0,0.0,7,1,1.0,2,30,1,6,13, , , ,2,10.0,2018.0, ,6.0,Empleado_Informal,11.0,11.0,0.0,5,47,1
4200,62,11,1,2,3322,3100,4.0,0.0,7,1,1.0,1,29,1,4,13, , , ,2,6.0,2019.0, ,5.0,Empleado_Informal,9.0,9.0,0.0,3,31,1
4200,63,11,1,2,7128,4330,3.0,0.0, ,1,1.0,1,39,1,6,13, , , ,2,2.0,2019.0, ,5.0,Empleado_Informal,11.0,11.0,0.0,7,43,1
4200,64,11,1,2,9112,8121,1.0,0.0, ,1,1.0,2,33,6,6,13, , , ,2,5.0,2019.0, ,5.0,Empleado_Informal,11.0,11.0,0.0,9,81,1
4200,64,11,2,2,9112,3100,0.0,4.0,7,1,1.0,1,18,6,5,13, , , ,9,10.0,2023.0, ,1.0,Empleado_Informal,10.0,10.0,0.0,9,31,1
4211,73,11,1,2,7513,1073,0.0,3.0, ,1,1.0,2,38,2,8,13,1,2,3,2,9.0,2018.0, ,6.0,Empleado_Informal,14.0,14.0,0.0,7,10,1
4211,73,11,2,1,9313,8790,30.0,0.0,1,1,2.0,1,63,2,1,6, , ,1,,,,,,Empleado_Formal,0.0,11.0,-11.0,9,87,1
4211,77,11,1,2,9321,1020,0.0,3.0,7,1,1.0,1,49,1,4,13, , , ,6,4.0,2021.0, ,3.0,Empleado_Informal,9.0,9.0,0.0,9,10,1
4211,78,11,1,2,7511,1020,2.0,0.0,7,1,1.0,1,49,4,8,13,1,2,3,2,4.0,2018.0, ,6.0,Empleado_Informal,14.0,14.0,0.0,7,10,1
4245,70,11,1,2,9333,4663,4.0,0.0,7,1,1.0,1,33,1,3,13, , , ,1,10.0,2020.0, ,4.0,Empleado_Informal,4.5,4.5,0.0,9,46,1
4245,73,11,1,2,8322,4921,5.0,0.0, ,1,1.0,1,41,6,10,13,1,2,3,2,5.0,2019.0, ,5.0,Empleado_Informal,16.0,16.0,0.0,8,49,1
4245,74,11,1,2,8322,4921,1.0,0.0, ,1,1.0,1,41,2,5,13, , , ,1,7.0,2023.0,0,1.0,Empleado_Informal,10.0,10.0,0.0,8,49,1
4280,91,11,1,2,9313,4100,1.0,0.0,7,1,1.0,1,40,1,3,13, , , ,1,7.0,2022.0,0,2.0,Empleado_Informal,4.5,4.5,0.0,9,41,1
4280,91,11,2,2,,,0.0,0.0, ,3,,2,31,1,3,13, , , ,1,7.0,2022.0, ,2.0,Desempleado,4.5,4.5,0.0,,,0
4280,92,11,1,2,9629,4520,0.0,1.0,7,1,1.0,1,30,5,6,13, , , ,6,4.0,2023.0, ,1.0,Empleado_Informal,11.0,11.0,0.0,9,45,1
4280,95,11,1,2,8322,4922,2.0,0.0,7,1,1.0,1,64,2,5,13, , , ,2,12.0,2021.0, ,3.0,Empleado_Informal,10.0,10.0,0.0,8,49,1
4291,94,11,1,2,9122,4520,1.0,0.0,7,1,1.0,2,23,5,4,13, , , ,9,2.0,2023.0, ,1.0,Empleado_Informal,9.0,9.0,0.0,9,45,1
4291,94,11,4,2,9122,4520,0.0,5.0,7,1,1.0,1,26,6,6,13, , , ,6,11.0,2020.0, ,4.0,Empleado_Informal,11.0,11.0,0.0,9,45,1
4291,95,11,1,2,,,0.0,0.0, ,2,,1,27,1,4,13, , , ,1,1.0,2022.0, ,2.0,Desempleado,9.0,9.0,0.0,,,0
4291,95,11,2,2,5131,5610,0.0,4.0,7,1,1.0,2,23,1,4,13, , , ,1,1.0,2022.0,1,2.0,Empleado_Informal,9.0,9.0,0.0,5,56,1
4291,97,11,1,2,8321,4922,0.0,2.0, ,1,1.0,1,27,1,5,13, , , ,1,4.0,2021.0,1,3.0,Empleado_Informal,10.0,10.0,0.0,8,49,1
4303,101,11,1,2,7511,1020,0.0,2.0,7,1,1.0,1,49,1,6,13, , , ,2,11.0,2018.0,1,6.0,Empleado_Informal,11.0,11.0,0.0,7,10,1
4303,101,11,2,2,7513,1071,0.0,2.0,7,1,1.0,2,46,1,10,13,1,2,3,2,7.0,2019.0,0,5.0,Empleado_Informal,16.0,16.0,0.0,7,10,1
4303,107,11,1,2,9411,5610,4.0,0.0,7,1,1.0,2,57,4,6,13, , , ,2,12.0,2018.0, ,6.0,Empleado_Informal,11.0,11.0,0.0,9,56,1
4303,107,11,2,2,5213,4789,4.0,8.0,7,1,1.0,2,35,6,10,13,1,2,3,2,5.0,2017.0, ,7.0,Empleado_Informal,16.0,16.0,0.0,5,47,1
4303,109,11,1,2,9621,4923,0.0,6.0, ,1,1.0,1,35,2,8,13,1,2,3,2,7.0,2021.0,0,3.0,Empleado_Informal,14.0,14.0,0.0,9,49,1
4314,107,11,1,2,8321,5610,3.0,0.0,7,1,1.0,1,27,6,6,13, , , ,2,3.0,2018.0,1,6.0,Empleado_Informal,11.0,11.0,0.0,8,56,1
4314,108,11,1,2,5213,4782,1.0,0.0,7,1,1.0,2,34,6,4,13, , , ,1,9.0,2022.0, ,2.0,Empleado_Informal,9.0,9.0,0.0,5,47,1
4314,110,11,1,2,7511,1020,1.0,0.0,7,1,1.0,1,30,1,3,13, , , ,6,7.0,2020.0,1,4.0,Empleado_Informal,4.5,4.5,0.0,7,10,1
4348,129,11,1,2,5120,5610,0.0,1.0, ,1,1.0,1,25,1,6,13, , , ,9,8.0,2024.0, ,0.0,Empleado_Informal,11.0,11.0,0.0,5,56,1
4348,130,11,1,2,2211,8690,4.0,0.0,2,1,2.0,2,54,4,10,11, , ,3,1,3.0,2018.0, ,6.0,Empleado_Formal,16.0,19.0,-3.0,2,86,1
4348,132,11,1,2,7513,1071,0.0,3.0, ,1,1.0,1,45,1,6,13, , , ,2,5.0,2017.0, ,7.0,Empleado_Informal,11.0,11.0,0.0,7,10,1
4383,146,11,1,2,9549,4799,2.0,1.0, ,1,1.0,2,51,3,10,13,1,2,3,2,8.0,2019.0, ,5.0,Empleado_Informal,16.0,16.0,0.0,9,47,1
4383,146,11,2,2,9549,4799,4.0,2.0, ,1,1.0,1,19,6,5,6, , ,1,2,8.0,2019.0, ,5.0,Empleado_Informal,10.0,11.0,-1.0,9,47,1
4383,147,11,1,2,9313,4100,0.0,1.0,7,1,1.0,1,51,5,5,13, , , ,9,10.0,2018.0, ,6.0,Empleado_Informal,10.0,10.0,0.0,9,41,1
4383,152,11,1,2,5212,4741,1.0,0.0,7,1,1.0,1,25,6,6,13, , , ,2,7.0,2018.0,0,6.0,Empleado_Informal,11.0,11.0,0.0,5,47,1
4406,161,11,1,2,9412,5610,0.0,4.0,7,1,1.0,2,33,6,10,13,1,2,3,2,10.0,2018.0,0,6.0,Empleado_Informal,16.0,16.0,0.0,9,56,1
4406,162,11,1,2,5120,5610,3.0,1.0, ,1,1.0,1,41,1,10,13,1,2,3,2,3.0,2018.0,1,6.0,Empleado_Informal,16.0,16.0,0.0,5,56,1
4406,162,11,2,2,5131,5610,3.0,0.0,7,1,1.0,2,38,1,8,13,1,2,3,1,10.0,2018.0,0,6.0,Empleado_Informal,14.0,14.0,0.0,5,56,1
4406,163,11,1,2,9412,5610,3.0,0.0,7,1,1.0,1,69,3,10,13,1,2,3,2,7.0,2020.0,0,4.0,Empleado_Informal,16.0,16.0,0.0,9,56,1
4417,168,11,1,2,,,0.0,0.0, ,3,,1,33,1,6,13, , , ,2,6.0,2019.0, ,5.0,Desempleado,11.0,11.0,0.0,,,0
4417,168,11,2,2,9512,4799,1.0,8.0, ,1,1.0,2,31,1,10,13,2, ,3,2,2.0,2022.0, ,2.0,Empleado_Informal,16.0,16.0,0.0,9,47,1
4417,169,11,1,2,5213,4789,2.0,0.0,7,1,1.0,1,25,1,6,13, , , ,1,7.0,2021.0,1,3.0,Empleado_Informal,11.0,11.0,0.0,5,47,1
4417,169,11,2,2,5120,5610,0.0,6.0, ,1,1.0,2,25,1,6,13, , , ,6,7.0,2021.0, ,3.0,Empleado_Informal,11.0,11.0,0.0,5,56,1
4417,170,11,1,2,9321,1020,1.0,6.0,7,1,1.0,1,25,6,6,13, , , ,2,6.0,2019.0,1,5.0,Empleado_Informal,11.0,11.0,0.0,9,10,1
4428,173,11,1,2,9321,1020,5.0,6.0,7,1,1.0,2,43,6,6,13, , , ,2,6.0,2018.0, ,6.0,Empleado_Informal,11.0,11.0,0.0,9,10,1
4428,175,11,1,2,5245,1071,0.0,7.0,7,1,1.0,2,32,1,4,13, , , ,1,5.0,2019.0, ,5.0,Empleado_Informal,9.0,9.0,0.0,5,10,1
4428,176,11,1,2,7111,4100,3.0,1.0,7,1,1.0,1,44,1,3,13, , , ,9,10.0,2020.0, ,4.0,Empleado_Informal,4.5,4.5,0.0,7,41,1
4440,179,11,1,2,2144,4520,3.0,0.0,7,1,1.0,1,47,5,10,13,1,2,3,1,7.0,2018.0,1,6.0,Empleado_Informal,16.0,16.0,0.0,2,45,1
4440,182,11,1,2,9321,1020,6.0,1.0,7,1,1.0,2,63,6,5,13, , , ,2,7.0,2018.0, ,6.0,Empleado_Informal,10.0,10.0,0.0,9,10,1
4440,183,11,1,2,9313,4100,6.0,0.0,7,1,1.0,1,40,6,5,13, , , ,2,6.0,2018.0, ,6.0,Empleado_Informal,10.0,10.0,0.0,9,41,1
4463,191,12,1,2,7111,4210,4.0,0.0,7,1,1.0,1,49,1,5,13, , , ,2,2.0,2019.0, ,5.0,Empleado_Informal,10.0,10.0,0.0,7,42,1
4463,191,12,2,2,9412,5610,0.0,1.0,7,1,1.0,2,43,1,5,13, , , ,2,2.0,2019.0,1,5.0,Empleado_Informal,10.0,10.0,0.0,9,56,1
4463,191,12,3,2,,,0.0,0.0, ,2,,1,18,6,5,6, , ,1,2,2.0,2019.0,0,5.0,Desempleado,10.0,11.0,-1.0,,,0
4463,200,11,1,2,,,0.0,0.0, ,2,,2,50,6,9,13, , ,3,2,7.0,2019.0,0,5.0,Desempleado,13.5,13.5,0.0,,,0
4463,200,11,2,2,5212,4771,1.0,1.0,7,1,1.0,2,18,6,3,6, , ,1,1,7.0,2019.0, ,5.0,Empleado_Informal,4.5,11.0,-6.5,5,47,1
4463,202,11,1,2,5230,4520,0.0,5.0,7,1,1.0,2,23,1,6,13, , , ,2,11.0,2022.0, ,2.0,Empleado_Informal,11.0,11.0,0.0,5,45,1
4463,202,11,2,2,7231,4520,0.0,5.0,7,1,1.0,1,24,1,6,13, , , ,2,8.0,2018.0, ,6.0,Empleado_Informal,11.0,11.0,0.0,7,45,1
4474,197,11,1,2,5131,5610,0.0,1.0,7,1,1.0,2,39,5,5,13, , , ,2,10.0,2017.0,1,7.0,Empleado_Informal,10.0,10.0,0.0,5,56,1
4474,197,11,2,2,5131,5610,0.0,1.0,7,1,1.0,2,16,6,4,5, , , ,2,5.0,2019.0,0,5.0,Empleado_Informal,9.0,8.5,0.5,5,56,1
4474,199,11,1,2,9313,4100,0.0,1.0,7,1,1.0,1,30,1,5,13, , , ,1,1.0,2019.0,0,5.0,Empleado_Informal,10.0,10.0,0.0,9,41,1
4474,199,11,2,2,,,0.0,0.0, ,2,,2,36,1,5,13, , , ,1,1.0,2018.0, ,6.0,Desempleado,10.0,10.0,0.0,,,0
4474,199,11,3,2,9313,4100,0.0,1.0,7,1,1.0,1,16,6,5,13, , , ,1,1.0,2019.0,0,5.0,Empleado_Informal,10.0,10.0,0.0,9,41,1
4474,199,11,4,2,9122,4520,0.0,1.0,7,1,1.0,1,15,6,5,13, , , ,1,1.0,2019.0,0,5.0,Empleado_Informal,10.0,10.0,0.0,9,45,1
4474,208,11,1,2,5212,4771,1.0,8.0,7,1,1.0,2,22,6,6,13, , , ,2,3.0,2022.0, ,2.0,Empleado_Informal,11.0,11.0,0.0,5,47,1
4474,208,11,3,2,7231,4520,2.0,0.0,7,1,1.0,1,15,6,1,13, , , ,2,11.0,2021.0, ,3.0,Empleado_Informal,0.0,0.0,0.0,7,45,1
4486,203,11,1,2,,,0.0,0.0, ,3,,2,24,1,6,13, , , ,2,3.0,2020.0, ,4.0,Desempleado,11.0,11.0,0.0,,,0
4486,203,11,2,2,,,0.0,0.0, ,3,,1,31,1,5,13, , , ,1,6.0,2021.0, ,3.0,Desempleado,10.0,10.0,0.0,,,0
4486,204,11,1,2,9333,5320,4.0,1.0,7,1,1.0,1,42,1,3,13, , , ,9,3.0,2021.0,1,3.0,Empleado_Informal,4.5,4.5,0.0,9,53,1
4486,204,11,2,2,,,0.0,0.0, ,2,,2,41,1,6,13, , , ,2,12.0,2015.0, ,9.0,Desempleado,11.0,11.0,0.0,,,0
4486,205,11,1,2,7511,1020,0.0,4.0,7,1,1.0,1,24,1,5,13, , , ,9,7.0,2023.0, ,1.0,Empleado_Informal,10.0,10.0,0.0,7,10,1
4486,205,11,2,2,7511,1020,0.0,2.0,7,1,1.0,2,40,1,4,13, , , ,9,7.0,2023.0, ,1.0,Empleado_Informal,9.0,9.0,0.0,7,10,1
4577,256,11,1,2,9622,9329,2.0,8.0,7,1,1.0,1,33,5,6,13, , , ,9,8.0,2021.0,1,3.0,Empleado_Informal,11.0,11.0,0.0,9,93,1
4577,257,11,1,2,5213,4781,1.0,0.0,7,1,1.0,1,26,6,6,13, , , ,1,3.0,2023.0, ,1.0,Empleado_Informal,11.0,11.0,0.0,5,47,1
4577,260,11,1,2,7231,4540,0.0,4.0,7,1,1.0,1,25,1,9,13, , ,3,9,4.0,2024.0, ,0.0,Empleado_Informal,13.5,13.5,0.0,7,45,1
4588,261,11,1,2,,,0.0,0.0, ,2,,2,31,5,5,13, , , ,1,8.0,2023.0,1,1.0,Desempleado,10.0,10.0,0.0,,,0
4588,262,11,1,2,,,0.0,0.0, ,2,,1,32,1,9,13, , ,3,1,3.0,2023.0,1,1.0,Desempleado,13.5,13.5,0.0,,,0
4588,262,11,2,2,,,0.0,0.0, ,2,,2,21,1,6,13, , , ,1,9.0,2023.0,1,1.0,Desempleado,11.0,11.0,0.0,,,0
4588,264,11,1,2,,,0.0,0.0, ,2,,1,27,1,8,13,2, ,3,2,1.0,2018.0, ,6.0,Desempleado,14.0,14.0,0.0,,,0
4588,264,11,2,1,,,0.0,0.0, ,2,,2,27,1,1,5, , , ,,,,,,Desempleado,0.0,8.5,-8.5,,,0
4634,285,11,1,2,,,0.0,0.0, ,3,,2,57,5,6,13, , , ,2,5.0,2019.0, ,5.0,Desempleado,11.0,11.0,0.0,,,0
4634,285,11,2,2,9333,1020,0.0,1.0,7,1,1.0,1,29,6,5,13, , , ,1,6.0,2019.0, ,5.0,Empleado_Informal,10.0,10.0,0.0,9,10,1
4634,286,11,1,2,9511,4799,2.0,1.0, ,1,1.0,1,45,2,4,13, , , ,1,11.0,2020.0, ,4.0,Empleado_Informal,9.0,9.0,0.0,9,47,1
4634,287,11,1,2,9333,1061,0.0,1.0,7,1,1.0,1,21,1,4,13, , , ,9,9.0,2020.0, ,4.0,Empleado_Informal,9.0,9.0,0.0,9,10,1
4657,303,11,1,1,4419,4921,15.0,9.0,1,1,1.0,1,52,1,1,10, , ,0,,,,,,Empleado_Informal,0.0,16.0,-16.0,4,49,1
4657,303,11,2,2,5212,4773,1.0,1.0, ,1,2.0,2,43,1,10,13,1,2,3,2,7.0,2018.0, ,6.0,Empleado_Formal,16.0,16.0,0.0,5,47,1
4657,307,11,1,2,7511,1020,0.0,1.0,7,1,1.0,1,30,1,8,13,1,2,3,9,5.0,2018.0, ,6.0,Empleado_Informal,14.0,14.0,0.0,7,10,1
4657,307,11,2,2,,,0.0,0.0, ,3,,2,24,1,6,13, , , ,1,2.0,2020.0, ,4.0,Desempleado,11.0,11.0,0.0,,,0
4657,308,11,1,2,9412,5610,1.0,8.0,7,1,1.0,2,33,6,9,13, , ,3,1,2.0,2022.0, ,2.0,Empleado_Informal,13.5,13.5,0.0,9,56,1
4669,309,11,1,2,9629,146,1.0,0.0,7,1,1.0,1,30,1,9,13, , ,3,2,1.0,2019.0, ,5.0,Empleado_Informal,13.5,13.5,0.0,9,01,1
4669,309,11,2,2,9629,146,1.0,0.0,7,1,1.0,1,32,1,9,13, , ,3,2,3.0,2019.0, ,5.0,Empleado_Informal,13.5,13.5,0.0,9,01,1
4669,310,11,1,2,8322,4922,4.0,0.0, ,1,1.0,1,53,1,9,13, , ,3,2,11.0,2020.0, ,4.0,Empleado_Informal,13.5,13.5,0.0,8,49,1
4669,310,11,2,2,9412,5610,2.0,0.0,2,1,1.0,2,38,1,6,13, , , ,2,1.0,2021.0, ,3.0,Empleado_Informal,11.0,11.0,0.0,9,56,1
4669,311,11,1,2,5131,5610,0.0,9.0,7,1,1.0,2,28,6,4,4, , , ,1,10.0,2023.0, ,1.0,Empleado_Informal,9.0,6.0,3.0,5,56,1
4680,317,11,1,2,9313,4100,1.0,0.0,7,1,1.0,1,51,2,5,13, , , ,1,9.0,2021.0, ,3.0,Empleado_Informal,10.0,10.0,0.0,9,41,1
4680,317,11,3,2,9629,146,5.0,0.0,7,1,1.0,1,29,6,6,13, , , ,2,7.0,2018.0, ,6.0,Empleado_Informal,11.0,11.0,0.0,9,01,1
4680,317,11,4,2,9629,146,0.0,3.0,7,1,1.0,1,15,6,4,13, , , ,1,9.0,2021.0, ,3.0,Empleado_Informal,9.0,9.0,0.0,9,01,1
4680,325,11,1,2,5131,5610,3.0,0.0,7,1,1.0,2,35,5,6,13, , , ,1,2.0,2021.0,0,3.0,Empleado_Informal,11.0,11.0,0.0,5,56,1
4680,327,11,1,2,4224,5510,5.0,11.0,7,1,1.0,2,52,5,8,13,1,2,3,2,3.0,2018.0, ,6.0,Empleado_Informal,14.0,14.0,0.0,4,55,1
4794,392,11,1,2,9313,4100,1.0,11.0,7,1,1.0,1,37,1,4,13, , , ,2,4.0,2017.0, ,7.0,Empleado_Informal,9.0,9.0,0.0,9,41,1
4794,392,11,2,2,9412,5610,0.0,1.0,7,1,1.0,2,26,1,8,13,2, ,3,2,12.0,2018.0, ,6.0,Empleado_Informal,14.0,14.0,0.0,9,56,1
4794,393,11,1,2,9313,4100,5.0,0.0,7,1,1.0,1,36,6,3,13, , , ,7,6.0,2019.0, ,5.0,Empleado_Informal,4.5,4.5,0.0,9,41,1
4794,393,11,2,2,9313,4100,0.0,1.0,7,1,1.0,1,40,6,3,13, , , ,2,9.0,2018.0, ,6.0,Empleado_Informal,4.5,4.5,0.0,9,41,1
4794,393,11,3,2,9313,4100,0.0,1.0,7,1,1.0,1,28,6,5,13, , , ,2,6.0,2018.0, ,6.0,Empleado_Informal,10.0,10.0,0.0,9,41,1
4794,394,11,1,1,5131,5610,1.0,6.0,7,1,1.0,1,30,1,1,9, , ,0,,,,,,Empleado_Informal,0.0,13.5,-13.5,5,56,1
4794,394,11,2,2,5120,5610,1.0,6.0,7,1,1.0,2,39,1,7,13, , ,3,2,7.0,2018.0,0,6.0,Empleado_Informal,12.5,12.5,0.0,5,56,1
4874,446,11,1,2,5120,5610,9.0,0.0,7,1,1.0,1,32,2,9,13, , ,3,2,6.0,2017.0,1,7.0,Empleado_Informal,13.5,13.5,0.0,5,56,1
4874,446,11,2,1,5212,4771,0.0,6.0,2,1,2.0,2,32,2,1,9, , ,0,,,,,,Empleado_Formal,0.0,13.5,-13.5,5,47,1
4874,453,11,1,2,9321,1020,2.0,8.0,2,1,2.0,1,47,6,10,13,1,2,3,2,12.0,2021.0, ,3.0,Empleado_Formal,16.0,16.0,0.0,9,10,1
4874,454,11,1,2,9112,8129,0.0,6.0,2,1,2.0,1,43,6,10,13,1,2,3,2,5.0,2021.0,1,3.0,Empleado_Formal,16.0,16.0,0.0,9,81,1
4943,488,11,1,2,7511,1020,4.0,8.0,7,1,1.0,1,30,1,6,13, , , ,2,8.0,2019.0, ,5.0,Empleado_Informal,11.0,11.0,0.0,7,10,1
4943,488,11,2,2,7511,1020,3.0,0.0,7,1,1.0,2,40,1,10,13,2, ,3,2,2.0,2020.0, ,4.0,Empleado_Informal,16.0,16.0,0.0,7,10,1
4943,488,11,4,2,9629,1020,5.0,0.0,7,1,1.0,2,34,5,6,13, , , ,1,6.0,2018.0, ,6.0,Empleado_Informal,11.0,11.0,0.0,9,10,1
4943,489,11,1,2,9313,4100,0.0,1.0,7,1,1.0,1,34,5,9,13, , ,3,2,1.0,2019.0, ,5.0,Empleado_Informal,13.5,13.5,0.0,9,41,1
4943,492,11,1,1,8321,4922,5.0,0.0, ,1,2.0,1,66,3,1,6, , ,1,,,,,,Empleado_Formal,0.0,11.0,-11.0,8,49,1
4943,492,11,2,2,8321,4922,3.0,0.0, ,1,2.0,1,34,2,6,13, , , ,2,6.0,2018.0, ,6.0,Empleado_Formal,11.0,11.0,0.0,8,49,1
4943,492,11,3,2,7511,1020,0.0,10.0,7,1,1.0,2,27,2,6,13, , , ,4,6.0,2018.0,1,6.0,Empleado_Informal,11.0,11.0,0.0,7,10,1
4954,505,11,1,2,5212,4752,5.0,0.0,7,1,1.0,2,37,5,10,13,1,2,3,2,4.0,2018.0, ,6.0,Empleado_Informal,16.0,16.0,0.0,5,47,1
4954,506,11,1,2,2330,8521,3.0,0.0,2,1,2.0,1,41,5,11,13,1,1,3,2,5.0,2019.0, ,5.0,Empleado_Formal,18.0,18.0,0.0,2,85,1
4954,512,11,1,2,5213,4781,2.0,4.0,7,1,1.0,2,21,1,6,13, , , ,2,6.0,2021.0,1,3.0,Empleado_Informal,11.0,11.0,0.0,5,47,1
4954,512,11,2,2,8321,4922,2.0,6.0, ,1,1.0,1,22,1,5,13, , , ,2,6.0,2021.0,1,3.0,Empleado_Informal,10.0,10.0,0.0,8,49,1
4954,512,11,3,2,9412,5610,0.0,1.0,7,1,1.0,1,54,5,3,13, , , ,9,8.0,2024.0, ,0.0,Empleado_Informal,4.5,4.5,0.0,9,56,1
5012,532,11,1,2,9533,4799,1.0,6.0, ,1,1.0,2,29,1,6,13, , , ,2,12.0,2018.0, ,6.0,Empleado_Informal,11.0,11.0,0.0,9,47,1
5012,532,11,2,2,9313,4100,5.0,0.0,7,1,1.0,1,32,1,3,13, , , ,2,6.0,2018.0, ,6.0,Empleado_Informal,4.5,4.5,0.0,9,41,1
5012,534,11,1,2,,,0.0,0.0, ,2,,2,52,1,5,13, , , ,2,4.0,2019.0, ,5.0,Desempleado,10.0,10.0,0.0,,,0
5012,534,11,2,2,9313,4100,4.0,0.0,7,1,1.0,1,49,1,3,13, , , ,2,2.0,2019.0, ,5.0,Empleado_Informal,4.5,4.5,0.0,9,41,1
5012,534,11,5,2,,,0.0,0.0, ,2,,1,20,1,5,6, , ,1,2,2.0,2019.0, ,5.0,Desempleado,10.0,11.0,-1.0,,,0
5012,534,11,7,2,6210,220,0.0,2.0,7,1,1.0,1,28,6,5,13, , , ,9,4.0,2019.0,0,5.0,Empleado_Informal,10.0,10.0,0.0,6,02,1
5012,543,11,1,2,9122,4520,4.0,0.0,7,1,1.0,1,22,1,5,13, , , ,2,6.0,2017.0, ,7.0,Empleado_Informal,10.0,10.0,0.0,9,45,1
5012,543,11,2,1,9111,9700,3.0,0.0,7,1,1.0,2,19,1,1,6, , ,1,,,,,,Empleado_Informal,0.0,11.0,-11.0,9,97,1
5023,537,11,1,2,4419,4100,7.0,0.0,1,1,2.0,2,33,5,8,13,1,2,3,2,7.0,2016.0, ,8.0,Empleado_Formal,14.0,14.0,0.0,4,41,1
5023,537,11,3,2,5212,3100,0.0,1.0,7,1,1.0,2,21,5,6,13, , , ,1,10.0,2021.0,0,3.0,Empleado_Informal,11.0,11.0,0.0,5,31,1
5023,538,11,1,1,5212,4721,14.0,0.0, ,1,1.0,2,47,1,1,5, , , ,,,,,,Empleado_Informal,0.0,8.5,-8.5,5,47,1
5023,538,11,2,2,9313,4100,5.0,0.0,7,1,1.0,1,50,1,4,13, , , ,2,1.0,2019.0,1,5.0,Empleado_Informal,9.0,9.0,0.0,9,41,1
5023,540,11,1,2,9521,4799,0.0,2.0,7,1,1.0,2,37,5,4,13, , , ,2,10.0,2018.0, ,6.0,Empleado_Informal,9.0,9.0,0.0,9,47,1
5063,26,11,1,2,9111,9700,2.0,6.0,7,1,1.0,2,25,1,6,13, , , ,1,6.0,2019.0, ,5.0,Empleado_Informal,11.0,11.0,0.0,9,97,1
5063,26,11,2,2,9622,9499,3.0,6.0,7,1,1.0,1,28,1,6,13, , , ,2,10.0,2018.0, ,6.0,Empleado_Informal,11.0,11.0,0.0,9,94,1
5063,28,11,1,2,8321,4922,5.0,8.0, ,1,1.0,1,41,6,10,13,1,2,3,2,1.0,2017.0, ,7.0,Empleado_Informal,16.0,16.0,0.0,8,49,1
5063,29,11,1,2,7221,2511,4.0,10.0, ,1,1.0,1,46,5,7,13, , ,3,2,4.0,2017.0, ,7.0,Empleado_Informal,12.5,12.5,0.0,7,25,1
5069,34,11,1,2,4224,5510,5.0,0.0,7,1,1.0,2,32,1,6,13, , , ,2,3.0,2019.0,1,5.0,Empleado_Informal,11.0,11.0,0.0,4,55,1
5069,34,11,2,2,5414,8010,4.0,8.0,2,1,2.0,1,34,1,6,13, , , ,2,7.0,2018.0, ,6.0,Empleado_Formal,11.0,11.0,0.0,5,80,1
5069,34,11,6,2,9621,4923,2.0,6.0,7,1,1.0,1,22,6,5,13, , , ,2,8.0,2020.0, ,4.0,Empleado_Informal,10.0,10.0,0.0,9,49,1
5069,40,11,2,2,7111,4100,2.0,7.0,7,1,1.0,1,35,1,8,13,1,2,3,2,10.0,2020.0, ,4.0,Empleado_Informal,14.0,14.0,0.0,7,41,1
5069,42,11,1,2,8321,4922,0.0,7.0, ,1,1.0,1,26,1,6,13, , , ,2,10.0,2018.0, ,6.0,Empleado_Informal,11.0,11.0,0.0,8,49,1
5069,42,11,2,2,9411,5610,0.0,3.0, ,1,1.0,2,25,1,6,13, , , ,2,8.0,2019.0, ,5.0,Empleado_Informal,11.0,11.0,0.0,9,56,1
5081,58,11,1,2,9412,5610,1.0,0.0,7,1,1.0,2,36,1,3,13, , , ,1,4.0,2020.0, ,4.0,Empleado_Informal,4.5,4.5,0.0,9,56,1
5081,58,11,2,2,9313,4100,0.0,1.0,7,1,1.0,1,40,1,5,13, , , ,2,6.0,2018.0, ,6.0,Empleado_Informal,10.0,10.0,0.0,9,41,1
5081,60,11,1,2,5120,5610,2.0,10.0, ,1,1.0,1,36,2,8,13,1,2,3,2,7.0,2018.0, ,6.0,Empleado_Informal,14.0,14.0,0.0,5,56,1
5081,60,11,2,2,9412,5610,2.0,10.0,7,1,1.0,2,38,2,8,13,1,2,3,2,3.0,2019.0, ,5.0,Empleado_Informal,14.0,14.0,0.0,9,56,1
5081,63,11,1,2,,,0.0,0.0, ,2,,2,22,1,6,13, , , ,1,12.0,2019.0, ,5.0,Desempleado,11.0,11.0,0.0,,,0
5081,63,11,2,2,9313,4290,3.0,0.0,7,1,1.0,1,33,1,10,13,1,2,3,1,1.0,2021.0, ,3.0,Empleado_Informal,16.0,16.0,0.0,9,42,1
5092,63,11,1,2,9313,4290,4.0,0.0,7,1,1.0,1,39,6,6,13, , , ,1,10.0,2018.0, ,6.0,Empleado_Informal,11.0,11.0,0.0,9,42,1
5092,66,11,1,2,8321,4922,2.0,6.0, ,1,1.0,1,23,1,6,13, , , ,2,12.0,2021.0, ,3.0,Empleado_Informal,11.0,11.0,0.0,8,49,1
5092,66,11,2,2,5131,5610,2.0,0.0,7,1,1.0,2,23,1,6,13, , , ,9,8.0,2022.0,1,2.0,Empleado_Informal,11.0,11.0,0.0,5,56,1
5092,68,11,1,2,9313,4290,5.0,0.0,2,1,1.0,1,21,6,5,13, , , ,1,2.0,2018.0, ,6.0,Empleado_Informal,10.0,10.0,0.0,9,42,1
5104,80,11,1,2,9521,4799,2.0,2.0,7,1,1.0,2,29,1,6,13, , , ,9,6.0,2019.0,1,5.0,Empleado_Informal,11.0,11.0,0.0,9,47,1
5104,80,11,2,1,9629,9609,1.0,10.0, ,1,1.0,1,30,1,1,6, , ,1,,,,,,Empleado_Informal,0.0,11.0,-11.0,9,96,1
5104,81,11,1,2,9211,146,2.0,6.0,2,1,1.0,1,27,5,6,13, , , ,2,11.0,2022.0, ,2.0,Empleado_Informal,11.0,11.0,0.0,9,01,1
5104,84,11,1,2,8321,4922,3.0,4.0, ,1,1.0,1,31,1,6,13, , , ,2,4.0,2018.0,1,6.0,Empleado_Informal,11.0,11.0,0.0,8,49,1
5104,84,11,2,2,5230,5610,0.0,7.0,7,1,1.0,2,31,1,6,13, , , ,1,5.0,2019.0,1,5.0,Empleado_Informal,11.0,11.0,0.0,5,56,1
5121,107,11,1,2,8331,4921,0.0,5.0, ,1,1.0,1,34,2,9,13, , ,3,2,7.0,2018.0, ,6.0,Empleado_Informal,13.5,13.5,0.0,8,49,1
5121,107,11,2,2,5142,9602,4.0,2.0, ,1,1.0,2,27,2,9,13, , ,3,2,10.0,2018.0, ,6.0,Empleado_Informal,13.5,13.5,0.0,5,96,1
5121,108,11,1,2,9333,4630,0.0,8.0,2,1,2.0,1,28,1,5,13, , , ,1,11.0,2019.0,1,5.0,Empleado_Formal,10.0,10.0,0.0,9,46,1
5121,109,11,1,2,5213,4782,6.0,6.0,7,1,1.0,1,26,1,6,13, , , ,1,9.0,2018.0, ,6.0,Empleado_Informal,11.0,11.0,0.0,5,47,1
5121,109,11,2,2,5230,9200,0.0,10.0,7,1,1.0,2,25,1,10,13,1,2,3,1,11.0,2018.0, ,6.0,Empleado_Informal,16.0,16.0,0.0,5,92,1
5121,109,11,5,2,9411,5610,2.0,6.0, ,1,1.0,1,56,5,6,13, , , ,2,8.0,2022.0, ,2.0,Empleado_Informal,11.0,11.0,0.0,9,56,1
5144,143,11,1,2,5142,9602,3.0,0.0,7,1,1.0,2,31,6,10,13,1,2,3,2,1.0,2021.0, ,3.0,Empleado_Informal,16.0,16.0,0.0,5,96,1
5144,156,11,1,2,7119,4100,25.0,0.0, ,1,1.0,1,53,6,5,13, , , ,6,8.0,2019.0, ,5.0,Empleado_Informal,10.0,10.0,0.0,7,41,1
5161,170,11,1,2,7128,4330,1.0,6.0, ,1,1.0,1,44,1,6,13, , , ,2,11.0,2022.0, ,2.0,Empleado_Informal,11.0,11.0,0.0,7,43,1
5161,170,11,2,2,5212,4771,1.0,2.0,7,1,1.0,2,41,1,6,13, , , ,2,12.0,2022.0, ,2.0,Empleado_Informal,11.0,11.0,0.0,5,47,1
5161,171,11,1,2,9412,5610,3.0,0.0,7,1,1.0,1,44,4,6,13, , , ,9,2.0,2021.0, ,3.0,Empleado_Informal,11.0,11.0,0.0,9,56,1
5161,171,11,2,2,8321,4922,0.0,8.0, ,1,1.0,1,22,6,5,6, , ,1,2,11.0,2018.0, ,6.0,Empleado_Informal,10.0,11.0,-1.0,8,49,1
5161,171,11,3,2,9629,7490,0.0,4.0,2,1,2.0,1,21,6,5,6, , ,1,2,11.0,2019.0, ,5.0,Empleado_Formal,10.0,11.0,-1.0,9,74,1
5167,171,11,1,2,8321,4922,0.0,8.0, ,1,1.0,1,40,1,4,13, , , ,2,1.0,2023.0, ,1.0,Empleado_Informal,9.0,9.0,0.0,8,49,1
5167,171,11,4,2,8321,4922,0.0,5.0, ,1,1.0,1,45,1,4,13, , , ,9,4.0,2024.0, ,0.0,Empleado_Informal,9.0,9.0,0.0,8,49,1
5167,183,11,2,2,8171,1621,2.0,0.0,7,1,1.0,1,28,6,5,13, , , ,1,5.0,2022.0, ,2.0,Empleado_Informal,10.0,10.0,0.0,8,16,1
5167,183,11,3,2,8171,1621,2.0,0.0,7,1,1.0,1,19,6,5,13, , , ,1,11.0,2018.0, ,6.0,Empleado_Informal,10.0,10.0,0.0,8,16,1
5167,183,11,4,2,8171,1621,2.0,0.0,7,1,1.0,1,25,1,5,13, , , ,1,9.0,2022.0, ,2.0,Empleado_Informal,10.0,10.0,0.0,8,16,1
5167,183,11,5,2,5211,4630,2.0,0.0,7,1,1.0,2,26,1,10,13,1,2,3,2,9.0,2022.0,0,2.0,Empleado_Informal,16.0,16.0,0.0,5,46,1
5167,187,11,1,2,2330,8521,3.0,0.0,2,1,1.0,1,35,6,10,13,1,2,3,2,6.0,2018.0, ,6.0,Empleado_Informal,16.0,16.0,0.0,2,85,1
5173,174,11,1,2,8321,4922,0.0,4.0, ,1,1.0,1,39,6,4,13, , , ,1,3.0,2022.0, ,2.0,Empleado_Informal,9.0,9.0,0.0,8,49,1
5173,175,11,1,2,9122,4520,2.0,6.0,7,1,1.0,2,30,6,9,13, , ,3,1,9.0,2021.0, ,3.0,Empleado_Informal,13.5,13.5,0.0,9,45,1
5173,176,11,1,2,9412,5610,0.0,1.0,2,1,1.0,2,31,5,5,13, , , ,9,4.0,2022.0,1,2.0,Empleado_Informal,10.0,10.0,0.0,9,56,1
5179,179,11,1,2,5141,9602,6.0,0.0, ,1,1.0,2,45,1,3,13, , , ,2,10.0,2018.0,1,6.0,Empleado_Informal,4.5,4.5,0.0,5,96,1
5179,179,11,2,2,8321,4922,6.0,0.0, ,1,1.0,1,35,1,10,13,1,2,3,1,4.0,2017.0, ,7.0,Empleado_Informal,16.0,16.0,0.0,8,49,1
5179,180,11,2,2,8322,4922,0.0,3.0, ,1,1.0,1,31,1,5,13, , , ,9,5.0,2024.0, ,0.0,Empleado_Informal,10.0,10.0,0.0,8,49,1
5179,182,11,1,2,9621,4923,1.0,0.0, ,1,1.0,1,23,1,6,13, , , ,2,1.0,2018.0, ,6.0,Empleado_Informal,11.0,11.0,0.0,9,49,1
5184,183,11,1,2,9629,4630,4.0,0.0,7,1,1.0,1,29,6,1,13, , , ,1,2.0,2020.0, ,4.0,Empleado_Informal,0.0,0.0,0.0,9,46,1
5184,183,11,3,2,,,0.0,0.0, ,2,,2,23,6,4,13, , , ,1,2.0,2020.0, ,4.0,Desempleado,9.0,9.0,0.0,,,0
5184,194,11,1,2,9549,4799,0.0,3.0,7,1,1.0,2,24,6,5,13, , , ,9,2.0,2020.0, ,4.0,Empleado_Informal,10.0,10.0,0.0,9,47,1
5184,196,11,1,2,9629,5610,1.0,2.0,7,1,1.0,2,25,6,9,13, , ,3,2,12.0,2018.0, ,6.0,Empleado_Informal,13.5,13.5,0.0,9,56,1
5184,196,11,3,2,9411,5610,1.0,2.0, ,1,1.0,2,49,6,8,13,1,2,3,9,10.0,2021.0, ,3.0,Empleado_Informal,14.0,14.0,0.0,9,56,1
5196,200,11,1,2,,,0.0,0.0, ,2,,2,39,6,5,13, , , ,9,4.0,2021.0, ,3.0,Desempleado,10.0,10.0,0.0,,,0
5196,200,11,4,2,4224,5510,1.0,6.0,7,1,1.0,2,32,6,6,13, , , ,1,12.0,2020.0, ,4.0,Empleado_Informal,11.0,11.0,0.0,4,55,1
5196,208,11,1,2,5131,5610,0.0,3.0,7,1,1.0,2,27,1,5,13, , , ,1,2.0,2021.0,0,3.0,Empleado_Informal,10.0,10.0,0.0,5,56,1
5196,208,11,2,2,9622,9329,2.0,6.0,7,1,1.0,1,32,1,10,13,1,2,3,2,10.0,2021.0,0,3.0,Empleado_Informal,16.0,16.0,0.0,9,93,1
5196,209,11,1,2,9412,5610,0.0,2.0,7,1,1.0,1,24,1,9,13, , ,3,1,7.0,2023.0, ,1.0,Empleado_Informal,13.5,13.5,0.0,9,56,1
5202,201,11,1,2,5141,9602,6.0,0.0, ,1,2.0,1,28,6,6,13, , , ,2,6.0,2018.0, ,6.0,Empleado_Formal,11.0,11.0,0.0,5,96,1
5202,205,11,1,2,,,0.0,0.0, ,3,,2,47,4,6,13, , , ,2,8.0,2022.0,1,2.0,Desempleado,11.0,11.0,0.0,,,0
5202,205,11,2,2,5211,4652,0.0,4.0,7,1,1.0,2,24,6,6,13, , , ,4,6.0,2023.0,1,1.0,Empleado_Informal,11.0,11.0,0.0,5,46,1
5202,217,11,1,2,3432,6399,7.0,0.0, ,1,1.0,2,22,1,6,13, , , ,1,12.0,2017.0, ,7.0,Empleado_Informal,11.0,11.0,0.0,3,63,1
5202,217,11,2,2,7111,4100,7.0,0.0, ,1,1.0,1,32,1,6,13, , , ,1,12.0,2017.0, ,7.0,Empleado_Informal,11.0,11.0,0.0,7,41,1
5230,244,11,1,2,5120,5610,6.0,0.0,7,1,1.0,1,29,1,6,13, , , ,9,11.0,2018.0, ,6.0,Empleado_Informal,11.0,11.0,0.0,5,56,1
5230,244,11,2,2,5131,5610,0.0,1.0,7,1,1.0,2,25,1,5,13, , , ,2,3.0,2020.0, ,4.0,Empleado_Informal,10.0,10.0,0.0,5,56,1
5230,244,11,3,2,5131,5610,0.0,5.0,7,1,1.0,1,25,6,10,13,1,2,3,2,1.0,2024.0, ,0.0,Empleado_Informal,16.0,16.0,0.0,5,56,1
5230,244,11,4,2,9412,5610,2.0,0.0,7,1,1.0,1,26,6,4,13, , , ,2,7.0,2021.0, ,3.0,Empleado_Informal,9.0,9.0,0.0,9,56,1
5230,251,11,1,1,5212,4540,24.0,0.0,2,1,2.0,1,58,1,1,9, , ,0,,,,,,Empleado_Formal,0.0,13.5,-13.5,5,45,1
5242,254,11,1,2,5120,5610,0.0,9.0,7,1,1.0,1,28,1,7,13, , ,3,2,3.0,2018.0, ,6.0,Empleado_Informal,12.5,12.5,0.0,5,56,1
5242,254,11,2,2,5131,5610,3.0,0.0,2,1,2.0,2,33,1,8,13,2, ,3,2,8.0,2018.0, ,6.0,Empleado_Formal,14.0,14.0,0.0,5,56,1
5242,256,11,1,2,9112,8121,3.0,8.0, ,1,1.0,2,44,1,5,13, , , ,2,5.0,2019.0, ,5.0,Empleado_Informal,10.0,10.0,0.0,9,81,1
5242,256,11,2,1,4419,8610,3.0,2.0,2,1,2.0,1,40,1,1,10, , ,0,,,,,,Empleado_Formal,0.0,16.0,-16.0,4,86,1
5242,259,11,1,2,8321,4922,5.0,0.0, ,1,1.0,1,34,2,9,13, , ,3,2,8.0,2018.0, ,6.0,Empleado_Informal,13.5,13.5,0.0,8,49,1
5242,259,11,2,2,5212,4510,0.0,8.0,2,1,2.0,2,42,2,10,13,1,1,3,2,11.0,2018.0,1,6.0,Empleado_Formal,16.0,16.0,0.0,5,45,1
5248,264,11,1,2,9313,4100,1.0,6.0,7,1,1.0,1,27,1,6,13, , , ,2,2.0,2019.0,1,5.0,Empleado_Informal,11.0,11.0,0.0,9,41,1
5248,264,11,2,2,,,0.0,0.0, ,2,,2,26,1,6,13, , , ,2,2.0,2019.0, ,5.0,Desempleado,11.0,11.0,0.0,,,0
5248,266,11,1,2,8321,4922,5.0,0.0, ,1,1.0,1,35,1,10,13,2, ,3,2,5.0,2018.0, ,6.0,Empleado_Informal,16.0,16.0,0.0,8,49,1
5248,266,11,2,2,9512,4799,1.0,0.0, ,1,1.0,2,32,1,10,13,2, ,3,2,4.0,2019.0, ,5.0,Empleado_Informal,16.0,16.0,0.0,9,47,1
5248,267,11,1,2,8321,4922,2.0,0.0, ,1,1.0,1,24,1,6,13, , , ,2,11.0,2018.0, ,6.0,Empleado_Informal,11.0,11.0,0.0,8,49,1
5259,279,11,1,2,9622,9329,2.0,6.0,7,1,1.0,1,51,1,5,13, , , ,2,9.0,2021.0,1,3.0,Empleado_Informal,10.0,10.0,0.0,9,93,1
5259,279,11,2,2,9412,5610,1.0,0.0,7,1,1.0,2,29,1,5,13, , , ,1,9.0,2021.0,1,3.0,Empleado_Informal,10.0,10.0,0.0,9,56,1
5259,282,11,2,2,7231,4520,1.0,6.0,7,1,1.0,1,26,1,5,13, , , ,1,11.0,2019.0,1,5.0,Empleado_Informal,10.0,10.0,0.0,7,45,1
5259,287,11,1,2,8321,4922,4.0,0.0, ,1,1.0,1,37,1,8,13,2, ,3,2,10.0,2019.0,0,5.0,Empleado_Informal,14.0,14.0,0.0,8,49,1
5271,296,11,1,2,9629,5610,2.0,9.0,7,1,2.0,2,25,6,6,13, , , ,2,10.0,2018.0,1,6.0,Empleado_Formal,11.0,11.0,0.0,9,56,1
5271,297,11,1,2,9111,9700,0.0,4.0,7,1,2.0,2,54,2,6,13, , , ,2,6.0,2018.0,1,6.0,Empleado_Formal,11.0,11.0,0.0,9,97,1
5271,297,11,2,2,9333,5224,0.0,4.0, ,1,1.0,1,55,2,10,13,1,2,3,2,4.0,2018.0,1,6.0,Empleado_Informal,16.0,16.0,0.0,9,52,1
5271,297,11,3,2,,,0.0,0.0, ,2,,2,28,5,9,13, , ,3,2,4.0,2018.0,1,6.0,Desempleado,13.5,13.5,0.0,,,0
5271,298,11,1,2,2634,8620,5.0,0.0, ,1,2.0,1,30,6,10,13,1,1,3,2,10.0,2018.0, ,6.0,Empleado_Formal,16.0,16.0,0.0,2,86,1
5271,298,11,2,2,4224,8620,3.0,0.0,7,1,1.0,2,50,2,9,13, , ,3,2,6.0,2019.0, ,5.0,Empleado_Informal,13.5,13.5,0.0,4,86,1
5271,298,11,5,2,3439,9000,0.0,8.0,7,1,1.0,2,18,6,4,6, , ,1,2,6.0,2019.0, ,5.0,Empleado_Informal,9.0,11.0,-2.0,3,90,1
5277,301,11,1,2,5131,5610,0.0,1.0,7,1,1.0,2,20,1,5,13, , , ,2,1.0,2020.0, ,4.0,Empleado_Informal,10.0,10.0,0.0,5,56,1
5277,301,11,2,2,8141,4520,1.0,0.0,7,1,1.0,1,23,1,7,13, , ,3,2,8.0,2019.0, ,5.0,Empleado_Informal,12.5,12.5,0.0,8,45,1
5277,302,11,1,1,5212,4540,4.0,0.0,7,1,1.0,1,56,1,1,6, , ,1,,,,,,Empleado_Informal,0.0,11.0,-11.0,5,45,1
5277,302,11,2,2,5212,4721,0.0,2.0, ,1,1.0,2,35,1,10,13,1,2,3,2,3.0,2022.0, ,2.0,Empleado_Informal,16.0,16.0,0.0,5,47,1
5277,303,11,1,2,5212,4771,0.0,1.0,7,1,1.0,2,31,1,5,13, , , ,1,6.0,2023.0, ,1.0,Empleado_Informal,10.0,10.0,0.0,5,47,1
5277,303,11,2,2,9612,3811,1.0,4.0,7,1,1.0,1,25,1,6,13, , , ,1,6.0,2023.0, ,1.0,Empleado_Informal,11.0,11.0,0.0,9,38,1
5288,313,11,1,2,5142,9602,4.0,7.0,7,1,1.0,1,37,6,6,13, , , ,9,3.0,2023.0, ,1.0,Empleado_Informal,11.0,11.0,0.0,5,96,1
5288,314,11,1,2,8322,4711,0.0,2.0,5,1,1.0,1,39,1,6,13, , , ,2,2.0,2018.0, ,6.0,Empleado_Informal,11.0,11.0,0.0,8,47,1
5288,314,11,2,2,9621,4923,0.0,1.0,7,1,1.0,2,35,1,9,13, , ,3,2,8.0,2018.0, ,6.0,Empleado_Informal,13.5,13.5,0.0,9,49,1
5288,314,11,4,2,5120,5610,0.0,8.0, ,1,1.0,2,60,6,4,13, , , ,1,5.0,2023.0, ,1.0,Empleado_Informal,9.0,9.0,0.0,5,56,1
5288,315,11,1,2,9411,5630,0.0,1.0, ,1,1.0,2,26,1,5,13, , , ,2,3.0,2022.0,0,2.0,Empleado_Informal,10.0,10.0,0.0,9,56,1
5288,315,11,2,2,5212,4764,0.0,4.0,7,1,1.0,1,25,1,5,13, , , ,1,7.0,2022.0, ,2.0,Empleado_Informal,10.0,10.0,0.0,5,47,1
5294,320,11,1,2,8321,4922,4.0,2.0, ,1,1.0,1,30,1,9,13, , ,3,1,2.0,2019.0, ,5.0,Empleado_Informal,13.5,13.5,0.0,8,49,1
5294,320,11,2,2,5120,5610,0.0,7.0, ,1,1.0,2,28,1,7,13, , ,3,1,2.0,2019.0, ,5.0,Empleado_Informal,12.5,12.5,0.0,5,56,1
5294,320,11,4,2,5213,4781,0.0,5.0,7,1,1.0,1,19,6,4,13, , , ,2,1.0,2023.0, ,1.0,Empleado_Informal,9.0,9.0,0.0,5,47,1
5294,321,11,1,2,9333,4923,2.0,6.0,7,1,1.0,1,34,3,5,13, , , ,9,10.0,2018.0,0,6.0,Empleado_Informal,10.0,10.0,0.0,9,49,1
5294,322,11,1,2,9333,4923,4.0,0.0,7,1,1.0,1,40,1,6,13, , , ,2,7.0,2018.0, ,6.0,Empleado_Informal,11.0,11.0,0.0,9,49,1
5294,322,11,2,2,5120,5510,0.0,8.0,7,1,1.0,2,37,1,6,13, , , ,1,10.0,2018.0, ,6.0,Empleado_Informal,11.0,11.0,0.0,5,55,1
5294,322,11,3,2,9629,9609,1.0,6.0, ,1,1.0,1,18,6,5,6, , ,1,1,11.0,2020.0, ,4.0,Empleado_Informal,10.0,11.0,-1.0,9,96,1
5294,322,11,6,2,5322,9609,3.0,6.0, ,1,1.0,2,58,4,6,13, , , ,1,11.0,2020.0, ,4.0,Empleado_Informal,11.0,11.0,0.0,5,96,1
5305,340,11,1,2,8321,4922,1.0,0.0, ,1,1.0,1,38,5,3,13, , , ,2,8.0,2022.0, ,2.0,Empleado_Informal,4.5,4.5,0.0,8,49,1
5305,341,11,1,2,9112,5510,2.0,2.0,7,1,1.0,2,43,1,3,13, , , ,1,6.0,2022.0,1,2.0,Empleado_Informal,4.5,4.5,0.0,9,55,1
5305,341,11,2,2,8321,4922,3.0,0.0, ,1,1.0,1,39,1,3,13, , , ,9,8.0,2020.0,1,4.0,Empleado_Informal,4.5,4.5,0.0,8,49,1
5305,341,11,3,2,8321,4922,1.0,2.0, ,1,1.0,1,19,6,3,13, , , ,1,7.0,2022.0, ,2.0,Empleado_Informal,4.5,4.5,0.0,8,49,1
5305,341,11,6,2,9112,5510,0.0,1.0,7,1,1.0,2,21,1,5,13, , , ,9,8.0,2024.0, ,0.0,Empleado_Informal,10.0,10.0,0.0,9,55,1
5305,341,11,9,2,8321,4922,0.0,9.0, ,1,1.0,1,32,6,1,13, , , ,9,11.0,2023.0, ,1.0,Empleado_Informal,0.0,0.0,0.0,8,49,1
5305,341,11,10,2,9313,4100,0.0,1.0,7,1,1.0,1,29,6,4,13, , , ,9,8.0,2024.0, ,0.0,Empleado_Informal,9.0,9.0,0.0,9,41,1
5305,343,11,1,2,8322,4921,1.0,6.0, ,1,1.0,1,43,2,3,13, , , ,2,6.0,2018.0, ,6.0,Empleado_Informal,4.5,4.5,0.0,8,49,1
5305,343,11,2,2,9112,5510,0.0,1.0,7,1,1.0,2,38,2,10,13,1,2,3,1,12.0,2016.0, ,8.0,Empleado_Informal,16.0,16.0,0.0,9,55,1
5311,345,11,1,2,9411,5610,1.0,1.0, ,1,1.0,2,28,1,9,13, , ,3,2,10.0,2018.0,1,6.0,Empleado_Informal,13.5,13.5,0.0,9,56,1
5311,345,11,2,2,9535,4799,1.0,1.0, ,1,1.0,1,25,1,6,13, , , ,2,2.0,2020.0,0,4.0,Empleado_Informal,11.0,11.0,0.0,9,47,1
5311,346,11,1,1,8342,729,3.0,11.0,1,1,2.0,1,36,1,1,8, , ,0,,,,,,Empleado_Formal,0.0,14.0,-14.0,8,07,1
5311,348,11,1,2,2146,729,2.0,4.0,2,1,2.0,1,29,1,9,10, , ,0,2,8.0,2017.0, ,7.0,Empleado_Formal,13.5,16.0,-2.5,2,07,1
5311,348,11,2,1,,,0.0,0.0, ,3,,2,25,1,1,10, , ,0,,,,,,Desempleado,0.0,16.0,-16.0,,,0
5311,348,11,3,2,5243,4791,5.0,0.0, ,1,1.0,2,46,5,10,13,1,2,3,2,10.0,2023.0, ,1.0,Empleado_Informal,16.0,16.0,0.0,5,47,1
5558,41,11,1,2,2221,8730,2.0,0.0,7,1,1.0,2,54,1,10,13,1,1,3,2,10.0,2019.0,0,5.0,Empleado_Informal,16.0,16.0,0.0,2,87,1
5558,41,11,2,2,7119,4330,6.0,0.0, ,1,2.0,1,58,1,6,13, , , ,2,2.0,2018.0, ,6.0,Empleado_Formal,11.0,11.0,0.0,7,43,1
5558,49,11,1,2,5243,4791,3.0,0.0, ,1,2.0,1,32,1,7,13, , ,3,2,1.0,2017.0,1,7.0,Empleado_Formal,12.5,12.5,0.0,5,47,1
5558,49,11,2,2,9629,5221,0.0,3.0,7,1,1.0,2,26,1,6,13, , , ,2,1.0,2016.0,0,8.0,Empleado_Informal,11.0,11.0,0.0,9,52,1
5558,53,11,1,2,7128,4100,1.0,6.0,2,1,2.0,1,41,2,8,13,1,2,3,2,11.0,2017.0, ,7.0,Empleado_Formal,14.0,14.0,0.0,7,41,1
5558,53,11,2,1,5120,5610,15.0,0.0, ,1,2.0,2,49,2,1,8, , ,0,,,,,,Empleado_Formal,0.0,14.0,-14.0,5,56,1
5558,53,11,3,1,4419,8411,0.0,2.0,5,1,1.0,2,25,6,1,10, , ,0,,,,,,Empleado_Informal,0.0,16.0,-16.0,4,84,1
5577,43,11,1,2,7231,4520,3.0,2.0,7,1,1.0,1,34,1,4,13, , , ,2,8.0,2021.0,0,3.0,Empleado_Informal,9.0,9.0,0.0,7,45,1
5577,52,11,1,2,9122,4520,0.0,1.0,7,1,1.0,2,34,6,5,13, , , ,9,10.0,2024.0, ,0.0,Empleado_Informal,10.0,10.0,0.0,9,45,1
5577,53,11,1,2,9111,9700,0.0,6.0,7,1,1.0,2,52,2,10,7, , ,3,2,11.0,2019.0,1,5.0,Empleado_Informal,16.0,12.5,3.5,9,97,1
5577,53,11,2,2,5414,9000,1.0,6.0,2,1,1.0,1,59,2,6,13, , , ,2,11.0,2019.0, ,5.0,Empleado_Informal,11.0,11.0,0.0,5,90,1
5596,49,11,1,2,9333,5224,4.0,0.0,7,1,1.0,1,29,1,6,13, , , ,2,7.0,2018.0, ,6.0,Empleado_Informal,11.0,11.0,0.0,9,52,1
5596,49,11,2,2,4222,8220,0.0,11.0,5,1,1.0,2,33,1,10,13,1,2,3,2,10.0,2018.0,0,6.0,Empleado_Informal,16.0,16.0,0.0,4,82,1
5596,50,11,1,2,5212,4771,1.0,0.0, ,1,1.0,2,36,5,8,13,1,2,3,1,11.0,2019.0,0,5.0,Empleado_Informal,14.0,14.0,0.0,5,47,1
5596,50,11,3,2,5212,4773,2.0,0.0,7,1,1.0,2,38,6,10,13,1,2,3,2,1.0,2018.0, ,6.0,Empleado_Informal,16.0,16.0,0.0,5,47,1
5596,50,11,4,2,7212,3100,1.0,0.0,2,1,2.0,1,35,6,6,13, , , ,2,1.0,2018.0, ,6.0,Empleado_Formal,11.0,11.0,0.0,7,31,1
5596,51,11,1,2,5212,4764,2.0,0.0,7,1,1.0,2,27,5,6,13, , , ,9,10.0,2022.0, ,2.0,Empleado_Informal,11.0,11.0,0.0,5,47,1
5615,56,11,1,2,9629,5610,2.0,3.0,7,1,1.0,2,26,6,6,13, , , ,2,2.0,2018.0, ,6.0,Empleado_Informal,11.0,11.0,0.0,9,56,1
5615,57,11,1,2,9535,4799,0.0,1.0, ,1,1.0,1,34,1,9,13, , ,3,9,10.0,2017.0, ,7.0,Empleado_Informal,13.5,13.5,0.0,9,47,1
5615,59,11,1,2,9412,5610,0.0,3.0,7,1,1.0,2,52,6,4,13, , , ,1,6.0,2019.0, ,5.0,Empleado_Informal,9.0,9.0,0.0,9,56,1
5615,59,11,2,2,9621,4773,1.0,2.0,7,1,1.0,1,27,6,6,13, , , ,2,6.0,2019.0, ,5.0,Empleado_Informal,11.0,11.0,0.0,9,47,1
5634,63,11,1,2,5212,4752,5.0,0.0,7,1,1.0,1,24,1,6,13, , , ,2,8.0,2018.0, ,6.0,Empleado_Informal,11.0,11.0,0.0,5,47,1
5634,63,11,2,2,5212,4741,2.0,0.0,7,1,1.0,2,23,1,6,13, , , ,2,5.0,2019.0, ,5.0,Empleado_Informal,11.0,11.0,0.0,5,47,1
5634,67,11,1,2,9333,5629,0.0,9.0,2,1,1.0,1,36,1,10,13,1,2,3,2,4.0,2018.0, ,6.0,Empleado_Informal,16.0,16.0,0.0,9,56,1
5634,67,11,2,2,3124,5629,0.0,10.0,2,1,2.0,2,35,1,8,13,1,2,3,2,4.0,2018.0, ,6.0,Empleado_Formal,14.0,14.0,0.0,3,56,1
5653,70,11,1,2,5243,4791,1.0,6.0, ,1,1.0,1,41,2,9,13, , ,3,2,11.0,2020.0, ,4.0,Empleado_Informal,13.5,13.5,0.0,5,47,1
5653,70,11,2,2,9629,9609,3.0,10.0, ,1,1.0,2,35,2,10,13,1,2,3,2,4.0,2020.0, ,4.0,Empleado_Informal,16.0,16.0,0.0,9,96,1
5653,78,12,1,2,9112,8121,1.0,6.0, ,1,1.0,2,31,6,8,13,1,2,3,2,7.0,2020.0, ,4.0,Empleado_Informal,14.0,14.0,0.0,9,81,1
5653,78,22,1,2,9622,8129,5.0,9.0,5,1,2.0,1,35,2,6,13, , , ,2,2.0,2018.0,0,6.0,Empleado_Formal,11.0,11.0,0.0,9,81,1
5653,78,22,2,2,9121,9601,2.0,7.0,7,1,1.0,2,30,2,9,13, , ,3,2,5.0,2019.0,1,5.0,Empleado_Informal,13.5,13.5,0.0,9,96,1
5975,175,11,1,2,7513,1071,2.0,0.0, ,1,1.0,2,46,5,10,13,1,2,3,2,7.0,2018.0,1,6.0,Empleado_Informal,16.0,16.0,0.0,7,10,1
5975,175,11,2,2,7513,1071,1.0,0.0,7,1,1.0,2,21,5,6,13, , , ,2,4.0,2023.0, ,1.0,Empleado_Informal,11.0,11.0,0.0,7,10,1
5975,176,11,1,2,9622,9000,3.0,0.0,7,1,1.0,1,30,5,6,13, , , ,2,11.0,2017.0,1,7.0,Empleado_Informal,11.0,11.0,0.0,9,90,1
5975,177,11,1,2,5141,9602,7.0,11.0,7,1,1.0,1,32,1,9,13, , ,3,2,10.0,2017.0,0,7.0,Empleado_Informal,13.5,13.5,0.0,5,96,1
5975,177,11,2,1,5141,9602,1.0,5.0,7,1,1.0,2,28,1,1,9, , ,0,,,,,,Empleado_Informal,0.0,13.5,-13.5,5,96,1
5994,182,11,1,2,9411,5610,2.0,0.0, ,1,1.0,1,43,1,5,13, , , ,2,7.0,2022.0,1,2.0,Empleado_Informal,10.0,10.0,0.0,9,56,1
5994,182,11,2,2,9412,5630,2.0,0.0,7,1,1.0,2,44,1,5,13, , , ,2,7.0,2022.0,1,2.0,Empleado_Informal,10.0,10.0,0.0,9,56,1
5994,182,11,3,2,5212,4773,0.0,1.0,7,1,1.0,2,17,6,5,13, , , ,2,7.0,2022.0, ,2.0,Empleado_Informal,10.0,10.0,0.0,5,47,1
5994,184,11,1,2,5213,4781,1.0,6.0,7,1,1.0,1,23,1,10,13,2, ,2,1,4.0,2023.0, ,1.0,Empleado_Informal,16.0,16.0,0.0,5,47,1
5994,184,11,2,2,7513,1071,0.0,3.0,7,1,1.0,2,23,1,8,13,1,2,3,9,2.0,2024.0, ,0.0,Empleado_Informal,14.0,14.0,0.0,7,10,1
5994,191,11,1,2,9333,5224,0.0,9.0, ,1,1.0,1,24,1,6,13, , , ,2,10.0,2022.0,1,2.0,Empleado_Informal,11.0,11.0,0.0,9,52,1
5994,191,11,2,3,9412,5610,0.0,4.0,7,1,1.0,2,45,1,1,13, , , ,2,10.0,2022.0,0,2.0,Empleado_Informal,0.0,0.0,0.0,9,56,1
6013,187,11,1,2,9333,4649,1.0,7.0,7,1,1.0,1,27,6,8,13,2, ,3,1,4.0,2023.0, ,1.0,Empleado_Informal,14.0,14.0,0.0,9,46,1
6013,188,11,1,2,9333,5224,5.0,3.0, ,1,1.0,1,37,1,9,13, , ,3,2,2.0,2019.0, ,5.0,Empleado_Informal,13.5,13.5,0.0,9,52,1
6013,188,11,2,2,5230,9200,1.0,6.0,7,1,1.0,2,36,1,10,13,1,2,3,2,12.0,2019.0, ,5.0,Empleado_Informal,16.0,16.0,0.0,5,92,1
6013,189,11,1,2,9411,5610,0.0,1.0, ,1,2.0,1,49,2,10,13,1,2,3,2,3.0,2018.0, ,6.0,Empleado_Formal,16.0,16.0,0.0,9,56,1
6013,189,11,2,2,5213,4789,0.0,6.0, ,1,1.0,2,49,2,10,13,1,2,3,2,1.0,2019.0, ,5.0,Empleado_Informal,16.0,16.0,0.0,5,47,1
6032,197,11,1,4,4321,6110,0.0,10.0,2,1,1.0,2,47,2,10,13,2, ,3,2,6.0,2022.0, ,2.0,Empleado_Informal,16.0,16.0,0.0,4,61,1
6032,197,11,2,2,4110,4321,0.0,10.0,5,1,1.0,1,49,2,6,13, , , ,2,4.0,2022.0, ,2.0,Empleado_Informal,11.0,11.0,0.0,4,43,1
6032,198,11,1,2,5212,4721,3.0,6.0,7,1,1.0,2,59,5,5,13, , , ,2,10.0,2019.0, ,5.0,Empleado_Informal,10.0,10.0,0.0,5,47,1
6032,200,11,1,2,5120,5610,1.0,6.0,7,1,1.0,1,21,6,6,13, , , ,2,6.0,2021.0,0,3.0,Empleado_Informal,11.0,11.0,0.0,5,56,1
6051,200,11,2,2,9621,4923,1.0,6.0,7,1,1.0,1,33,1,10,13,1,2,3,4,8.0,2017.0,0,7.0,Empleado_Informal,16.0,16.0,0.0,9,49,1
6051,200,11,3,2,5212,4741,7.0,0.0,2,1,2.0,2,30,1,8,13,1,2,3,2,5.0,2018.0, ,6.0,Empleado_Formal,14.0,14.0,0.0,5,47,1
6051,200,11,5,2,5212,4721,1.0,9.0,2,1,2.0,2,32,5,6,6, , ,1,4,8.0,2019.0,1,5.0,Empleado_Formal,11.0,11.0,0.0,5,47,1
6051,201,11,1,2,9621,4923,2.0,0.0,2,1,1.0,1,43,6,6,13, , , ,2,7.0,2018.0,0,6.0,Empleado_Informal,11.0,11.0,0.0,9,49,1
6051,202,11,1,2,9621,4923,1.0,3.0,2,1,1.0,1,30,6,6,13, , , ,2,5.0,2023.0, ,1.0,Empleado_Informal,11.0,11.0,0.0,9,49,1
6051,202,11,2,2,9622,8010,1.0,3.0,2,1,1.0,1,23,6,5,13, , , ,1,8.0,2023.0, ,1.0,Empleado_Informal,10.0,10.0,0.0,9,80,1
6070,205,11,1,2,2359,8542,4.0,0.0,2,1,1.0,1,31,1,10,13,1,2,3,2,2.0,2018.0, ,6.0,Empleado_Informal,16.0,16.0,0.0,2,85,1
6070,205,11,2,2,4120,8620,4.0,0.0,2,1,1.0,2,30,1,9,13, , ,3,2,2.0,2018.0, ,6.0,Empleado_Informal,13.5,13.5,0.0,4,86,1
6070,206,11,1,2,9629,7420,0.0,4.0, ,1,1.0,1,30,2,9,13, , ,3,2,1.0,2018.0, ,6.0,Empleado_Informal,13.5,13.5,0.0,9,74,1
6070,206,11,2,2,5230,4771,7.0,0.0,2,1,2.0,2,29,2,10,13,1,2,3,2,11.0,2014.0, ,10.0,Empleado_Formal,16.0,16.0,0.0,5,47,1
6070,215,11,1,2,9621,4923,1.0,0.0,7,1,1.0,1,39,1,8,13,1,2,3,2,8.0,2018.0,1,6.0,Empleado_Informal,14.0,14.0,0.0,9,49,1
6070,215,11,2,2,5322,9609,4.0,0.0, ,1,1.0,2,29,1,10,13,1,2,3,2,10.0,2018.0, ,6.0,Empleado_Informal,16.0,16.0,0.0,5,96,1
6089,211,11,1,2,3314,4771,5.0,0.0,2,1,2.0,2,32,1,10,13,1,1,3,2,10.0,2018.0, ,6.0,Empleado_Formal,16.0,16.0,0.0,3,47,1
6089,211,11,2,2,2212,8610,2.0,10.0,2,1,2.0,1,31,1,10,11, , ,3,2,7.0,2018.0, ,6.0,Empleado_Formal,16.0,19.0,-3.0,2,86,1
6089,211,11,3,2,5212,4759,6.0,0.0,1,1,2.0,2,59,1,8,13,1,2,3,2,10.0,2018.0, ,6.0,Empleado_Formal,14.0,14.0,0.0,5,47,1
6089,211,11,4,2,,,0.0,0.0, ,2,,1,60,1,10,13,1,2,3,2,8.0,2019.0,0,5.0,Desempleado,16.0,16.0,0.0,,,0
6089,212,11,1,1,2341,8510,10.0,0.0,2,1,2.0,2,29,1,1,10, , ,0,,,,,,Empleado_Formal,0.0,16.0,-16.0,2,85,1
6089,212,11,2,2,4110,5610,6.0,0.0,2,1,2.0,1,29,1,8,13,1,2,3,2,11.0,2017.0, ,7.0,Empleado_Formal,14.0,14.0,0.0,4,56,1
6089,213,11,1,2,5141,9602,1.0,0.0,7,1,1.0,1,30,1,6,13, , , ,2,6.0,2022.0, ,2.0,Empleado_Informal,11.0,11.0,0.0,5,96,1
6089,213,11,2,3,5142,9602,2.0,0.0, ,1,1.0,2,45,1,1,1, , , ,2,5.0,2022.0,0,2.0,Empleado_Informal,0.0,0.0,0.0,5,96,1
6449,337,11,1,2,5131,5610,2.0,0.0,7,1,1.0,2,37,6,9,13, , ,3,2,3.0,2019.0, ,5.0,Empleado_Informal,13.5,13.5,0.0,5,56,1
6449,341,11,1,2,9411,5630,0.0,2.0, ,1,1.0,2,34,6,10,13,1,2,3,9,2.0,2024.0,0,0.0,Empleado_Informal,16.0,16.0,0.0,9,56,1
6449,341,11,2,2,7213,4520,4.0,6.0,7,1,1.0,1,42,6,6,13, , , ,2,7.0,2019.0, ,5.0,Empleado_Informal,11.0,11.0,0.0,7,45,1
6449,341,11,3,2,7213,4520,2.0,0.0,7,1,1.0,1,37,6,4,13, , , ,2,4.0,2022.0, ,2.0,Empleado_Informal,9.0,9.0,0.0,7,45,1
6449,346,11,1,2,9412,5610,0.0,3.0,7,1,1.0,1,24,6,6,13, , , ,2,9.0,2018.0,0,6.0,Empleado_Informal,11.0,11.0,0.0,9,56,1
6468,340,11,1,2,9313,4100,2.0,0.0,7,1,1.0,1,29,1,5,13, , , ,2,1.0,2018.0, ,6.0,Empleado_Informal,10.0,10.0,0.0,9,41,1
6468,340,11,2,2,5131,5610,4.0,0.0,7,1,1.0,2,26,1,6,13, , , ,2,6.0,2018.0,0,6.0,Empleado_Informal,11.0,11.0,0.0,5,56,1
6468,342,11,1,2,5212,4764,3.0,0.0,7,1,1.0,2,39,1,10,13,1,2,3,2,7.0,2018.0,0,6.0,Empleado_Informal,16.0,16.0,0.0,5,47,1
6468,342,11,2,2,8322,4922,6.0,0.0, ,1,1.0,1,40,1,10,13,1,2,3,2,6.0,2018.0,1,6.0,Empleado_Informal,16.0,16.0,0.0,8,49,1
6468,351,11,1,2,3124,2710,3.0,2.0,2,1,2.0,1,40,1,10,13,1,1,3,2,1.0,2018.0,0,6.0,Empleado_Formal,16.0,16.0,0.0,3,27,1
6468,351,11,2,2,2359,8549,2.0,6.0, ,1,2.0,2,39,1,10,13,1,1,3,2,5.0,2017.0,1,7.0,Empleado_Formal,16.0,16.0,0.0,2,85,1
6487,346,11,1,2,7322,3100,3.0,3.0,7,1,1.0,1,25,1,6,13, , , ,2,5.0,2020.0, ,4.0,Empleado_Informal,11.0,11.0,0.0,7,31,1
6487,346,11,2,2,7322,3100,2.0,8.0,7,1,1.0,2,24,1,6,13, , , ,2,6.0,2019.0, ,5.0,Empleado_Informal,11.0,11.0,0.0,7,31,1
6487,346,11,3,2,7322,3100,2.0,2.0,7,1,1.0,1,23,6,6,13, , , ,2,2.0,2022.0, ,2.0,Empleado_Informal,11.0,11.0,0.0,7,31,1
6487,346,11,4,2,5212,4759,0.0,8.0,7,1,1.0,1,29,6,6,13, , , ,2,5.0,2022.0, ,2.0,Empleado_Informal,11.0,11.0,0.0,5,47,1
6487,349,11,1,2,5141,9602,5.0,0.0,7,1,1.0,1,29,1,9,13, , ,3,2,5.0,2018.0, ,6.0,Empleado_Informal,13.5,13.5,0.0,5,96,1
6487,349,11,2,2,5142,9602,1.0,8.0,7,1,1.0,2,28,1,6,13, , , ,2,10.0,2018.0, ,6.0,Empleado_Informal,11.0,11.0,0.0,5,96,1
6487,350,11,1,2,9621,4923,3.0,4.0,7,1,1.0,2,22,6,6,13, , , ,2,10.0,2020.0, ,4.0,Empleado_Informal,11.0,11.0,0.0,9,49,1
6506,351,11,1,2,7513,1071,5.0,2.0, ,1,1.0,2,39,5,9,13, , ,3,2,12.0,2019.0, ,5.0,Empleado_Informal,13.5,13.5,0.0,7,10,1
6506,369,12,1,2,5120,5610,0.0,11.0,7,1,1.0,1,46,1,6,13, , , ,2,2.0,2023.0, ,1.0,Empleado_Informal,11.0,11.0,0.0,5,56,1
6506,369,12,2,2,,,0.0,0.0, ,2,,2,42,1,6,13, , , ,1,4.0,2023.0,1,1.0,Desempleado,11.0,11.0,0.0,,,0
6506,369,22,1,2,5120,5610,1.0,0.0,7,1,1.0,1,20,1,6,13, , , ,2,4.0,2023.0, ,1.0,Empleado_Informal,11.0,11.0,0.0,5,56,1
6506,369,22,2,2,5131,5610,0.0,1.0,7,1,1.0,2,17,1,6,13, , , ,2,4.0,2023.0, ,1.0,Empleado_Informal,11.0,11.0,0.0,5,56,1
6506,370,11,1,2,7352,1410,1.0,0.0, ,1,1.0,1,21,6,9,7, , ,3,2,7.0,2018.0, ,6.0,Empleado_Informal,13.5,12.5,1.0,7,14,1
6525,359,11,1,2,7514,1050,0.0,1.0, ,1,1.0,2,26,6,6,13, , , ,1,9.0,2022.0,0,2.0,Empleado_Informal,11.0,11.0,0.0,7,10,1
6525,360,11,1,2,8332,4923,2.0,0.0,7,1,1.0,1,29,6,10,13,1,2,3,2,1.0,2019.0,1,5.0,Empleado_Informal,16.0,16.0,0.0,8,49,1
6525,360,11,2,2,8322,4923,0.0,4.0,7,1,1.0,1,24,6,6,13, , , ,2,12.0,2021.0, ,3.0,Empleado_Informal,11.0,11.0,0.0,8,49,1
6525,360,11,3,2,,,0.0,0.0, ,2,,2,20,6,6,13, , , ,9,4.0,2024.0,1,0.0,Desempleado,11.0,11.0,0.0,,,0
6525,361,11,1,2,7119,4100,3.0,0.0,7,1,1.0,1,27,5,7,13, , ,3,2,3.0,2018.0, ,6.0,Empleado_Informal,12.5,12.5,0.0,7,41,1
6544,363,11,1,2,5211,4649,0.0,10.0,7,1,1.0,2,25,1,6,13, , , ,1,12.0,2019.0, ,5.0,Empleado_Informal,11.0,11.0,0.0,5,46,1
6544,363,11,2,2,5141,9602,3.0,0.0, ,1,2.0,1,28,1,5,13, , , ,2,5.0,2019.0, ,5.0,Empleado_Formal,10.0,10.0,0.0,5,96,1
6544,364,11,1,2,3322,810,0.0,7.0,5,1,1.0,1,36,6,10,13,1,2,3,2,7.0,2018.0, ,6.0,Empleado_Informal,16.0,16.0,0.0,3,08,1
6544,364,11,4,2,5212,4759,1.0,9.0,7,1,1.0,2,30,5,10,13,1,2,3,2,7.0,2018.0,0,6.0,Empleado_Informal,16.0,16.0,0.0,5,47,1
6544,365,11,1,2,5212,4721,0.0,9.0, ,1,2.0,2,30,1,8,13,1,2,3,2,3.0,2021.0, ,3.0,Empleado_Formal,14.0,14.0,0.0,5,47,1
6544,365,11,2,2,9333,4923,3.0,0.0,7,1,1.0,1,34,1,6,13, , , ,2,3.0,2018.0, ,6.0,Empleado_Informal,11.0,11.0,0.0,9,49,1
6562,369,11,1,2,9521,4799,3.0,0.0, ,1,1.0,1,36,2,5,13, , , ,2,10.0,2018.0, ,6.0,Empleado_Informal,10.0,10.0,0.0,9,47,1
6562,369,11,2,2,4419,4220,0.0,2.0,5,1,1.0,2,35,2,9,13, , ,3,2,4.0,2019.0, ,5.0,Empleado_Informal,13.5,13.5,0.0,4,42,1
6562,369,11,3,2,9313,4100,0.0,1.0,7,1,1.0,1,16,6,3,13, , , ,2,9.0,2019.0,0,5.0,Empleado_Informal,4.5,4.5,0.0,9,41,1
6562,370,11,1,2,5132,5610,0.0,1.0,7,1,1.0,1,24,1,6,13, , , ,2,11.0,2019.0,1,5.0,Empleado_Informal,11.0,11.0,0.0,5,56,1
6562,370,11,2,2,5131,5610,0.0,8.0,7,1,1.0,2,25,1,6,13, , , ,2,8.0,2023.0,1,1.0,Empleado_Informal,11.0,11.0,0.0,5,56,1
6562,371,11,1,2,9621,4923,3.0,6.0,7,1,1.0,1,25,1,6,13, , , ,2,4.0,2018.0, ,6.0,Empleado_Informal,11.0,11.0,0.0,9,49,1
6562,371,11,2,2,5131,5610,2.0,1.0,7,1,1.0,2,27,1,9,13, , ,3,2,10.0,2018.0, ,6.0,Empleado_Informal,13.5,13.5,0.0,5,56,1
6581,375,11,1,1,5120,5610,5.0,11.0,7,1,1.0,1,29,1,6,13, , , ,,,,,,Empleado_Informal,11.0,11.0,0.0,5,56,1
6581,375,11,2,2,9411,5610,5.0,11.0, ,1,1.0,2,34,1,6,13, , , ,2,11.0,2017.0,0,7.0,Empleado_Informal,11.0,11.0,0.0,9,56,1
6581,377,11,1,2,9411,5610,0.0,9.0, ,1,1.0,1,30,1,6,13, , , ,2,11.0,2018.0, ,6.0,Empleado_Informal,11.0,11.0,0.0,9,56,1
6581,377,11,2,2,5141,9602,0.0,10.0,7,1,1.0,2,27,1,6,13, , , ,2,2.0,2021.0, ,3.0,Empleado_Informal,11.0,11.0,0.0,5,96,1
6581,383,11,1,2,4110,1103,0.0,8.0,1,1,2.0,1,24,1,9,13, , ,3,2,11.0,2018.0, ,6.0,Empleado_Formal,13.5,13.5,0.0,4,11,1
6581,383,11,2,1,5211,4641,0.0,5.0,2,1,2.0,2,22,1,1,12, , , ,,,,,,Empleado_Formal,0.0,,,5,46,1
6600,381,11,1,2,9313,4100,1.0,0.0,7,1,1.0,1,26,1,6,13, , , ,2,2.0,2019.0, ,5.0,Empleado_Informal,11.0,11.0,0.0,9,41,1
6600,382,11,1,2,9511,4799,2.0,0.0,7,1,1.0,2,26,1,6,13, , , ,2,11.0,2021.0,0,3.0,Empleado_Informal,11.0,11.0,0.0,9,47,1
6600,382,11,2,2,9629,9000,0.0,8.0,2,1,1.0,1,30,1,6,13, , , ,1,11.0,2021.0,0,3.0,Empleado_Informal,11.0,11.0,0.0,9,90,1
6600,382,11,6,2,9511,4799,3.0,0.0,7,1,1.0,1,52,1,3,13, , , ,2,12.0,2019.0,1,5.0,Empleado_Informal,4.5,4.5,0.0,9,47,1
6600,384,11,1,2,7214,2511,4.0,0.0,7,1,1.0,1,33,2,5,13, , , ,2,10.0,2020.0, ,4.0,Empleado_Informal,10.0,10.0,0.0,7,25,1
6638,397,11,1,2,9412,5610,4.0,0.0,7,1,1.0,2,26,5,6,13, , , ,2,10.0,2018.0,0,6.0,Empleado_Informal,11.0,11.0,0.0,9,56,1
6638,400,11,1,2,9629,4663,0.0,2.0,7,1,1.0,2,32,5,6,13, , , ,2,11.0,2018.0,0,6.0,Empleado_Informal,11.0,11.0,0.0,9,46,1
6638,401,11,2,2,9313,4100,0.0,3.0,7,1,1.0,1,20,1,5,13, , , ,9,9.0,2023.0, ,1.0,Empleado_Informal,10.0,10.0,0.0,9,41,1
6657,402,11,1,2,7513,1071,0.0,10.0, ,1,1.0,2,25,1,6,13, , , ,2,7.0,2020.0,0,4.0,Empleado_Informal,11.0,11.0,0.0,7,10,1
6657,402,11,2,2,9412,5610,0.0,6.0,7,1,1.0,1,28,1,6,13, , , ,2,3.0,2020.0,1,4.0,Empleado_Informal,11.0,11.0,0.0,9,56,1
6657,402,11,3,2,7513,1071,0.0,11.0,7,1,1.0,2,48,1,6,13, , , ,2,7.0,2022.0,1,2.0,Empleado_Informal,11.0,11.0,0.0,7,10,1
6657,402,11,4,2,8332,5224,0.0,11.0,2,1,2.0,1,50,1,3,13, , , ,2,7.0,2022.0, ,2.0,Empleado_Formal,4.5,4.5,0.0,8,52,1
6657,408,11,1,2,5212,4773,6.0,0.0,7,1,1.0,2,34,5,10,13,1,2,3,2,12.0,2018.0,1,6.0,Empleado_Informal,16.0,16.0,0.0,5,47,1
6657,411,11,1,2,7421,9522,1.0,0.0, ,1,2.0,1,37,2,6,13, , , ,2,4.0,2018.0, ,6.0,Empleado_Formal,11.0,11.0,0.0,7,95,1
6657,411,11,6,2,9412,5610,0.0,11.0,2,1,1.0,1,32,6,6,13, , , ,2,10.0,2018.0, ,6.0,Empleado_Informal,11.0,11.0,0.0,9,56,1
8675,21,11,1,2,9112,8121,3.0,1.0, ,1,1.0,2,41,1,5,13, , , ,1,8.0,2018.0, ,6.0,Empleado_Informal,10.0,10.0,0.0,9,81,1
8675,21,11,2,2,9112,3811,1.0,1.0,1,1,1.0,1,34,1,5,13, , , ,2,8.0,2018.0, ,6.0,Empleado_Informal,10.0,10.0,0.0,9,38,1
8675,22,11,1,2,5213,4781,0.0,7.0,7,1,1.0,1,22,1,6,13, , , ,9,2.0,2024.0,1,0.0,Empleado_Informal,11.0,11.0,0.0,5,47,1
8675,22,11,2,2,5131,5610,0.0,1.0,7,1,1.0,2,18,1,5,13, , , ,9,9.0,2024.0,1,0.0,Empleado_Informal,10.0,10.0,0.0,5,56,1
8675,23,11,1,2,8331,3811,0.0,6.0,2,1,1.0,1,41,1,6,13, , , ,2,11.0,2018.0,1,6.0,Empleado_Informal,11.0,11.0,0.0,8,38,1
8675,23,11,2,2,3322,1061,0.0,1.0,2,1,1.0,2,45,1,8,13,1,2,3,2,12.0,2018.0, ,6.0,Empleado_Informal,14.0,14.0,0.0,3,10,1
8727,35,11,1,2,5245,5610,1.0,0.0,7,1,1.0,2,27,1,6,13, , , ,2,9.0,2019.0, ,5.0,Empleado_Informal,11.0,11.0,0.0,5,56,1
8727,35,11,2,2,5141,9602,1.0,6.0,7,1,1.0,1,37,1,6,13, , , ,2,9.0,2019.0, ,5.0,Empleado_Informal,11.0,11.0,0.0,5,96,1
8727,36,11,1,2,9612,3811,3.0,1.0, ,1,1.0,1,25,1,6,13, , , ,1,3.0,2017.0, ,7.0,Empleado_Informal,11.0,11.0,0.0,9,38,1
8727,37,11,1,2,9334,4921,3.0,0.0,7,1,1.0,2,36,1,6,13, , , ,2,4.0,2019.0,0,5.0,Empleado_Informal,11.0,11.0,0.0,9,49,1
8727,37,11,2,2,8331,4921,5.0,0.0,7,1,1.0,1,44,1,6,13, , , ,2,11.0,2018.0, ,6.0,Empleado_Informal,11.0,11.0,0.0,8,49,1
8780,43,11,2,2,9313,4100,6.0,0.0,7,1,1.0,1,32,1,4,13, , , ,2,3.0,2019.0, ,5.0,Empleado_Informal,9.0,9.0,0.0,9,41,1
8780,46,11,2,2,7511,1010,3.0,0.0,7,1,1.0,1,30,1,5,13, , , ,2,9.0,2021.0, ,3.0,Empleado_Informal,10.0,10.0,0.0,7,10,1
8780,48,11,1,2,9629,9609,3.0,0.0, ,1,1.0,2,40,5,8,13,1,2,3,2,5.0,2022.0, ,2.0,Empleado_Informal,14.0,14.0,0.0,9,96,1
8832,37,11,2,2,9313,4100,6.0,0.0,7,1,1.0,1,37,1,6,13, , , ,2,5.0,2018.0, ,6.0,Empleado_Informal,11.0,11.0,0.0,9,41,1
8832,38,11,1,2,5131,5610,0.0,1.0,7,1,1.0,2,37,6,8,13,1,2,3,2,12.0,2021.0, ,3.0,Empleado_Informal,14.0,14.0,0.0,5,56,1
8832,41,11,1,2,5213,4781,1.0,8.0,7,1,1.0,1,35,1,6,13, , , ,1,12.0,2022.0, ,2.0,Empleado_Informal,11.0,11.0,0.0,5,47,1
8832,41,11,2,2,3221,8730,1.0,2.0,7,1,1.0,2,31,1,9,13, , ,3,1,11.0,2019.0,1,5.0,Empleado_Informal,13.5,13.5,0.0,3,87,1
8885,53,11,1,2,7128,4330,0.0,3.0, ,1,1.0,1,27,1,5,13, , , ,1,7.0,2022.0, ,2.0,Empleado_Informal,10.0,10.0,0.0,7,43,1
8885,53,11,2,2,9629,9609,0.0,1.0, ,1,1.0,2,22,1,5,13, , , ,1,11.0,2023.0,1,1.0,Empleado_Informal,10.0,10.0,0.0,9,96,1
8885,54,11,1,2,8331,4921,1.0,6.0,7,1,1.0,1,41,6,8,13,1,2,3,2,4.0,2018.0, ,6.0,Empleado_Informal,14.0,14.0,0.0,8,49,1
8885,55,11,2,2,7129,4520,3.0,0.0, ,1,1.0,1,33,2,6,13, , , ,2,7.0,2018.0, ,6.0,Empleado_Informal,11.0,11.0,0.0,7,45,1
8885,55,11,6,2,5120,5610,0.0,11.0,7,1,1.0,2,54,5,4,13, , , ,1,12.0,2021.0, ,3.0,Empleado_Informal,9.0,9.0,0.0,5,56,1
8937,52,11,1,2,8331,4923,6.0,8.0,2,1,2.0,1,46,1,6,13, , , ,2,3.0,2017.0, ,7.0,Empleado_Formal,11.0,11.0,0.0,8,49,1
8937,52,11,2,1,5244,4730,2.0,1.0,1,1,2.0,2,46,1,3,13, , , ,,,,,,Empleado_Formal,4.5,4.5,0.0,5,47,1
8937,66,11,1,2,5245,1071,0.0,6.0,7,1,1.0,2,27,1,5,13, , , ,9,3.0,2024.0, ,0.0,Empleado_Informal,10.0,10.0,0.0,5,10,1
8937,66,11,2,2,5245,1071,0.0,2.0,7,1,1.0,1,30,1,5,13, , , ,9,7.0,2024.0, ,0.0,Empleado_Informal,10.0,10.0,0.0,5,10,1
8989,56,11,1,2,5212,4772,5.0,1.0,7,1,1.0,2,29,6,6,6, , ,1,2,10.0,2018.0, ,6.0,Empleado_Informal,11.0,11.0,0.0,5,47,1
8989,56,11,4,2,9111,9700,5.0,1.0,7,1,1.0,2,32,6,6,13, , , ,2,5.0,2018.0, ,6.0,Empleado_Informal,11.0,11.0,0.0,9,97,1
8989,57,11,2,2,9621,5610,1.0,0.0, ,1,1.0,1,44,2,9,13, , ,3,2,2.0,2015.0, ,9.0,Empleado_Informal,13.5,13.5,0.0,9,56,1
8989,57,11,3,2,8321,4922,3.0,0.0, ,1,1.0,1,23,6,5,13, , , ,2,2.0,2018.0, ,6.0,Empleado_Informal,10.0,10.0,0.0,8,49,1
8989,57,11,4,2,7356,1410,4.0,9.0,7,1,1.0,1,21,6,5,13, , , ,1,2.0,2018.0, ,6.0,Empleado_Informal,10.0,10.0,0.0,7,14,1
8989,57,11,5,2,8156,1520,0.0,1.0,7,1,1.0,1,16,6,4,13, , , ,2,2.0,2018.0, ,6.0,Empleado_Informal,9.0,9.0,0.0,8,15,1
8989,57,11,7,2,7356,1410,0.0,3.0,7,1,1.0,2,20,1,6,13, , , ,2,2.0,2020.0, ,4.0,Empleado_Informal,11.0,11.0,0.0,7,14,1
8989,61,11,1,2,5120,5610,0.0,2.0,7,1,1.0,2,34,6,6,13, , , ,2,2.0,2019.0, ,5.0,Empleado_Informal,11.0,11.0,0.0,5,56,1
9042,63,11,1,2,5142,9602,1.0,0.0, ,1,1.0,2,28,1,9,13, , ,3,2,12.0,2018.0, ,6.0,Empleado_Informal,13.5,13.5,0.0,5,96,1
9042,63,11,2,2,8322,4922,2.0,0.0, ,1,1.0,1,31,1,9,13, , ,3,2,12.0,2015.0, ,9.0,Empleado_Informal,13.5,13.5,0.0,8,49,1
9042,63,11,4,2,9122,4520,2.0,1.0,7,1,1.0,1,23,6,6,13, , , ,2,2.0,2019.0, ,5.0,Empleado_Informal,11.0,11.0,0.0,9,45,1
9042,67,11,1,2,5131,5610,0.0,1.0,7,1,1.0,2,39,1,8,13,1,2,3,2,8.0,2020.0, ,4.0,Empleado_Informal,14.0,14.0,0.0,5,56,1
9042,67,11,2,2,9622,9499,0.0,10.0,7,1,1.0,1,43,1,7,13, , ,3,2,8.0,2020.0, ,4.0,Empleado_Informal,12.5,12.5,0.0,9,94,1
9042,70,11,1,2,5131,5610,0.0,8.0,7,1,1.0,2,20,6,6,13, , , ,1,1.0,2023.0, ,1.0,Empleado_Informal,11.0,11.0,0.0,5,56,1
9094,71,11,1,2,8331,4923,0.0,7.0,2,1,1.0,1,22,6,6,13, , , ,9,1.0,2024.0, ,0.0,Empleado_Informal,11.0,11.0,0.0,8,49,1
9094,72,11,2,2,9621,5610,1.0,0.0,7,1,1.0,1,38,1,4,13, , , ,2,6.0,2018.0, ,6.0,Empleado_Informal,9.0,9.0,0.0,9,56,1
9094,81,11,1,2,9112,9499,0.0,5.0,7,1,1.0,1,29,6,6,13, , , ,1,2.0,2020.0, ,4.0,Empleado_Informal,11.0,11.0,0.0,9,94,1
9146,78,11,1,2,5120,5610,1.0,8.0, ,1,1.0,2,32,5,6,13, , , ,1,9.0,2018.0,0,6.0,Empleado_Informal,11.0,11.0,0.0,5,56,1
9146,80,11,1,2,8321,4922,1.0,6.0, ,1,1.0,1,39,1,7,13, , ,3,1,11.0,2021.0, ,3.0,Empleado_Informal,12.5,12.5,0.0,8,49,1
9199,83,11,1,2,7222,2511,1.0,0.0, ,1,1.0,1,55,2,4,13, , , ,1,12.0,2018.0, ,6.0,Empleado_Informal,9.0,9.0,0.0,7,25,1
9199,83,11,2,2,9112,8121,0.0,2.0, ,1,1.0,2,48,2,5,13, , , ,1,6.0,2019.0, ,5.0,Empleado_Informal,10.0,10.0,0.0,9,81,1
9199,84,11,1,2,8141,4520,2.0,0.0,7,1,1.0,1,29,1,5,13, , , ,2,5.0,2019.0, ,5.0,Empleado_Informal,10.0,10.0,0.0,8,45,1
9199,84,11,2,2,5142,9602,3.0,6.0, ,1,1.0,2,27,1,9,13, , ,3,2,5.0,2019.0, ,5.0,Empleado_Informal,13.5,13.5,0.0,5,96,1
9199,85,11,1,2,5212,4763,0.0,2.0,2,1,2.0,2,30,5,6,13, , , ,2,5.0,2018.0, ,6.0,Empleado_Formal,11.0,11.0,0.0,5,47,1
9251,89,11,1,2,8322,4922,4.0,0.0, ,1,1.0,1,45,2,8,13,1,2,3,2,2.0,2018.0, ,6.0,Empleado_Informal,14.0,14.0,0.0,8,49,1
9251,90,11,1,2,9511,4799,2.0,0.0, ,1,1.0,2,59,3,3,13, , , ,9,3.0,2022.0,0,2.0,Empleado_Informal,4.5,4.5,0.0,9,47,1
9251,94,11,1,2,2341,8510,5.0,0.0,2,1,1.0,2,41,3,10,10, , ,3,2,1.0,2018.0,0,6.0,Empleado_Informal,16.0,16.0,0.0,2,85,1
9251,94,11,2,2,3322,4741,0.0,1.0,2,1,1.0,2,19,6,5,6, , ,1,2,1.0,2017.0, ,7.0,Empleado_Informal,10.0,11.0,-1.0,3,47,1
9251,94,11,4,2,5141,9602,0.0,5.0,7,1,1.0,2,24,6,6,13, , , ,2,4.0,2021.0, ,3.0,Empleado_Informal,11.0,11.0,0.0,5,96,1
9303,95,11,2,2,7422,6110,3.0,0.0,2,1,2.0,1,34,2,8,13,1,2,3,2,7.0,2018.0,1,6.0,Empleado_Formal,14.0,14.0,0.0,7,61,1
9303,96,11,1,2,5211,4630,0.0,1.0,7,1,1.0,1,34,6,10,13,1,2,3,9,10.0,2024.0, ,0.0,Empleado_Informal,16.0,16.0,0.0,5,46,1
9303,96,11,2,2,8331,4923,0.0,5.0,2,1,2.0,1,34,6,6,13, , , ,2,4.0,2019.0,0,5.0,Empleado_Formal,11.0,11.0,0.0,8,49,1
9303,97,11,2,1,3317,4791,5.0,0.0,7,1,1.0,1,30,1,1,8, , ,0,,,,,,Empleado_Informal,0.0,14.0,-14.0,3,47,1
9356,105,11,1,2,5131,9329,0.0,3.0,7,1,1.0,2,22,5,6,13, , , ,8,1.0,2024.0,0,0.0,Empleado_Informal,11.0,11.0,0.0,5,93,1
9356,106,11,1,2,9313,4100,0.0,5.0,7,1,1.0,1,27,1,6,13, , , ,9,1.0,2023.0, ,1.0,Empleado_Informal,11.0,11.0,0.0,9,41,1
9356,109,11,1,2,9629,6492,0.0,1.0,3,1,1.0,2,31,1,5,13, , , ,1,7.0,2022.0, ,2.0,Empleado_Informal,10.0,10.0,0.0,9,64,1
9356,109,11,2,2,9629,6492,0.0,1.0,3,1,1.0,1,31,1,6,13, , , ,1,6.0,2022.0, ,2.0,Empleado_Informal,11.0,11.0,0.0,9,64,1
9408,111,11,1,2,,,0.0,0.0, ,2,,1,27,6,5,13, , , ,9,6.0,2024.0, ,0.0,Desempleado,10.0,10.0,0.0,,,0
9408,111,11,2,2,8321,4922,0.0,2.0, ,1,1.0,1,33,6,5,13, , , ,9,6.0,2024.0, ,0.0,Empleado_Informal,10.0,10.0,0.0,8,49,1
9408,124,11,1,2,9629,2220,0.0,3.0,7,1,1.0,2,28,6,5,13, , , ,2,1.0,2021.0,0,3.0,Empleado_Informal,10.0,10.0,0.0,9,22,1
9408,124,11,4,2,9629,2220,0.0,3.0,7,1,1.0,1,19,6,5,13, , , ,9,2.0,2023.0, ,1.0,Empleado_Informal,10.0,10.0,0.0,9,22,1
9461,115,11,1,2,9333,4649,1.0,6.0,7,1,1.0,1,27,6,7,13, , ,3,2,2.0,2021.0, ,3.0,Empleado_Informal,12.5,12.5,0.0,9,46,1
9461,116,11,1,2,9333,4649,2.0,9.0,7,1,1.0,1,28,6,7,13, , ,3,2,4.0,2021.0, ,3.0,Empleado_Informal,12.5,12.5,0.0,9,46,1
9461,126,11,1,2,5141,9602,3.0,0.0,7,1,1.0,1,22,1,6,13, , , ,2,9.0,2021.0,1,3.0,Empleado_Informal,11.0,11.0,0.0,5,96,1
9461,126,11,2,2,9629,6612,1.0,0.0,7,1,1.0,2,19,1,5,6, , ,1,2,11.0,2020.0, ,4.0,Empleado_Informal,10.0,11.0,-1.0,9,66,1
9513,120,11,1,2,5211,4659,6.0,5.0,7,1,1.0,1,30,1,9,13, , ,3,2,6.0,2018.0,0,6.0,Empleado_Informal,13.5,13.5,0.0,5,46,1
9513,120,11,2,2,5211,4659,3.0,2.0,7,1,1.0,2,29,1,10,13,1,2,3,2,2.0,2021.0, ,3.0,Empleado_Informal,16.0,16.0,0.0,5,46,1
9513,121,11,1,2,5120,5610,2.0,6.0,7,1,1.0,1,49,1,6,13, , , ,2,10.0,2022.0, ,2.0,Empleado_Informal,11.0,11.0,0.0,5,56,1
9513,121,11,2,2,9412,5610,1.0,0.0,7,1,1.0,2,46,1,5,13, , , ,2,6.0,2022.0, ,2.0,Empleado_Informal,10.0,10.0,0.0,9,56,1
9513,121,11,5,2,,,0.0,0.0, ,2,,1,26,1,6,13, , , ,1,7.0,2022.0,0,2.0,Desempleado,11.0,11.0,0.0,,,0
9513,122,11,1,2,5211,4630,1.0,0.0,2,1,1.0,1,26,1,6,13, , , ,2,1.0,2020.0, ,4.0,Empleado_Informal,11.0,11.0,0.0,5,46,1
9513,122,11,2,2,5131,5610,0.0,6.0,7,1,1.0,2,31,1,6,13, , , ,2,1.0,2020.0, ,4.0,Empleado_Informal,11.0,11.0,0.0,5,56,1
9565,130,11,2,2,8321,4922,1.0,6.0, ,1,1.0,1,25,1,5,13, , , ,2,2.0,2019.0, ,5.0,Empleado_Informal,10.0,10.0,0.0,8,49,1
9565,131,11,2,2,9122,4520,0.0,5.0,7,1,1.0,1,16,1,4,5, , , ,2,12.0,2018.0, ,6.0,Empleado_Informal,9.0,8.5,0.5,9,45,1
9565,132,11,1,2,5141,9602,0.0,1.0, ,1,1.0,1,47,2,5,13, , , ,2,6.0,2018.0,1,6.0,Empleado_Informal,10.0,10.0,0.0,5,96,1
9565,132,11,2,2,9535,4799,1.0,0.0, ,1,1.0,2,44,2,5,13, , , ,2,12.0,2018.0,0,6.0,Empleado_Informal,10.0,10.0,0.0,9,47,1
9618,135,11,1,2,7222,2593,2.0,0.0,7,1,1.0,1,37,1,5,13, , , ,2,3.0,2020.0, ,4.0,Empleado_Informal,10.0,10.0,0.0,7,25,1
9618,135,11,2,1,9629,9609,0.0,1.0, ,1,1.0,2,28,1,1,5, , , ,,,,,,Empleado_Informal,0.0,8.5,-8.5,9,96,1
9670,148,11,1,2,3113,4321,5.0,9.0,2,1,1.0,1,48,2,8,13,1,2,3,2,2.0,2018.0, ,6.0,Empleado_Informal,14.0,14.0,0.0,3,43,1
9670,148,11,2,2,7513,1071,5.0,0.0, ,1,1.0,2,34,2,8,13,1,2,3,2,8.0,2018.0, ,6.0,Empleado_Informal,14.0,14.0,0.0,7,10,1
9670,150,11,1,2,5120,5610,6.0,0.0,2,1,2.0,1,30,2,6,13, , , ,2,2.0,2018.0,1,6.0,Empleado_Formal,11.0,11.0,0.0,5,56,1
9670,150,11,2,2,5131,9329,0.0,1.0,7,1,1.0,2,30,2,6,13, , , ,2,2.0,2018.0, ,6.0,Empleado_Informal,11.0,11.0,0.0,5,93,1
9670,151,11,1,2,9111,9700,1.0,0.0,7,1,1.0,2,51,6,4,13, , , ,2,1.0,2019.0, ,5.0,Empleado_Informal,9.0,9.0,0.0,9,97,1
9722,149,11,2,2,7421,9522,0.0,6.0, ,1,1.0,1,58,2,5,13, , , ,2,2.0,2022.0, ,2.0,Empleado_Informal,10.0,10.0,0.0,7,95,1
9722,149,11,3,2,7231,4520,1.0,10.0,7,1,1.0,1,29,6,6,13, , , ,2,2.0,2022.0, ,2.0,Empleado_Informal,11.0,11.0,0.0,7,45,1
9722,149,11,4,2,5212,4771,2.0,0.0,7,1,1.0,2,25,6,6,13, , , ,2,2.0,2022.0, ,2.0,Empleado_Informal,11.0,11.0,0.0,5,47,1
9722,154,11,1,2,7513,1071,3.0,9.0,7,1,1.0,1,32,1,7,13, , ,3,1,5.0,2017.0, ,7.0,Empleado_Informal,12.5,12.5,0.0,7,10,1
9722,161,11,1,2,5120,5610,0.0,9.0,7,1,1.0,1,30,6,6,13, , , ,1,3.0,2023.0, ,1.0,Empleado_Informal,11.0,11.0,0.0,5,56,1
9775,153,11,1,2,5131,5610,0.0,8.0,7,1,1.0,2,29,6,7,13, , ,3,1,8.0,2023.0, ,1.0,Empleado_Informal,12.5,12.5,0.0,5,56,1
9775,154,11,1,2,9629,9602,2.0,0.0,7,1,1.0,2,25,1,6,13, , , ,2,10.0,2021.0, ,3.0,Empleado_Informal,11.0,11.0,0.0,9,96,1
9775,154,11,2,2,4321,2710,0.0,5.0,2,1,2.0,1,32,1,6,13, , , ,2,10.0,2021.0, ,3.0,Empleado_Formal,11.0,11.0,0.0,4,27,1
9775,154,11,4,2,8142,2220,2.0,0.0,7,1,1.0,1,53,5,5,13, , , ,2,11.0,2022.0, ,2.0,Empleado_Informal,10.0,10.0,0.0,8,22,1
9775,155,11,1,2,3114,9511,6.0,0.0, ,1,1.0,1,36,1,10,13,1,2,3,2,8.0,2017.0, ,7.0,Empleado_Informal,16.0,16.0,0.0,3,95,1
9827,165,11,1,2,5142,9602,1.0,0.0,7,1,1.0,2,31,1,10,13,1,2,3,2,12.0,2018.0, ,6.0,Empleado_Informal,16.0,16.0,0.0,5,96,1
9827,165,11,2,2,9333,4923,0.0,8.0,7,1,1.0,1,35,1,6,13, , , ,2,10.0,2018.0, ,6.0,Empleado_Informal,11.0,11.0,0.0,9,49,1
9827,168,11,1,2,8321,5320,2.0,0.0,2,1,1.0,1,30,1,5,13, , , ,2,7.0,2021.0, ,3.0,Empleado_Informal,10.0,10.0,0.0,8,53,1
9827,168,11,2,2,5142,9602,0.0,10.0,2,1,1.0,2,26,1,6,13, , , ,2,7.0,2021.0, ,3.0,Empleado_Informal,11.0,11.0,0.0,5,96,1
9827,170,11,1,2,3113,4321,1.0,0.0,7,1,1.0,1,44,1,8,13,1,2,3,2,5.0,2019.0,1,5.0,Empleado_Informal,14.0,14.0,0.0,3,43,1
9827,170,11,2,2,5120,5610,4.0,0.0,7,1,1.0,2,34,1,6,13, , , ,2,9.0,2019.0,1,5.0,Empleado_Informal,11.0,11.0,0.0,5,56,1
9880,165,11,1,2,9313,4100,3.0,0.0,7,1,1.0,1,44,1,6,13, , , ,1,1.0,2017.0, ,7.0,Empleado_Informal,11.0,11.0,0.0,9,41,1
9880,165,11,2,2,7362,1520,5.0,0.0,2,1,2.0,2,46,1,9,13, , ,3,1,1.0,2017.0, ,7.0,Empleado_Formal,13.5,13.5,0.0,7,15,1
9880,166,11,1,2,7411,6110,0.0,6.0,5,1,1.0,1,39,1,9,13, , ,3,2,4.0,2019.0, ,5.0,Empleado_Informal,13.5,13.5,0.0,7,61,1
9880,166,11,2,1,9629,4711,0.0,3.0,2,1,1.0,2,24,1,1,6, , ,1,,,,,,Empleado_Informal,0.0,11.0,-11.0,9,47,1
9880,168,11,1,2,8321,4922,0.0,2.0,2,1,1.0,1,31,1,9,13, , ,3,2,2.0,2018.0,1,6.0,Empleado_Informal,13.5,13.5,0.0,8,49,1
9880,168,11,2,2,5230,5610,1.0,0.0,2,1,1.0,2,36,1,10,13,1,2,3,2,5.0,2018.0,1,6.0,Empleado_Informal,16.0,16.0,0.0,5,56,1
9932,178,11,1,2,3314,4771,2.0,0.0,7,1,1.0,2,24,1,8,13,1,2,3,1,1.0,2020.0,0,4.0,Empleado_Informal,14.0,14.0,0.0,3,47,1
9932,178,11,2,2,9313,4100,1.0,0.0,7,1,1.0,1,24,1,9,13, , ,3,2,1.0,2020.0,1,4.0,Empleado_Informal,13.5,13.5,0.0,9,41,1
9932,180,11,1,2,9112,5510,3.0,0.0,7,1,1.0,1,49,1,8,13,1,2,3,2,5.0,2018.0, ,6.0,Empleado_Informal,14.0,14.0,0.0,9,55,1
9932,181,11,1,2,5120,5610,1.0,0.0,7,1,1.0,2,50,6,9,13, , ,3,1,4.0,2023.0, ,1.0,Empleado_Informal,13.5,13.5,0.0,5,56,1
9984,177,11,1,2,3439,9000,5.0,0.0,7,1,1.0,1,34,1,6,13, , , ,2,12.0,2019.0, ,5.0,Empleado_Informal,11.0,11.0,0.0,3,90,1
9984,177,11,2,2,9629,9609,0.0,9.0, ,1,1.0,2,37,1,8,13,2, ,3,2,7.0,2018.0, ,6.0,Empleado_Informal,14.0,14.0,0.0,9,96,1
9984,178,11,1,2,5120,5610,0.0,1.0,7,1,1.0,1,28,1,8,13,2, ,3,2,7.0,2021.0, ,3.0,Empleado_Informal,14.0,14.0,0.0,5,56,1
9984,178,11,4,2,4120,6110,1.0,6.0,2,1,2.0,2,44,6,9,13, , ,3,2,10.0,2018.0, ,6.0,Empleado_Formal,13.5,13.5,0.0,4,61,1
9984,178,11,5,2,9549,4799,3.0,0.0,7,1,1.0,1,25,5,9,13, , ,3,1,1.0,2023.0,1,1.0,Empleado_Informal,13.5,13.5,0.0,9,47,1
9984,187,11,1,2,7411,4321,21.0,0.0, ,1,1.0,1,40,1,6,13, , , ,1,8.0,2018.0,0,6.0,Empleado_Informal,11.0,11.0,0.0,7,43,1
9984,187,11,2,2,4222,8220,2.0,0.0,7,1,1.0,2,35,1,6,13, , , ,2,12.0,2018.0, ,6.0,Empleado_Informal,11.0,11.0,0.0,4,82,1
10037,191,11,1,2,9412,5610,0.0,1.0,7,1,1.0,2,30,6,6,13, , , ,2,5.0,2018.0, ,6.0,Empleado_Informal,11.0,11.0,0.0,9,56,1
10037,191,11,3,2,9629,9000,0.0,6.0,7,1,1.0,2,19,6,5,13, , , ,1,7.0,2023.0,1,1.0,Empleado_Informal,10.0,10.0,0.0,9,90,1
10037,191,11,4,2,9112,5630,0.0,4.0,7,1,1.0,2,19,6,6,13, , , ,1,9.0,2023.0, ,1.0,Empleado_Informal,11.0,11.0,0.0,9,56,1
10037,192,11,1,2,9621,1080,1.0,2.0,7,1,1.0,1,30,1,6,13, , , ,1,10.0,2022.0,1,2.0,Empleado_Informal,11.0,11.0,0.0,9,10,1
10037,192,11,2,2,5131,5610,2.0,10.0,7,1,1.0,2,39,1,10,13,2, ,3,1,10.0,2021.0, ,3.0,Empleado_Informal,16.0,16.0,0.0,5,56,1
10037,194,11,1,2,5212,4771,2.0,3.0,7,1,1.0,2,43,1,10,13,1,2,3,2,4.0,2021.0,0,3.0,Empleado_Informal,16.0,16.0,0.0,5,47,1
10037,194,11,2,2,7128,4330,2.0,11.0,7,1,1.0,1,45,1,10,13,1,2,3,2,6.0,2021.0,0,3.0,Empleado_Informal,16.0,16.0,0.0,7,43,1
10089,190,11,1,2,9313,4100,2.0,0.0,7,1,1.0,1,29,1,4,13, , , ,2,6.0,2018.0, ,6.0,Empleado_Informal,9.0,9.0,0.0,9,41,1
10089,190,11,2,2,2221,8620,2.0,10.0,7,1,1.0,2,35,1,10,13,1,2,3,2,10.0,2017.0, ,7.0,Empleado_Informal,16.0,16.0,0.0,2,86,1
10089,191,11,1,2,9621,4923,0.0,8.0, ,1,1.0,1,30,6,6,13, , , ,2,5.0,2018.0, ,6.0,Empleado_Informal,11.0,11.0,0.0,9,49,1
10089,191,11,3,2,5120,5610,2.0,0.0,7,1,1.0,2,60,4,4,13, , , ,9,9.0,2022.0, ,2.0,Empleado_Informal,9.0,9.0,0.0,5,56,1
10089,193,11,1,1,8321,4922,6.0,6.0, ,1,1.0,1,43,1,1,6, , ,1,,,,,,Empleado_Informal,0.0,11.0,-11.0,8,49,1
10089,193,11,2,2,3322,6492,6.0,1.0,2,1,2.0,2,49,1,11,13,1,2,3,2,1.0,2017.0, ,7.0,Empleado_Formal,18.0,18.0,0.0,3,64,1
10089,193,11,3,2,4419,4530,2.0,0.0,7,1,2.0,2,44,6,10,13,1,2,3,2,10.0,2018.0, ,6.0,Empleado_Formal,16.0,16.0,0.0,4,45,1
10141,196,11,1,2,7127,4322,5.0,10.0,7,1,1.0,1,29,6,6,13, , , ,2,11.0,2017.0, ,7.0,Empleado_Informal,11.0,11.0,0.0,7,43,1
10141,196,11,2,2,9629,8549,1.0,0.0, ,1,1.0,2,55,6,7,13, , ,3,2,12.0,2019.0, ,5.0,Empleado_Informal,12.5,12.5,0.0,9,85,1
10141,198,11,1,2,3131,8010,4.0,0.0,7,1,1.0,1,31,1,6,13, , , ,2,4.0,2019.0, ,5.0,Empleado_Informal,11.0,11.0,0.0,3,80,1
10141,198,11,2,1,9112,8010,1.0,0.0,7,1,1.0,2,24,1,1,6, , ,3,,,,,,Empleado_Informal,0.0,11.0,-11.0,9,80,1
10141,200,11,1,2,7519,1079,3.0,0.0,2,1,2.0,2,20,1,4,6, , ,1,2,2.0,2018.0, ,6.0,Empleado_Formal,9.0,11.0,-2.0,7,10,1
10141,200,11,2,1,8321,4922,8.0,0.0, ,1,1.0,1,26,1,1,6, , ,1,,,,,,Empleado_Informal,0.0,11.0,-11.0,8,49,1
10194,204,11,1,1,5212,4721,0.0,6.0, ,1,1.0,1,61,1,1,6, , ,1,,,,,,Empleado_Informal,0.0,11.0,-11.0,5,47,1
10194,204,11,2,2,5212,4721,0.0,5.0,7,1,1.0,2,51,1,6,13, , , ,2,9.0,2018.0, ,6.0,Empleado_Informal,11.0,11.0,0.0,5,47,1
10194,204,11,3,2,,,0.0,0.0, ,3,,2,20,6,6,13, , , ,2,1.0,2022.0, ,2.0,Desempleado,11.0,11.0,0.0,,,0
10194,205,11,1,2,5131,5610,1.0,1.0,7,1,1.0,2,33,6,6,13, , , ,2,11.0,2018.0, ,6.0,Empleado_Informal,11.0,11.0,0.0,5,56,1
10194,207,11,1,2,3112,4210,0.0,11.0,2,1,1.0,1,23,6,6,13, , , ,1,10.0,2023.0, ,1.0,Empleado_Informal,11.0,11.0,0.0,3,42,1
10351,224,11,1,2,4224,5510,1.0,3.0,7,1,1.0,2,43,1,6,13, , , ,2,8.0,2018.0, ,6.0,Empleado_Informal,11.0,11.0,0.0,4,55,1
10351,224,11,2,2,7129,7830,1.0,5.0,5,1,1.0,1,39,1,6,13, , , ,2,11.0,2018.0, ,6.0,Empleado_Informal,11.0,11.0,0.0,7,78,1
10351,224,11,3,2,,,0.0,0.0, ,3,,1,23,6,10,13,1,2,3,2,2.0,2023.0, ,1.0,Desempleado,16.0,16.0,0.0,,,0
10351,225,11,1,2,5131,5630,0.0,1.0,7,1,1.0,1,44,4,6,13, , , ,9,11.0,2022.0, ,2.0,Empleado_Informal,11.0,11.0,0.0,5,56,1
10351,227,11,1,2,9512,4799,1.0,0.0, ,1,1.0,2,37,6,10,13,1,2,3,2,4.0,2019.0, ,5.0,Empleado_Informal,16.0,16.0,0.0,9,47,1
10403,229,11,1,2,9412,5610,0.0,7.0,7,1,1.0,2,62,4,7,13, , ,3,9,7.0,2021.0, ,3.0,Empleado_Informal,12.5,12.5,0.0,9,56,1
10403,229,11,2,2,9112,8129,1.0,0.0,2,1,1.0,2,40,6,8,13,1,2,3,2,7.0,2018.0, ,6.0,Empleado_Informal,14.0,14.0,0.0,9,81,1
10403,229,11,3,2,5142,9602,0.0,1.0,3,1,1.0,1,24,6,6,13, , , ,9,6.0,2019.0, ,5.0,Empleado_Informal,11.0,11.0,0.0,5,96,1
10403,229,11,5,2,5142,9602,0.0,2.0,7,1,1.0,2,36,1,4,13, , , ,1,6.0,2023.0, ,1.0,Empleado_Informal,9.0,9.0,0.0,5,96,1
10403,229,11,6,2,,,0.0,0.0, ,2,,1,40,1,6,13, , , ,1,7.0,2023.0, ,1.0,Desempleado,11.0,11.0,0.0,,,0
10403,230,13,1,2,9411,5630,2.0,0.0, ,1,1.0,2,43,1,11,13,1,2,3,9,3.0,2020.0,0,4.0,Empleado_Informal,18.0,18.0,0.0,9,56,1
10403,230,13,2,1,7519,1079,4.0,0.0, ,1,1.0,1,36,1,1,7, , ,0,,,,,,Empleado_Informal,0.0,12.5,-12.5,7,10,1
10403,231,12,1,2,5131,5610,3.0,0.0,7,1,1.0,2,29,5,6,13, , , ,2,1.0,2019.0, ,5.0,Empleado_Informal,11.0,11.0,0.0,5,56,1
10403,231,22,1,2,9629,9200,0.0,5.0,7,1,1.0,2,34,6,4,13, , , ,9,11.0,2023.0, ,1.0,Empleado_Informal,9.0,9.0,0.0,9,92,1
10456,234,11,1,2,9629,9609,0.0,9.0, ,1,1.0,2,30,5,6,13, , , ,1,3.0,2023.0, ,1.0,Empleado_Informal,11.0,11.0,0.0,9,96,1
10456,235,11,1,1,9535,4799,5.0,0.0, ,1,1.0,1,45,1,1,5, , , ,,,,,,Empleado_Informal,0.0,8.5,-8.5,9,47,1
10456,235,11,2,2,5243,4791,2.0,0.0, ,1,1.0,2,25,1,5,13, , , ,1,2.0,2022.0, ,2.0,Empleado_Informal,10.0,10.0,0.0,5,47,1
10456,237,11,1,2,9511,4799,0.0,2.0, ,1,1.0,2,24,6,5,13, , , ,1,2.0,2023.0,1,1.0,Empleado_Informal,10.0,10.0,0.0,9,47,1
10508,240,11,1,2,9521,4799,0.0,1.0,7,1,1.0,2,34,1,10,13,1,2,3,2,2.0,2018.0,1,6.0,Empleado_Informal,16.0,16.0,0.0,9,47,1
10508,240,11,2,2,9521,4799,1.0,11.0,7,1,1.0,1,34,1,9,13, , ,3,2,2.0,2018.0,1,6.0,Empleado_Informal,13.5,13.5,0.0,9,47,1
10508,240,11,3,2,9521,4799,0.0,8.0,7,1,1.0,1,15,6,4,5, , , ,1,11.0,2021.0,0,3.0,Empleado_Informal,9.0,8.5,0.5,9,47,1
10508,243,11,1,2,9511,4799,8.0,0.0, ,1,1.0,1,34,1,8,13,1,2,3,1,9.0,2022.0, ,2.0,Empleado_Informal,14.0,14.0,0.0,9,47,1
10508,243,11,2,2,,,0.0,0.0, ,2,,2,25,1,8,13,1,2,3,1,9.0,2022.0,0,2.0,Desempleado,14.0,14.0,0.0,,,0
10508,246,11,1,2,4321,4772,1.0,0.0,2,1,2.0,1,29,1,7,13, , ,3,2,7.0,2017.0, ,7.0,Empleado_Formal,12.5,12.5,0.0,4,47,1
10508,246,11,2,2,9411,5610,1.0,6.0, ,1,1.0,2,27,1,8,13,1,2,3,1,11.0,2017.0, ,7.0,Empleado_Informal,14.0,14.0,0.0,9,56,1
10560,246,11,5,2,5131,9329,2.0,0.0,5,1,1.0,2,23,6,5,13, , , ,9,3.0,2023.0, ,1.0,Empleado_Informal,10.0,10.0,0.0,5,93,1
10560,247,11,1,2,9112,8620,0.0,5.0,7,1,1.0,1,31,1,6,13, , , ,2,7.0,2018.0, ,6.0,Empleado_Informal,11.0,11.0,0.0,9,86,1
10560,247,11,2,2,4419,8620,0.0,5.0,2,1,2.0,1,32,1,6,13, , , ,2,7.0,2018.0, ,6.0,Empleado_Formal,11.0,11.0,0.0,4,86,1
10560,250,11,1,2,3113,9522,1.0,0.0,7,1,1.0,1,39,2,8,13,1,2,3,2,1.0,2022.0, ,2.0,Empleado_Informal,14.0,14.0,0.0,3,95,1
10560,250,11,2,2,9629,9609,1.0,0.0, ,1,1.0,2,35,2,8,13,1,2,3,2,1.0,2022.0, ,2.0,Empleado_Informal,14.0,14.0,0.0,9,96,1
10613,252,11,1,2,3142,4220,5.0,0.0,2,1,2.0,1,42,1,10,13,1,1,3,2,8.0,2018.0, ,6.0,Empleado_Formal,16.0,16.0,0.0,3,42,1
10613,252,11,2,2,3322,1701,0.0,1.0,2,1,2.0,2,43,1,10,13,1,1,3,2,8.0,2018.0, ,6.0,Empleado_Formal,16.0,16.0,0.0,3,17,1
10613,253,11,1,2,8321,4922,6.0,0.0, ,1,1.0,1,29,6,6,13, , , ,2,4.0,2018.0, ,6.0,Empleado_Informal,11.0,11.0,0.0,8,49,1
10613,253,11,2,2,9621,4923,2.0,0.0, ,1,1.0,1,27,6,6,13, , , ,2,7.0,2018.0, ,6.0,Empleado_Informal,11.0,11.0,0.0,9,49,1
10613,255,11,1,2,8321,4922,0.0,3.0, ,1,1.0,1,33,1,7,13, , ,3,2,2.0,2018.0, ,6.0,Empleado_Informal,12.5,12.5,0.0,8,49,1
10665,259,11,1,2,3314,9329,0.0,8.0,7,1,1.0,2,39,6,10,13,1,2,3,2,8.0,2018.0,1,6.0,Empleado_Informal,16.0,16.0,0.0,3,93,1
10665,259,11,2,2,7513,1073,0.0,1.0, ,1,1.0,2,15,6,5,5, , , ,2,10.0,2021.0,0,3.0,Empleado_Informal,10.0,8.5,1.5,7,10,1
10665,263,11,1,2,9621,4923,5.0,0.0, ,1,2.0,1,31,1,6,13, , , ,2,3.0,2018.0, ,6.0,Empleado_Formal,11.0,11.0,0.0,9,49,1
10665,263,11,2,2,4120,6910,3.0,0.0,7,1,1.0,2,33,1,9,13, , ,3,2,8.0,2018.0, ,6.0,Empleado_Informal,13.5,13.5,0.0,4,69,1
10665,263,11,5,2,5322,9609,0.0,3.0, ,1,1.0,2,50,6,6,13, , , ,2,8.0,2018.0, ,6.0,Empleado_Informal,11.0,11.0,0.0,5,96,1
10665,264,11,1,2,4120,8522,4.0,0.0,7,1,1.0,2,27,6,8,13,1,2,3,2,8.0,2017.0, ,7.0,Empleado_Informal,14.0,14.0,0.0,4,85,1
10665,264,11,4,2,7212,4520,1.0,0.0,7,1,1.0,1,32,6,7,13, , ,3,2,3.0,2018.0, ,6.0,Empleado_Informal,12.5,12.5,0.0,7,45,1
10717,266,11,1,2,8156,1520,4.0,0.0,7,1,1.0,1,44,6,10,13,2, ,3,2,8.0,2018.0,0,6.0,Empleado_Informal,16.0,16.0,0.0,8,15,1
10717,266,11,2,2,8156,1520,0.0,8.0, ,1,1.0,1,18,6,6,13, , , ,7,3.0,2019.0,0,5.0,Empleado_Informal,11.0,11.0,0.0,8,15,1
10717,267,11,1,2,5212,4741,0.0,7.0,7,1,1.0,2,35,5,10,13,1,2,3,2,10.0,2018.0,1,6.0,Empleado_Informal,16.0,16.0,0.0,5,47,1
10717,267,11,4,2,5212,4772,0.0,7.0, ,1,1.0,2,58,6,8,13,1,2,3,2,9.0,2019.0, ,5.0,Empleado_Informal,14.0,14.0,0.0,5,47,1
10717,268,11,2,2,8332,4923,1.0,0.0,2,1,2.0,1,36,1,9,13, , ,3,2,10.0,2018.0, ,6.0,Empleado_Formal,13.5,13.5,0.0,8,49,1
10770,275,11,1,2,5120,5610,2.0,1.0, ,1,1.0,2,33,1,8,13,1,2,3,2,6.0,2019.0, ,5.0,Empleado_Informal,14.0,14.0,0.0,5,56,1
10770,275,11,2,2,8321,4922,3.0,2.0, ,1,1.0,1,28,1,6,13, , , ,2,1.0,2019.0, ,5.0,Empleado_Informal,11.0,11.0,0.0,8,49,1
10770,277,11,1,2,8321,4922,1.0,6.0, ,1,1.0,1,58,5,3,13, , , ,9,2.0,2023.0, ,1.0,Empleado_Informal,4.5,4.5,0.0,8,49,1
10770,278,11,2,2,9511,4799,1.0,7.0, ,1,1.0,2,20,1,5,13, , , ,9,12.0,2022.0,0,2.0,Empleado_Informal,10.0,10.0,0.0,9,47,1
10822,277,11,1,2,7399,3290,1.0,0.0,7,1,1.0,2,31,6,6,13, , , ,9,7.0,2019.0, ,5.0,Empleado_Informal,11.0,11.0,0.0,7,32,1
10822,278,11,1,2,2221,8620,4.0,0.0,2,1,2.0,1,40,6,10,13,1,1,3,2,3.0,2019.0, ,5.0,Empleado_Formal,16.0,16.0,0.0,2,86,1
10822,278,11,4,2,2252,4772,2.0,0.0,7,1,1.0,1,44,6,10,13,1,1,3,2,3.0,2018.0, ,6.0,Empleado_Informal,16.0,16.0,0.0,2,47,1
10822,278,11,5,2,2252,4772,1.0,0.0,7,1,1.0,1,37,6,10,13,1,2,3,2,6.0,2022.0, ,2.0,Empleado_Informal,16.0,16.0,0.0,2,47,1
10822,279,11,1,2,9629,8690,1.0,3.0,7,1,1.0,2,28,1,9,13, , ,3,2,8.0,2019.0, ,5.0,Empleado_Informal,13.5,13.5,0.0,9,86,1
10822,279,11,2,2,3422,9312,2.0,0.0,7,1,1.0,1,41,1,10,13,1,2,3,2,8.0,2019.0, ,5.0,Empleado_Informal,16.0,16.0,0.0,3,93,1
10874,282,11,1,2,9313,4100,4.0,2.0,7,1,1.0,1,27,1,6,13, , , ,2,8.0,2019.0, ,5.0,Empleado_Informal,11.0,11.0,0.0,9,41,1
10874,282,11,2,2,5131,5610,0.0,4.0,7,1,1.0,2,31,1,9,13, , ,3,2,4.0,2019.0, ,5.0,Empleado_Informal,13.5,13.5,0.0,5,56,1
10874,284,11,1,2,4224,8620,2.0,6.0,2,1,2.0,2,36,6,10,13,1,2,3,2,12.0,2017.0,0,7.0,Empleado_Formal,16.0,16.0,0.0,4,86,1
10874,290,11,2,2,9313,4100,5.0,0.0,7,1,1.0,1,37,1,4,13, , , ,2,5.0,2019.0,0,5.0,Empleado_Informal,9.0,9.0,0.0,9,41,1
10874,290,11,3,2,5212,4741,0.0,6.0,7,1,1.0,2,19,6,5,13, , , ,2,5.0,2019.0, ,5.0,Empleado_Informal,10.0,10.0,0.0,5,47,1
10927,290,11,1,2,5142,9602,4.0,0.0, ,1,1.0,2,33,6,8,13,1,2,3,2,8.0,2018.0,0,6.0,Empleado_Informal,14.0,14.0,0.0,5,96,1
10927,291,11,1,2,5120,5610,5.0,11.0,1,1,1.0,1,28,1,5,13, , , ,1,8.0,2024.0, ,0.0,Empleado_Informal,10.0,10.0,0.0,5,56,1
10927,291,11,2,2,5230,5610,0.0,10.0,7,1,1.0,2,23,1,5,13, , , ,2,8.0,2024.0, ,0.0,Empleado_Informal,10.0,10.0,0.0,5,56,1
10927,292,11,1,2,9621,4923,2.0,0.0, ,1,1.0,1,32,1,9,13, , ,3,2,8.0,2018.0, ,6.0,Empleado_Informal,13.5,13.5,0.0,9,49,1
15622,16,11,1,2,9511,4799,0.0,1.0, ,1,1.0,1,27,1,9,13, , ,3,9,3.0,2024.0, ,0.0,Empleado_Informal,13.5,13.5,0.0,9,47,1
15622,16,11,2,2,5131,5610,0.0,3.0,7,1,1.0,2,31,1,6,13, , , ,9,5.0,2024.0, ,0.0,Empleado_Informal,11.0,11.0,0.0,5,56,1
15622,17,11,1,2,5212,4741,5.0,0.0, ,1,2.0,1,35,1,6,13, , , ,2,11.0,2018.0, ,6.0,Empleado_Formal,11.0,11.0,0.0,5,47,1
15622,17,11,2,2,5212,4741,6.0,0.0, ,1,2.0,2,35,1,8,13,2, ,3,2,3.0,2018.0, ,6.0,Empleado_Formal,14.0,14.0,0.0,5,47,1
15622,17,11,3,2,5212,4741,0.0,6.0,7,1,1.0,2,18,6,6,13, , , ,9,9.0,2023.0, ,1.0,Empleado_Informal,11.0,11.0,0.0,5,47,1
15622,17,11,6,2,5212,4741,1.0,0.0,7,1,1.0,1,61,2,8,13,2, ,3,9,9.0,2023.0, ,1.0,Empleado_Informal,14.0,14.0,0.0,5,47,1
15622,18,11,1,2,9111,9700,0.0,3.0,7,1,1.0,2,43,1,6,13, , , ,2,5.0,2021.0,1,3.0,Empleado_Informal,11.0,11.0,0.0,9,97,1
15622,18,11,2,2,7421,9522,0.0,1.0, ,1,1.0,1,35,1,6,13, , , ,2,7.0,2018.0, ,6.0,Empleado_Informal,11.0,11.0,0.0,7,95,1
15665,21,11,1,2,,,0.0,0.0, ,2,,2,52,6,5,13, , , ,9,3.0,2022.0, ,2.0,Desempleado,10.0,10.0,0.0,,,0
15665,21,11,2,2,4229,5610,0.0,7.0,2,1,1.0,2,31,6,6,13, , , ,2,9.0,2021.0, ,3.0,Empleado_Informal,11.0,11.0,0.0,4,56,1
15665,21,11,5,2,4110,4530,0.0,1.0,7,1,1.0,1,23,5,6,13, , , ,2,3.0,2020.0, ,4.0,Empleado_Informal,11.0,11.0,0.0,4,45,1
15665,21,11,6,2,5142,9602,2.0,0.0, ,1,1.0,2,24,6,6,13, , , ,2,7.0,2018.0, ,6.0,Empleado_Informal,11.0,11.0,0.0,5,96,1
15665,25,11,1,2,5132,5610,0.0,8.0,2,1,1.0,1,28,6,10,13,1,2,3,2,9.0,2019.0,1,5.0,Empleado_Informal,16.0,16.0,0.0,5,56,1
15665,26,11,2,2,9621,4923,8.0,0.0,7,1,1.0,1,23,1,3,13, , , ,2,7.0,2017.0,0,7.0,Empleado_Informal,4.5,4.5,0.0,9,49,1
15709,25,11,1,2,5120,5610,3.0,11.0,7,1,1.0,1,48,2,8,13,1,2,3,2,12.0,2018.0, ,6.0,Empleado_Informal,14.0,14.0,0.0,5,56,1
15709,25,11,2,2,5120,5610,4.0,3.0,7,1,1.0,2,41,2,6,13, , , ,2,12.0,2018.0, ,6.0,Empleado_Informal,11.0,11.0,0.0,5,56,1
15709,26,11,1,2,3314,4520,7.0,0.0,7,1,1.0,2,28,2,8,13,1,2,3,9,7.0,2018.0, ,6.0,Empleado_Informal,14.0,14.0,0.0,3,45,1
15709,26,11,2,2,9122,4520,7.0,0.0,7,1,1.0,1,30,2,6,13, , , ,2,7.0,2018.0, ,6.0,Empleado_Informal,11.0,11.0,0.0,9,45,1
15709,26,11,4,2,9122,4520,2.0,0.0,7,1,1.0,1,54,2,5,13, , , ,2,8.0,2022.0, ,2.0,Empleado_Informal,10.0,10.0,0.0,9,45,1
15709,27,11,1,2,9112,9499,1.0,11.0,2,1,2.0,1,48,1,10,13,1,2,3,2,10.0,2022.0, ,2.0,Empleado_Formal,16.0,16.0,0.0,9,94,1
15709,27,11,2,2,4224,9499,1.0,11.0,2,1,2.0,2,33,1,6,13, , , ,2,3.0,2021.0, ,3.0,Empleado_Formal,11.0,11.0,0.0,4,94,1
15709,27,11,3,2,5131,5610,0.0,10.0,7,1,1.0,2,17,6,5,5, , , ,2,10.0,2021.0, ,3.0,Empleado_Informal,10.0,8.5,1.5,5,56,1
15752,31,11,1,1,2131,8690,8.0,0.0,2,1,2.0,1,47,1,1,10, , ,0,,,,,,Empleado_Formal,0.0,16.0,-16.0,2,86,1
15752,31,11,2,2,9629,9609,2.0,0.0, ,1,1.0,2,36,1,10,13,1,1,3,2,7.0,2017.0,0,7.0,Empleado_Informal,16.0,16.0,0.0,9,96,1
15752,32,11,1,2,5142,9602,5.0,0.0, ,1,2.0,2,30,1,10,13,1,2,3,2,3.0,2018.0, ,6.0,Empleado_Formal,16.0,16.0,0.0,5,96,1
15752,32,11,2,1,2251,8620,5.0,0.0,1,1,1.0,1,36,1,1,10, , ,0,,,,,,Empleado_Informal,0.0,16.0,-16.0,2,86,1
15795,48,11,1,2,9112,8129,0.0,1.0,7,1,1.0,2,49,1,6,13, , , ,1,2.0,2022.0, ,2.0,Empleado_Informal,11.0,11.0,0.0,9,81,1
15795,48,11,2,2,2221,8690,1.0,0.0,2,1,1.0,1,45,1,10,13,1,2,3,2,10.0,2020.0, ,4.0,Empleado_Informal,16.0,16.0,0.0,2,86,1
15795,50,11,3,2,2222,8610,0.0,5.0,2,1,1.0,1,31,6,10,11, , ,3,2,4.0,2018.0, ,6.0,Empleado_Informal,16.0,19.0,-3.0,2,86,1
15795,50,11,4,2,,,0.0,0.0, ,2,,2,54,6,4,13, , , ,2,4.0,2018.0, ,6.0,Desempleado,9.0,9.0,0.0,,,0
15795,50,11,5,2,,,0.0,0.0, ,2,,1,30,6,8,13,1,2,3,2,4.0,2018.0, ,6.0,Desempleado,14.0,14.0,0.0,,,0
15795,53,11,1,2,4321,4321,0.0,8.0,2,1,2.0,1,21,6,7,13, , ,3,2,1.0,2019.0,1,5.0,Empleado_Formal,12.5,12.5,0.0,4,43,1
15838,43,11,1,2,7421,9511,6.0,0.0, ,1,1.0,1,58,2,10,13,1,2,3,2,9.0,2018.0, ,6.0,Empleado_Informal,16.0,16.0,0.0,7,95,1
15838,43,11,2,2,9629,9609,0.0,2.0, ,1,1.0,2,45,2,10,13,1,2,3,2,9.0,2018.0, ,6.0,Empleado_Informal,16.0,16.0,0.0,9,96,1
15838,46,11,1,2,5212,4771,1.0,0.0,7,1,1.0,2,23,6,6,13, , , ,2,5.0,2020.0, ,4.0,Empleado_Informal,11.0,11.0,0.0,5,47,1
15838,46,11,4,2,9121,9601,2.0,5.0,7,1,1.0,2,29,5,10,13,1,2,3,2,5.0,2020.0, ,4.0,Empleado_Informal,16.0,16.0,0.0,9,96,1
15838,48,11,1,2,5211,4659,2.0,0.0,7,1,1.0,1,47,6,5,13, , , ,2,12.0,2017.0, ,7.0,Empleado_Informal,10.0,10.0,0.0,5,46,1
15881,49,11,1,1,7411,4321,1.0,6.0,7,1,1.0,1,55,1,10,13,2, ,3,,,,,,Empleado_Informal,16.0,16.0,0.0,7,43,1
15881,49,11,2,2,4419,6810,4.0,5.0,2,1,1.0,2,34,1,10,13,1,2,3,2,3.0,2018.0, ,6.0,Empleado_Informal,16.0,16.0,0.0,4,68,1
15881,49,11,3,2,7513,1071,2.0,0.0, ,1,1.0,2,17,6,4,5, , , ,2,12.0,2018.0, ,6.0,Empleado_Informal,9.0,8.5,0.5,7,10,1
15881,49,11,6,2,9511,4799,1.0,0.0, ,1,1.0,2,54,6,9,13, , ,3,,,,,,Empleado_Informal,13.5,13.5,0.0,9,47,1
15881,50,11,1,2,8332,4923,5.0,0.0, ,1,1.0,1,32,1,10,13,1,2,3,2,1.0,2018.0, ,6.0,Empleado_Informal,16.0,16.0,0.0,8,49,1
15881,50,11,2,2,2166,1811,2.0,0.0,7,1,1.0,2,25,1,8,13,1,2,3,2,6.0,2021.0, ,3.0,Empleado_Informal,14.0,14.0,0.0,2,18,1
15881,50,11,3,2,2166,7410,1.0,0.0, ,1,1.0,1,30,6,6,13, , , ,2,6.0,2021.0, ,3.0,Empleado_Informal,11.0,11.0,0.0,2,74,1
15881,51,11,1,2,2221,8690,0.0,7.0, ,1,2.0,1,46,1,10,11, , ,3,2,12.0,2017.0,0,7.0,Empleado_Formal,16.0,19.0,-3.0,2,86,1
15881,51,11,2,2,2221,8610,3.0,0.0,2,1,2.0,2,37,1,11,11, , ,3,2,12.0,2017.0,0,7.0,Empleado_Formal,18.0,19.0,-1.0,2,86,1
15881,51,11,4,2,5212,4721,0.0,1.0,7,1,1.0,1,21,6,6,9, , ,0,2,10.0,2018.0, ,6.0,Empleado_Informal,11.0,13.5,-2.5,5,47,1
15924,63,11,1,2,9511,4799,3.0,5.0, ,1,1.0,2,38,6,6,13, , , ,6,10.0,2018.0, ,6.0,Empleado_Informal,11.0,11.0,0.0,9,47,1
15924,67,11,1,2,3431,7310,1.0,3.0,7,1,1.0,1,24,1,7,13, , ,3,2,8.0,2018.0, ,6.0,Empleado_Informal,12.5,12.5,0.0,3,73,1
15924,67,11,2,2,5213,4781,3.0,0.0, ,1,1.0,2,24,1,6,13, , , ,4,8.0,2018.0, ,6.0,Empleado_Informal,11.0,11.0,0.0,5,47,1
15967,62,11,1,2,7421,9512,6.0,1.0, ,1,2.0,1,31,6,9,13, , ,3,2,2.0,2018.0,1,6.0,Empleado_Formal,13.5,13.5,0.0,7,95,1
15967,62,11,2,2,5212,4741,1.0,10.0,7,1,1.0,1,20,6,6,13, , , ,2,9.0,2022.0, ,2.0,Empleado_Informal,11.0,11.0,0.0,5,47,1
15967,62,11,3,2,5212,4741,1.0,1.0,7,1,1.0,1,20,6,6,13, , , ,1,1.0,2023.0, ,1.0,Empleado_Informal,11.0,11.0,0.0,5,47,1
15967,65,11,1,2,2142,4290,40.0,3.0, ,1,2.0,1,66,2,10,13,1,1,3,2,9.0,2018.0, ,6.0,Empleado_Formal,16.0,16.0,0.0,2,42,1
15967,66,11,1,2,9412,5610,4.0,1.0,7,1,1.0,2,41,5,9,13, , ,3,2,8.0,2019.0, ,5.0,Empleado_Informal,13.5,13.5,0.0,9,56,1
16010,68,11,1,2,3314,4761,6.0,0.0,7,1,1.0,1,25,6,5,13, , , ,2,7.0,2019.0,1,5.0,Empleado_Informal,10.0,10.0,0.0,3,47,1
16010,69,11,1,2,5131,5610,5.0,0.0,7,1,1.0,2,38,5,8,13,2, ,3,2,3.0,2018.0, ,6.0,Empleado_Informal,14.0,14.0,0.0,5,56,1
16010,69,11,2,2,5131,5610,0.0,5.0,7,1,1.0,1,20,6,6,13, , , ,2,11.0,2022.0, ,2.0,Empleado_Informal,11.0,11.0,0.0,5,56,1
16010,70,11,3,2,9621,4781,0.0,3.0,2,1,1.0,1,15,6,4,4, , , , ,,, ,,Empleado_Informal,9.0,6.0,3.0,9,47,1
16054,73,11,1,2,9112,5510,6.0,0.0,7,1,1.0,1,43,1,5,13, , , ,2,7.0,2019.0, ,5.0,Empleado_Informal,10.0,10.0,0.0,9,55,1
16054,73,11,2,2,9112,5510,4.0,0.0,7,1,1.0,2,55,1,6,13, , , ,2,7.0,2019.0, ,5.0,Empleado_Informal,11.0,11.0,0.0,9,55,1
16054,74,11,1,2,5213,4781,6.0,9.0,7,1,1.0,1,39,1,4,13, , , ,1,3.0,2019.0, ,5.0,Empleado_Informal,9.0,9.0,0.0,5,47,1
16054,74,11,2,4,5131,5610,0.0,9.0,7,1,1.0,2,37,1,1,13, , , ,2,3.0,2023.0, ,1.0,Empleado_Informal,0.0,0.0,0.0,5,56,1
16054,75,11,1,2,9112,5510,2.0,0.0,7,1,1.0,1,35,1,6,13, , , ,2,9.0,2021.0, ,3.0,Empleado_Informal,11.0,11.0,0.0,9,55,1
16054,75,11,2,2,5211,4641,1.0,0.0,7,1,1.0,2,53,1,5,13, , , ,2,6.0,2022.0, ,2.0,Empleado_Informal,10.0,10.0,0.0,5,46,1
16528,141,11,1,2,9333,5224,4.0,0.0,7,1,1.0,1,24,1,6,13, , , ,6,1.0,2019.0,1,5.0,Empleado_Informal,11.0,11.0,0.0,9,52,1
16528,141,11,2,2,9411,5610,0.0,3.0, ,1,1.0,2,26,1,9,13, , ,3,6,2.0,2020.0,1,4.0,Empleado_Informal,13.5,13.5,0.0,9,56,1
16528,143,11,1,2,9411,5610,2.0,0.0, ,1,1.0,1,34,6,6,13, , , ,6,2.0,2023.0, ,1.0,Empleado_Informal,11.0,11.0,0.0,9,56,1
16528,144,11,1,2,9621,5610,0.0,8.0,7,1,1.0,2,28,1,6,13, , , ,2,2.0,2018.0, ,6.0,Empleado_Informal,11.0,11.0,0.0,9,56,1
16528,144,11,2,1,5213,4781,4.0,0.0,7,1,1.0,1,50,1,1,6, , ,1,,,,,,Empleado_Informal,0.0,11.0,-11.0,5,47,1
16528,144,11,5,2,5213,4781,2.0,0.0,7,1,1.0,1,32,6,6,13, , , ,1,3.0,2019.0, ,5.0,Empleado_Informal,11.0,11.0,0.0,5,47,1
16528,144,11,6,2,5213,4781,2.0,0.0,7,1,1.0,1,22,6,6,13, , , ,1,2.0,2022.0,1,2.0,Empleado_Informal,11.0,11.0,0.0,5,47,1
16830,181,11,1,2,7354,1410,0.0,3.0,7,1,1.0,1,34,1,9,13, , ,3,9,9.0,2021.0, ,3.0,Empleado_Informal,13.5,13.5,0.0,7,14,1
16830,181,11,2,2,7213,4520,0.0,2.0,7,1,1.0,2,40,1,6,13, , , ,2,8.0,2017.0, ,7.0,Empleado_Informal,11.0,11.0,0.0,7,45,1
16830,186,11,1,2,9533,4799,3.0,0.0,7,1,1.0,2,36,2,4,13, , , ,6,11.0,2019.0,0,5.0,Empleado_Informal,9.0,9.0,0.0,9,47,1
16830,186,11,2,2,9122,4520,5.0,0.0,7,1,1.0,1,37,2,6,13, , , ,2,6.0,2018.0,0,6.0,Empleado_Informal,11.0,11.0,0.0,9,45,1
16830,186,11,4,2,9511,4799,1.0,0.0, ,1,1.0,2,20,6,5,13, , , ,1,7.0,2022.0, ,2.0,Empleado_Informal,10.0,10.0,0.0,9,47,1
16830,194,11,1,2,9333,5224,5.0,0.0, ,1,1.0,1,46,1,3,13, , , ,2,8.0,2019.0, ,5.0,Empleado_Informal,4.5,4.5,0.0,9,52,1
16873,188,11,2,2,5141,9602,3.0,0.0, ,1,1.0,1,23,1,5,13, , , ,1,1.0,2023.0, ,1.0,Empleado_Informal,10.0,10.0,0.0,5,96,1
16873,188,11,4,2,9321,2220,0.0,1.0,7,1,1.0,1,20,6,6,13, , , ,9,8.0,2024.0, ,0.0,Empleado_Informal,11.0,11.0,0.0,9,22,1
16873,191,11,1,2,5211,4641,1.0,0.0,7,1,1.0,2,48,6,6,13, , , ,1,10.0,2023.0, ,1.0,Empleado_Informal,11.0,11.0,0.0,5,46,1
16873,191,11,2,2,7234,3312,0.0,1.0,7,1,1.0,1,28,6,5,13, , , ,9,9.0,2022.0, ,2.0,Empleado_Informal,10.0,10.0,0.0,7,33,1
16873,191,11,3,2,7353,1410,1.0,0.0,7,1,1.0,1,23,6,5,13, , , ,4,12.0,2020.0, ,4.0,Empleado_Informal,10.0,10.0,0.0,7,14,1
16873,191,11,4,2,9629,3290,0.0,1.0,7,1,1.0,2,18,6,6,13, , , ,1,10.0,2023.0, ,1.0,Empleado_Informal,11.0,11.0,0.0,9,32,1
16873,192,11,2,2,7354,1410,3.0,0.0,2,1,1.0,1,28,2,6,13, , , ,2,4.0,2019.0,0,5.0,Empleado_Informal,11.0,11.0,0.0,7,14,1
17175,233,11,1,2,9411,5630,3.0,0.0, ,1,1.0,1,54,6,5,13, , , ,9,12.0,2021.0, ,3.0,Empleado_Informal,10.0,10.0,0.0,9,56,1
17175,234,11,1,2,9412,5610,0.0,2.0,7,1,1.0,1,45,1,9,13, , ,3,2,12.0,2021.0,1,3.0,Empleado_Informal,13.5,13.5,0.0,9,56,1
17218,237,11,1,2,9112,8129,2.0,0.0,7,1,1.0,1,55,6,8,13,2, ,3,2,9.0,2017.0,1,7.0,Empleado_Informal,14.0,14.0,0.0,9,81,1
17218,251,11,1,2,2131,2100,1.0,1.0,2,1,2.0,2,48,1,10,13,1,1,3,2,4.0,2018.0, ,6.0,Empleado_Formal,16.0,16.0,0.0,2,21,1
17218,251,11,2,2,7128,4330,6.0,0.0, ,1,1.0,1,40,1,10,13,1,2,3,2,2.0,2017.0, ,7.0,Empleado_Informal,16.0,16.0,0.0,7,43,1
17218,252,11,1,2,9629,4649,0.0,1.0,7,1,2.0,2,46,6,8,13,1,2,3,2,6.0,2017.0,1,7.0,Empleado_Formal,14.0,14.0,0.0,9,46,1
17261,250,11,1,2,5243,4791,0.0,3.0, ,1,1.0,2,43,6,8,13,1,1,3,4,8.0,2019.0,0,5.0,Empleado_Informal,14.0,14.0,0.0,5,47,1
17261,255,11,1,2,5211,4661,2.0,0.0,7,1,1.0,2,53,1,6,13, , , ,2,10.0,2019.0, ,5.0,Empleado_Informal,11.0,11.0,0.0,5,46,1
17261,255,11,2,2,5211,4661,3.0,0.0,7,1,1.0,1,60,1,6,13, , , ,2,9.0,2018.0, ,6.0,Empleado_Informal,11.0,11.0,0.0,5,46,1
17477,279,11,1,2,5212,4772,2.0,1.0,2,1,1.0,2,34,1,8,13,1,2,3,2,1.0,2020.0, ,4.0,Empleado_Informal,14.0,14.0,0.0,5,47,1
17477,279,11,2,2,5230,5610,0.0,10.0,2,1,1.0,1,36,1,8,13,1,2,3,2,1.0,2020.0, ,4.0,Empleado_Informal,14.0,14.0,0.0,5,56,1
17477,281,11,1,2,9121,9601,3.0,0.0,5,1,1.0,1,35,6,10,13,1,2,3,2,11.0,2018.0,0,6.0,Empleado_Informal,16.0,16.0,0.0,9,96,1
17477,281,11,2,2,,,0.0,0.0, ,3,,2,59,5,5,13, , , ,2,1.0,2022.0, ,2.0,Desempleado,10.0,10.0,0.0,,,0
17477,282,11,1,2,9629,5510,3.0,5.0,2,1,2.0,1,30,6,10,13,1,2,3,2,4.0,2018.0, ,6.0,Empleado_Formal,16.0,16.0,0.0,9,55,1
17520,281,11,1,1,9622,6810,3.0,0.0,2,1,2.0,1,46,1,1,6, , ,1,,,,,,Empleado_Formal,0.0,11.0,-11.0,9,68,1
17520,281,11,2,2,7331,1701,0.0,2.0,7,1,1.0,2,45,1,8,13,1,1,3,1,4.0,2019.0, ,5.0,Empleado_Informal,14.0,14.0,0.0,7,17,1
17520,281,11,3,2,7331,1701,1.0,3.0,7,1,2.0,2,21,6,6,13, , , ,1,4.0,2019.0, ,5.0,Empleado_Formal,11.0,11.0,0.0,7,17,1
17520,283,11,1,2,4110,1811,5.0,9.0,2,1,2.0,1,26,1,6,13, , , ,2,12.0,2018.0, ,6.0,Empleado_Formal,11.0,11.0,0.0,4,18,1
17520,291,11,1,2,3257,4322,3.0,0.0,2,1,2.0,1,28,6,10,13,1,2,3,2,5.0,2019.0,0,5.0,Empleado_Formal,16.0,16.0,0.0,3,43,1
17563,289,11,1,2,7354,1392,0.0,9.0,7,1,1.0,2,23,6,6,13, , , ,2,3.0,2023.0, ,1.0,Empleado_Informal,11.0,11.0,0.0,7,13,1
17563,290,11,1,1,5213,4781,5.0,0.0, ,1,2.0,2,48,6,1,8, , ,0,,,,,,Empleado_Formal,0.0,14.0,-14.0,5,47,1
17563,290,11,2,2,9621,4773,1.0,0.0,7,1,2.0,1,21,6,6,9, , ,0,4,10.0,2018.0, ,6.0,Empleado_Formal,11.0,13.5,-2.5,9,47,1
17563,290,11,3,2,9511,4799,3.0,0.0, ,1,1.0,2,16,6,3,5, , , ,4,2.0,2019.0, ,5.0,Empleado_Informal,4.5,8.5,-4.0,9,47,1
17563,292,11,1,2,9412,5610,0.0,6.0,7,1,1.0,2,30,6,6,13, , , ,1,1.0,2022.0, ,2.0,Empleado_Informal,11.0,11.0,0.0,9,56,1
17606,294,11,1,2,7411,4321,1.0,6.0,7,1,1.0,1,54,6,10,13,2, ,3,2,12.0,2017.0, ,7.0,Empleado_Informal,16.0,16.0,0.0,7,43,1
17606,294,11,2,2,9511,4799,1.0,0.0, ,1,1.0,2,52,2,9,13, , ,3,2,10.0,2018.0, ,6.0,Empleado_Informal,13.5,13.5,0.0,9,47,1
17606,294,11,3,2,3422,9319,3.0,0.0,7,1,1.0,1,33,6,10,13,2, ,3,2,1.0,2018.0, ,6.0,Empleado_Informal,16.0,16.0,0.0,3,93,1
17606,296,11,1,2,9112,8121,4.0,0.0,2,1,2.0,2,57,4,6,13, , , ,1,2.0,2022.0, ,2.0,Empleado_Formal,11.0,11.0,0.0,9,81,1
17606,296,11,2,2,9112,5610,2.0,0.0,7,1,1.0,1,24,6,6,13, , , ,1,8.0,2023.0, ,1.0,Empleado_Informal,11.0,11.0,0.0,9,56,1
17606,296,11,3,2,9111,9700,0.0,10.0,7,1,1.0,2,38,6,6,13, , , ,1,3.0,2022.0, ,2.0,Empleado_Informal,11.0,11.0,0.0,9,97,1
17606,297,11,1,2,5414,8010,2.0,0.0,7,1,1.0,1,31,6,10,13,1,2,3,1,3.0,2023.0,1,1.0,Empleado_Informal,16.0,16.0,0.0,5,80,1
17908,336,11,1,2,9629,5610,2.0,0.0, ,1,1.0,2,50,6,5,13, , , ,1,12.0,2020.0, ,4.0,Empleado_Informal,10.0,10.0,0.0,9,56,1
17908,336,11,2,2,5131,5610,1.0,0.0,7,1,1.0,2,30,6,6,13, , , ,1,7.0,2018.0, ,6.0,Empleado_Informal,11.0,11.0,0.0,5,56,1
17908,336,11,6,2,5131,5610,1.0,5.0,7,1,1.0,2,21,6,5,6, , ,1,1,12.0,2020.0, ,4.0,Empleado_Informal,10.0,11.0,-1.0,5,56,1
17908,336,11,8,2,9621,4923,2.0,0.0, ,1,1.0,1,29,6,6,13, , , ,2,9.0,2022.0, ,2.0,Empleado_Informal,11.0,11.0,0.0,9,49,1
17908,337,11,1,1,4110,8010,3.0,0.0,7,1,1.0,1,60,1,1,9, , ,0,,,,,,Empleado_Informal,0.0,13.5,-13.5,4,80,1
17908,337,11,2,2,7513,1071,4.0,0.0, ,1,1.0,2,38,1,6,13, , , ,2,3.0,2019.0,0,5.0,Empleado_Informal,11.0,11.0,0.0,7,10,1
17908,337,11,3,2,4321,5210,0.0,6.0,7,1,1.0,1,22,6,6,13, , , ,2,12.0,2021.0, ,3.0,Empleado_Informal,11.0,11.0,0.0,4,52,1
17908,337,11,4,2,3314,1050,1.0,0.0,7,1,1.0,2,19,6,5,13, , , ,2,12.0,2022.0,1,2.0,Empleado_Informal,10.0,10.0,0.0,3,10,1
17951,341,11,1,2,8322,4922,2.0,0.0, ,1,1.0,1,34,1,7,13, , ,3,2,11.0,2017.0, ,7.0,Empleado_Informal,12.5,12.5,0.0,8,49,1
17951,341,11,6,2,5212,4773,3.0,0.0,7,1,1.0,2,53,4,6,13, , , ,2,10.0,2018.0, ,6.0,Empleado_Informal,11.0,11.0,0.0,5,47,1
17951,344,12,1,2,4321,4759,3.0,0.0,7,1,1.0,1,36,6,8,13,1,2,3,2,2.0,2017.0, ,7.0,Empleado_Informal,14.0,14.0,0.0,4,47,1
17951,344,12,2,2,,,0.0,0.0, ,2,,2,71,4,10,13,1,1,3,2,1.0,2022.0, ,2.0,Desempleado,16.0,16.0,0.0,,,0
17951,344,22,1,2,5211,4659,1.0,0.0,7,1,1.0,1,34,1,6,13, , , ,1,2.0,2019.0, ,5.0,Empleado_Informal,11.0,11.0,0.0,5,46,1
17951,344,22,2,2,5212,4771,0.0,6.0,7,1,1.0,2,25,1,6,13, , , ,1,2.0,2018.0, ,6.0,Empleado_Informal,11.0,11.0,0.0,5,47,1
17951,345,11,1,2,5212,4773,0.0,2.0,7,1,1.0,2,52,4,10,13,1,2,3,2,1.0,2018.0,0,6.0,Empleado_Informal,16.0,16.0,0.0,5,47,1
17951,345,11,2,2,5212,4773,1.0,6.0,7,1,1.0,1,24,6,6,13, , , ,2,10.0,2021.0, ,3.0,Empleado_Informal,11.0,11.0,0.0,5,47,1
18080,359,11,1,2,9111,9700,2.0,2.0,7,1,1.0,2,30,6,4,13, , , ,2,5.0,2021.0, ,3.0,Empleado_Informal,9.0,9.0,0.0,9,97,1
18080,361,11,1,2,7231,4520,2.0,2.0,2,1,1.0,1,43,1,8,13,2, ,3,1,3.0,2019.0, ,5.0,Empleado_Informal,14.0,14.0,0.0,7,45,1
18080,361,11,2,2,,,0.0,0.0, ,2,,2,41,1,8,13,1,2,3,1,3.0,2019.0, ,5.0,Desempleado,14.0,14.0,0.0,,,0
18080,362,11,1,2,4224,8220,0.0,10.0,2,1,1.0,2,35,1,8,13,1,2,3,2,3.0,2021.0, ,3.0,Empleado_Informal,14.0,14.0,0.0,4,82,1
18080,362,11,2,2,2359,8521,2.0,10.0,7,1,1.0,1,39,1,10,13,1,2,3,2,3.0,2021.0, ,3.0,Empleado_Informal,16.0,16.0,0.0,2,85,1
18124,365,11,1,2,8321,4922,2.0,6.0, ,1,1.0,1,31,6,4,13, , , ,1,10.0,2018.0, ,6.0,Empleado_Informal,9.0,9.0,0.0,8,49,1
18124,366,11,1,2,9629,7310,1.0,6.0,2,1,2.0,2,31,6,10,13,1,2,3,2,5.0,2018.0, ,6.0,Empleado_Formal,16.0,16.0,0.0,9,73,1
18124,368,11,1,2,5120,5610,0.0,10.0,2,1,1.0,1,29,6,7,13, , ,3,1,3.0,2021.0, ,3.0,Empleado_Informal,12.5,12.5,0.0,5,56,1
18167,374,11,1,2,9333,4649,0.0,6.0,7,1,1.0,1,29,6,6,13, , , ,6,9.0,2018.0,0,6.0,Empleado_Informal,11.0,11.0,0.0,9,46,1
18167,375,11,1,2,9622,9200,1.0,4.0,7,1,1.0,1,32,1,6,13, , , ,2,3.0,2019.0, ,5.0,Empleado_Informal,11.0,11.0,0.0,9,92,1
18167,375,11,2,2,5131,9200,1.0,0.0,7,1,1.0,2,28,1,6,13, , , ,6,5.0,2018.0,1,6.0,Empleado_Informal,11.0,11.0,0.0,5,92,1
18167,376,11,1,2,5212,4761,1.0,0.0, ,1,1.0,2,37,6,6,13, , , ,6,11.0,2018.0, ,6.0,Empleado_Informal,11.0,11.0,0.0,5,47,1
18210,378,11,1,2,3314,4789,2.0,0.0, ,1,2.0,1,29,6,10,13,1,2,3,2,5.0,2018.0, ,6.0,Empleado_Formal,16.0,16.0,0.0,3,47,1
18210,379,11,1,2,7354,1410,5.0,0.0,7,1,1.0,1,31,6,10,13,2, ,3,2,4.0,2018.0, ,6.0,Empleado_Informal,16.0,16.0,0.0,7,14,1
18210,380,11,1,2,5213,4782,3.0,0.0, ,1,2.0,1,35,1,6,13, , , ,2,11.0,2020.0,0,4.0,Empleado_Formal,11.0,11.0,0.0,5,47,1
18253,384,11,1,2,5142,9602,1.0,1.0,7,1,1.0,2,24,6,5,13, , , ,1,4.0,2021.0,1,3.0,Empleado_Informal,10.0,10.0,0.0,5,96,1
18253,385,11,1,2,,,0.0,0.0, ,2,,2,26,1,6,13, , , ,1,4.0,2021.0,0,3.0,Desempleado,11.0,11.0,0.0,,,0
18253,385,11,2,2,5212,4741,0.0,9.0,7,1,1.0,1,30,1,6,13, , , ,1,4.0,2021.0, ,3.0,Empleado_Informal,11.0,11.0,0.0,5,47,1
18296,389,11,1,2,8331,4921,2.0,0.0, ,1,1.0,1,31,6,6,13, , , ,1,2.0,2021.0, ,3.0,Empleado_Informal,11.0,11.0,0.0,8,49,1
18296,390,11,1,2,5211,4641,0.0,6.0,7,1,1.0,2,31,6,5,13, , , ,1,4.0,2022.0,0,2.0,Empleado_Informal,10.0,10.0,0.0,5,46,1
18296,394,11,2,2,9313,4100,0.0,8.0,7,1,1.0,1,29,1,6,13, , , ,2,5.0,2019.0, ,5.0,Empleado_Informal,11.0,11.0,0.0,9,41,1
18339,396,11,2,2,8331,4921,1.0,4.0,7,1,1.0,1,33,1,7,13, , ,3,1,1.0,2021.0,0,3.0,Empleado_Informal,12.5,12.5,0.0,8,49,1
18339,397,11,1,2,5212,4773,0.0,7.0,7,1,1.0,2,26,6,8,13,1,2,3,1,6.0,2022.0, ,2.0,Empleado_Informal,14.0,14.0,0.0,5,47,1
18339,400,11,1,2,5120,5610,1.0,2.0,2,1,1.0,1,42,1,8,13,1,2,3,1,8.0,2019.0, ,5.0,Empleado_Informal,14.0,14.0,0.0,5,56,1
18382,402,11,1,2,5142,9602,1.0,2.0,2,1,1.0,2,27,6,8,13,1,2,3,1,1.0,2019.0,0,5.0,Empleado_Informal,14.0,14.0,0.0,5,96,1
18382,406,11,1,2,,,0.0,0.0, ,2,,2,24,1,6,13, , , ,1,10.0,2021.0,0,3.0,Desempleado,11.0,11.0,0.0,,,0
18382,406,11,2,2,7231,4520,1.0,4.0,2,1,1.0,1,31,1,8,13,1,2,3,1,10.0,2021.0, ,3.0,Empleado_Informal,14.0,14.0,0.0,7,45,1
18382,408,11,1,2,,,0.0,0.0, ,2,,2,28,1,6,13, , , ,1,7.0,2021.0,0,3.0,Desempleado,11.0,11.0,0.0,,,0
18382,408,11,2,2,5321,8610,1.0,2.0,2,1,1.0,1,31,1,8,13,1,2,3,2,7.0,2021.0, ,3.0,Empleado_Informal,14.0,14.0,0.0,5,86,1
18425,408,11,1,2,8322,8690,3.0,0.0,7,1,1.0,1,29,1,6,13, , , ,2,9.0,2018.0, ,6.0,Empleado_Informal,11.0,11.0,0.0,8,86,1
18425,408,11,5,2,4224,5510,3.0,0.0,7,1,1.0,1,54,6,8,13,1,2,3,6,6.0,2021.0, ,3.0,Empleado_Informal,14.0,14.0,0.0,4,55,1
18425,414,11,1,2,5120,5610,2.0,0.0, ,1,1.0,1,40,1,5,13, , , ,3,3.0,2019.0, ,5.0,Empleado_Informal,10.0,10.0,0.0,5,56,1
18425,414,11,2,2,5120,5610,2.0,0.0, ,1,1.0,2,38,1,6,13, , , ,2,8.0,2018.0, ,6.0,Empleado_Informal,11.0,11.0,0.0,5,56,1
18425,415,11,1,2,7111,4100,0.0,4.0,7,1,1.0,1,42,1,6,13, , , ,2,6.0,2016.0, ,8.0,Empleado_Informal,11.0,11.0,0.0,7,41,1
18425,415,11,2,2,9111,9700,2.0,0.0,7,1,1.0,2,36,1,9,13, , ,3,2,6.0,2019.0, ,5.0,Empleado_Informal,13.5,13.5,0.0,9,97,1
18425,415,11,6,2,9111,9700,0.0,1.0,7,1,1.0,2,53,6,5,13, , , ,2,10.0,2018.0, ,6.0,Empleado_Informal,10.0,10.0,0.0,9,97,1
18469,413,11,1,2,5212,4772,1.0,0.0,7,1,1.0,2,28,6,8,13,1,2,3,3,6.0,2019.0, ,5.0,Empleado_Informal,14.0,14.0,0.0,5,47,1
18469,414,11,1,2,3221,8549,1.0,0.0,2,1,1.0,1,32,6,10,13,1,2,3,2,9.0,2019.0, ,5.0,Empleado_Informal,16.0,16.0,0.0,3,85,1
18469,414,11,2,2,5212,4772,1.0,2.0,7,1,1.0,2,28,6,8,13,1,2,3,1,3.0,2022.0, ,2.0,Empleado_Informal,14.0,14.0,0.0,5,47,1
18469,415,11,1,2,9411,5610,4.0,0.0, ,1,1.0,2,34,2,8,13,1,2,3,2,11.0,2017.0, ,7.0,Empleado_Informal,14.0,14.0,0.0,9,56,1
18469,415,11,3,2,5212,4741,1.0,0.0,2,1,1.0,2,28,6,6,13, , , ,1,8.0,2019.0, ,5.0,Empleado_Informal,11.0,11.0,0.0,5,47,1
18512,421,11,1,2,5230,5610,2.0,0.0,7,1,1.0,2,45,5,10,13,1,2,3,2,5.0,2019.0,1,5.0,Empleado_Informal,16.0,16.0,0.0,5,56,1
18512,421,11,2,2,3511,4741,2.0,3.0,7,1,1.0,1,27,6,8,13,1,2,3,2,5.0,2019.0, ,5.0,Empleado_Informal,14.0,14.0,0.0,3,47,1
18512,422,11,3,2,8321,8690,1.0,0.0,2,1,1.0,1,47,6,8,13,1,2,3,2,1.0,2022.0, ,2.0,Empleado_Informal,14.0,14.0,0.0,8,86,1
18512,422,11,4,2,5230,5610,0.0,5.0,7,1,1.0,2,25,6,8,13,1,2,3,2,1.0,2022.0,1,2.0,Empleado_Informal,14.0,14.0,0.0,5,56,1
18512,427,11,1,2,9621,4923,2.0,0.0, ,1,1.0,1,29,6,5,13, , , ,2,7.0,2019.0, ,5.0,Empleado_Informal,10.0,10.0,0.0,9,49,1
18555,428,11,1,2,5221,4630,0.0,1.0,2,1,1.0,1,36,6,10,13,1,2,3,2,4.0,2018.0, ,6.0,Empleado_Informal,16.0,16.0,0.0,5,46,1
18555,428,11,2,2,9412,5610,1.0,2.0,7,1,1.0,2,43,6,10,13,1,2,3,2,2.0,2018.0, ,6.0,Empleado_Informal,16.0,16.0,0.0,9,56,1
18555,428,11,3,2,4222,8220,0.0,7.0,2,1,1.0,2,24,6,6,13, , , ,2,8.0,2021.0, ,3.0,Empleado_Informal,11.0,11.0,0.0,4,82,1
18555,431,11,1,2,9111,9700,2.0,2.0,7,1,1.0,2,47,6,10,13,1,2,3,2,4.0,2017.0, ,7.0,Empleado_Informal,16.0,16.0,0.0,9,97,1
18555,442,11,1,2,5142,9602,0.0,5.0, ,1,1.0,2,31,6,8,13,1,2,3,2,3.0,2014.0, ,10.0,Empleado_Informal,14.0,14.0,0.0,5,96,1
18598,431,11,1,2,3314,7410,1.0,8.0,5,1,1.0,1,32,1,10,13,1,1,3,2,5.0,2018.0, ,6.0,Empleado_Informal,16.0,16.0,0.0,3,74,1
18598,432,11,1,2,9621,4923,3.0,2.0, ,1,1.0,1,33,1,9,13, , ,3,2,1.0,2017.0, ,7.0,Empleado_Informal,13.5,13.5,0.0,9,49,1
18598,432,11,2,2,5142,9602,1.0,2.0,7,1,1.0,2,24,1,6,13, , , ,2,1.0,2020.0, ,4.0,Empleado_Informal,11.0,11.0,0.0,5,96,1
18598,433,11,1,2,2511,8411,1.0,2.0,2,1,2.0,1,49,1,10,13,1,1,3,2,2.0,2018.0, ,6.0,Empleado_Formal,16.0,16.0,0.0,2,84,1
18598,433,11,2,2,4419,6520,4.0,0.0,5,1,1.0,2,45,1,8,13,1,2,3,2,2.0,2018.0, ,6.0,Empleado_Informal,14.0,14.0,0.0,4,65,1
18641,439,11,1,2,5230,4630,0.0,1.0,7,1,1.0,2,36,6,10,13,1,2,3,2,8.0,2018.0, ,6.0,Empleado_Informal,16.0,16.0,0.0,5,46,1
18641,446,11,1,2,5131,5610,6.0,0.0,2,1,1.0,1,40,2,6,13, , , ,2,4.0,2018.0, ,6.0,Empleado_Informal,11.0,11.0,0.0,5,56,1
18641,446,11,2,2,9511,4799,2.0,0.0,7,1,1.0,2,40,2,6,13, , , ,2,5.0,2018.0, ,6.0,Empleado_Informal,11.0,11.0,0.0,9,47,1
18641,449,11,1,2,9121,9601,1.0,0.0,7,1,1.0,2,30,6,6,13, , , ,2,10.0,2018.0, ,6.0,Empleado_Informal,11.0,11.0,0.0,9,96,1
18684,444,11,1,2,3434,5610,4.0,0.0,2,1,1.0,2,41,6,10,13,1,2,3,2,3.0,2019.0, ,5.0,Empleado_Informal,16.0,16.0,0.0,3,56,1
18684,444,11,2,2,3434,5610,0.0,1.0,7,1,1.0,1,45,6,10,13,1,2,3,2,1.0,2017.0, ,7.0,Empleado_Informal,16.0,16.0,0.0,3,56,1
18684,446,11,1,2,7129,7310,3.0,0.0,7,1,1.0,2,37,6,6,13, , , ,2,5.0,2018.0,0,6.0,Empleado_Informal,11.0,11.0,0.0,7,73,1
18684,447,11,1,2,8332,4923,4.0,0.0,7,1,1.0,1,53,2,5,13, , , ,2,3.0,2019.0,1,5.0,Empleado_Informal,10.0,10.0,0.0,8,49,1
18684,447,11,2,2,9412,5610,4.0,9.0,7,1,1.0,2,56,2,10,13,1,2,3,2,3.0,2019.0,1,5.0,Empleado_Informal,16.0,16.0,0.0,9,56,1
18684,447,11,4,2,8332,4923,5.0,0.0,7,1,1.0,1,26,6,5,13, , , ,2,3.0,2019.0,1,5.0,Empleado_Informal,10.0,10.0,0.0,8,49,1
18684,447,11,5,2,4222,8220,3.0,0.0,7,1,1.0,2,22,6,6,9, , ,0,2,5.0,2018.0, ,6.0,Empleado_Informal,11.0,13.5,-2.5,4,82,1
18727,449,11,1,2,9621,4923,0.0,4.0, ,1,1.0,1,23,6,8,13,1,2,3,2,12.0,2022.0,1,2.0,Empleado_Informal,14.0,14.0,0.0,9,49,1
18727,450,11,1,2,9629,9609,0.0,1.0,7,1,1.0,1,25,6,9,13, , ,3,9,11.0,2023.0,0,1.0,Empleado_Informal,13.5,13.5,0.0,9,96,1
18727,451,11,1,2,5212,4721,1.0,4.0,7,1,1.0,1,23,6,6,13, , , ,9,4.0,2022.0,0,2.0,Empleado_Informal,11.0,11.0,0.0,5,47,1
18771,455,11,1,2,3314,4742,2.0,0.0, ,1,2.0,1,30,1,8,13,1,2,3,2,3.0,2018.0, ,6.0,Empleado_Formal,14.0,14.0,0.0,3,47,1
18771,455,11,2,1,5212,4742,2.0,0.0,7,1,1.0,2,32,1,1,7, , ,0,,,,,,Empleado_Informal,0.0,12.5,-12.5,5,47,1
18771,474,11,1,1,3334,6820,7.0,0.0, ,1,2.0,1,37,2,1,10, , ,0,,,,,,Empleado_Formal,0.0,16.0,-16.0,3,68,1
18771,474,11,2,2,9629,8620,5.0,0.0,1,1,2.0,2,32,2,10,13,1,2,3,2,1.0,2018.0, ,6.0,Empleado_Formal,16.0,16.0,0.0,9,86,1
19029,494,11,1,2,8321,7500,2.0,0.0,7,1,1.0,1,31,2,10,13,1,1,3,2,9.0,2018.0, ,6.0,Empleado_Informal,16.0,16.0,0.0,8,75,1
19029,494,11,2,2,9621,5610,0.0,3.0,7,1,1.0,2,21,6,6,13, , , ,2,1.0,2021.0, ,3.0,Empleado_Informal,11.0,11.0,0.0,9,56,1
19029,494,11,3,2,9621,5610,6.0,0.0,7,1,1.0,1,29,1,6,13, , , ,2,8.0,2018.0,0,6.0,Empleado_Informal,11.0,11.0,0.0,9,56,1
19029,496,11,1,2,9621,4923,4.0,5.0, ,1,1.0,1,34,1,4,6, , ,1,2,3.0,2018.0, ,6.0,Empleado_Informal,9.0,11.0,-2.0,9,49,1
19029,496,11,2,2,5245,1071,2.0,9.0,2,1,2.0,2,33,1,4,6, , ,1,2,1.0,2021.0, ,3.0,Empleado_Formal,9.0,11.0,-2.0,5,10,1
19029,498,11,1,2,9621,4923,0.0,10.0, ,1,1.0,1,46,1,4,6, , ,1,2,10.0,2017.0, ,7.0,Empleado_Informal,9.0,11.0,-2.0,9,49,1
19029,498,11,2,2,7513,1071,0.0,6.0, ,1,1.0,2,43,1,6,13, , , ,2,3.0,2019.0, ,5.0,Empleado_Informal,11.0,11.0,0.0,7,10,1
19072,500,11,1,2,5131,5610,0.0,7.0,2,1,1.0,2,39,1,4,13, , , ,2,3.0,2018.0, ,6.0,Empleado_Informal,9.0,9.0,0.0,5,56,1
19072,500,11,2,2,7231,4520,1.0,4.0,2,1,1.0,1,44,1,8,13,1,2,3,2,3.0,2018.0, ,6.0,Empleado_Informal,14.0,14.0,0.0,7,45,1
19072,501,11,1,2,4222,8220,2.0,6.0,2,1,1.0,2,33,1,4,13, , , ,2,1.0,2020.0, ,4.0,Empleado_Informal,9.0,9.0,0.0,4,82,1
19072,501,11,2,2,4222,8220,3.0,4.0,2,1,1.0,1,41,1,8,13,1,2,3,2,1.0,2020.0, ,4.0,Empleado_Informal,14.0,14.0,0.0,4,82,1
19072,502,11,1,2,3115,4520,0.0,10.0,2,1,1.0,1,34,6,8,13,1,2,3,1,6.0,2023.0, ,1.0,Empleado_Informal,14.0,14.0,0.0,3,45,1
19116,506,11,2,2,7513,1071,2.0,0.0,2,1,1.0,1,29,1,4,13, , , ,2,8.0,2021.0, ,3.0,Empleado_Informal,9.0,9.0,0.0,7,10,1
19116,507,11,1,2,5142,9602,5.0,0.0,2,1,1.0,2,38,5,10,13,1,2,3,2,1.0,2019.0, ,5.0,Empleado_Informal,16.0,16.0,0.0,5,96,1
19116,508,11,1,2,9333,5224,1.0,8.0, ,1,1.0,1,42,5,4,13, , , ,1,6.0,2022.0, ,2.0,Empleado_Informal,9.0,9.0,0.0,9,52,1
19159,512,11,1,2,5213,4781,1.0,6.0,7,1,1.0,2,41,5,6,13, , , ,2,11.0,2019.0,1,5.0,Empleado_Informal,11.0,11.0,0.0,5,47,1
19159,514,11,1,2,5211,4649,6.0,0.0,7,1,1.0,2,35,6,10,13,1,2,3,2,4.0,2018.0, ,6.0,Empleado_Informal,16.0,16.0,0.0,5,46,1
19159,516,11,1,2,5213,4781,0.0,1.0, ,1,1.0,1,21,6,4,13, , , ,2,1.0,2019.0, ,5.0,Empleado_Informal,9.0,9.0,0.0,5,47,1
19202,519,11,1,2,9629,8620,2.0,0.0,7,1,1.0,2,61,6,8,13,1,2,3,2,8.0,2019.0, ,5.0,Empleado_Informal,14.0,14.0,0.0,9,86,1
19202,519,11,2,2,5211,4630,4.0,0.0,2,1,1.0,2,37,6,6,13, , , ,2,8.0,2019.0,1,5.0,Empleado_Informal,11.0,11.0,0.0,5,46,1
19202,526,11,1,2,5142,9602,6.0,0.0, ,1,1.0,2,31,5,10,13,1,2,3,2,9.0,2018.0, ,6.0,Empleado_Informal,16.0,16.0,0.0,5,96,1
19202,526,11,5,2,7352,1410,0.0,1.0, ,1,1.0,2,65,6,4,13, , , ,9,5.0,2024.0, ,0.0,Empleado_Informal,9.0,9.0,0.0,7,14,1
19245,525,11,1,2,9629,8620,1.0,3.0,5,1,1.0,2,40,5,7,13, , ,3,2,3.0,2022.0, ,2.0,Empleado_Informal,12.5,12.5,0.0,9,86,1
19245,525,11,2,2,9629,4510,0.0,11.0,5,1,1.0,2,20,6,6,13, , , ,1,3.0,2022.0, ,2.0,Empleado_Informal,11.0,11.0,0.0,9,45,1
19245,527,11,1,2,5212,4530,1.0,0.0,7,1,1.0,2,47,2,10,13,1,2,3,2,7.0,2019.0, ,5.0,Empleado_Informal,16.0,16.0,0.0,5,45,1
19245,527,11,2,2,9621,4923,3.0,0.0, ,1,2.0,1,56,2,6,13, , , ,2,7.0,2019.0, ,5.0,Empleado_Formal,11.0,11.0,0.0,9,49,1
19245,527,11,3,2,5212,4771,4.0,0.0,7,1,1.0,2,25,6,8,13,1,2,3,2,3.0,2018.0, ,6.0,Empleado_Informal,14.0,14.0,0.0,5,47,1
19245,527,11,4,2,5212,4771,1.0,6.0,7,1,1.0,1,20,6,6,13, , , ,2,7.0,2019.0, ,5.0,Empleado_Informal,11.0,11.0,0.0,5,47,1
19245,528,11,1,2,7513,1071,5.0,0.0,5,1,1.0,1,20,6,5,13, , , ,2,8.0,2019.0, ,5.0,Empleado_Informal,10.0,10.0,0.0,7,10,1
19288,536,11,1,2,5211,4630,1.0,3.0,7,1,1.0,1,34,1,7,13, , ,3,1,8.0,2017.0, ,7.0,Empleado_Informal,12.5,12.5,0.0,5,46,1
19288,536,11,2,2,5213,4781,1.0,0.0,7,1,1.0,2,28,1,7,13, , ,3,1,3.0,2017.0, ,7.0,Empleado_Informal,12.5,12.5,0.0,5,47,1
19288,542,11,1,2,5213,4789,0.0,9.0,7,1,1.0,1,28,1,8,13,2, ,3,1,4.0,2017.0, ,7.0,Empleado_Informal,14.0,14.0,0.0,5,47,1
19288,542,11,2,2,9533,4799,0.0,6.0, ,1,1.0,2,22,1,6,13, , , ,2,2.0,2020.0, ,4.0,Empleado_Informal,11.0,11.0,0.0,9,47,1
19288,543,11,1,2,9621,4923,3.0,0.0, ,1,1.0,1,21,6,4,13, , , ,1,5.0,2020.0, ,4.0,Empleado_Informal,9.0,9.0,0.0,9,49,1
19331,537,11,1,2,9333,4781,3.0,5.0,7,1,1.0,1,49,5,6,13, , , ,9,2.0,2020.0,1,4.0,Empleado_Informal,11.0,11.0,0.0,9,47,1
19331,538,11,1,2,5212,4752,0.0,6.0,7,1,1.0,2,38,5,1,13, , , ,1,4.0,2018.0, ,6.0,Empleado_Informal,0.0,0.0,0.0,5,47,1
19331,538,11,2,2,9622,4649,1.0,5.0,7,1,1.0,1,25,6,5,13, , , ,1,1.0,2019.0, ,5.0,Empleado_Informal,10.0,10.0,0.0,9,46,1
19331,539,11,1,2,9313,4100,2.0,2.0,7,1,1.0,1,25,6,6,13, , , ,1,5.0,2017.0, ,7.0,Empleado_Informal,11.0,11.0,0.0,9,41,1
19331,539,11,2,2,5142,9602,1.0,2.0,7,1,1.0,2,34,5,4,13, , , ,9,5.0,2017.0, ,7.0,Empleado_Informal,9.0,9.0,0.0,5,96,1
19374,542,11,1,2,9111,9700,1.0,2.0,7,1,1.0,2,34,1,8,13,2, ,3,1,6.0,2016.0, ,8.0,Empleado_Informal,14.0,14.0,0.0,9,97,1
19374,543,11,1,2,5142,9602,0.0,6.0,7,1,1.0,2,30,5,8,13,2, ,3,1,9.0,2014.0, ,10.0,Empleado_Informal,14.0,14.0,0.0,5,96,1
19374,544,11,1,1,5213,4781,3.0,1.0,7,1,1.0,1,39,1,6,13, , , ,,,,,,Empleado_Informal,11.0,11.0,0.0,5,47,1
19374,544,11,2,2,5213,4781,2.0,1.0,7,1,1.0,1,29,1,4,13, , , ,2,4.0,2019.0,1,5.0,Empleado_Informal,9.0,9.0,0.0,5,47,1
19417,551,11,1,2,9629,6492,0.0,1.0,7,1,1.0,2,23,6,5,13, , , ,2,12.0,2018.0,1,6.0,Empleado_Informal,10.0,10.0,0.0,9,64,1
19417,557,11,1,2,9411,5610,3.0,0.0, ,1,1.0,2,32,2,10,13,1,2,3,2,2.0,2018.0,0,6.0,Empleado_Informal,16.0,16.0,0.0,9,56,1
19417,557,11,2,2,9622,4649,3.0,0.0,2,1,1.0,1,30,2,6,13, , , ,2,12.0,2017.0,1,7.0,Empleado_Informal,11.0,11.0,0.0,9,46,1
19417,559,11,1,2,5211,4649,5.0,0.0,7,1,1.0,2,45,5,10,13,2, ,3,2,7.0,2018.0, ,6.0,Empleado_Informal,16.0,16.0,0.0,5,46,1
19461,559,11,1,2,2359,8549,2.0,0.0,7,1,1.0,2,29,6,10,13,1,2,3,2,8.0,2019.0, ,5.0,Empleado_Informal,16.0,16.0,0.0,2,85,1
19461,559,11,2,2,3255,8690,1.0,0.0,7,1,1.0,2,27,6,8,13,1,2,3,2,10.0,2019.0, ,5.0,Empleado_Informal,14.0,14.0,0.0,3,86,1
19504,561,11,1,2,5212,4721,0.0,7.0,7,1,1.0,1,22,6,6,13, , , ,2,12.0,2019.0, ,5.0,Empleado_Informal,11.0,11.0,0.0,5,47,1
19504,561,11,2,2,7332,1811,1.0,7.0,2,1,1.0,1,27,6,7,13, , ,3,2,6.0,2018.0, ,6.0,Empleado_Informal,12.5,12.5,0.0,7,18,1
19504,563,11,1,2,5322,9609,0.0,8.0,2,1,1.0,2,29,6,6,13, , , ,2,2.0,2020.0, ,4.0,Empleado_Informal,11.0,11.0,0.0,5,96,1
19504,565,11,2,2,9412,5610,2.0,4.0,7,1,1.0,1,27,1,6,13, , , ,2,7.0,2021.0, ,3.0,Empleado_Informal,11.0,11.0,0.0,9,56,1
19633,579,11,1,2,9411,5610,4.0,0.0, ,1,1.0,2,55,6,6,13, , , ,2,2.0,2017.0, ,7.0,Empleado_Informal,11.0,11.0,0.0,9,56,1
19633,579,11,2,2,9511,4799,2.0,0.0, ,1,1.0,2,26,6,6,13, , , ,2,9.0,2017.0,0,7.0,Empleado_Informal,11.0,11.0,0.0,9,47,1
19633,580,11,1,2,9621,4923,4.0,0.0, ,1,2.0,1,47,2,3,13, , , ,2,2.0,2018.0, ,6.0,Empleado_Formal,4.5,4.5,0.0,9,49,1
19633,580,11,2,2,9112,8121,4.0,6.0, ,1,1.0,2,46,2,8,13,1,2,3,2,6.0,2019.0, ,5.0,Empleado_Informal,14.0,14.0,0.0,9,81,1
19633,580,11,3,2,9621,4923,5.0,0.0, ,1,2.0,1,28,6,9,13, , ,3,2,6.0,2019.0, ,5.0,Empleado_Formal,13.5,13.5,0.0,9,49,1
19633,587,11,1,2,4419,4649,2.0,10.0,2,1,2.0,2,34,6,10,13,1,2,3,2,9.0,2016.0,0,8.0,Empleado_Formal,16.0,16.0,0.0,4,46,1
19633,587,11,2,2,9629,7500,6.0,0.0,2,1,2.0,2,27,6,9,9, , ,3,2,9.0,2016.0,0,8.0,Empleado_Formal,13.5,13.5,0.0,9,75,1
19676,585,11,1,2,7127,4321,4.0,7.0,7,1,2.0,1,50,2,4,13, , , ,2,5.0,2018.0, ,6.0,Empleado_Formal,9.0,9.0,0.0,7,43,1
19676,585,11,2,2,3434,5610,5.0,5.0,7,1,1.0,2,47,2,4,6, , ,1,2,3.0,2018.0, ,6.0,Empleado_Informal,9.0,11.0,-2.0,3,56,1
19676,585,11,3,2,9412,5610,0.0,8.0,7,1,1.0,1,37,2,8,8, , ,3,2,5.0,2023.0, ,1.0,Empleado_Informal,14.0,14.0,0.0,9,56,1
19676,585,11,4,2,9112,9499,0.0,6.0,7,1,1.0,2,37,2,8,8, , ,3,2,5.0,2021.0, ,3.0,Empleado_Informal,14.0,14.0,0.0,9,94,1
19676,586,11,1,2,7421,9522,4.0,3.0, ,1,1.0,1,40,1,8,8, , ,3,1,5.0,2018.0,0,6.0,Empleado_Informal,14.0,14.0,0.0,7,95,1
19676,586,11,2,2,5142,9602,15.0,1.0, ,1,2.0,2,35,1,8,8, , ,3,1,5.0,2018.0,0,6.0,Empleado_Formal,14.0,14.0,0.0,5,96,1
19676,587,11,1,2,9621,5610,1.0,6.0,2,1,2.0,1,27,1,9,9, , ,3,2,2.0,2023.0, ,1.0,Empleado_Formal,13.5,13.5,0.0,9,56,1
19676,587,11,2,2,5120,5610,0.0,10.0, ,1,1.0,2,25,1,9,9, , ,3,2,2.0,2023.0, ,1.0,Empleado_Informal,13.5,13.5,0.0,5,56,1
19676,587,11,3,2,5120,5630,0.0,6.0,7,1,1.0,2,21,6,4,6, , ,1,2,3.0,2023.0, ,1.0,Empleado_Informal,9.0,11.0,-2.0,5,56,1
19719,591,11,1,2,5230,4721,0.0,2.0,7,1,1.0,2,23,5,4,13, , , ,6,10.0,2021.0,0,3.0,Empleado_Informal,9.0,9.0,0.0,5,47,1
19719,592,11,1,2,2221,8690,5.0,0.0, ,1,1.0,2,38,6,10,13,1,2,3,2,1.0,2019.0,0,5.0,Empleado_Informal,16.0,16.0,0.0,2,86,1
19719,593,11,1,2,9112,8129,6.0,0.0,2,1,1.0,1,37,6,9,13, , ,3,2,8.0,2016.0, ,8.0,Empleado_Informal,13.5,13.5,0.0,9,81,1
19719,593,11,2,2,5243,4791,0.0,2.0, ,1,2.0,2,26,6,8,13,1,2,3,2,2.0,2020.0,1,4.0,Empleado_Formal,14.0,14.0,0.0,5,47,1
19762,597,11,1,2,9622,8010,2.0,0.0,2,1,2.0,1,62,1,4,13, , , ,2,8.0,2018.0, ,6.0,Empleado_Formal,9.0,9.0,0.0,9,80,1
19762,597,11,2,2,9629,9609,0.0,6.0, ,1,2.0,2,51,1,9,13, , ,3,2,8.0,2018.0, ,6.0,Empleado_Formal,13.5,13.5,0.0,9,96,1
19762,598,11,1,2,5230,5610,0.0,1.0,7,1,1.0,1,30,6,9,13, , ,3,2,5.0,2018.0, ,6.0,Empleado_Informal,13.5,13.5,0.0,5,56,1
19762,600,11,1,2,9112,8129,4.0,9.0,2,1,1.0,2,51,6,6,13, , , ,2,3.0,2020.0,1,4.0,Empleado_Informal,11.0,11.0,0.0,9,81,1
19762,600,11,2,2,9112,4711,2.0,0.0,2,1,1.0,2,25,6,6,13, , , ,2,3.0,2021.0,1,3.0,Empleado_Informal,11.0,11.0,0.0,9,47,1
19762,600,11,3,2,9621,4923,10.0,0.0, ,1,1.0,1,28,1,5,13, , , ,9,12.0,2018.0, ,6.0,Empleado_Informal,10.0,10.0,0.0,9,49,1
19762,600,11,4,1,9112,9200,0.0,1.0,2,1,2.0,2,21,1,1,6, , ,1,,,,,,Empleado_Formal,0.0,11.0,-11.0,9,92,1
19806,603,11,1,2,7231,4540,0.0,1.0, ,1,1.0,1,38,5,5,13, , , ,6,8.0,2024.0, ,0.0,Empleado_Informal,10.0,10.0,0.0,7,45,1
19806,604,11,1,3,5131,5610,1.0,6.0,7,1,1.0,2,23,1,10,13,1,2,3,1,8.0,2022.0, ,2.0,Empleado_Informal,16.0,16.0,0.0,5,56,1
19806,604,11,2,2,8322,4922,5.0,0.0, ,1,1.0,1,23,1,6,13, , , ,2,2.0,2019.0,1,5.0,Empleado_Informal,11.0,11.0,0.0,8,49,1
19806,604,11,3,2,,,0.0,0.0, ,3,,2,52,1,4,13, , , ,1,9.0,2022.0, ,2.0,Desempleado,9.0,9.0,0.0,,,0
19806,604,11,4,3,7231,4540,2.0,0.0, ,1,1.0,1,60,1,8,13,1,2,3,2,9.0,2022.0, ,2.0,Empleado_Informal,14.0,14.0,0.0,7,45,1
19806,604,11,5,2,5120,5610,2.0,0.0,2,1,1.0,1,25,6,6,13, , , ,2,4.0,2019.0, ,5.0,Empleado_Informal,11.0,11.0,0.0,5,56,1
19806,604,11,6,2,7322,3100,4.0,0.0,2,1,1.0,1,37,5,9,13, , ,3,2,2.0,2017.0, ,7.0,Empleado_Informal,13.5,13.5,0.0,7,31,1
19806,604,11,7,2,5131,5610,1.0,0.0,2,1,1.0,1,18,6,6,13, , , ,2,6.0,2023.0, ,1.0,Empleado_Informal,11.0,11.0,0.0,5,56,1
19806,606,11,1,2,5212,4721,2.0,0.0,2,1,1.0,2,30,6,6,13, , , ,2,8.0,2017.0, ,7.0,Empleado_Informal,11.0,11.0,0.0,5,47,1
19849,611,11,1,2,5131,5610,0.0,6.0,5,1,1.0,1,39,2,8,13,1,2,3,2,8.0,2017.0, ,7.0,Empleado_Informal,14.0,14.0,0.0,5,56,1
19849,611,11,2,2,4417,5610,0.0,4.0,5,1,1.0,2,41,2,10,13,1,2,3,2,11.0,2017.0, ,7.0,Empleado_Informal,16.0,16.0,0.0,4,56,1
19849,611,11,6,2,,,0.0,0.0, ,3,,1,69,2,10,13,1,2,3,1,8.0,2018.0, ,6.0,Desempleado,16.0,16.0,0.0,,,0
19849,615,11,1,2,8321,4922,4.0,0.0, ,1,1.0,1,41,6,5,13, , , ,1,5.0,2017.0, ,7.0,Empleado_Informal,10.0,10.0,0.0,8,49,1
19849,633,11,1,2,9511,4799,5.0,0.0, ,1,1.0,1,39,1,6,13, , , ,2,4.0,2019.0, ,5.0,Empleado_Informal,11.0,11.0,0.0,9,47,1
19849,633,11,2,2,9511,4799,3.0,0.0, ,1,1.0,2,32,1,6,13, , , ,1,8.0,2021.0,0,3.0,Empleado_Informal,11.0,11.0,0.0,9,47,1
19892,617,11,1,2,5245,1071,1.0,0.0,7,1,1.0,2,42,2,7,13, , ,3,2,8.0,2018.0, ,6.0,Empleado_Informal,12.5,12.5,0.0,5,10,1
19892,617,11,2,2,7111,4100,6.0,0.0, ,1,1.0,1,44,2,6,13, , , ,1,8.0,2019.0,1,5.0,Empleado_Informal,11.0,11.0,0.0,7,41,1
19892,617,11,3,2,5131,5610,0.0,1.0,7,1,1.0,2,18,6,5,6, , ,1,2,9.0,2018.0, ,6.0,Empleado_Informal,10.0,11.0,-1.0,5,56,1
19892,618,11,1,2,5120,5610,7.0,0.0, ,1,2.0,1,33,2,10,13,1,2,3,2,11.0,2017.0, ,7.0,Empleado_Formal,16.0,16.0,0.0,5,56,1
19892,618,11,2,2,9412,5610,4.0,0.0,7,1,1.0,2,32,2,10,13,1,2,3,2,11.0,2017.0, ,7.0,Empleado_Informal,16.0,16.0,0.0,9,56,1
19892,626,11,1,1,2511,4100,4.0,0.0,2,1,1.0,1,39,2,1,10, , ,0,,,,,,Empleado_Informal,0.0,16.0,-16.0,2,41,1
19892,626,11,2,2,5212,4721,0.0,3.0, ,1,1.0,2,33,2,10,13,1,2,3,2,7.0,2018.0,0,6.0,Empleado_Informal,16.0,16.0,0.0,5,47,1
19935,639,11,1,2,4419,8620,1.0,6.0,2,1,2.0,1,29,2,6,13, , , ,2,1.0,2023.0, ,1.0,Empleado_Formal,11.0,11.0,0.0,4,86,1
19935,639,11,2,2,9629,9601,0.0,7.0,7,1,1.0,2,35,2,10,13,1,2,3,9,9.0,2023.0, ,1.0,Empleado_Informal,16.0,16.0,0.0,9,96,1
19935,644,11,1,2,9333,4781,3.0,0.0,7,1,1.0,1,39,6,5,13, , , ,6,2.0,2022.0, ,2.0,Empleado_Informal,10.0,10.0,0.0,9,47,1
19935,644,11,2,2,5131,5610,1.0,6.0,2,1,1.0,1,20,6,5,13, , , ,9,4.0,2023.0, ,1.0,Empleado_Informal,10.0,10.0,0.0,5,56,1
19935,650,11,1,2,5213,4781,0.0,8.0,7,1,1.0,2,47,2,7,13, , ,3,2,11.0,2018.0,1,6.0,Empleado_Informal,12.5,12.5,0.0,5,47,1
19978,627,11,1,2,8321,5610,1.0,0.0,2,1,1.0,1,23,6,6,13, , , ,2,6.0,2016.0, ,8.0,Empleado_Informal,11.0,11.0,0.0,8,56,1
19978,628,11,1,2,9622,4923,1.0,0.0, ,1,1.0,1,33,1,10,13,1,2,3,2,12.0,2017.0, ,7.0,Empleado_Informal,16.0,16.0,0.0,9,49,1
19978,629,11,1,2,9621,1040,5.0,8.0,7,1,1.0,1,39,1,6,13, , , ,2,6.0,2018.0, ,6.0,Empleado_Informal,11.0,11.0,0.0,9,10,1
19978,629,11,2,2,4312,6419,0.0,2.0,2,1,1.0,2,33,1,9,13, , ,3,2,7.0,2018.0,1,6.0,Empleado_Informal,13.5,13.5,0.0,4,64,1
20021,633,11,1,2,3314,4771,2.0,0.0,7,1,1.0,1,28,6,8,13,2, ,3,2,12.0,2018.0,1,6.0,Empleado_Informal,14.0,14.0,0.0,3,47,1
20021,634,11,1,2,8341,4520,1.0,0.0,7,1,1.0,1,34,1,5,13, , , ,9,5.0,2020.0, ,4.0,Empleado_Informal,10.0,10.0,0.0,8,45,1
20021,635,11,1,2,5120,5610,0.0,1.0,7,1,1.0,2,26,1,3,3, , , ,9,9.0,2024.0, ,0.0,Empleado_Informal,4.5,3.0,1.5,5,56,1
20021,635,11,2,2,5120,5610,0.0,1.0,7,1,1.0,1,24,1,3,13, , , ,9,9.0,2024.0, ,0.0,Empleado_Informal,4.5,4.5,0.0,5,56,1
20021,635,11,5,2,5131,5610,0.0,1.0,7,1,1.0,1,19,1,3,13, , , ,9,9.0,2024.0, ,0.0,Empleado_Informal,4.5,4.5,0.0,5,56,1
20064,644,11,1,2,5142,9602,1.0,0.0,7,1,1.0,2,41,6,8,13,2, ,3,1,10.0,2023.0, ,1.0,Empleado_Informal,14.0,14.0,0.0,5,96,1
20064,644,11,2,3,5142,9602,0.0,4.0,7,1,1.0,2,31,6,1,10, , ,0,1,6.0,2014.0,0,10.0,Empleado_Informal,0.0,16.0,-16.0,5,96,1
20064,644,11,3,2,5142,9602,0.0,2.0,7,1,1.0,2,25,6,6,13, , , ,9,9.0,2024.0, ,0.0,Empleado_Informal,11.0,11.0,0.0,5,96,1
20064,648,11,1,2,5141,9602,5.0,0.0,7,1,1.0,2,44,6,5,13, , , ,9,7.0,2018.0,0,6.0,Empleado_Informal,10.0,10.0,0.0,5,96,1
20064,652,11,2,2,9629,8690,6.0,0.0, ,1,2.0,2,61,1,8,13,1,2,3,2,2.0,2017.0,0,7.0,Empleado_Formal,14.0,14.0,0.0,9,86,1
20064,652,11,3,2,,,0.0,0.0, ,2,,2,33,6,9,13, , ,3,2,12.0,2017.0, ,7.0,Desempleado,13.5,13.5,0.0,,,0
20884,763,11,1,2,5141,9602,1.0,4.0, ,1,1.0,1,27,1,6,13, , , ,6,11.0,2021.0,0,3.0,Empleado_Informal,11.0,11.0,0.0,5,96,1
20884,766,11,1,2,9112,8129,4.0,8.0,7,1,1.0,1,30,1,10,13,1,2,3,2,3.0,2018.0,0,6.0,Empleado_Informal,16.0,16.0,0.0,9,81,1
20884,766,11,2,2,5212,4759,2.0,6.0,7,1,1.0,2,28,1,6,13, , , ,2,4.0,2018.0,0,6.0,Empleado_Informal,11.0,11.0,0.0,5,47,1
20884,769,11,1,2,9412,5610,3.0,0.0,2,1,1.0,2,46,2,6,13, , , ,2,4.0,2018.0, ,6.0,Empleado_Informal,11.0,11.0,0.0,9,56,1
20884,769,11,2,2,5120,5610,3.0,0.0, ,1,2.0,1,50,2,6,13, , , ,2,4.0,2018.0, ,6.0,Empleado_Formal,11.0,11.0,0.0,5,56,1
20884,769,11,3,2,5120,5610,1.0,3.0, ,1,2.0,1,26,6,10,13,1,2,3,2,8.0,2018.0, ,6.0,Empleado_Formal,16.0,16.0,0.0,5,56,1
20884,769,11,4,2,3314,5610,3.0,0.0,7,1,1.0,2,24,6,6,7, , ,0,2,8.0,2018.0, ,6.0,Empleado_Informal,11.0,12.5,-1.5,3,56,1
20927,766,11,1,2,3314,9601,3.0,5.0, ,1,2.0,2,25,1,9,13, , ,3,1,8.0,2018.0,0,6.0,Empleado_Formal,13.5,13.5,0.0,3,96,1
20927,766,11,2,1,9313,4330,0.0,1.0,7,1,1.0,1,40,1,1,6, , ,1,,,,,,Empleado_Informal,0.0,11.0,-11.0,9,43,1
20927,769,11,1,2,9412,5610,0.0,5.0,7,1,1.0,1,27,6,6,13, , , ,1,11.0,2018.0, ,6.0,Empleado_Informal,11.0,11.0,0.0,9,56,1
20927,771,11,1,2,9621,4923,4.0,6.0, ,1,1.0,1,26,1,6,13, , , ,2,9.0,2018.0,0,6.0,Empleado_Informal,11.0,11.0,0.0,9,49,1
20970,774,11,1,2,9331,4923,2.0,6.0, ,1,1.0,2,44,6,10,11, , ,3,2,4.0,2018.0, ,6.0,Empleado_Informal,16.0,19.0,-3.0,9,49,1
20970,774,11,2,2,9621,4923,3.0,0.0, ,1,1.0,1,21,6,6,6, , ,1,2,3.0,2021.0, ,3.0,Empleado_Informal,11.0,11.0,0.0,9,49,1
20970,779,11,1,2,9629,9609,0.0,6.0, ,1,1.0,2,35,5,6,13, , , ,2,5.0,2015.0, ,9.0,Empleado_Informal,11.0,11.0,0.0,9,96,1
20970,779,11,2,2,9412,5610,3.0,0.0,7,1,1.0,1,23,6,6,13, , , ,2,12.0,2020.0, ,4.0,Empleado_Informal,11.0,11.0,0.0,9,56,1
20970,783,11,1,2,5211,4661,3.0,6.0, ,1,2.0,1,27,6,9,13, , ,3,2,2.0,2018.0, ,6.0,Empleado_Formal,13.5,13.5,0.0,5,46,1
20970,783,11,2,2,5212,4741,2.0,0.0,2,1,1.0,1,41,6,6,13, , , ,2,6.0,2020.0, ,4.0,Empleado_Informal,11.0,11.0,0.0,5,47,1
20970,783,11,3,2,9621,4923,1.0,6.0, ,1,1.0,1,29,6,5,13, , , ,2,6.0,2020.0, ,4.0,Empleado_Informal,10.0,10.0,0.0,9,49,1
21013,778,11,1,2,2221,8610,1.0,6.0,7,1,1.0,2,55,6,10,13,1,1,3,2,10.0,2018.0, ,6.0,Empleado_Informal,16.0,16.0,0.0,2,86,1
21013,778,11,2,2,4419,1102,2.0,10.0,2,1,2.0,2,29,6,10,13,1,2,3,2,10.0,2018.0, ,6.0,Empleado_Formal,16.0,16.0,0.0,4,11,1
21056,790,11,1,2,9122,4520,2.0,6.0,7,1,1.0,1,25,6,6,13, , , ,2,5.0,2019.0,0,5.0,Empleado_Informal,11.0,11.0,0.0,9,45,1
21056,802,11,1,2,9622,9329,1.0,6.0,7,1,1.0,2,33,1,6,13, , , ,2,6.0,2019.0, ,5.0,Empleado_Informal,11.0,11.0,0.0,9,93,1
21056,802,11,2,1,9622,9329,1.0,6.0,7,1,1.0,1,39,1,1,6, , ,1,,,,,,Empleado_Informal,0.0,11.0,-11.0,9,93,1
21056,804,11,1,1,7231,4520,35.0,0.0, ,1,1.0,1,67,1,10,13,1,2,3,,,,,,Empleado_Informal,16.0,16.0,0.0,7,45,1
21056,804,11,3,2,9412,5630,0.0,1.0,7,1,1.0,2,33,1,8,13,1,2,3,9,5.0,2016.0, ,8.0,Empleado_Informal,14.0,14.0,0.0,9,56,1
21056,804,11,4,2,8332,4923,1.0,6.0,7,1,1.0,1,34,1,6,13, , , ,2,11.0,2017.0, ,7.0,Empleado_Informal,11.0,11.0,0.0,8,49,1
21099,797,11,1,2,7513,1071,1.0,0.0,2,1,2.0,1,63,2,6,13, , , ,2,6.0,2019.0, ,5.0,Empleado_Formal,11.0,11.0,0.0,7,10,1
21099,797,11,2,2,7352,1410,30.0,0.0, ,1,1.0,2,54,2,10,13,1,2,3,2,6.0,2019.0,0,5.0,Empleado_Informal,16.0,16.0,0.0,7,14,1
21099,797,11,3,2,5120,5610,2.0,0.0,7,1,2.0,1,22,6,6,13, , , ,2,6.0,2019.0, ,5.0,Empleado_Formal,11.0,11.0,0.0,5,56,1
21099,797,11,4,2,5131,5610,0.0,6.0,2,1,1.0,2,28,1,6,13, , , ,2,6.0,2020.0,0,4.0,Empleado_Informal,11.0,11.0,0.0,5,56,1
21099,807,11,1,1,9621,4923,2.0,0.0, ,1,1.0,1,38,1,5,5, , , ,,,,,,Empleado_Informal,10.0,8.5,1.5,9,49,1
21099,808,11,1,2,5131,5610,0.0,3.0,7,1,1.0,2,36,6,8,13,1,2,3,2,2.0,2019.0, ,5.0,Empleado_Informal,14.0,14.0,0.0,5,56,1
21099,808,11,2,2,9111,9700,0.0,1.0,7,1,1.0,2,18,6,4,6, , ,1,2,2.0,2019.0, ,5.0,Empleado_Informal,9.0,11.0,-2.0,9,97,1
21142,801,11,1,2,9412,5610,0.0,1.0,7,1,1.0,2,38,1,5,13, , , ,1,2.0,2023.0, ,1.0,Empleado_Informal,10.0,10.0,0.0,9,56,1
21142,801,11,2,1,9621,4923,1.0,0.0, ,1,1.0,1,41,1,1,5, , , ,,,,,,Empleado_Informal,0.0,8.5,-8.5,9,49,1
21142,801,11,3,2,,,0.0,0.0, ,2,,1,19,6,6,13, , , ,1,12.0,2023.0, ,1.0,Desempleado,11.0,11.0,0.0,,,0
21142,803,11,1,2,7411,4321,3.0,0.0, ,1,2.0,1,34,6,9,13, , ,3,2,12.0,2018.0, ,6.0,Empleado_Formal,13.5,13.5,0.0,7,43,1
21186,808,11,1,2,9621,4923,0.0,2.0, ,1,1.0,2,52,6,10,13,1,2,3,2,12.0,2017.0, ,7.0,Empleado_Informal,16.0,16.0,0.0,9,49,1
21186,808,11,2,2,5120,5610,2.0,0.0,7,1,1.0,2,47,6,4,13, , , ,2,12.0,2018.0, ,6.0,Empleado_Informal,9.0,9.0,0.0,5,56,1
21186,808,11,4,2,9412,5610,5.0,0.0,7,1,1.0,2,55,4,4,13, , , ,2,8.0,2018.0, ,6.0,Empleado_Informal,9.0,9.0,0.0,9,56,1
21186,809,11,1,2,4417,4659,0.0,10.0,2,1,2.0,1,34,1,10,13,1,2,3,2,12.0,2017.0, ,7.0,Empleado_Formal,16.0,16.0,0.0,4,46,1
21186,809,11,2,2,3259,8690,3.0,0.0,5,1,1.0,2,36,1,10,13,1,2,3,2,5.0,2015.0,1,9.0,Empleado_Informal,16.0,16.0,0.0,3,86,1
21186,810,11,1,2,9412,5610,1.0,1.0,7,1,1.0,2,34,2,5,13, , , ,2,5.0,2023.0, ,1.0,Empleado_Informal,10.0,10.0,0.0,9,56,1
21186,810,11,2,2,5120,5610,1.0,5.0,7,1,1.0,1,38,2,5,13, , , ,1,4.0,2023.0, ,1.0,Empleado_Informal,10.0,10.0,0.0,5,56,1
21186,810,11,4,2,9412,5610,0.0,7.0,7,1,1.0,2,47,6,10,13,1,2,3,2,5.0,2023.0, ,1.0,Empleado_Informal,16.0,16.0,0.0,9,56,1
21229,814,11,1,1,5211,4663,2.0,2.0, ,1,2.0,2,27,1,1,9, , ,0,,,,,,Empleado_Formal,0.0,13.5,-13.5,5,46,1
21229,814,11,2,2,4321,4663,2.0,2.0,7,1,1.0,1,27,1,9,13, , ,3,2,9.0,2021.0, ,3.0,Empleado_Informal,13.5,13.5,0.0,4,46,1
21229,815,11,1,2,4417,4649,5.0,9.0,7,1,1.0,2,33,1,10,13,1,2,3,2,12.0,2018.0,1,6.0,Empleado_Informal,16.0,16.0,0.0,4,46,1
21229,815,11,2,1,4321,4649,10.0,2.0, ,1,2.0,1,46,1,1,6, , ,1,,,,,,Empleado_Formal,0.0,11.0,-11.0,4,46,1
21229,817,11,1,2,9622,5610,0.0,9.0,2,1,2.0,1,34,2,6,13, , , ,1,11.0,2022.0,1,2.0,Empleado_Formal,11.0,11.0,0.0,9,56,1
21229,817,11,2,2,9111,9700,0.0,1.0,7,1,1.0,2,24,2,6,13, , , ,1,2.0,2023.0, ,1.0,Empleado_Informal,11.0,11.0,0.0,9,97,1
21272,819,11,1,2,3314,6810,5.0,10.0,2,1,2.0,2,34,6,8,13,1,2,3,2,9.0,2017.0, ,7.0,Empleado_Formal,14.0,14.0,0.0,3,68,1
21272,819,11,2,2,2341,8510,5.0,3.0,2,1,2.0,2,35,6,10,13,1,1,3,2,9.0,2017.0, ,7.0,Empleado_Formal,16.0,16.0,0.0,2,85,1
21272,820,11,1,2,4110,7490,2.0,6.0,1,1,2.0,2,29,1,8,13,1,2,3,2,2.0,2018.0,1,6.0,Empleado_Formal,14.0,14.0,0.0,4,74,1
21272,820,11,2,2,4214,4653,3.0,2.0,1,1,2.0,1,26,1,8,13,1,2,3,2,2.0,2018.0,1,6.0,Empleado_Formal,14.0,14.0,0.0,4,46,1
21272,821,11,1,2,4110,6810,4.0,6.0,1,1,2.0,1,61,2,8,13,1,2,3,2,9.0,2018.0,0,6.0,Empleado_Formal,14.0,14.0,0.0,4,68,1
21272,821,11,2,2,5211,4649,3.0,2.0, ,1,2.0,2,62,2,10,13,1,2,3,2,1.0,2018.0,0,6.0,Empleado_Formal,16.0,16.0,0.0,5,46,1
22419,233,11,1,2,8321,4922,5.0,0.0, ,1,1.0,1,51,1,5,13, , , ,2,8.0,2018.0, ,6.0,Empleado_Informal,10.0,10.0,0.0,8,49,1
22419,233,11,2,2,9112,8129,3.0,11.0,7,1,1.0,2,55,1,4,13, , , ,2,10.0,2018.0, ,6.0,Empleado_Informal,9.0,9.0,0.0,9,81,1
22419,233,11,3,2,3339,7911,0.0,1.0,7,1,1.0,2,20,6,5,6, , ,1,2,8.0,2018.0, ,6.0,Empleado_Informal,10.0,11.0,-1.0,3,79,1
22419,234,11,1,2,9112,8129,6.0,0.0,7,1,1.0,1,49,1,5,13, , , ,2,10.0,2018.0, ,6.0,Empleado_Informal,10.0,10.0,0.0,9,81,1
22419,234,11,3,2,8322,4922,1.0,2.0, ,1,1.0,1,22,1,6,13, , , ,2,10.0,2018.0,0,6.0,Empleado_Informal,11.0,11.0,0.0,8,49,1
22419,237,11,1,1,7513,1071,22.0,8.0, ,1,1.0,2,67,6,1,3, , , ,,,,,,Empleado_Informal,0.0,3.0,-3.0,7,10,1
22419,237,11,2,2,2411,6920,6.0,3.0, ,1,2.0,2,59,6,11,13,1,2,3,2,1.0,2018.0, ,6.0,Empleado_Formal,18.0,18.0,0.0,2,69,1
23460,462,11,1,3,9621,4923,0.0,5.0, ,1,1.0,1,33,1,1,13, , , ,2,3.0,2024.0, ,0.0,Empleado_Informal,0.0,0.0,0.0,9,49,1
23460,463,11,1,2,9112,8121,5.0,0.0,7,1,1.0,2,44,6,6,13, , , ,9,11.0,2017.0, ,7.0,Empleado_Informal,11.0,11.0,0.0,9,81,1
23460,464,11,1,2,5142,9602,3.0,0.0, ,1,1.0,2,35,1,9,13, , ,3,2,5.0,2018.0, ,6.0,Empleado_Informal,13.5,13.5,0.0,5,96,1
23460,464,11,2,2,7421,9522,0.0,5.0, ,1,1.0,1,37,1,6,13, , , ,2,10.0,2017.0, ,7.0,Empleado_Informal,11.0,11.0,0.0,7,95,1
23490,467,11,1,2,5120,5610,2.0,0.0,7,1,1.0,2,62,4,6,13, , , ,2,12.0,2020.0, ,4.0,Empleado_Informal,11.0,11.0,0.0,5,56,1
23490,469,11,1,2,9621,4789,1.0,0.0,2,1,2.0,1,29,6,8,13,1,2,3,2,4.0,2018.0, ,6.0,Empleado_Formal,14.0,14.0,0.0,9,47,1
23490,474,11,1,2,7212,2511,0.0,8.0,2,1,2.0,1,47,1,6,13, , , ,2,8.0,2022.0, ,2.0,Empleado_Formal,11.0,11.0,0.0,7,25,1
23520,473,11,1,2,9112,8610,4.0,0.0,5,1,1.0,2,44,1,6,13, , , ,2,10.0,2018.0, ,6.0,Empleado_Informal,11.0,11.0,0.0,9,86,1
23520,473,11,2,2,9621,5610,1.0,0.0,2,1,1.0,1,33,1,6,13, , , ,2,7.0,2018.0, ,6.0,Empleado_Informal,11.0,11.0,0.0,9,56,1
23520,473,11,3,2,5212,4791,1.0,0.0,1,1,1.0,2,25,6,6,13, , , ,2,8.0,2019.0, ,5.0,Empleado_Informal,11.0,11.0,0.0,5,47,1
23520,473,11,4,2,9412,5610,0.0,6.0,1,1,1.0,2,19,6,5,6, , ,1,2,10.0,2018.0, ,6.0,Empleado_Informal,10.0,11.0,-1.0,9,56,1
23520,474,11,1,2,5131,5610,4.0,0.0,7,1,1.0,2,27,6,6,13, , , ,2,12.0,2021.0,1,3.0,Empleado_Informal,11.0,11.0,0.0,5,56,1
23520,478,11,1,2,9621,4923,0.0,8.0, ,1,1.0,1,24,1,6,13, , , ,2,3.0,2021.0,0,3.0,Empleado_Informal,11.0,11.0,0.0,9,49,1
23550,482,11,1,1,3314,5610,0.0,7.0, ,1,1.0,1,31,1,1,9, , ,0,,,,,,Empleado_Informal,0.0,13.5,-13.5,3,56,1
23550,482,11,2,2,9412,5610,0.0,7.0,7,1,1.0,2,27,1,9,13, , ,3,2,8.0,2019.0, ,5.0,Empleado_Informal,13.5,13.5,0.0,9,56,1
23550,483,11,1,2,9629,9311,0.0,9.0,7,1,1.0,2,25,6,6,13, , , ,1,8.0,2021.0,1,3.0,Empleado_Informal,11.0,11.0,0.0,9,93,1
23550,486,11,1,2,5141,9602,1.0,4.0,2,1,1.0,1,24,6,5,13, , , ,2,1.0,2018.0,0,6.0,Empleado_Informal,10.0,10.0,0.0,5,96,1
23758,522,11,1,2,3119,4322,2.0,4.0,1,1,1.0,1,25,6,6,8, , ,3,2,8.0,2018.0, ,6.0,Empleado_Informal,11.0,14.0,-3.0,3,43,1
23758,523,11,1,2,9412,5610,0.0,5.0,7,1,1.0,2,22,6,6,13, , , ,9,10.0,2023.0, ,1.0,Empleado_Informal,11.0,11.0,0.0,9,56,1
23758,523,11,2,2,5211,4630,0.0,1.0,2,1,1.0,2,27,6,6,13, , , ,2,5.0,2019.0,1,5.0,Empleado_Informal,11.0,11.0,0.0,5,46,1
23758,527,11,1,2,,,0.0,0.0, ,2,,2,23,1,5,13, , , ,2,4.0,2021.0,0,3.0,Desempleado,10.0,10.0,0.0,,,0
23758,527,11,2,2,5212,4752,0.0,7.0,7,1,1.0,1,26,1,6,13, , , ,1,4.0,2021.0,1,3.0,Empleado_Informal,11.0,11.0,0.0,5,47,1
23788,527,11,1,2,9112,8121,0.0,4.0, ,1,1.0,2,51,6,8,13,1,2,3,2,7.0,2019.0,0,5.0,Empleado_Informal,14.0,14.0,0.0,9,81,1
23788,527,11,2,2,8322,4922,2.0,0.0, ,1,1.0,1,31,6,6,13, , , ,2,8.0,2018.0,0,6.0,Empleado_Informal,11.0,11.0,0.0,8,49,1
23788,527,11,3,2,9621,5610,0.0,1.0,7,1,1.0,1,20,6,5,13, , , ,2,9.0,2020.0,1,4.0,Empleado_Informal,10.0,10.0,0.0,9,56,1
23788,531,11,1,2,8183,1071,2.0,10.0,7,1,1.0,2,33,6,5,13, , , ,2,1.0,2018.0, ,6.0,Empleado_Informal,10.0,10.0,0.0,8,10,1
23788,533,11,1,2,8322,1071,3.0,11.0,2,1,2.0,1,64,6,6,13, , , ,2,10.0,2018.0, ,6.0,Empleado_Formal,11.0,11.0,0.0,8,10,1
23817,535,11,1,2,5230,5221,1.0,0.0,2,1,2.0,2,45,2,6,13, , , ,2,5.0,2018.0,1,6.0,Empleado_Formal,11.0,11.0,0.0,5,52,1
23817,535,11,2,2,8321,4922,5.0,0.0, ,1,1.0,1,55,2,4,13, , , ,2,8.0,2019.0,0,5.0,Empleado_Informal,9.0,9.0,0.0,8,49,1
23817,535,11,3,2,9629,9602,0.0,1.0,7,1,1.0,1,21,6,6,13, , , ,2,8.0,2019.0, ,5.0,Empleado_Informal,11.0,11.0,0.0,9,96,1
23817,538,11,1,2,9412,5610,1.0,0.0,7,1,1.0,2,30,6,10,13,1,2,3,2,9.0,2021.0, ,3.0,Empleado_Informal,16.0,16.0,0.0,9,56,1
23817,538,11,3,2,7354,1410,0.0,3.0,7,1,1.0,2,27,6,6,13, , , ,1,9.0,2022.0, ,2.0,Empleado_Informal,11.0,11.0,0.0,7,14,1
23817,540,11,1,2,8321,4922,2.0,4.0, ,1,1.0,1,52,6,7,13, , ,3,2,3.0,2019.0, ,5.0,Empleado_Informal,12.5,12.5,0.0,8,49,1
23847,541,11,1,2,8131,2100,4.0,0.0,2,1,2.0,1,46,1,5,13, , , ,2,7.0,2018.0, ,6.0,Empleado_Formal,10.0,10.0,0.0,8,21,1
23847,541,11,2,2,,,0.0,0.0, ,3,,2,42,1,3,13, , , ,2,10.0,2018.0, ,6.0,Desempleado,4.5,4.5,0.0,,,0
23847,541,11,3,2,8131,2100,2.0,0.0,2,1,2.0,1,25,5,9,13, , ,3,1,2.0,2023.0, ,1.0,Empleado_Formal,13.5,13.5,0.0,8,21,1
23847,541,11,4,2,8131,2100,1.0,0.0,2,1,2.0,1,31,2,10,13,1,2,3,2,11.0,2023.0, ,1.0,Empleado_Formal,16.0,16.0,0.0,8,21,1
23847,541,11,5,2,9622,8010,1.0,0.0,2,1,1.0,1,47,6,6,13, , , ,2,7.0,2020.0, ,4.0,Empleado_Informal,11.0,11.0,0.0,9,80,1
23847,542,11,1,2,5131,5610,1.0,6.0,7,1,1.0,2,39,6,6,13, , , ,2,10.0,2018.0,0,6.0,Empleado_Informal,11.0,11.0,0.0,5,56,1
23847,542,11,2,2,9333,4923,1.0,0.0,7,1,1.0,1,17,6,5,13, , , ,2,10.0,2018.0,0,6.0,Empleado_Informal,10.0,10.0,0.0,9,49,1
23847,542,11,4,2,9333,4923,2.0,0.0,7,1,1.0,1,19,6,3,13, , , ,2,10.0,2018.0,0,6.0,Empleado_Informal,4.5,4.5,0.0,9,49,1
23847,543,11,1,2,5213,4781,3.0,0.0, ,1,2.0,1,40,2,4,13, , , ,2,9.0,2018.0, ,6.0,Empleado_Formal,9.0,9.0,0.0,5,47,1
23847,543,11,2,2,7392,3290,0.0,2.0, ,1,1.0,2,36,2,10,13,1,2,3,2,8.0,2019.0, ,5.0,Empleado_Informal,16.0,16.0,0.0,7,32,1
23936,567,11,1,2,8321,4922,2.0,4.0, ,1,1.0,1,27,6,5,13, , , ,2,3.0,2019.0,0,5.0,Empleado_Informal,10.0,10.0,0.0,8,49,1
23936,570,11,1,2,5213,4781,2.0,8.0,7,1,1.0,1,34,6,8,13,1,2,3,2,10.0,2019.0, ,5.0,Empleado_Informal,14.0,14.0,0.0,5,47,1
23936,571,11,2,2,7128,4330,3.0,0.0, ,1,1.0,1,28,6,5,13, , , ,2,12.0,2019.0, ,5.0,Empleado_Informal,10.0,10.0,0.0,7,43,1
23936,571,11,3,2,9112,8121,0.0,6.0, ,1,1.0,2,34,3,3,13, , , ,2,3.0,2017.0, ,7.0,Empleado_Informal,4.5,4.5,0.0,9,81,1
23966,570,11,1,2,5213,4781,1.0,6.0, ,1,1.0,2,35,6,6,13, , , ,2,6.0,2019.0, ,5.0,Empleado_Informal,11.0,11.0,0.0,5,47,1
23966,571,11,1,2,9511,4799,3.0,0.0, ,1,1.0,2,40,6,6,13, , , ,2,8.0,2018.0, ,6.0,Empleado_Informal,11.0,11.0,0.0,9,47,1
23966,571,11,3,2,9313,4100,0.0,7.0,7,1,1.0,1,18,6,6,13, , , ,2,9.0,2021.0, ,3.0,Empleado_Informal,11.0,11.0,0.0,9,41,1
23966,571,11,4,2,,,0.0,0.0, ,2,,2,24,6,6,13, , , ,2,5.0,2021.0, ,3.0,Desempleado,11.0,11.0,0.0,,,0
23966,571,11,7,2,7519,1079,2.0,0.0,2,1,1.0,1,37,1,4,13, , , ,2,3.0,2018.0, ,6.0,Empleado_Informal,9.0,9.0,0.0,7,10,1
23966,571,11,8,2,9112,8129,0.0,7.0,7,1,1.0,2,46,1,6,13, , , ,2,8.0,2019.0, ,5.0,Empleado_Informal,11.0,11.0,0.0,9,81,1
23966,571,11,9,2,5243,4791,1.0,2.0, ,1,1.0,1,33,6,10,13,1,2,3,2,5.0,2018.0, ,6.0,Empleado_Informal,16.0,16.0,0.0,5,47,1
23966,576,11,1,1,9112,8121,5.0,0.0, ,1,1.0,1,39,1,1,13, , , ,,,,,,Empleado_Informal,0.0,0.0,0.0,9,81,1
23966,576,11,2,2,,,0.0,0.0, ,2,,2,33,1,5,13, , , ,2,12.0,2015.0, ,9.0,Desempleado,10.0,10.0,0.0,,,0
23996,576,11,1,2,5141,9602,6.0,0.0, ,1,1.0,1,33,2,9,13, , ,3,2,6.0,2018.0, ,6.0,Empleado_Informal,13.5,13.5,0.0,5,96,1
23996,576,11,2,2,5212,4721,0.0,1.0,2,1,1.0,2,31,2,10,13,1,2,3,2,5.0,2019.0, ,5.0,Empleado_Informal,16.0,16.0,0.0,5,47,1
23996,577,11,1,2,5120,5610,1.0,0.0,7,1,1.0,2,25,1,5,13, , , ,1,8.0,2021.0,1,3.0,Empleado_Informal,10.0,10.0,0.0,5,56,1
23996,577,11,2,2,8321,4922,2.0,0.0, ,1,1.0,1,32,1,5,13, , , ,1,8.0,2021.0,0,3.0,Empleado_Informal,10.0,10.0,0.0,8,49,1
23996,578,11,1,2,9622,6810,1.0,4.0,7,1,1.0,1,54,1,6,13, , , ,2,10.0,2021.0,1,3.0,Empleado_Informal,11.0,11.0,0.0,9,68,1
23996,578,11,2,2,9629,8549,2.0,3.0, ,1,1.0,2,44,1,10,13,1,1,3,2,10.0,2021.0, ,3.0,Empleado_Informal,16.0,16.0,0.0,9,85,1
24026,582,11,1,2,2144,2511,1.0,2.0,2,1,2.0,1,38,2,10,13,1,1,3,2,4.0,2018.0, ,6.0,Empleado_Formal,16.0,16.0,0.0,2,25,1
24026,583,11,1,2,8322,4922,4.0,3.0, ,1,1.0,1,40,2,6,13, , , ,2,6.0,2019.0,1,5.0,Empleado_Informal,11.0,11.0,0.0,8,49,1
24026,583,11,2,2,9629,9609,3.0,6.0, ,1,1.0,2,37,2,10,13,1,2,3,2,6.0,2019.0,1,5.0,Empleado_Informal,16.0,16.0,0.0,9,96,1
24026,584,11,1,2,8322,4922,4.0,5.0, ,1,1.0,1,38,1,6,13, , , ,2,8.0,2017.0, ,7.0,Empleado_Informal,11.0,11.0,0.0,8,49,1
24026,584,11,2,2,3114,6110,3.0,6.0,2,1,2.0,2,31,1,8,13,1,2,3,2,11.0,2017.0, ,7.0,Empleado_Formal,14.0,14.0,0.0,3,61,1
25431,13,11,1,2,9621,4923,1.0,6.0, ,1,1.0,2,26,1,7,13, , ,3,2,6.0,2021.0,0,3.0,Empleado_Informal,12.5,12.5,0.0,9,49,1
25431,13,11,2,2,7231,4520,2.0,0.0,1,1,1.0,1,33,1,9,13, , ,3, ,,, ,,Empleado_Informal,13.5,13.5,0.0,7,45,1
25431,15,11,1,2,5213,4781,1.0,6.0, ,1,1.0,2,32,2,10,13,1,2,3,2,10.0,2018.0, ,6.0,Empleado_Informal,16.0,16.0,0.0,5,47,1
25431,15,11,2,2,5213,4781,1.0,6.0, ,1,1.0,1,36,2,8,13,1,2,3,2,6.0,2018.0, ,6.0,Empleado_Informal,14.0,14.0,0.0,5,47,1
25431,17,11,1,2,,,0.0,0.0, ,2,,2,42,1,8,13,1,2,3,2,10.0,2018.0, ,6.0,Desempleado,14.0,14.0,0.0,,,0
25431,17,11,2,2,9333,4620,2.0,0.0,2,1,1.0,1,42,1,4,13, , , ,2,10.0,2018.0, ,6.0,Empleado_Informal,9.0,9.0,0.0,9,46,1
25483,23,11,1,2,4120,4659,2.0,2.0,2,1,1.0,2,40,5,4,13, , , ,2,10.0,2018.0, ,6.0,Empleado_Informal,9.0,9.0,0.0,4,46,1
25483,24,11,1,2,9621,4923,2.0,2.0, ,1,1.0,1,35,6,8,13,1,2,3,2,9.0,2018.0, ,6.0,Empleado_Informal,14.0,14.0,0.0,9,49,1
25483,25,11,1,2,2511,6419,1.0,6.0,2,1,2.0,2,32,6,10,13,1,1,3,2,6.0,2018.0, ,6.0,Empleado_Formal,16.0,16.0,0.0,2,64,1
25535,28,11,1,2,2359,8549,5.0,0.0, ,1,2.0,2,62,4,10,13,1,2,3,2,12.0,2019.0, ,5.0,Empleado_Formal,16.0,16.0,0.0,2,85,1
25535,29,11,1,2,7231,4520,2.0,0.0, ,1,1.0,1,41,6,6,13, , , ,1,6.0,2019.0,1,5.0,Empleado_Informal,11.0,11.0,0.0,7,45,1
25535,30,11,1,2,9621,5610,1.0,2.0,7,1,1.0,1,38,6,6,13, , , ,2,8.0,2019.0, ,5.0,Empleado_Informal,11.0,11.0,0.0,9,56,1
25587,31,11,1,2,9629,9601,6.0,0.0,1,1,1.0,2,54,6,6,13, , , ,1,4.0,2022.0, ,2.0,Empleado_Informal,11.0,11.0,0.0,9,96,1
25587,32,11,1,2,7111,4100,0.0,1.0,7,1,1.0,1,46,6,9,13, , ,3,2,10.0,2022.0, ,2.0,Empleado_Informal,13.5,13.5,0.0,7,41,1
25587,33,11,1,2,8153,1410,1.0,6.0,2,1,2.0,2,23,1,5,13, , , ,2,3.0,2021.0, ,3.0,Empleado_Formal,10.0,10.0,0.0,8,14,1
25587,33,11,2,2,9122,4520,1.0,0.0,7,1,1.0,1,22,1,6,13, , , ,9,6.0,2020.0, ,4.0,Empleado_Informal,11.0,11.0,0.0,9,45,1
25744,49,11,1,2,5131,5610,1.0,0.0,7,1,1.0,1,32,6,6,13, , , ,1,4.0,2023.0, ,1.0,Empleado_Informal,11.0,11.0,0.0,5,56,1
25744,50,11,1,2,8331,4711,1.0,4.0,7,1,1.0,1,23,1,6,13, , , ,1,3.0,2021.0, ,3.0,Empleado_Informal,11.0,11.0,0.0,8,47,1
25744,50,11,2,2,,,0.0,0.0, ,2,,2,30,1,6,13, , , ,1,4.0,2021.0, ,3.0,Desempleado,11.0,11.0,0.0,,,0
25744,53,11,1,2,8331,4921,2.0,0.0,2,1,1.0,1,27,6,6,13, , , ,1,4.0,2021.0, ,3.0,Empleado_Informal,11.0,11.0,0.0,8,49,1
25796,60,11,1,2,9621,4771,2.0,0.0,2,1,1.0,2,28,6,10,13,1,2,3,1,4.0,2020.0,0,4.0,Empleado_Informal,16.0,16.0,0.0,9,47,1
25796,61,11,1,2,3313,4520,0.0,9.0,7,1,1.0,1,31,6,8,13,1,2,3,1,7.0,2021.0, ,3.0,Empleado_Informal,14.0,14.0,0.0,3,45,1
25796,65,11,1,2,8322,4922,3.0,0.0,7,1,1.0,1,25,1,8,13,2, ,3,1,5.0,2021.0, ,3.0,Empleado_Informal,14.0,14.0,0.0,8,49,1
25848,68,11,1,2,8322,4921,1.0,6.0,7,1,1.0,1,32,1,6,13, , , ,1,10.0,2019.0, ,5.0,Empleado_Informal,11.0,11.0,0.0,8,49,1
25848,68,11,2,2,,,0.0,0.0, ,2,,2,27,1,7,13, , ,3,1,10.0,2019.0, ,5.0,Desempleado,12.5,12.5,0.0,,,0
25848,70,11,1,2,5212,4772,1.0,0.0,7,1,1.0,2,26,6,8,13,1,2,3,1,7.0,2021.0, ,3.0,Empleado_Informal,14.0,14.0,0.0,5,47,1
25848,71,11,1,2,8331,4921,0.0,10.0,7,1,1.0,1,41,2,6,13, , , ,1,3.0,2018.0, ,6.0,Empleado_Informal,11.0,11.0,0.0,8,49,1
25900,73,11,1,2,7354,1410,3.0,1.0,7,1,1.0,2,23,1,7,13, , ,3,1,5.0,2021.0, ,3.0,Empleado_Informal,12.5,12.5,0.0,7,14,1
25900,73,11,2,2,9313,4100,2.0,4.0,7,1,1.0,1,25,1,7,13, , ,3,1,5.0,2021.0, ,3.0,Empleado_Informal,12.5,12.5,0.0,9,41,1
25900,75,11,1,2,8321,4922,3.0,9.0, ,1,2.0,1,43,1,10,13,1,2,3,2,2.0,2018.0,1,6.0,Empleado_Formal,16.0,16.0,0.0,8,49,1
25900,75,11,2,2,5131,5610,1.0,5.0,2,1,1.0,2,37,1,10,13,1,2,3,2,2.0,2018.0, ,6.0,Empleado_Informal,16.0,16.0,0.0,5,56,1
25900,87,11,2,2,5414,8010,2.0,3.0,7,1,1.0,1,44,1,10,13,1,2,3,1,2.0,2020.0, ,4.0,Empleado_Informal,16.0,16.0,0.0,5,80,1
25952,79,11,1,2,9411,5610,7.0,0.0, ,1,1.0,2,33,1,10,13,1,2,3,2,10.0,2018.0, ,6.0,Empleado_Informal,16.0,16.0,0.0,9,56,1
25952,79,11,2,1,8331,1050,2.0,0.0,2,1,1.0,1,36,1,4,13, , , ,,,,,,Empleado_Informal,9.0,9.0,0.0,8,10,1
25952,80,11,2,2,8332,4923,2.0,0.0,2,1,1.0,1,25,1,4,13, , , ,1,9.0,2023.0, ,1.0,Empleado_Informal,9.0,9.0,0.0,8,49,1
25952,83,11,1,2,9333,5224,2.0,0.0, ,1,1.0,1,29,1,4,13, , , ,1,10.0,2019.0, ,5.0,Empleado_Informal,9.0,9.0,0.0,9,52,1
25952,83,11,2,1,,,0.0,0.0, ,2,,2,27,1,4,13, , , ,,,,,,Desempleado,9.0,9.0,0.0,,,0
26004,89,11,1,2,5213,4782,1.0,0.0, ,1,1.0,2,39,6,10,13,1,2,3,2,2.0,2019.0, ,5.0,Empleado_Informal,16.0,16.0,0.0,5,47,1
26004,90,11,1,2,,,0.0,0.0, ,2,,2,32,1,8,13,1,2,3,1,11.0,2019.0, ,5.0,Desempleado,14.0,14.0,0.0,,,0
26004,90,11,2,2,3113,9522,2.0,3.0,2,1,1.0,1,35,1,8,13,1,2,3,1,11.0,2019.0, ,5.0,Empleado_Informal,14.0,14.0,0.0,3,95,1
26004,94,11,1,2,7231,4520,2.0,0.0,2,1,1.0,1,29,6,10,13,1,2,3,2,2.0,2018.0, ,6.0,Empleado_Informal,16.0,16.0,0.0,7,45,1
26160,102,11,1,2,7231,4520,0.0,6.0, ,1,1.0,1,53,1,6,13, , , ,1,11.0,2023.0, ,1.0,Empleado_Informal,11.0,11.0,0.0,7,45,1
26160,103,11,1,2,8321,4922,2.0,0.0, ,1,1.0,1,28,1,6,13, , , ,2,10.0,2017.0,0,7.0,Empleado_Informal,11.0,11.0,0.0,8,49,1
26160,103,11,2,2,9511,4799,2.0,0.0, ,1,1.0,2,23,1,5,13, , , ,2,1.0,2019.0,0,5.0,Empleado_Informal,10.0,10.0,0.0,9,47,1
26160,105,11,1,2,9612,3811,2.0,0.0, ,1,1.0,1,29,1,5,13, , , ,9,5.0,2022.0,0,2.0,Empleado_Informal,10.0,10.0,0.0,9,38,1
26160,105,11,2,2,,,0.0,0.0, ,3,,2,32,1,5,13, , , ,9,5.0,2022.0,0,2.0,Desempleado,10.0,10.0,0.0,,,0
26213,109,11,1,2,9621,5610,0.0,7.0,7,1,1.0,1,28,6,8,13,1,2,3,2,8.0,2018.0,0,6.0,Empleado_Informal,14.0,14.0,0.0,9,56,1
26213,110,11,1,2,9621,4923,1.0,6.0, ,1,1.0,1,25,6,9,13, , ,3,2,6.0,2018.0, ,6.0,Empleado_Informal,13.5,13.5,0.0,9,49,1
26213,117,11,1,2,5131,5610,0.0,4.0,2,1,2.0,1,29,5,6,13, , , ,2,4.0,2022.0, ,2.0,Empleado_Formal,11.0,11.0,0.0,5,56,1
26265,115,11,1,2,8321,4922,1.0,8.0, ,1,1.0,1,29,6,6,13, , , ,1,2.0,2021.0,0,3.0,Empleado_Informal,11.0,11.0,0.0,8,49,1
26265,123,11,1,2,5131,5610,2.0,5.0,7,1,1.0,2,25,6,6,13, , , ,1,3.0,2021.0, ,3.0,Empleado_Informal,11.0,11.0,0.0,5,56,1
26265,124,11,1,2,5120,5610,1.0,5.0,7,1,1.0,2,26,6,6,13, , , ,1,7.0,2021.0, ,3.0,Empleado_Informal,11.0,11.0,0.0,5,56,1
26421,133,11,1,2,5212,4772,0.0,6.0,7,1,1.0,2,28,6,6,13, , , ,1,8.0,2021.0, ,3.0,Empleado_Informal,11.0,11.0,0.0,5,47,1
26421,135,11,1,2,9333,4630,2.0,0.0,7,1,1.0,1,32,6,5,13, , , ,1,8.0,2021.0,1,3.0,Empleado_Informal,10.0,10.0,0.0,9,46,1
26421,144,11,1,2,5120,5610,0.0,3.0,7,1,1.0,2,35,1,6,13, , , ,2,9.0,2019.0,1,5.0,Empleado_Informal,11.0,11.0,0.0,5,56,1
26421,144,11,2,2,4110,4759,1.0,5.0,7,1,1.0,1,37,1,6,13, , , ,2,9.0,2019.0, ,5.0,Empleado_Informal,11.0,11.0,0.0,4,47,1
26473,144,11,1,2,9621,4923,0.0,8.0, ,1,1.0,1,27,1,6,13, , , ,1,1.0,2020.0, ,4.0,Empleado_Informal,11.0,11.0,0.0,9,49,1
26473,148,11,1,2,9621,4923,1.0,6.0,7,1,1.0,1,26,1,6,13, , , ,2,5.0,2018.0, ,6.0,Empleado_Informal,11.0,11.0,0.0,9,49,1
26473,148,11,2,2,7354,1410,2.0,5.0,7,1,1.0,2,25,1,6,13, , , ,1,10.0,2018.0, ,6.0,Empleado_Informal,11.0,11.0,0.0,7,14,1
26525,146,11,1,2,9622,8610,0.0,2.0,2,1,2.0,1,38,2,6,13, , , ,2,3.0,2018.0, ,6.0,Empleado_Formal,11.0,11.0,0.0,9,86,1
26525,146,11,3,2,5131,5610,0.0,6.0,2,1,1.0,2,20,6,6,13, , , ,1,8.0,2023.0, ,1.0,Empleado_Informal,11.0,11.0,0.0,5,56,1
26525,151,11,1,2,5230,5630,0.0,4.0,7,1,1.0,2,22,6,4,6, , ,1,1,6.0,2022.0, ,2.0,Empleado_Informal,9.0,11.0,-2.0,5,56,1
26577,150,11,1,2,3314,5630,2.0,4.0,7,1,1.0,2,45,6,6,13, , , ,2,11.0,2022.0, ,2.0,Empleado_Informal,11.0,11.0,0.0,3,56,1
26577,150,11,2,2,8321,4922,1.0,0.0, ,1,1.0,1,22,6,6,13, , , ,2,11.0,2022.0, ,2.0,Empleado_Informal,11.0,11.0,0.0,8,49,1
26577,150,11,3,2,5131,5610,0.0,1.0,7,1,1.0,2,18,6,5,13, , , ,9,11.0,2022.0, ,2.0,Empleado_Informal,10.0,10.0,0.0,5,56,1
26577,150,11,4,2,8321,4922,0.0,4.0, ,1,1.0,1,22,6,9,13, , ,3,9,5.0,2024.0,1,0.0,Empleado_Informal,13.5,13.5,0.0,8,49,1
26577,154,11,1,2,5120,5610,1.0,6.0,7,1,1.0,1,25,6,5,13, , , ,9,3.0,2024.0, ,0.0,Empleado_Informal,10.0,10.0,0.0,5,56,1
26577,156,11,1,2,9412,5610,3.0,0.0,7,1,1.0,2,36,1,9,13, , ,3,1,3.0,2019.0,0,5.0,Empleado_Informal,13.5,13.5,0.0,9,56,1
26577,156,11,2,2,9629,4620,2.0,0.0,7,1,1.0,1,47,1,6,13, , , ,1,12.0,2018.0, ,6.0,Empleado_Informal,11.0,11.0,0.0,9,46,1
26629,156,11,1,2,9621,4923,2.0,0.0, ,1,1.0,1,29,1,6,13, , , ,2,1.0,2021.0, ,3.0,Empleado_Informal,11.0,11.0,0.0,9,49,1
26629,157,11,1,2,8331,9000,2.0,0.0,7,1,1.0,1,45,2,6,13, , , ,1,7.0,2018.0, ,6.0,Empleado_Informal,11.0,11.0,0.0,8,90,1
26629,157,11,2,2,,,0.0,0.0, ,2,,2,54,2,10,13,1,2,3,1,8.0,2019.0, ,5.0,Desempleado,16.0,16.0,0.0,,,0
26629,157,11,3,2,8321,4922,0.0,6.0, ,1,1.0,1,16,6,5,13, , , ,1,12.0,2022.0, ,2.0,Empleado_Informal,10.0,10.0,0.0,8,49,1
26629,158,11,1,2,,,0.0,0.0, ,2,,2,27,6,6,13, , , ,2,6.0,2019.0, ,5.0,Desempleado,11.0,11.0,0.0,,,0
26629,158,11,5,2,5131,5610,0.0,6.0,7,1,1.0,2,24,6,9,13, , ,3,2,6.0,2019.0, ,5.0,Empleado_Informal,13.5,13.5,0.0,5,56,1
26681,162,11,2,2,7128,4520,3.0,1.0,7,1,1.0,1,31,1,7,13, , ,3,1,5.0,2020.0, ,4.0,Empleado_Informal,12.5,12.5,0.0,7,45,1
26681,165,11,1,2,4417,9311,1.0,2.0,7,1,1.0,2,29,5,8,13,1,2,3,1,1.0,2022.0, ,2.0,Empleado_Informal,14.0,14.0,0.0,4,93,1
26681,165,11,4,2,5141,9602,0.0,9.0,7,1,1.0,1,33,6,6,13, , , ,1,4.0,2019.0,0,5.0,Empleado_Informal,11.0,11.0,0.0,5,96,1
26681,167,11,1,2,5212,4752,1.0,2.0,7,1,1.0,1,28,6,6,13, , , ,1,5.0,2019.0, ,5.0,Empleado_Informal,11.0,11.0,0.0,5,47,1
26733,171,11,1,2,9313,7830,1.0,2.0,7,1,1.0,1,28,6,6,13, , , ,9,8.0,2020.0,1,4.0,Empleado_Informal,11.0,11.0,0.0,9,78,1
26733,175,11,1,2,7422,9512,1.0,2.0,7,1,1.0,2,32,5,5,13, , , ,9,4.0,2021.0,0,3.0,Empleado_Informal,10.0,10.0,0.0,7,95,1
26786,176,11,1,2,9629,4620,0.0,1.0,7,1,1.0,2,41,5,5,13, , , ,9,6.0,2024.0,0,0.0,Empleado_Informal,10.0,10.0,0.0,9,46,1
26786,177,11,1,2,9333,4620,6.0,0.0,7,1,1.0,1,35,1,6,13, , , ,1,1.0,2018.0, ,6.0,Empleado_Informal,11.0,11.0,0.0,9,46,1
26786,177,11,2,2,7333,1702,0.0,1.0,2,1,1.0,2,30,1,6,13, , , ,6,2.0,2018.0, ,6.0,Empleado_Informal,11.0,11.0,0.0,7,17,1
26786,178,11,1,2,9412,5610,0.0,1.0,7,1,1.0,2,24,1,9,13, , ,3,9,2.0,2023.0, ,1.0,Empleado_Informal,13.5,13.5,0.0,9,56,1
26786,178,11,2,2,7351,1392,0.0,6.0,7,1,1.0,1,29,1,6,13, , , ,9,1.0,2024.0, ,0.0,Empleado_Informal,11.0,11.0,0.0,7,13,1
26838,186,11,1,2,8322,4921,1.0,8.0,7,1,1.0,1,42,5,10,13,1,2,3,1,12.0,2020.0,0,4.0,Empleado_Informal,16.0,16.0,0.0,8,49,1
26838,189,11,1,2,7515,1030,1.0,6.0,7,1,1.0,2,40,6,6,13, , , ,2,9.0,2019.0, ,5.0,Empleado_Informal,11.0,11.0,0.0,7,10,1
26838,189,11,2,2,9121,9601,7.0,0.0,7,1,1.0,1,19,6,5,5, , , ,2,9.0,2019.0, ,5.0,Empleado_Informal,10.0,8.5,1.5,9,96,1
26838,191,11,1,2,5120,5610,2.0,0.0,7,1,1.0,2,33,6,10,13,1,2,3,2,9.0,2018.0,1,6.0,Empleado_Informal,16.0,16.0,0.0,5,56,1
26890,188,11,1,2,9112,9329,0.0,3.0,7,1,1.0,2,40,6,5,13, , , ,9,11.0,2022.0,1,2.0,Empleado_Informal,10.0,10.0,0.0,9,93,1
26890,189,11,1,2,4321,4630,0.0,2.0,3,1,1.0,2,34,6,8,13,1,2,3,2,4.0,2019.0,1,5.0,Empleado_Informal,14.0,14.0,0.0,4,46,1
26890,197,11,1,2,8321,4922,0.0,5.0, ,1,1.0,1,25,1,6,13, , , ,1,2.0,2023.0, ,1.0,Empleado_Informal,11.0,11.0,0.0,8,49,1
26942,194,11,1,2,,,0.0,0.0, ,3,,2,35,6,5,13, , , ,2,3.0,2019.0, ,5.0,Desempleado,10.0,10.0,0.0,,,0
26942,194,11,2,2,7231,4520,1.0,2.0,7,1,1.0,1,18,6,5,13, , , ,9,7.0,2023.0, ,1.0,Empleado_Informal,10.0,10.0,0.0,7,45,1
26942,194,11,3,2,9629,4520,0.0,6.0,7,1,1.0,1,14,6,3,4, , , ,9,2.0,2023.0, ,1.0,Empleado_Informal,4.5,6.0,-1.5,9,45,1
26942,196,11,1,2,9122,4520,2.0,6.0, ,1,1.0,1,34,1,6,13, , , ,1,3.0,2021.0, ,3.0,Empleado_Informal,11.0,11.0,0.0,9,45,1
26994,200,11,1,2,5212,4752,1.0,0.0,7,1,1.0,1,47,6,7,13, , ,3,7,5.0,2018.0, ,6.0,Empleado_Informal,12.5,12.5,0.0,5,47,1
26994,201,11,1,2,9333,4752,0.0,5.0,7,1,1.0,1,32,6,5,13, , , ,4,2.0,2024.0, ,0.0,Empleado_Informal,10.0,10.0,0.0,9,47,1
27046,206,11,1,2,5120,5610,2.0,0.0, ,1,1.0,2,47,6,4,13, , , ,2,2.0,2019.0,0,5.0,Empleado_Informal,9.0,9.0,0.0,5,56,1
27046,206,11,3,2,5120,5610,2.0,0.0, ,1,1.0,2,57,6,5,13, , , ,2,2.0,2019.0, ,5.0,Empleado_Informal,10.0,10.0,0.0,5,56,1
27046,207,11,1,2,5120,5610,0.0,4.0,7,1,1.0,1,35,2,10,13,1,2,3,2,10.0,2017.0, ,7.0,Empleado_Informal,16.0,16.0,0.0,5,56,1
27046,207,11,2,2,5120,5610,5.0,0.0, ,1,1.0,2,35,2,10,13,1,2,3,2,1.0,2018.0,1,6.0,Empleado_Informal,16.0,16.0,0.0,5,56,1
27046,211,11,1,2,7513,1071,4.0,0.0,7,1,1.0,1,33,1,8,13,1,2,3,2,8.0,2020.0, ,4.0,Empleado_Informal,14.0,14.0,0.0,7,10,1
27098,212,11,1,2,7411,4330,4.0,6.0, ,1,1.0,1,27,6,8,13,1,2,3,2,3.0,2019.0,1,5.0,Empleado_Informal,14.0,14.0,0.0,7,43,1
27098,213,11,1,2,8321,4922,6.0,0.0, ,1,1.0,1,24,6,6,13, , , ,2,4.0,2019.0,1,5.0,Empleado_Informal,11.0,11.0,0.0,8,49,1
27098,214,11,1,2,9622,8010,2.0,6.0,7,1,1.0,1,57,2,6,13, , , ,2,2.0,2018.0, ,6.0,Empleado_Informal,11.0,11.0,0.0,9,80,1
27098,214,11,3,2,9122,4520,0.0,3.0,7,1,1.0,1,17,6,5,13, , , ,9,6.0,2019.0, ,5.0,Empleado_Informal,10.0,10.0,0.0,9,45,1
27098,214,11,4,2,5131,5610,0.0,4.0,7,1,1.0,2,27,6,7,13, , ,3,2,8.0,2018.0,1,6.0,Empleado_Informal,12.5,12.5,0.0,5,56,1
27150,218,11,1,2,8142,2220,0.0,9.0,2,1,1.0,2,52,6,3,13, , , ,2,7.0,2020.0,0,4.0,Empleado_Informal,4.5,4.5,0.0,8,22,1
27150,219,11,1,2,9629,4721,0.0,5.0,2,1,2.0,2,43,4,8,13,1,2,3,9,10.0,2017.0,1,7.0,Empleado_Formal,14.0,14.0,0.0,9,47,1
27150,220,11,1,2,8142,2220,0.0,6.0,2,1,1.0,2,37,6,6,13, , , ,2,2.0,2023.0, ,1.0,Empleado_Informal,11.0,11.0,0.0,8,22,1
27202,228,11,1,2,5141,9602,1.0,0.0,2,1,1.0,1,23,1,5,13, , , ,1,1.0,2023.0, ,1.0,Empleado_Informal,10.0,10.0,0.0,5,96,1
27202,234,11,1,2,9333,5224,2.0,6.0,7,1,1.0,1,45,2,6,13, , , ,2,10.0,2018.0, ,6.0,Empleado_Informal,11.0,11.0,0.0,9,52,1
27202,234,11,2,2,9111,9700,3.0,0.0,7,1,1.0,2,42,2,10,13,1,2,3,2,12.0,2015.0, ,9.0,Empleado_Informal,16.0,16.0,0.0,9,97,1
27202,235,11,1,2,8322,4923,6.0,0.0,7,1,1.0,1,45,6,9,13, , ,3,2,3.0,2016.0,0,8.0,Empleado_Informal,13.5,13.5,0.0,8,49,1
27254,230,11,1,2,9622,6810,4.0,0.0,7,1,1.0,2,63,5,9,13, , ,3,2,10.0,2022.0, ,2.0,Empleado_Informal,13.5,13.5,0.0,9,68,1
27254,232,11,1,2,5212,4752,2.0,0.0,7,1,1.0,1,32,1,6,13, , , ,1,3.0,2019.0, ,5.0,Empleado_Informal,11.0,11.0,0.0,5,47,1
27254,232,11,2,2,5141,9602,0.0,9.0,7,1,1.0,2,28,1,7,13, , ,3,1,3.0,2019.0, ,5.0,Empleado_Informal,12.5,12.5,0.0,5,96,1
27254,233,11,2,2,9621,4630,2.0,0.0,7,1,1.0,1,29,1,6,13, , , ,9,12.0,2021.0, ,3.0,Empleado_Informal,11.0,11.0,0.0,9,46,1
27411,248,11,1,2,5212,4772,0.0,9.0,7,1,1.0,2,29,6,6,13, , , ,1,5.0,2021.0, ,3.0,Empleado_Informal,11.0,11.0,0.0,5,47,1
27411,249,11,1,2,9112,5610,2.0,5.0,2,1,2.0,2,46,2,10,13,1,2,3,2,9.0,2020.0, ,4.0,Empleado_Formal,16.0,16.0,0.0,9,56,1
27411,250,11,1,2,5131,5610,3.0,2.0,2,1,2.0,2,40,6,6,13, , , ,2,4.0,2020.0, ,4.0,Empleado_Formal,11.0,11.0,0.0,5,56,1
27411,250,11,5,2,9111,9700,1.0,0.0,7,1,1.0,2,52,6,99,99, , , ,2,11.0,2018.0, ,6.0,Empleado_Informal,,,,9,97,1
27463,254,11,1,2,7422,6190,2.0,0.0,7,1,1.0,1,37,1,7,13, , ,3,2,5.0,2019.0, ,5.0,Empleado_Informal,12.5,12.5,0.0,7,61,1
27463,254,11,2,2,5213,4782,2.0,0.0,7,1,1.0,2,24,1,8,13,2, ,3,2,5.0,2019.0, ,5.0,Empleado_Informal,14.0,14.0,0.0,5,47,1
27463,255,11,1,2,3422,9311,1.0,0.0,7,1,1.0,1,68,2,6,13, , , ,2,11.0,2021.0, ,3.0,Empleado_Informal,11.0,11.0,0.0,3,93,1
27463,257,11,1,2,5212,4721,2.0,5.0,7,1,1.0,2,36,6,10,13,1,2,3,1,2.0,2021.0, ,3.0,Empleado_Informal,16.0,16.0,0.0,5,47,1
27619,277,11,1,2,9411,5610,8.0,0.0, ,1,1.0,2,40,5,6,13, , , ,2,7.0,2017.0, ,7.0,Empleado_Informal,11.0,11.0,0.0,9,56,1
27619,277,11,4,2,5142,9602,0.0,1.0,7,1,1.0,2,34,5,7,13, , ,3,9,5.0,2024.0, ,0.0,Empleado_Informal,12.5,12.5,0.0,5,96,1
27619,277,11,5,2,9313,4100,2.0,0.0,7,1,1.0,1,46,6,6,13, , , ,2,3.0,2019.0, ,5.0,Empleado_Informal,11.0,11.0,0.0,9,41,1
27619,285,11,1,2,9122,4520,0.0,7.0,7,1,1.0,1,32,6,6,13, , , ,1,2.0,2022.0, ,2.0,Empleado_Informal,11.0,11.0,0.0,9,45,1
27619,286,11,1,2,9521,4799,1.0,2.0, ,1,1.0,1,28,6,7,13, , ,3,1,1.0,2023.0, ,1.0,Empleado_Informal,12.5,12.5,0.0,9,47,1
28088,328,11,1,2,7111,4100,7.0,0.0,7,1,1.0,1,36,1,5,13, , , ,1,3.0,2017.0, ,7.0,Empleado_Informal,10.0,10.0,0.0,7,41,1
28088,329,11,1,2,7212,2511,1.0,1.0,2,1,2.0,1,51,1,6,13, , , ,2,6.0,2018.0, ,6.0,Empleado_Formal,11.0,11.0,0.0,7,25,1
28088,330,11,1,2,9411,5610,1.0,0.0, ,1,1.0,2,36,6,6,13, , , ,2,8.0,2018.0,0,6.0,Empleado_Informal,11.0,11.0,0.0,9,56,1
28140,343,11,1,2,2359,8542,7.0,0.0, ,1,1.0,1,51,1,10,13,1,2,3,2,2.0,2018.0, ,6.0,Empleado_Informal,16.0,16.0,0.0,2,85,1
28140,346,11,1,2,5131,5610,1.0,0.0,7,1,1.0,2,28,6,6,13, , , ,9,12.0,2018.0,1,6.0,Empleado_Informal,11.0,11.0,0.0,5,56,1
28192,339,11,1,2,9112,8121,4.0,3.0, ,1,1.0,2,54,6,10,13,1,2,3,2,9.0,2018.0,0,6.0,Empleado_Informal,16.0,16.0,0.0,9,81,1
28192,341,11,1,1,5120,5610,0.0,9.0,7,1,1.0,1,40,1,1,6, , ,1,,,,,,Empleado_Informal,0.0,11.0,-11.0,5,56,1
28192,341,11,2,2,9629,6110,1.0,5.0,7,1,1.0,2,32,1,5,13, , , ,2,5.0,2021.0, ,3.0,Empleado_Informal,10.0,10.0,0.0,9,61,1
28244,358,11,1,2,5141,9602,0.0,1.0,7,1,1.0,2,45,6,8,13,1,2,3,2,8.0,2016.0,1,8.0,Empleado_Informal,14.0,14.0,0.0,5,96,1
28400,366,11,1,2,7231,4520,2.0,3.0,2,1,1.0,1,44,5,6,13, , , ,1,9.0,2020.0, ,4.0,Empleado_Informal,11.0,11.0,0.0,7,45,1
28400,366,11,2,2,8321,4922,1.0,1.0,7,1,1.0,1,21,6,7,13, , ,3,1,9.0,2020.0, ,4.0,Empleado_Informal,12.5,12.5,0.0,8,49,1
28400,369,11,1,2,3240,7500,1.0,8.0,2,1,1.0,2,27,6,10,13,1,2,3,2,2.0,2020.0, ,4.0,Empleado_Informal,16.0,16.0,0.0,3,75,1
28400,371,11,1,2,5211,4641,0.0,6.0,2,1,1.0,2,28,6,9,13, , ,3,1,4.0,2022.0, ,2.0,Empleado_Informal,13.5,13.5,0.0,5,46,1
28452,372,11,1,2,5120,5630,1.0,2.0,2,1,1.0,2,26,6,7,13, , ,3,1,4.0,2019.0, ,5.0,Empleado_Informal,12.5,12.5,0.0,5,56,1
28452,373,11,1,2,,,0.0,0.0, ,2,,2,31,1,6,13, , , ,1,10.0,2021.0, ,3.0,Desempleado,11.0,11.0,0.0,,,0
28452,373,11,2,2,3312,6920,0.0,5.0,2,1,1.0,1,33,1,8,13,1,2,3,2,10.0,2021.0, ,3.0,Empleado_Informal,14.0,14.0,0.0,3,69,1
28452,376,11,1,2,5141,9602,1.0,4.0,7,1,1.0,1,28,6,8,13,1,2,3,1,7.0,2018.0,0,6.0,Empleado_Informal,14.0,14.0,0.0,5,96,1
28504,382,11,1,2,7234,3312,7.0,0.0,2,1,1.0,1,32,2,10,13,1,2,3,2,8.0,2018.0, ,6.0,Empleado_Informal,16.0,16.0,0.0,7,33,1
28504,382,11,2,2,9622,3312,4.0,0.0,7,1,1.0,2,31,2,10,13,1,2,3,2,1.0,2020.0, ,4.0,Empleado_Informal,16.0,16.0,0.0,9,33,1
28504,391,11,1,2,,,0.0,0.0, ,3,,1,28,1,9,13, , ,3,2,9.0,2021.0, ,3.0,Desempleado,13.5,13.5,0.0,,,0
28504,391,11,2,2,4224,6810,1.0,8.0,7,1,1.0,2,44,1,8,13,1,2,3,1,8.0,2021.0,1,3.0,Empleado_Informal,14.0,14.0,0.0,4,68,1
28504,392,11,1,2,9333,4630,1.0,1.0,7,1,1.0,1,22,1,6,13, , , ,1,2.0,2022.0, ,2.0,Empleado_Informal,11.0,11.0,0.0,9,46,1
28557,384,11,2,2,7212,2592,0.0,5.0,7,1,1.0,1,21,1,5,13, , , ,1,11.0,2023.0, ,1.0,Empleado_Informal,10.0,10.0,0.0,7,25,1
28557,387,11,1,2,5212,4771,2.0,5.0,7,1,1.0,2,34,6,9,13, , ,3,1,2.0,2022.0, ,2.0,Empleado_Informal,13.5,13.5,0.0,5,47,1
28557,387,11,2,2,9112,1040,1.0,2.0,7,1,1.0,1,17,6,5,13, , , ,2,1.0,2020.0, ,4.0,Empleado_Informal,10.0,10.0,0.0,9,10,1
28557,387,11,3,2,9112,145,1.0,0.0,7,1,1.0,1,14,6,5,13, , , ,9,2.0,2022.0,0,2.0,Empleado_Informal,10.0,10.0,0.0,9,01,1
28557,396,11,1,2,3114,6110,1.0,0.0,7,1,1.0,1,30,1,8,13,1,2,3,2,2.0,2022.0,0,2.0,Empleado_Informal,14.0,14.0,0.0,3,61,1
28609,390,11,1,2,9111,9700,0.0,1.0,7,1,1.0,2,50,2,5,13, , , ,6,3.0,2020.0,0,4.0,Empleado_Informal,10.0,10.0,0.0,9,97,1
28609,392,11,1,2,4321,4530,1.0,0.0,2,1,1.0,1,53,6,5,13, , , ,2,10.0,2023.0, ,1.0,Empleado_Informal,10.0,10.0,0.0,4,45,1
28609,397,11,1,1,9511,4799,1.0,0.0, ,1,1.0,2,32,1,1,5, , , ,,,,,,Empleado_Informal,0.0,8.5,-8.5,9,47,1
28609,397,11,2,2,9612,4669,3.0,0.0,7,1,1.0,1,30,1,4,13, , , ,2,7.0,2020.0,1,4.0,Empleado_Informal,9.0,9.0,0.0,9,46,1
28661,404,11,1,2,9311,3600,3.0,0.0,2,1,1.0,1,33,1,6,13, , , ,2,10.0,2018.0,1,6.0,Empleado_Informal,11.0,11.0,0.0,9,36,1
28661,404,11,2,2,9412,5610,0.0,1.0,7,1,1.0,2,28,1,6,13, , , ,2,10.0,2018.0,1,6.0,Empleado_Informal,11.0,11.0,0.0,9,56,1
28661,405,11,1,2,9311,3600,3.0,0.0,2,1,1.0,1,35,1,6,13, , , ,2,7.0,2019.0,1,5.0,Empleado_Informal,11.0,11.0,0.0,9,36,1
28661,405,11,2,2,9412,5610,0.0,1.0,7,1,1.0,2,29,1,6,13, , , ,2,7.0,2019.0,1,5.0,Empleado_Informal,11.0,11.0,0.0,9,56,1
28661,407,11,1,2,7354,1410,0.0,3.0,7,1,1.0,1,59,6,4,13, , , ,2,7.0,2018.0, ,6.0,Empleado_Informal,9.0,9.0,0.0,7,14,1
28713,412,11,1,2,7231,4540,6.0,9.0, ,1,1.0,1,25,1,9,13, , ,3,2,8.0,2018.0, ,6.0,Empleado_Informal,13.5,13.5,0.0,7,45,1
28713,412,11,2,2,9111,9700,2.0,0.0,7,1,1.0,2,33,1,9,13, , ,3,1,12.0,2018.0, ,6.0,Empleado_Informal,13.5,13.5,0.0,9,97,1
28713,413,11,1,2,7354,1410,0.0,1.0,7,1,1.0,1,19,6,9,13, , ,3,9,6.0,2024.0, ,0.0,Empleado_Informal,13.5,13.5,0.0,7,14,1
28713,414,11,2,2,9412,5610,0.0,8.0,7,1,1.0,2,24,6,5,13, , , ,2,6.0,2019.0,1,5.0,Empleado_Informal,10.0,10.0,0.0,9,56,1
28765,414,11,1,2,9122,4520,0.0,2.0,7,1,1.0,1,25,6,9,13, , ,3,2,7.0,2024.0, ,0.0,Empleado_Informal,13.5,13.5,0.0,9,45,1
28765,416,11,1,2,8322,4922,0.0,7.0, ,1,1.0,1,31,1,6,13, , , ,2,7.0,2017.0, ,7.0,Empleado_Informal,11.0,11.0,0.0,8,49,1
28765,419,11,1,2,8331,4921,2.0,0.0, ,1,1.0,1,43,6,3,13, , , ,2,12.0,2022.0, ,2.0,Empleado_Informal,4.5,4.5,0.0,8,49,1
28817,426,11,1,2,9333,2599,0.0,3.0,7,1,1.0,1,30,1,5,13, , , ,6,5.0,2018.0, ,6.0,Empleado_Informal,10.0,10.0,0.0,9,25,1
28817,426,11,2,2,5212,4742,0.0,3.0,7,1,1.0,2,29,1,5,13, , , ,6,9.0,2018.0, ,6.0,Empleado_Informal,10.0,10.0,0.0,5,47,1
28817,429,11,1,2,5142,9602,0.0,3.0,7,1,1.0,2,22,6,5,13, , , ,9,8.0,2023.0, ,1.0,Empleado_Informal,10.0,10.0,0.0,5,96,1
28817,436,11,1,2,9112,8129,0.0,1.0,7,1,1.0,1,37,6,6,13, , , ,2,11.0,2017.0,1,7.0,Empleado_Informal,11.0,11.0,0.0,9,81,1
28869,429,11,1,2,9511,4799,1.0,0.0, ,1,1.0,2,46,1,4,13, , , ,2,6.0,2019.0, ,5.0,Empleado_Informal,9.0,9.0,0.0,9,47,1
28869,429,11,2,2,9622,8610,0.0,1.0,5,1,1.0,1,49,1,6,13, , , ,2,6.0,2019.0, ,5.0,Empleado_Informal,11.0,11.0,0.0,9,86,1
28869,430,11,1,2,9321,2023,1.0,1.0,2,1,1.0,2,24,1,5,13, , , ,1,7.0,2020.0, ,4.0,Empleado_Informal,10.0,10.0,0.0,9,20,1
28869,430,11,2,2,8321,4922,0.0,3.0, ,1,1.0,1,21,1,6,13, , , ,2,6.0,2019.0, ,5.0,Empleado_Informal,11.0,11.0,0.0,8,49,1
28869,431,11,1,2,7354,1410,0.0,1.0,7,1,1.0,2,23,1,6,13, , , ,1,2.0,2019.0, ,5.0,Empleado_Informal,11.0,11.0,0.0,7,14,1
28869,431,11,2,2,8321,4922,2.0,0.0, ,1,1.0,1,28,1,5,13, , , ,2,7.0,2020.0, ,4.0,Empleado_Informal,10.0,10.0,0.0,8,49,1
28921,438,11,1,2,8321,4922,1.0,0.0, ,1,1.0,1,29,1,5,13, , , ,9,10.0,2023.0,1,1.0,Empleado_Informal,10.0,10.0,0.0,8,49,1
28921,440,11,1,2,9511,4799,1.0,0.0, ,1,1.0,2,28,6,6,13, , , ,2,12.0,2018.0,0,6.0,Empleado_Informal,11.0,11.0,0.0,9,47,1
28921,444,11,1,1,9112,8129,1.0,0.0,7,1,1.0,1,34,1,1,6, , ,1,,,,,,Empleado_Informal,0.0,11.0,-11.0,9,81,1
28973,441,11,2,2,5131,5610,5.0,0.0,2,1,2.0,1,34,1,6,13, , , ,2,7.0,2018.0,1,6.0,Empleado_Formal,11.0,11.0,0.0,5,56,1
28973,442,11,1,1,5213,4781,1.0,0.0,2,1,1.0,1,35,1,6,13, , , ,,,,,,Empleado_Informal,11.0,11.0,0.0,5,47,1
28973,442,11,2,2,5312,8521,1.0,0.0,2,1,2.0,2,37,1,10,13,2, ,3,2,5.0,2018.0, ,6.0,Empleado_Formal,16.0,16.0,0.0,5,85,1
28973,443,11,1,2,5213,4781,1.0,0.0,7,1,1.0,2,30,5,6,13, , , ,2,4.0,2019.0,1,5.0,Empleado_Informal,11.0,11.0,0.0,5,47,1
29025,447,11,1,2,8322,4922,2.0,0.0, ,1,1.0,1,20,1,5,6, , ,1,2,9.0,2019.0, ,5.0,Empleado_Informal,10.0,11.0,-1.0,8,49,1
29025,447,11,2,1,5213,4781,1.0,0.0, ,1,1.0,2,19,1,1,6, , ,1,,,,,,Empleado_Informal,0.0,11.0,-11.0,5,47,1
29025,457,11,2,2,9313,4100,3.0,0.0,2,1,1.0,1,33,6,5,13, , , ,2,10.0,2021.0, ,3.0,Empleado_Informal,10.0,10.0,0.0,9,41,1
29025,457,11,3,2,9313,4100,0.0,1.0,2,1,1.0,1,18,6,5,5, , , ,1,2.0,2020.0, ,4.0,Empleado_Informal,10.0,8.5,1.5,9,41,1
29025,460,11,1,2,8322,4922,1.0,6.0, ,1,1.0,1,42,1,8,13,1,2,3,2,2.0,2023.0, ,1.0,Empleado_Informal,14.0,14.0,0.0,8,49,1
29025,460,11,2,2,5211,4649,0.0,6.0,7,1,1.0,2,35,1,9,13, , ,3,9,5.0,2024.0, ,0.0,Empleado_Informal,13.5,13.5,0.0,5,46,1
29025,460,11,3,2,5211,4649,0.0,1.0,7,1,1.0,2,16,6,5,13, , , ,9,5.0,2024.0, ,0.0,Empleado_Informal,10.0,10.0,0.0,5,46,1
29077,455,11,2,2,7222,2511,0.0,6.0,2,1,1.0,1,21,1,8,13,2, ,3,9,2.0,2024.0, ,0.0,Empleado_Informal,14.0,14.0,0.0,7,25,1
29077,460,11,2,2,7113,4330,5.0,0.0,2,1,1.0,1,38,1,5,13, , , ,2,4.0,2019.0, ,5.0,Empleado_Informal,10.0,10.0,0.0,7,43,1
29077,461,11,1,2,9111,9700,5.0,0.0,7,1,1.0,2,47,1,10,13,1,2,3,2,10.0,2016.0,0,8.0,Empleado_Informal,16.0,16.0,0.0,9,97,1
29077,461,11,2,2,7212,2511,6.0,0.0,7,1,1.0,1,36,1,8,13,1,2,3,2,7.0,2015.0,0,9.0,Empleado_Informal,14.0,14.0,0.0,7,25,1
29130,459,11,1,2,8321,4922,1.0,0.0, ,1,1.0,1,31,1,8,13,1,2,3,2,5.0,2019.0, ,5.0,Empleado_Informal,14.0,14.0,0.0,8,49,1
29130,460,11,1,1,7353,1410,1.0,3.0,7,1,1.0,1,38,1,1,6, , ,1,,,,,,Empleado_Informal,0.0,11.0,-11.0,7,14,1
29130,461,11,1,2,5131,5610,0.0,8.0,7,1,1.0,1,30,6,6,13, , , ,9,8.0,2023.0,0,1.0,Empleado_Informal,11.0,11.0,0.0,5,56,1
29182,465,11,1,2,4222,4100,0.0,6.0,2,1,1.0,2,37,1,6,13, , , ,2,4.0,2017.0, ,7.0,Empleado_Informal,11.0,11.0,0.0,4,41,1
29182,465,11,2,1,8322,4922,1.0,1.0, ,1,1.0,1,38,1,1,10, , ,0,,,,,,Empleado_Informal,0.0,16.0,-16.0,8,49,1
29182,466,11,1,2,3322,1410,4.0,6.0,2,1,2.0,1,24,1,6,13, , , ,2,3.0,2018.0,0,6.0,Empleado_Formal,11.0,11.0,0.0,3,14,1
29182,466,11,2,2,9412,5610,0.0,1.0,7,1,1.0,2,24,1,6,13, , , ,2,7.0,2019.0,0,5.0,Empleado_Informal,11.0,11.0,0.0,9,56,1
29182,467,11,1,2,7354,1410,2.0,8.0,2,1,2.0,1,53,2,6,13, , , ,2,12.0,2021.0, ,3.0,Empleado_Formal,11.0,11.0,0.0,7,14,1
29182,467,11,2,2,9412,5610,0.0,3.0,7,1,1.0,2,50,2,8,13,1,2,3,2,8.0,2021.0, ,3.0,Empleado_Informal,14.0,14.0,0.0,9,56,1
29182,467,11,3,2,7351,1430,1.0,11.0,2,1,1.0,1,19,6,6,13, , , ,2,12.0,2021.0, ,3.0,Empleado_Informal,11.0,11.0,0.0,7,14,1
29234,471,11,1,2,5212,4771,0.0,6.0,7,1,1.0,2,29,6,6,13, , , ,1,2.0,2022.0, ,2.0,Empleado_Informal,11.0,11.0,0.0,5,47,1
29234,471,11,2,2,7361,1512,1.0,0.0,7,1,1.0,2,44,6,4,13, , , ,1,1.0,2021.0, ,3.0,Empleado_Informal,9.0,9.0,0.0,7,15,1
29234,472,11,1,1,8113,610,0.0,10.0,2,1,2.0,1,36,1,7,7, , ,3,,,,,,Empleado_Formal,12.5,12.5,0.0,8,06,1
29234,473,11,1,2,7511,1010,0.0,8.0,2,1,1.0,1,42,1,9,13, , ,3,1,9.0,2022.0, ,2.0,Empleado_Informal,13.5,13.5,0.0,7,10,1
29234,473,11,2,2,5230,4659,0.0,9.0,7,1,1.0,2,39,1,6,13, , , ,2,9.0,2021.0, ,3.0,Empleado_Informal,11.0,11.0,0.0,5,46,1
29286,477,11,1,2,5213,4781,0.0,5.0,7,1,1.0,2,30,1,6,13, , , ,2,12.0,2018.0, ,6.0,Empleado_Informal,11.0,11.0,0.0,5,47,1
29286,477,11,2,2,7352,1410,0.0,5.0,7,1,1.0,1,33,1,6,13, , , ,2,2.0,2019.0, ,5.0,Empleado_Informal,11.0,11.0,0.0,7,14,1
29286,479,11,1,2,7354,1410,4.0,0.0,7,1,1.0,1,28,6,10,13,1,2,3,2,6.0,2019.0, ,5.0,Empleado_Informal,16.0,16.0,0.0,7,14,1
29286,479,11,2,2,5211,4641,1.0,5.0,7,1,1.0,2,35,6,6,13, , , ,2,6.0,2019.0,0,5.0,Empleado_Informal,11.0,11.0,0.0,5,46,1
29286,480,11,1,2,5211,1410,1.0,0.0,7,1,1.0,2,45,6,6,13, , , ,2,10.0,2018.0,1,6.0,Empleado_Informal,11.0,11.0,0.0,5,14,1
29286,480,11,2,2,5211,4641,0.0,7.0,7,1,1.0,2,27,6,7,13, , ,3,1,5.0,2022.0,1,2.0,Empleado_Informal,12.5,12.5,0.0,5,46,1
29286,480,11,3,2,5211,4641,0.0,7.0,7,1,1.0,2,20,6,5,6, , ,1,2,5.0,2020.0,1,4.0,Empleado_Informal,10.0,11.0,-1.0,5,46,1
29442,495,11,1,2,7421,4742,4.0,3.0,7,1,1.0,1,38,2,6,13, , , ,2,8.0,2018.0, ,6.0,Empleado_Informal,11.0,11.0,0.0,7,47,1
29442,496,11,1,2,9629,5630,1.0,1.0, ,1,1.0,2,33,5,6,13, , , ,2,7.0,2019.0,0,5.0,Empleado_Informal,11.0,11.0,0.0,9,56,1
29442,497,11,1,2,9411,5630,1.0,2.0, ,1,1.0,2,28,6,9,13, , ,3,1,11.0,2022.0,0,2.0,Empleado_Informal,13.5,13.5,0.0,9,56,1
29494,501,11,1,2,9333,5224,1.0,6.0, ,1,1.0,1,47,2,6,13, , , ,1,2.0,2022.0, ,2.0,Empleado_Informal,11.0,11.0,0.0,9,52,1
29494,501,11,2,2,,,0.0,0.0, ,2,,2,40,2,9,13, , ,3,1,2.0,2022.0, ,2.0,Desempleado,13.5,13.5,0.0,,,0
29494,501,11,3,2,5131,5610,0.0,10.0,7,1,1.0,2,25,6,7,13, , ,3,2,6.0,2021.0, ,3.0,Empleado_Informal,12.5,12.5,0.0,5,56,1
29494,501,11,4,2,,,0.0,0.0, ,2,,2,22,6,6,13, , , ,1,2.0,2021.0, ,3.0,Desempleado,11.0,11.0,0.0,,,0
29494,502,11,1,2,9122,4520,2.0,7.0,7,1,1.0,1,38,1,6,13, , , ,2,5.0,2019.0,0,5.0,Empleado_Informal,11.0,11.0,0.0,9,45,1
29494,502,11,2,2,,,0.0,0.0, ,2,,2,35,1,7,13, , ,3,2,5.0,2019.0, ,5.0,Desempleado,12.5,12.5,0.0,,,0
29494,503,11,1,2,5213,4782,2.0,0.0,7,1,1.0,2,28,6,6,13, , , ,2,4.0,2020.0, ,4.0,Empleado_Informal,11.0,11.0,0.0,5,47,1
29546,508,11,1,2,7354,1410,3.0,0.0,7,1,1.0,1,26,1,10,13,1,2,3,2,10.0,2019.0, ,5.0,Empleado_Informal,16.0,16.0,0.0,7,14,1
29546,509,11,2,2,4321,4773,1.0,0.0,2,1,1.0,1,24,2,6,13, , , ,2,11.0,2019.0, ,5.0,Empleado_Informal,11.0,11.0,0.0,4,47,1
29546,510,11,1,2,9511,4799,2.0,0.0, ,1,1.0,2,27,1,5,13, , , ,9,3.0,2015.0, ,9.0,Empleado_Informal,10.0,10.0,0.0,9,47,1
29546,510,11,2,2,9511,4799,1.0,0.0,7,1,1.0,1,32,1,6,13, , , ,9,1.0,2014.0, ,10.0,Empleado_Informal,11.0,11.0,0.0,9,47,1
29598,513,11,1,2,7212,9529,0.0,4.0,7,1,2.0,1,34,6,5,13, , , ,1,9.0,2023.0, ,1.0,Empleado_Formal,10.0,10.0,0.0,7,95,1
29598,519,11,2,2,5322,9609,2.0,0.0, ,1,1.0,2,53,1,5,13, , , ,2,3.0,2021.0, ,3.0,Empleado_Informal,10.0,10.0,0.0,5,96,1
29598,519,11,3,2,5212,4772,2.0,0.0,7,1,1.0,2,20,6,6,13, , , ,1,1.0,2021.0,0,3.0,Empleado_Informal,11.0,11.0,0.0,5,47,1
29598,519,11,4,2,9621,4923,0.0,1.0, ,1,1.0,1,19,6,5,13, , , ,2,3.0,2021.0,1,3.0,Empleado_Informal,10.0,10.0,0.0,9,49,1
29598,525,11,1,2,4321,4663,2.0,0.0,7,1,1.0,1,41,6,5,13, , , ,9,1.0,2023.0, ,1.0,Empleado_Informal,10.0,10.0,0.0,4,46,1
29650,519,11,1,2,3314,4772,1.0,6.0, ,1,1.0,2,29,1,8,13,1,2,3,2,2.0,2020.0,0,4.0,Empleado_Informal,14.0,14.0,0.0,3,47,1
29650,519,11,2,2,5141,9602,1.0,8.0, ,1,1.0,1,26,1,7,13, , ,3,2,3.0,2018.0,0,6.0,Empleado_Informal,12.5,12.5,0.0,5,96,1
29650,519,11,4,2,5212,4773,0.0,5.0,7,1,1.0,2,20,6,7,13, , ,3,9,4.0,2024.0,0,0.0,Empleado_Informal,12.5,12.5,0.0,5,47,1
29650,528,11,1,2,9621,4923,6.0,3.0, ,1,1.0,1,31,2,6,13, , , ,2,7.0,2017.0,0,7.0,Empleado_Informal,11.0,11.0,0.0,9,49,1
29650,536,11,1,2,7111,4100,5.0,5.0, ,1,2.0,1,51,1,10,13,1,2,3,2,6.0,2019.0,1,5.0,Empleado_Formal,16.0,16.0,0.0,7,41,1
29650,536,11,2,2,,,0.0,0.0, ,2,,2,49,1,10,13,1,2,3,2,6.0,2019.0, ,5.0,Desempleado,16.0,16.0,0.0,,,0
29650,536,11,3,2,,,0.0,0.0, ,2,,2,22,6,6,13, , , ,1,7.0,2021.0,1,3.0,Desempleado,11.0,11.0,0.0,,,0
29650,536,11,4,2,5211,4652,0.0,6.0,7,1,1.0,1,30,6,99,99, , , ,2,10.0,2017.0,0,7.0,Empleado_Informal,,,,5,46,1
29650,536,11,5,2,5212,4773,2.0,3.0,7,1,1.0,2,25,6,9,13, , ,3,2,4.0,2019.0, ,5.0,Empleado_Informal,13.5,13.5,0.0,5,47,1
29703,530,11,1,2,4321,3100,1.0,6.0,7,1,1.0,1,28,1,6,13, , , ,2,10.0,2018.0, ,6.0,Empleado_Informal,11.0,11.0,0.0,4,31,1
29703,530,11,2,2,5212,4741,0.0,10.0,7,1,1.0,2,25,1,5,13, , , ,1,8.0,2019.0,0,5.0,Empleado_Informal,10.0,10.0,0.0,5,47,1
29703,536,11,1,2,2221,8690,0.0,2.0,7,1,1.0,2,41,6,10,13,1,2,3,2,10.0,2018.0, ,6.0,Empleado_Informal,16.0,16.0,0.0,2,86,1
29703,539,11,1,2,9111,9700,0.0,2.0,7,1,1.0,2,20,1,5,13, , , ,9,12.0,2022.0, ,2.0,Empleado_Informal,10.0,10.0,0.0,9,97,1
29703,539,11,2,2,9333,4663,1.0,0.0,7,1,1.0,1,29,1,5,13, , , ,2,9.0,2022.0, ,2.0,Empleado_Informal,10.0,10.0,0.0,9,46,1
29755,534,11,1,2,2166,7310,2.0,0.0,7,1,1.0,2,37,1,6,13, , , ,1,1.0,2021.0, ,3.0,Empleado_Informal,11.0,11.0,0.0,2,73,1
29755,534,11,2,2,9621,4923,0.0,9.0, ,1,2.0,1,33,1,4,13, , , ,2,2.0,2022.0, ,2.0,Empleado_Formal,9.0,9.0,0.0,9,49,1
29755,536,11,1,2,9111,9700,0.0,5.0,7,1,1.0,2,54,5,10,13,1,2,3,2,11.0,2018.0,1,6.0,Empleado_Informal,16.0,16.0,0.0,9,97,1
29755,542,11,1,2,5212,4762,0.0,6.0,7,1,1.0,2,22,5,5,13, , , ,1,12.0,2020.0, ,4.0,Empleado_Informal,10.0,10.0,0.0,5,47,1
29807,540,11,1,2,9112,8129,4.0,0.0,7,1,1.0,2,31,1,6,13, , , ,2,7.0,2019.0, ,5.0,Empleado_Informal,11.0,11.0,0.0,9,81,1
29807,540,11,2,2,9313,4100,5.0,0.0,7,1,1.0,1,35,1,10,13,1,2,3,2,7.0,2019.0, ,5.0,Empleado_Informal,16.0,16.0,0.0,9,41,1
29807,541,11,1,2,9511,4799,0.0,2.0, ,1,1.0,1,25,6,6,13, , , ,9,7.0,2019.0, ,5.0,Empleado_Informal,11.0,11.0,0.0,9,47,1
29807,543,11,1,2,2212,8620,0.0,9.0,7,1,1.0,1,60,1,11,13,1,1,3,7,3.0,2024.0, ,0.0,Empleado_Informal,18.0,18.0,0.0,2,86,1
29859,546,11,2,2,9611,3811,1.0,0.0,7,1,1.0,1,31,1,6,13, , , ,2,10.0,2017.0, ,7.0,Empleado_Informal,11.0,11.0,0.0,9,38,1
29859,547,11,1,2,9111,9700,0.0,4.0,7,1,1.0,2,48,1,5,13, , , ,2,6.0,2018.0, ,6.0,Empleado_Informal,10.0,10.0,0.0,9,97,1
29859,547,11,2,2,,,0.0,0.0, ,2,,1,45,1,8,13,1,2,3,2,4.0,2018.0, ,6.0,Desempleado,14.0,14.0,0.0,,,0
29859,549,11,2,2,8321,4922,1.0,6.0, ,1,1.0,1,28,1,5,13, , , ,1,12.0,2022.0,0,2.0,Empleado_Informal,10.0,10.0,0.0,8,49,1
29911,555,11,1,2,5312,9499,0.0,2.0,7,1,1.0,2,24,1,6,13, , , ,2,8.0,2018.0,0,6.0,Empleado_Informal,11.0,11.0,0.0,5,94,1
29911,555,11,2,2,9621,4923,4.0,0.0, ,1,1.0,1,26,1,9,13, , ,3,2,6.0,2018.0,0,6.0,Empleado_Informal,13.5,13.5,0.0,9,49,1
29911,557,11,1,2,9313,4100,2.0,0.0,7,1,1.0,1,36,1,9,13, , ,3,2,9.0,2017.0, ,7.0,Empleado_Informal,13.5,13.5,0.0,9,41,1
29911,557,11,2,2,5212,4773,0.0,1.0,7,1,1.0,2,32,1,6,13, , , ,1,1.0,2018.0,1,6.0,Empleado_Informal,11.0,11.0,0.0,5,47,1
29963,558,11,1,2,9112,5510,2.0,0.0,2,1,2.0,1,36,6,9,13, , ,3,1,7.0,2022.0, ,2.0,Empleado_Formal,13.5,13.5,0.0,9,55,1
29963,558,11,2,2,5212,4771,0.0,11.0,7,1,1.0,1,30,6,6,13, , , ,2,1.0,2022.0, ,2.0,Empleado_Informal,11.0,11.0,0.0,5,47,1
29963,559,11,1,2,5212,4530,2.0,2.0,7,1,1.0,2,34,6,9,13, , ,3,2,5.0,2016.0,0,8.0,Empleado_Informal,13.5,13.5,0.0,5,45,1
29963,560,11,1,2,,,0.0,0.0, ,2,,2,44,1,5,13, , , ,2,7.0,2018.0,0,6.0,Desempleado,10.0,10.0,0.0,,,0
29963,560,11,2,2,9621,5610,2.0,3.0,1,1,1.0,1,34,1,9,13, , ,3,2,11.0,2021.0, ,3.0,Empleado_Informal,13.5,13.5,0.0,9,56,1
30015,564,11,1,2,9112,5610,0.0,4.0,7,1,1.0,2,37,1,5,13, , , ,1,7.0,2021.0,1,3.0,Empleado_Informal,10.0,10.0,0.0,9,56,1
30015,564,11,2,2,8321,5610,0.0,3.0,7,1,1.0,1,33,1,5,13, , , ,2,7.0,2020.0,0,4.0,Empleado_Informal,10.0,10.0,0.0,8,56,1
30015,565,11,1,2,5142,9602,0.0,1.0,7,1,1.0,2,19,1,5,6, , ,1,9,8.0,2021.0, ,3.0,Empleado_Informal,10.0,11.0,-1.0,5,96,1
30015,565,11,2,2,9412,5610,0.0,1.0,7,1,1.0,1,28,1,6,13, , , ,1,8.0,2021.0,0,3.0,Empleado_Informal,11.0,11.0,0.0,9,56,1
30015,566,11,1,2,5142,9602,30.0,0.0, ,1,1.0,2,50,1,5,13, , , ,2,3.0,2018.0, ,6.0,Empleado_Informal,10.0,10.0,0.0,5,96,1
30067,570,11,1,2,9313,4100,6.0,0.0,7,1,1.0,1,38,1,8,13,1,2,3,2,7.0,2018.0, ,6.0,Empleado_Informal,14.0,14.0,0.0,9,41,1
30067,573,11,1,2,8321,4922,2.0,0.0, ,1,1.0,1,36,1,5,13, , , ,2,9.0,2018.0,0,6.0,Empleado_Informal,10.0,10.0,0.0,8,49,1
30067,573,11,2,2,,,0.0,0.0, ,2,,2,41,1,7,13, , ,3,2,2.0,2019.0, ,5.0,Desempleado,12.5,12.5,0.0,,,0
30067,574,11,1,2,9411,5610,0.0,3.0, ,1,1.0,2,37,1,8,13,1,2,3,2,1.0,2018.0,0,6.0,Empleado_Informal,14.0,14.0,0.0,9,56,1
30067,574,11,2,2,5120,5610,1.0,0.0,7,1,1.0,1,35,1,7,13, , ,3,2,12.0,2017.0,0,7.0,Empleado_Informal,12.5,12.5,0.0,5,56,1
30067,574,11,3,2,,,0.0,0.0, ,2,,1,18,6,5,6, , ,1,2,12.0,2021.0, ,3.0,Desempleado,10.0,11.0,-1.0,,,0
30119,576,11,1,2,7354,1410,1.0,11.0,7,1,1.0,1,44,1,6,13, , , ,1,5.0,2018.0, ,6.0,Empleado_Informal,11.0,11.0,0.0,7,14,1
30119,577,11,1,2,4110,6810,0.0,6.0,5,1,1.0,2,39,6,8,13,1,2,3,2,5.0,2018.0,0,6.0,Empleado_Informal,14.0,14.0,0.0,4,68,1
30119,578,11,1,2,9621,5610,1.0,1.0,7,1,1.0,1,60,6,5,13, , , ,9,8.0,2022.0, ,2.0,Empleado_Informal,10.0,10.0,0.0,9,56,1
30171,586,11,1,2,,,0.0,0.0, ,2,,1,43,1,8,13,1,2,3,1,3.0,2018.0, ,6.0,Desempleado,14.0,14.0,0.0,,,0
30171,586,11,2,2,5120,5610,0.0,1.0,7,1,1.0,2,33,1,8,13,1,2,3,2,10.0,2018.0, ,6.0,Empleado_Informal,14.0,14.0,0.0,5,56,1
30171,588,11,1,2,9112,4761,0.0,5.0,7,1,1.0,2,53,1,4,13, , , ,1,10.0,2020.0,1,4.0,Empleado_Informal,9.0,9.0,0.0,9,47,1
30171,588,11,2,2,9333,4923,0.0,1.0,7,1,1.0,1,29,1,6,13, , , ,2,12.0,2020.0,1,4.0,Empleado_Informal,11.0,11.0,0.0,9,49,1
30171,593,11,1,2,,,0.0,0.0, ,2,,1,49,1,5,13, , , ,2,10.0,2020.0,1,4.0,Desempleado,10.0,10.0,0.0,,,0
30171,593,11,2,2,5120,5610,0.0,1.0,7,1,1.0,2,49,1,6,13, , , ,2,11.0,2020.0, ,4.0,Empleado_Informal,11.0,11.0,0.0,5,56,1
30223,594,11,1,2,2166,1811,5.0,0.0, ,1,2.0,2,35,6,8,13,1,1,3,2,5.0,2017.0,0,7.0,Empleado_Formal,14.0,14.0,0.0,2,18,1
30223,594,11,2,2,7356,1811,5.0,9.0,7,1,1.0,2,59,3,5,13, , , ,2,2.0,2019.0,0,5.0,Empleado_Informal,10.0,10.0,0.0,7,18,1
30223,594,11,3,2,3422,8541,0.0,2.0, ,1,1.0,1,34,6,6,13, , , ,2,11.0,2017.0,0,7.0,Empleado_Informal,11.0,11.0,0.0,3,85,1
30223,595,11,1,2,2144,3312,0.0,9.0, ,1,1.0,2,34,6,10,13,1,2,3,2,9.0,2017.0,0,7.0,Empleado_Informal,16.0,16.0,0.0,2,33,1
30223,595,11,4,2,,,0.0,0.0, ,2,,2,53,2,10,13,1,2,3,9,8.0,2023.0,1,1.0,Desempleado,16.0,16.0,0.0,,,0
30223,595,11,5,2,9629,8549,1.0,0.0,7,1,1.0,2,27,6,6,13, , , ,2,3.0,2021.0,0,3.0,Empleado_Informal,11.0,11.0,0.0,9,85,1
30223,600,11,1,2,7128,4330,5.0,0.0, ,1,1.0,1,30,6,5,13, , , ,1,9.0,2019.0, ,5.0,Empleado_Informal,10.0,10.0,0.0,7,43,1
30276,598,11,1,2,7354,1410,0.0,10.0,7,1,1.0,2,44,6,8,13,1,2,3,2,1.0,2021.0, ,3.0,Empleado_Informal,14.0,14.0,0.0,7,14,1
30276,600,11,1,2,,,0.0,0.0, ,2,,2,34,1,6,13, , , ,1,3.0,2022.0,0,2.0,Desempleado,11.0,11.0,0.0,,,0
30276,600,11,2,2,9122,4520,0.0,3.0, ,1,1.0,1,24,1,5,13, , , ,9,9.0,2024.0, ,0.0,Empleado_Informal,10.0,10.0,0.0,9,45,1
30276,600,11,4,2,5141,9602,0.0,5.0,7,1,1.0,2,29,6,6,13, , , ,2,3.0,2022.0, ,2.0,Empleado_Informal,11.0,11.0,0.0,5,96,1
30276,603,11,1,2,9629,8690,0.0,1.0, ,1,1.0,2,56,6,6,13, , , ,2,3.0,2018.0, ,6.0,Empleado_Informal,11.0,11.0,0.0,9,86,1
30276,603,11,2,2,4414,8129,2.0,0.0,2,1,2.0,2,32,6,8,13,2, ,3,2,8.0,2017.0, ,7.0,Empleado_Formal,14.0,14.0,0.0,4,81,1
30328,601,11,1,2,7354,1410,2.0,6.0,7,1,1.0,2,60,6,4,13, , , ,1,10.0,2018.0, ,6.0,Empleado_Informal,9.0,9.0,0.0,7,14,1
30328,601,11,2,2,9512,4799,2.0,9.0, ,1,1.0,1,28,2,3,13, , , ,2,1.0,2016.0, ,8.0,Empleado_Informal,4.5,4.5,0.0,9,47,1
30328,602,11,1,2,7127,4322,5.0,11.0,7,1,1.0,1,35,1,9,13, , ,3,3,3.0,2018.0, ,6.0,Empleado_Informal,13.5,13.5,0.0,7,43,1
30328,602,11,2,2,7354,1410,0.0,4.0,7,1,1.0,2,23,1,5,13, , , ,1,4.0,2022.0, ,2.0,Empleado_Informal,10.0,10.0,0.0,7,14,1
30328,602,11,3,2,5245,1071,0.0,1.0,7,1,1.0,2,33,6,6,13, , , ,1,10.0,2019.0, ,5.0,Empleado_Informal,11.0,11.0,0.0,5,10,1
30328,604,11,1,1,5120,5630,0.0,2.0, ,1,1.0,2,32,1,1,5, , , ,,,,,,Empleado_Informal,0.0,8.5,-8.5,5,56,1
30328,604,11,2,2,7421,9522,1.0,3.0, ,1,1.0,1,39,1,6,13, , , ,2,8.0,2018.0, ,6.0,Empleado_Informal,11.0,11.0,0.0,7,95,1
30380,608,11,1,2,7356,1410,1.0,0.0,7,1,1.0,1,32,1,6,13, , , ,4,2.0,2017.0, ,7.0,Empleado_Informal,11.0,11.0,0.0,7,14,1
30380,608,11,2,2,3129,9601,2.0,0.0,7,1,1.0,2,30,1,8,13,1,2,3,2,2.0,2017.0, ,7.0,Empleado_Informal,14.0,14.0,0.0,3,96,1
30380,608,11,3,2,7356,1410,2.0,0.0,7,1,1.0,1,58,6,4,13, , , ,2,1.0,2021.0, ,3.0,Empleado_Informal,9.0,9.0,0.0,7,14,1
30380,608,11,4,2,9333,4789,0.0,9.0,7,1,1.0,1,25,6,6,13, , , ,1,1.0,2021.0, ,3.0,Empleado_Informal,11.0,11.0,0.0,9,47,1
30380,608,11,5,2,9333,4789,0.0,1.0,7,1,1.0,1,20,6,6,13, , , ,1,1.0,2022.0, ,2.0,Empleado_Informal,11.0,11.0,0.0,9,47,1
30380,610,11,1,2,9621,4923,0.0,5.0, ,1,1.0,1,32,1,10,13,2, ,3,2,7.0,2018.0, ,6.0,Empleado_Informal,16.0,16.0,0.0,9,49,1
30380,610,11,2,2,5131,5610,0.0,1.0,7,1,1.0,2,21,1,6,13, , , ,9,3.0,2020.0, ,4.0,Empleado_Informal,11.0,11.0,0.0,5,56,1
30380,611,11,2,2,9621,5610,4.0,2.0, ,1,1.0,1,34,1,6,13, , , ,2,2.0,2018.0, ,6.0,Empleado_Informal,11.0,11.0,0.0,9,56,1
30380,611,11,4,2,9112,6910,1.0,6.0,2,1,2.0,2,44,6,8,13,1,2,3,1,9.0,2022.0, ,2.0,Empleado_Formal,14.0,14.0,0.0,9,69,1
30380,611,11,6,2,9313,4100,2.0,0.0,2,1,2.0,1,24,1,6,13, , , ,2,9.0,2018.0, ,6.0,Empleado_Formal,11.0,11.0,0.0,9,41,1
30380,611,11,7,2,5131,5610,0.0,4.0,7,1,1.0,2,22,1,4,13, , , ,9,2.0,2024.0, ,0.0,Empleado_Informal,9.0,9.0,0.0,5,56,1
30432,612,11,1,2,9535,4799,2.0,0.0, ,1,1.0,1,36,1,10,13,1,2,3,2,3.0,2018.0,1,6.0,Empleado_Informal,16.0,16.0,0.0,9,47,1
30432,612,11,2,2,5212,4771,6.0,0.0,7,1,1.0,2,35,1,9,13, , ,3,2,3.0,2018.0, ,6.0,Empleado_Informal,13.5,13.5,0.0,5,47,1
30432,612,11,5,2,9333,4641,2.0,0.0,7,1,1.0,1,22,6,6,13, , , ,2,12.0,2021.0, ,3.0,Empleado_Informal,11.0,11.0,0.0,9,46,1
30432,613,11,1,2,9111,9700,0.0,3.0,7,1,1.0,2,38,5,6,13, , , ,2,5.0,2019.0, ,5.0,Empleado_Informal,11.0,11.0,0.0,9,97,1
30432,615,11,1,2,7212,2592,0.0,1.0,7,1,1.0,1,51,2,4,13, , , ,9,8.0,2024.0, ,0.0,Empleado_Informal,9.0,9.0,0.0,7,25,1
30432,615,11,2,2,,,0.0,0.0, ,2,,2,50,2,4,13, , , ,9,8.0,2024.0, ,0.0,Desempleado,9.0,9.0,0.0,,,0
30432,615,11,3,2,4321,4641,0.0,1.0,7,1,1.0,1,24,6,6,13, , , ,9,8.0,2024.0, ,0.0,Empleado_Informal,11.0,11.0,0.0,4,46,1
30484,622,11,1,2,5131,5610,0.0,9.0,7,1,1.0,2,28,6,6,13, , , ,9,10.0,2022.0,0,2.0,Empleado_Informal,11.0,11.0,0.0,5,56,1
30484,633,11,1,2,8321,4922,4.0,2.0, ,1,1.0,1,30,1,5,13, , , ,2,10.0,2018.0,1,6.0,Empleado_Informal,10.0,10.0,0.0,8,49,1
30484,633,11,2,2,7513,1071,5.0,2.0,7,1,1.0,2,49,1,6,13, , , ,2,6.0,2018.0, ,6.0,Empleado_Informal,11.0,11.0,0.0,7,10,1
30484,636,11,1,2,7119,4100,6.0,0.0, ,1,1.0,1,58,1,5,13, , , ,2,7.0,2018.0,1,6.0,Empleado_Informal,10.0,10.0,0.0,7,41,1
30484,636,11,2,2,7513,1071,5.0,0.0, ,1,1.0,2,50,1,5,13, , , ,2,2.0,2019.0,0,5.0,Empleado_Informal,10.0,10.0,0.0,7,10,1
30484,636,11,3,2,5120,5630,0.0,6.0, ,1,1.0,2,22,6,5,13, , , ,2,11.0,2019.0, ,5.0,Empleado_Informal,10.0,10.0,0.0,5,56,1
30484,636,11,4,2,7128,4330,4.0,0.0, ,1,2.0,1,31,1,5,13, , , ,1,6.0,2019.0, ,5.0,Empleado_Formal,10.0,10.0,0.0,7,43,1
30484,636,11,5,2,5211,4649,1.0,0.0,7,1,1.0,2,32,1,10,13,1,2,3,2,6.0,2019.0,1,5.0,Empleado_Informal,16.0,16.0,0.0,5,46,1
30484,636,11,8,2,8321,4922,6.0,0.0, ,1,2.0,1,30,1,5,13, , , ,2,10.0,2018.0,1,6.0,Empleado_Formal,10.0,10.0,0.0,8,49,1
30484,636,11,9,2,9411,5630,5.0,0.0, ,1,1.0,2,27,1,9,13, , ,3,2,10.0,2018.0, ,6.0,Empleado_Informal,13.5,13.5,0.0,9,56,1
30484,636,11,11,2,5211,4641,1.0,5.0,7,1,1.0,1,21,6,6,13, , , ,2,4.0,2023.0,1,1.0,Empleado_Informal,11.0,11.0,0.0,5,46,1
30484,636,11,12,2,5212,4771,0.0,1.0,7,1,1.0,1,23,6,6,13, , , ,9,5.0,2024.0, ,0.0,Empleado_Informal,11.0,11.0,0.0,5,47,1
30536,626,11,1,2,5120,5610,1.0,0.0, ,1,1.0,2,68,5,4,13, , , ,2,10.0,2019.0, ,5.0,Empleado_Informal,9.0,9.0,0.0,5,56,1
30536,626,11,2,2,9411,5610,4.0,0.0, ,1,1.0,1,37,6,10,13,1,1,3,2,4.0,2019.0,0,5.0,Empleado_Informal,16.0,16.0,0.0,9,56,1
30536,627,11,1,2,5212,4761,0.0,3.0,7,1,1.0,2,26,1,6,13, , , ,2,12.0,2021.0,1,3.0,Empleado_Informal,11.0,11.0,0.0,5,47,1
30536,627,11,2,2,7212,4520,0.0,3.0,7,1,1.0,1,27,1,5,13, , , ,1,12.0,2021.0, ,3.0,Empleado_Informal,10.0,10.0,0.0,7,45,1
30536,632,11,1,2,5131,5610,2.0,1.0,7,1,1.0,1,26,6,8,13,1,2,3,1,6.0,2017.0, ,7.0,Empleado_Informal,14.0,14.0,0.0,5,56,1
30588,636,11,1,2,9622,9200,0.0,10.0,7,1,1.0,1,30,6,6,13, , , ,2,7.0,2021.0, ,3.0,Empleado_Informal,11.0,11.0,0.0,9,92,1
30588,636,11,2,2,,,0.0,0.0, ,2,,1,25,6,6,13, , , ,2,7.0,2021.0, ,3.0,Desempleado,11.0,11.0,0.0,,,0
30588,646,11,1,2,9629,4773,2.0,6.0,7,1,1.0,1,27,1,6,13, , , ,2,10.0,2021.0, ,3.0,Empleado_Informal,11.0,11.0,0.0,9,47,1
30588,646,11,2,1,2341,8510,2.0,0.0,2,1,2.0,2,35,1,1,10, , ,0,,,,,,Empleado_Formal,0.0,16.0,-16.0,2,85,1
30588,646,11,3,1,4419,8421,45.0,0.0,1,1,2.0,1,69,2,1,8, , ,0,,,,,,Empleado_Formal,0.0,14.0,-14.0,4,84,1
30588,649,11,1,2,9411,5610,0.0,11.0, ,1,1.0,2,42,6,6,13, , , ,2,5.0,2021.0,0,3.0,Empleado_Informal,11.0,11.0,0.0,9,56,1
30588,649,11,2,2,4212,9200,1.0,2.0,2,1,2.0,2,22,6,5,13, , , ,2,4.0,2019.0, ,5.0,Empleado_Formal,10.0,10.0,0.0,4,92,1
30640,638,11,1,2,9622,4641,0.0,2.0,7,1,1.0,1,31,1,9,13, , ,3,2,9.0,2017.0, ,7.0,Empleado_Informal,13.5,13.5,0.0,9,46,1
30640,638,11,2,2,9629,7310,0.0,9.0, ,1,1.0,2,32,1,6,13, , , ,1,2.0,2018.0, ,6.0,Empleado_Informal,11.0,11.0,0.0,9,73,1
30640,639,11,1,2,9111,9700,0.0,10.0,7,1,1.0,2,51,5,5,13, , , ,2,10.0,2021.0, ,3.0,Empleado_Informal,10.0,10.0,0.0,9,97,1
30640,657,11,1,2,5211,4649,1.0,4.0,7,1,1.0,2,47,6,8,13,1,2,3,1,3.0,2020.0,0,4.0,Empleado_Informal,14.0,14.0,0.0,5,46,1
30692,648,11,1,2,9621,4923,0.0,6.0, ,1,1.0,1,44,1,5,13, , , ,2,4.0,2019.0, ,5.0,Empleado_Informal,10.0,10.0,0.0,9,49,1
30692,652,11,1,2,9511,4799,1.0,0.0, ,1,1.0,2,36,6,8,13,1,2,3,2,6.0,2018.0, ,6.0,Empleado_Informal,14.0,14.0,0.0,9,47,1
30692,654,11,1,2,9621,4923,2.0,6.0, ,1,1.0,1,29,6,9,13, , ,3,2,11.0,2018.0, ,6.0,Empleado_Informal,13.5,13.5,0.0,9,49,1
30744,652,11,1,2,2151,9511,0.0,6.0,7,1,1.0,1,51,1,10,13,1,2,3,2,1.0,2018.0, ,6.0,Empleado_Informal,16.0,16.0,0.0,2,95,1
30744,652,11,2,1,5131,5610,2.0,0.0,7,1,1.0,2,28,1,1,6, , ,1,,,,,,Empleado_Informal,0.0,11.0,-11.0,5,56,1
30744,653,11,1,2,9411,5610,0.0,5.0,7,1,1.0,1,24,6,5,13, , , ,1,10.0,2023.0, ,1.0,Empleado_Informal,10.0,10.0,0.0,9,56,1
30744,657,11,1,2,7356,1410,3.0,0.0,7,1,1.0,2,36,6,6,13, , , ,1,9.0,2021.0, ,3.0,Empleado_Informal,11.0,11.0,0.0,7,14,1
30744,657,11,3,2,8141,4520,0.0,6.0,7,1,1.0,1,33,6,6,13, , , ,9,10.0,2023.0, ,1.0,Empleado_Informal,11.0,11.0,0.0,8,45,1
30744,657,11,4,2,7356,1410,0.0,2.0,7,1,1.0,2,18,6,5,13, , , ,9,3.0,2024.0, ,0.0,Empleado_Informal,10.0,10.0,0.0,7,14,1
30796,658,11,1,2,9122,4520,2.0,0.0,7,1,1.0,1,19,6,5,13, , , ,9,11.0,2021.0,1,3.0,Empleado_Informal,10.0,10.0,0.0,9,45,1
30796,659,11,1,2,9621,5610,1.0,3.0,7,1,1.0,1,24,1,6,13, , , ,2,7.0,2021.0, ,3.0,Empleado_Informal,11.0,11.0,0.0,9,56,1
30796,659,11,2,2,,,0.0,0.0, ,2,,2,27,1,5,13, , , ,6,12.0,2018.0,1,6.0,Desempleado,10.0,10.0,0.0,,,0
30796,659,11,6,1,5131,5610,0.0,4.0,7,1,1.0,2,22,6,1,6, , ,1,,,,,,Empleado_Informal,0.0,11.0,-11.0,5,56,1
30796,660,11,1,2,7513,1071,7.0,0.0, ,1,1.0,2,30,6,4,13, , , ,2,8.0,2018.0, ,6.0,Empleado_Informal,9.0,9.0,0.0,7,10,1
30848,664,11,1,2,4321,4649,3.0,0.0,7,1,1.0,1,32,1,6,13, , , ,2,7.0,2018.0, ,6.0,Empleado_Informal,11.0,11.0,0.0,4,46,1
30848,664,11,2,2,5211,4649,3.0,0.0,7,1,1.0,2,25,1,6,13, , , ,2,10.0,2018.0, ,6.0,Empleado_Informal,11.0,11.0,0.0,5,46,1
30848,666,11,1,2,5131,5610,0.0,2.0,7,1,1.0,2,21,1,4,13, , , ,9,9.0,2023.0, ,1.0,Empleado_Informal,9.0,9.0,0.0,5,56,1
30848,666,11,2,2,5131,5610,0.0,1.0,7,1,1.0,1,23,1,6,13, , , ,1,9.0,2022.0,1,2.0,Empleado_Informal,11.0,11.0,0.0,5,56,1
30848,666,11,3,2,5131,5630,0.0,1.0,7,1,1.0,2,19,6,5,13, , , ,9,1.0,2024.0, ,0.0,Empleado_Informal,10.0,10.0,0.0,5,56,1
30848,667,11,1,2,7231,4520,3.0,0.0,7,1,1.0,1,52,2,5,13, , , ,2,5.0,2021.0, ,3.0,Empleado_Informal,10.0,10.0,0.0,7,45,1
30848,667,11,3,2,5131,5610,0.0,10.0,7,1,1.0,2,16,6,4,5, , , ,1,3.0,2022.0,1,2.0,Empleado_Informal,9.0,8.5,0.5,5,56,1
30848,667,11,4,2,3314,4771,0.0,4.0,7,1,1.0,2,26,6,5,13, , , ,2,2.0,2019.0, ,5.0,Empleado_Informal,10.0,10.0,0.0,3,47,1
30848,667,11,6,2,5131,5610,1.0,0.0,7,1,1.0,2,21,6,6,13, , , ,6,11.0,2022.0,1,2.0,Empleado_Informal,11.0,11.0,0.0,5,56,1
30901,671,11,1,2,5321,8620,1.0,0.0,7,1,1.0,2,27,6,8,8, , ,3,2,4.0,2018.0,1,6.0,Empleado_Informal,14.0,14.0,0.0,5,86,1
30901,682,11,1,2,7231,4520,2.0,10.0,7,1,1.0,1,27,1,5,13, , , ,2,3.0,2021.0, ,3.0,Empleado_Informal,10.0,10.0,0.0,7,45,1
30901,683,11,1,2,,,0.0,0.0, ,2,,2,27,1,6,13, , , ,1,3.0,2022.0, ,2.0,Desempleado,11.0,11.0,0.0,,,0
30901,683,11,2,2,7231,4520,0.0,6.0,7,1,1.0,1,32,1,7,13, , ,3,1,3.0,2022.0, ,2.0,Empleado_Informal,12.5,12.5,0.0,7,45,1
30953,678,11,1,2,7515,1030,2.0,3.0,7,1,1.0,1,33,6,8,13,2, ,3,2,11.0,2022.0, ,2.0,Empleado_Informal,14.0,14.0,0.0,7,10,1
30953,679,11,1,2,9333,4781,6.0,0.0,7,1,1.0,1,39,2,4,13, , , ,2,9.0,2017.0, ,7.0,Empleado_Informal,9.0,9.0,0.0,9,47,1
30953,679,11,3,2,9333,5224,2.0,0.0,7,1,1.0,1,18,6,5,6, , ,1,2,7.0,2022.0,0,2.0,Empleado_Informal,10.0,11.0,-1.0,9,52,1
30953,684,11,1,2,5120,5610,0.0,1.0,7,1,1.0,2,20,1,6,13, , , ,9,3.0,2024.0, ,0.0,Empleado_Informal,11.0,11.0,0.0,5,56,1
30953,684,11,2,2,8321,4923,0.0,1.0,7,1,1.0,1,24,1,6,13, , , ,9,12.0,2023.0, ,1.0,Empleado_Informal,11.0,11.0,0.0,8,49,1
31005,690,11,1,2,7422,6110,1.0,2.0,7,1,1.0,1,32,2,6,13, , , ,2,1.0,2017.0, ,7.0,Empleado_Informal,11.0,11.0,0.0,7,61,1
31005,691,11,1,2,9621,4923,1.0,0.0, ,1,2.0,1,30,6,8,13,1,2,3,2,2.0,2018.0,1,6.0,Empleado_Formal,14.0,14.0,0.0,9,49,1
31005,691,11,2,2,5212,4752,5.0,0.0,7,1,1.0,2,32,6,5,13, , , ,2,5.0,2018.0, ,6.0,Empleado_Informal,10.0,10.0,0.0,5,47,1
31005,696,11,1,2,5211,4641,1.0,0.0,7,1,1.0,1,39,1,10,13,1,2,3,2,1.0,2018.0,0,6.0,Empleado_Informal,16.0,16.0,0.0,5,46,1
31005,696,11,2,2,4120,4630,3.0,0.0,7,1,1.0,2,41,1,10,13,1,2,3,2,8.0,2018.0,0,6.0,Empleado_Informal,16.0,16.0,0.0,4,46,1
31057,691,11,1,2,4419,8620,1.0,8.0,1,1,1.0,2,34,5,6,13, , , ,1,5.0,2020.0,1,4.0,Empleado_Informal,11.0,11.0,0.0,4,86,1
31057,693,11,1,2,9412,5610,1.0,3.0,7,1,1.0,2,35,2,6,13, , , ,1,6.0,2019.0, ,5.0,Empleado_Informal,11.0,11.0,0.0,9,56,1
31057,693,11,2,2,9313,4100,2.0,0.0,7,1,1.0,1,38,2,6,13, , , ,1,3.0,2019.0, ,5.0,Empleado_Informal,11.0,11.0,0.0,9,41,1
31057,693,11,3,2,5142,9602,0.0,5.0,7,1,1.0,2,18,6,5,6, , ,1,1,6.0,2019.0,0,5.0,Empleado_Informal,10.0,11.0,-1.0,5,96,1
31057,694,11,1,2,2511,4540,0.0,6.0,2,1,1.0,1,25,1,10,13,1,2,3,1,1.0,2018.0,0,6.0,Empleado_Informal,16.0,16.0,0.0,2,45,1
31057,694,11,2,3,3422,9311,0.0,3.0,7,1,1.0,1,28,1,6,13, , , ,9,2.0,2018.0,1,6.0,Empleado_Informal,11.0,11.0,0.0,3,93,1
31109,696,11,1,2,2359,8549,2.0,0.0,7,1,1.0,2,32,5,6,13, , , ,1,5.0,2017.0,1,7.0,Empleado_Informal,11.0,11.0,0.0,2,85,1
31109,696,11,2,2,5241,4721,2.0,0.0,7,1,1.0,2,15,6,5,5, , , ,1,5.0,2017.0, ,7.0,Empleado_Informal,10.0,8.5,1.5,5,47,1
31109,697,11,1,2,5222,4721,3.0,0.0,7,1,1.0,2,39,6,9,13, , ,3,1,5.0,2017.0, ,7.0,Empleado_Informal,13.5,13.5,0.0,5,47,1
31109,698,11,1,2,7231,4520,1.0,0.0,7,1,1.0,1,27,6,6,13, , , ,2,5.0,2019.0, ,5.0,Empleado_Informal,11.0,11.0,0.0,7,45,1
31161,702,11,1,2,8322,4922,5.0,0.0, ,1,1.0,1,38,1,6,13, , , ,2,5.0,2018.0, ,6.0,Empleado_Informal,11.0,11.0,0.0,8,49,1
31161,702,11,2,2,9411,5610,3.0,0.0, ,1,1.0,2,32,1,10,13,2, ,3,2,5.0,2018.0, ,6.0,Empleado_Informal,16.0,16.0,0.0,9,56,1
31161,703,11,1,2,9112,8121,0.0,4.0, ,1,1.0,2,31,1,9,13, , ,3,2,6.0,2019.0, ,5.0,Empleado_Informal,13.5,13.5,0.0,9,81,1
31161,703,11,2,2,9535,4799,3.0,8.0, ,1,1.0,1,49,1,6,13, , , ,2,6.0,2019.0, ,5.0,Empleado_Informal,11.0,11.0,0.0,9,47,1
31161,704,11,1,2,3115,4530,3.0,0.0,1,1,2.0,1,42,1,10,13,1,2,3,2,5.0,2018.0, ,6.0,Empleado_Formal,16.0,16.0,0.0,3,45,1
31161,704,11,2,2,4419,5610,0.0,5.0,2,1,2.0,2,46,1,10,13,1,2,3,2,9.0,2017.0, ,7.0,Empleado_Formal,16.0,16.0,0.0,4,56,1
31213,708,11,1,2,8322,4922,3.0,4.0, ,1,1.0,1,42,1,6,13, , , ,2,11.0,2019.0, ,5.0,Empleado_Informal,11.0,11.0,0.0,8,49,1
31213,709,11,1,2,9411,5610,3.0,2.0, ,1,1.0,2,28,6,5,13, , , ,2,6.0,2021.0, ,3.0,Empleado_Informal,10.0,10.0,0.0,9,56,1
31213,710,11,1,2,9112,8121,1.0,0.0, ,1,1.0,2,34,6,8,13,1,2,3,2,2.0,2022.0, ,2.0,Empleado_Informal,14.0,14.0,0.0,9,81,1
31369,726,11,1,2,9313,4220,0.0,8.0,7,1,2.0,1,24,6,6,13, , , ,1,7.0,2023.0, ,1.0,Empleado_Formal,11.0,11.0,0.0,9,42,1
31369,727,11,1,2,9334,4921,2.0,8.0, ,1,1.0,1,26,6,6,13, , , ,1,3.0,2021.0, ,3.0,Empleado_Informal,11.0,11.0,0.0,9,49,1
31369,728,11,1,2,9333,4781,4.0,9.0,5,1,1.0,1,32,1,6,13, , , ,1,12.0,2018.0, ,6.0,Empleado_Informal,11.0,11.0,0.0,9,47,1
31369,728,11,5,2,5212,4771,0.0,6.0,7,1,1.0,2,42,2,8,13,1,2,3,1,1.0,2018.0, ,6.0,Empleado_Informal,14.0,14.0,0.0,5,47,1
31421,733,11,1,2,9122,4520,0.0,7.0,7,1,1.0,1,63,6,10,13,1,2,3,9,11.0,2023.0, ,1.0,Empleado_Informal,16.0,16.0,0.0,9,45,1
31421,733,11,2,2,8322,4922,2.0,0.0,7,1,1.0,1,29,6,5,13, , , ,1,10.0,2018.0, ,6.0,Empleado_Informal,10.0,10.0,0.0,8,49,1
31421,736,11,1,2,5131,5610,2.0,0.0,7,1,1.0,1,29,6,6,13, , , ,2,9.0,2017.0,0,7.0,Empleado_Informal,11.0,11.0,0.0,5,56,1
31421,737,11,1,2,4224,6419,2.0,3.0,2,1,2.0,1,32,6,6,13, , , ,2,1.0,2017.0, ,7.0,Empleado_Formal,11.0,11.0,0.0,4,64,1
31474,739,11,1,2,9333,4923,5.0,3.0,7,1,1.0,1,23,1,6,13, , , ,2,8.0,2019.0, ,5.0,Empleado_Informal,11.0,11.0,0.0,9,49,1
31474,739,11,2,1,9511,4799,0.0,4.0, ,1,1.0,2,18,1,1,5, , , ,,,,,,Empleado_Informal,0.0,8.5,-8.5,9,47,1
31474,740,11,1,2,5212,4771,4.0,0.0,7,1,1.0,2,40,6,10,13,1,2,3,2,8.0,2019.0, ,5.0,Empleado_Informal,16.0,16.0,0.0,5,47,1
31474,744,11,1,2,7231,4520,0.0,7.0,7,1,1.0,1,34,2,7,13, , ,3,2,10.0,2018.0, ,6.0,Empleado_Informal,12.5,12.5,0.0,7,45,1
31474,744,11,2,2,5212,4759,3.0,0.0, ,1,1.0,2,34,2,10,13,1,2,3,2,4.0,2019.0, ,5.0,Empleado_Informal,16.0,16.0,0.0,5,47,1
31526,745,11,1,2,7222,4752,5.0,0.0,7,1,1.0,1,32,1,5,13, , , ,1,7.0,2018.0, ,6.0,Empleado_Informal,10.0,10.0,0.0,7,47,1
31526,745,11,2,2,,,0.0,0.0, ,2,,2,26,1,5,13, , , ,9,8.0,2020.0,1,4.0,Desempleado,10.0,10.0,0.0,,,0
31526,745,11,7,2,5212,4752,4.0,0.0,7,1,1.0,1,50,6,5,13, , , ,9,7.0,2023.0, ,1.0,Empleado_Informal,10.0,10.0,0.0,5,47,1
31526,745,11,8,2,7212,2511,3.0,0.0,7,1,1.0,1,19,6,5,13, , , ,1,4.0,2020.0, ,4.0,Empleado_Informal,10.0,10.0,0.0,7,25,1
31526,745,11,9,2,,,0.0,0.0, ,2,,2,16,6,3,13, , , ,9,9.0,2021.0,0,3.0,Desempleado,4.5,4.5,0.0,,,0
31526,746,11,1,2,9621,4923,1.0,0.0, ,1,1.0,1,28,1,6,13, , , ,2,1.0,2019.0,1,5.0,Empleado_Informal,11.0,11.0,0.0,9,49,1
31526,749,11,1,2,9621,4923,0.0,6.0,7,1,1.0,1,27,1,5,13, , , ,1,7.0,2021.0, ,3.0,Empleado_Informal,10.0,10.0,0.0,9,49,1
31526,749,11,4,2,5131,5610,0.0,5.0,7,1,1.0,1,20,6,5,13, , , ,1,12.0,2020.0, ,4.0,Empleado_Informal,10.0,10.0,0.0,5,56,1
31578,751,11,1,2,9333,4772,2.0,6.0,7,1,1.0,1,28,1,7,13, , ,3,2,8.0,2018.0,0,6.0,Empleado_Informal,12.5,12.5,0.0,9,47,1
31578,751,11,2,2,5131,5610,0.0,7.0,2,1,2.0,2,25,1,9,13, , ,3,2,12.0,2018.0,0,6.0,Empleado_Formal,13.5,13.5,0.0,5,56,1
31578,753,11,1,2,5212,4772,1.0,2.0,2,1,2.0,1,41,1,7,13, , ,3,2,9.0,2017.0, ,7.0,Empleado_Formal,12.5,12.5,0.0,5,47,1
31578,753,11,2,2,5243,4791,1.0,0.0, ,1,1.0,2,28,1,9,13, , ,3,2,4.0,2019.0, ,5.0,Empleado_Informal,13.5,13.5,0.0,5,47,1
31578,754,11,1,2,9333,4773,2.0,0.0,7,1,1.0,1,40,1,6,13, , , ,2,12.0,2019.0, ,5.0,Empleado_Informal,11.0,11.0,0.0,9,47,1
31578,754,11,2,1,9112,8129,0.0,6.0,2,1,2.0,2,25,1,1,6, , ,1,,,,,,Empleado_Formal,0.0,11.0,-11.0,9,81,1
31630,756,11,1,2,5212,4771,2.0,0.0,7,1,1.0,2,38,2,8,13,1,2,3,2,6.0,2018.0,1,6.0,Empleado_Informal,14.0,14.0,0.0,5,47,1
31630,756,11,2,2,7411,1410,1.0,6.0,5,1,1.0,1,41,2,7,13, , ,3,2,3.0,2018.0,0,6.0,Empleado_Informal,12.5,12.5,0.0,7,14,1
31630,757,11,1,2,5230,4771,0.0,8.0,7,1,1.0,2,29,6,5,13, , , ,2,7.0,2017.0, ,7.0,Empleado_Informal,10.0,10.0,0.0,5,47,1
31630,759,11,1,2,7111,4100,2.0,6.0, ,1,1.0,1,25,2,6,13, , , , ,,, ,,Empleado_Informal,11.0,11.0,0.0,7,41,1
31682,767,11,1,2,7354,1410,0.0,9.0,7,1,1.0,2,23,6,5,13, , , ,2,10.0,2016.0, ,8.0,Empleado_Informal,10.0,10.0,0.0,7,14,1
31682,767,11,3,2,9521,4799,0.0,9.0,7,1,1.0,1,25,6,5,13, , , ,9,2.0,2024.0, ,0.0,Empleado_Informal,10.0,10.0,0.0,9,47,1
31682,769,11,1,2,9111,9700,0.0,1.0,7,1,1.0,2,41,6,10,13,1,2,3,2,10.0,2018.0,0,6.0,Empleado_Informal,16.0,16.0,0.0,9,97,1
31682,769,11,2,2,9333,4711,1.0,0.0,2,1,2.0,1,24,6,6,13, , , ,2,1.0,2018.0, ,6.0,Empleado_Formal,11.0,11.0,0.0,9,47,1
31682,770,11,1,2,5131,5610,0.0,8.0,7,1,1.0,1,27,6,6,13, , , ,1,8.0,2021.0, ,3.0,Empleado_Informal,11.0,11.0,0.0,5,56,1
31734,774,11,1,2,2342,8510,1.0,2.0,2,1,1.0,2,27,6,8,13,1,2,3,2,4.0,2019.0, ,5.0,Empleado_Informal,14.0,14.0,0.0,2,85,1
31734,775,11,1,2,8322,990,2.0,10.0,2,1,2.0,1,37,1,10,13,1,2,3,2,8.0,2017.0,0,7.0,Empleado_Formal,16.0,16.0,0.0,8,09,1
31734,777,11,1,2,8153,1410,1.0,0.0,7,1,1.0,2,34,1,8,13,2, ,3,2,2.0,2018.0, ,6.0,Empleado_Informal,14.0,14.0,0.0,8,14,1
31734,777,11,2,2,9621,4923,4.0,0.0, ,1,1.0,1,42,1,6,13, , , ,2,1.0,2018.0,1,6.0,Empleado_Informal,11.0,11.0,0.0,9,49,1
31786,778,11,1,2,9621,4923,1.0,5.0, ,1,1.0,1,30,1,6,13, , , ,1,6.0,2019.0,1,5.0,Empleado_Informal,11.0,11.0,0.0,9,49,1
31786,778,11,2,2,5211,4649,0.0,7.0,2,1,1.0,2,28,1,10,13,1,2,3,2,2.0,2019.0,1,5.0,Empleado_Informal,16.0,16.0,0.0,5,46,1
31786,779,11,1,2,2411,4510,1.0,0.0,2,1,2.0,2,25,6,10,13,2, ,3,2,2.0,2018.0,1,6.0,Empleado_Formal,16.0,16.0,0.0,2,45,1
31786,780,11,1,2,8321,4922,1.0,0.0, ,1,1.0,1,29,1,6,13, , , ,2,5.0,2019.0,0,5.0,Empleado_Informal,11.0,11.0,0.0,8,49,1
31786,780,11,2,1,5212,4721,0.0,6.0,3,1,1.0,2,27,1,1,6, , ,1,,,,,,Empleado_Informal,0.0,11.0,-11.0,5,47,1
31942,796,11,1,2,2359,8549,2.0,0.0, ,1,1.0,2,40,6,10,13,1,1,3,2,4.0,2018.0, ,6.0,Empleado_Informal,16.0,16.0,0.0,2,85,1
31942,797,11,1,2,5131,5610,2.0,0.0,7,1,1.0,2,31,5,6,13, , , ,1,9.0,2018.0, ,6.0,Empleado_Informal,11.0,11.0,0.0,5,56,1
31942,798,11,1,2,2411,4771,1.0,0.0,2,1,1.0,2,30,6,10,13,1,2,3,2,5.0,2018.0, ,6.0,Empleado_Informal,16.0,16.0,0.0,2,47,1
31942,798,11,2,2,5211,4649,1.0,0.0,2,1,1.0,2,25,6,10,13,1,2,3,2,3.0,2019.0,0,5.0,Empleado_Informal,16.0,16.0,0.0,5,46,1
31994,804,11,1,2,4222,8220,0.0,6.0,7,1,1.0,1,30,6,4,13, , , ,1,12.0,2021.0, ,3.0,Empleado_Informal,9.0,9.0,0.0,4,82,1
31994,804,11,2,2,5131,5610,0.0,6.0,7,1,1.0,2,27,6,6,13, , , ,1,2.0,2023.0,1,1.0,Empleado_Informal,11.0,11.0,0.0,5,56,1
31994,805,11,1,2,9111,9700,1.0,6.0,7,1,1.0,2,52,6,5,13, , , ,1,10.0,2019.0, ,5.0,Empleado_Informal,10.0,10.0,0.0,9,97,1
31994,805,11,2,2,9122,4520,0.0,7.0,7,1,1.0,1,24,6,5,13, , , ,1,3.0,2019.0, ,5.0,Empleado_Informal,10.0,10.0,0.0,9,45,1
32047,808,11,2,2,7231,4520,0.0,11.0,7,1,1.0,1,37,1,8,13,1,2,3,2,7.0,2019.0, ,5.0,Empleado_Informal,14.0,14.0,0.0,7,45,1
32047,818,11,1,2,5141,9602,3.0,0.0,7,1,1.0,2,35,6,6,13, , , ,6,10.0,2018.0, ,6.0,Empleado_Informal,11.0,11.0,0.0,5,96,1
32047,826,11,1,2,9411,5610,0.0,1.0, ,1,1.0,2,35,2,6,13, , , ,2,6.0,2019.0,1,5.0,Empleado_Informal,11.0,11.0,0.0,9,56,1
32047,826,11,2,2,7129,4630,0.0,1.0,3,1,1.0,1,37,2,6,13, , , ,2,10.0,2018.0, ,6.0,Empleado_Informal,11.0,11.0,0.0,7,46,1
32099,820,11,1,2,5131,5610,0.0,6.0,7,1,1.0,2,28,6,5,13, , , ,1,11.0,2021.0,1,3.0,Empleado_Informal,10.0,10.0,0.0,5,56,1
32099,823,11,2,2,5141,9602,2.0,0.0,7,1,1.0,1,26,1,6,13, , , ,1,4.0,2021.0, ,3.0,Empleado_Informal,11.0,11.0,0.0,5,96,1
32099,824,11,1,2,5212,4772,1.0,3.0,7,1,1.0,2,30,6,6,13, , , ,1,6.0,2021.0, ,3.0,Empleado_Informal,11.0,11.0,0.0,5,47,1
32151,821,11,1,2,9333,5224,1.0,6.0, ,1,1.0,1,35,1,6,13, , , ,1,4.0,2022.0, ,2.0,Empleado_Informal,11.0,11.0,0.0,9,52,1
32151,824,11,1,2,5131,5610,1.0,3.0,7,1,1.0,1,37,1,6,13, , , ,1,9.0,2022.0, ,2.0,Empleado_Informal,11.0,11.0,0.0,5,56,1
32151,824,11,2,2,5131,5610,0.0,9.0,7,1,1.0,2,34,1,4,13, , , ,1,5.0,2022.0, ,2.0,Empleado_Informal,9.0,9.0,0.0,5,56,1
127,157,11,1,2,5212,4741,3.0,0.0,7,1,1.0,2,42,1,5,13, , , ,2,10.0,2018.0, ,6.0,Empleado_Informal,10.0,10.0,0.0,5,47,1
127,157,11,2,1,8321,4922,4.0,0.0, ,1,1.0,1,40,1,1,6, , ,1,,,,,,Empleado_Informal,0.0,11.0,-11.0,8,49,1
127,158,11,1,2,7322,3100,6.0,0.0, ,1,2.0,1,36,5,9,13, , ,3,2,1.0,2018.0,1,6.0,Empleado_Formal,13.5,13.5,0.0,7,31,1
127,158,11,4,2,9533,4799,5.0,0.0, ,1,1.0,2,59,2,10,13,1,2,3,2,12.0,2019.0,0,5.0,Empleado_Informal,16.0,16.0,0.0,9,47,1
127,158,11,5,2,7322,3100,4.0,0.0,7,1,1.0,1,59,2,5,13, , , ,2,12.0,2020.0, ,4.0,Empleado_Informal,10.0,10.0,0.0,7,31,1
127,158,11,6,2,5230,9602,7.0,0.0,7,1,1.0,2,29,1,8,13,1,2,3,2,7.0,2019.0, ,5.0,Empleado_Informal,14.0,14.0,0.0,5,96,1
127,158,11,7,2,9313,4100,2.0,0.0,7,1,1.0,1,30,1,6,13, , , ,2,6.0,2021.0, ,3.0,Empleado_Informal,11.0,11.0,0.0,9,41,1
127,161,11,1,2,3255,8690,1.0,6.0, ,1,1.0,1,33,6,9,9, , ,3,2,12.0,2019.0,0,5.0,Empleado_Informal,13.5,13.5,0.0,3,86,1
133,167,11,1,2,9534,4799,6.0,0.0, ,1,1.0,1,35,6,6,13, , , ,2,7.0,2018.0,0,6.0,Empleado_Informal,11.0,11.0,0.0,9,47,1
133,167,11,2,2,8141,4520,2.0,0.0,7,1,1.0,1,17,6,4,5, , , ,1,8.0,2019.0, ,5.0,Empleado_Informal,9.0,8.5,0.5,8,45,1
133,169,11,1,2,5212,4771,5.0,0.0,7,1,1.0,1,25,6,9,13, , ,3,2,10.0,2019.0,0,5.0,Empleado_Informal,13.5,13.5,0.0,5,47,1
133,175,11,1,2,9112,4721,2.0,10.0,7,1,1.0,1,43,2,9,13, , ,3, ,,, ,,Empleado_Informal,13.5,13.5,0.0,9,47,1
133,175,11,2,2,9411,5610,3.0,0.0, ,1,1.0,2,49,2,10,13,1,2,3,2,11.0,2021.0, ,3.0,Empleado_Informal,16.0,16.0,0.0,9,56,1
138,173,11,1,2,9621,4630,0.0,3.0,7,1,1.0,1,26,1,5,13, , , ,2,2.0,2018.0, ,6.0,Empleado_Informal,10.0,10.0,0.0,9,46,1
138,173,11,2,1,,,0.0,0.0, ,2,,2,24,1,1,5, , , ,,,,,,Desempleado,0.0,8.5,-8.5,,,0
138,178,11,1,2,5141,9602,1.0,10.0, ,1,1.0,2,47,6,7,13, , ,3,2,10.0,2018.0,0,6.0,Empleado_Informal,12.5,12.5,0.0,5,96,1
138,178,11,2,2,7399,3290,0.0,8.0,7,1,1.0,1,28,6,10,13,1,2,3,2,11.0,2020.0, ,4.0,Empleado_Informal,16.0,16.0,0.0,7,32,1
138,179,11,1,2,,,0.0,0.0, ,2,,2,53,1,5,13, , , ,9,7.0,2019.0, ,5.0,Desempleado,10.0,10.0,0.0,,,0
138,179,11,2,2,9313,4100,0.0,3.0,7,1,1.0,1,34,1,4,13, , , ,9,7.0,2019.0,1,5.0,Empleado_Informal,9.0,9.0,0.0,9,41,1
143,184,11,2,2,5213,4781,0.0,3.0,7,1,1.0,1,21,1,6,13, , , ,9,7.0,2024.0,1,0.0,Empleado_Informal,11.0,11.0,0.0,5,47,1
143,184,11,4,2,9333,4721,0.0,3.0,7,1,1.0,1,16,6,5,13, , , ,9,6.0,2024.0, ,0.0,Empleado_Informal,10.0,10.0,0.0,9,47,1
143,185,11,1,2,9412,5610,1.0,6.0,7,1,1.0,2,50,5,5,13, , , ,2,12.0,2021.0,1,3.0,Empleado_Informal,10.0,10.0,0.0,9,56,1
143,185,11,2,2,5212,4721,1.0,1.0,2,1,1.0,2,21,6,6,13, , , ,2,12.0,2021.0,1,3.0,Empleado_Informal,11.0,11.0,0.0,5,47,1
143,186,11,1,2,9333,5224,0.0,1.0, ,1,1.0,1,52,1,6,13, , , ,2,11.0,2018.0, ,6.0,Empleado_Informal,11.0,11.0,0.0,9,52,1
159,223,11,1,2,,,0.0,0.0, ,3,,2,53,1,3,13, , , ,9,6.0,2018.0,0,6.0,Desempleado,4.5,4.5,0.0,,,0
159,223,11,2,1,8321,4922,20.0,0.0, ,1,1.0,1,48,1,1,5, , , ,,,,,,Empleado_Informal,0.0,8.5,-8.5,8,49,1
159,249,11,1,2,3314,4520,6.0,0.0, ,1,2.0,1,33,1,8,13,2, ,3,2,6.0,2018.0,1,6.0,Empleado_Formal,14.0,14.0,0.0,3,45,1
159,249,11,2,2,5212,4730,2.0,0.0,2,1,1.0,2,33,1,10,13,1,2,3,2,6.0,2019.0,1,5.0,Empleado_Informal,16.0,16.0,0.0,5,47,1
170,215,11,1,2,4214,6492,0.0,4.0,7,1,1.0,1,27,1,5,13, , , ,2,12.0,2018.0, ,6.0,Empleado_Informal,10.0,10.0,0.0,4,64,1
170,215,11,2,1,4214,6492,0.0,2.0,7,1,1.0,2,26,1,1,7, , ,0,,,,,,Empleado_Informal,0.0,12.5,-12.5,4,64,1
170,220,11,1,2,9511,4799,6.0,0.0, ,1,1.0,1,35,5,6,13, , , ,2,6.0,2018.0, ,6.0,Empleado_Informal,11.0,11.0,0.0,9,47,1
170,225,11,1,2,9521,4799,0.0,1.0,7,1,1.0,1,30,5,6,13, , , ,9,7.0,2019.0,1,5.0,Empleado_Informal,11.0,11.0,0.0,9,47,1
170,225,11,2,2,9521,4799,0.0,1.0,7,1,1.0,1,26,6,6,13, , , ,9,4.0,2019.0,1,5.0,Empleado_Informal,11.0,11.0,0.0,9,47,1
175,233,11,1,2,9111,9700,0.0,1.0,7,1,1.0,2,29,6,6,13, , , ,6,5.0,2020.0, ,4.0,Empleado_Informal,11.0,11.0,0.0,9,97,1
175,235,11,1,2,5142,9602,3.0,7.0,7,1,1.0,2,27,1,10,13,1,2,3,6,6.0,2020.0, ,4.0,Empleado_Informal,16.0,16.0,0.0,5,96,1
175,235,11,2,2,5141,9602,3.0,8.0, ,1,1.0,1,29,1,6,13, , , ,2,7.0,2021.0, ,3.0,Empleado_Informal,11.0,11.0,0.0,5,96,1
175,236,11,1,2,9211,123,0.0,1.0,7,1,1.0,1,35,6,10,13,1,2,3,2,11.0,2022.0, ,2.0,Empleado_Informal,16.0,16.0,0.0,9,01,1
181,232,11,2,2,7221,4330,1.0,0.0, ,1,1.0,1,43,1,5,13, , , ,1,7.0,2023.0,1,1.0,Empleado_Informal,10.0,10.0,0.0,7,43,1
181,233,11,1,2,5142,9602,3.0,0.0, ,1,1.0,2,28,2,9,13, , ,3,2,4.0,2018.0, ,6.0,Empleado_Informal,13.5,13.5,0.0,5,96,1
181,233,11,2,2,9622,8010,1.0,4.0,5,1,1.0,1,31,2,6,13, , , ,2,4.0,2018.0, ,6.0,Empleado_Informal,11.0,11.0,0.0,9,80,1
181,234,11,2,2,7212,2592,1.0,0.0,7,1,1.0,1,27,1,5,13, , , ,2,6.0,2023.0,0,1.0,Empleado_Informal,10.0,10.0,0.0,7,25,1
186,239,11,1,2,5131,5610,0.0,8.0,7,1,1.0,2,22,1,4,13, , , ,9,2.0,2023.0, ,1.0,Empleado_Informal,9.0,9.0,0.0,5,56,1
186,239,11,2,2,,,0.0,0.0, ,2,,1,39,1,3,13, , , ,9,11.0,2024.0, ,0.0,Desempleado,4.5,4.5,0.0,,,0
186,242,11,2,2,9621,5610,0.0,2.0,5,1,1.0,1,29,1,5,13, , , ,2,5.0,2019.0, ,5.0,Empleado_Informal,10.0,10.0,0.0,9,56,1
186,244,11,1,2,9112,4630,4.0,0.0,7,1,1.0,1,63,4,5,13, , , ,2,8.0,2018.0,1,6.0,Empleado_Informal,10.0,10.0,0.0,9,46,1
191,243,11,1,2,8321,4922,6.0,0.0, ,1,1.0,1,34,1,5,13, , , ,2,5.0,2019.0, ,5.0,Empleado_Informal,10.0,10.0,0.0,8,49,1
191,243,11,8,2,9313,4100,20.0,0.0,7,1,1.0,1,56,5,1,13, , , ,2,5.0,2019.0, ,5.0,Empleado_Informal,0.0,0.0,0.0,9,41,1
191,244,11,1,1,5120,5610,3.0,0.0,2,1,2.0,1,37,1,1,8, , ,0,,,,,,Empleado_Formal,0.0,14.0,-14.0,5,56,1
191,244,11,2,2,7312,2392,3.0,0.0,7,1,1.0,2,24,1,6,13, , , ,2,1.0,2021.0,0,3.0,Empleado_Informal,11.0,11.0,0.0,7,23,1
191,249,11,1,2,5322,9609,2.0,0.0, ,1,1.0,2,58,5,6,13, , , ,6,7.0,2019.0, ,5.0,Empleado_Informal,11.0,11.0,0.0,5,96,1
191,249,11,2,2,9621,5610,1.0,0.0,7,1,1.0,1,27,1,6,13, , , ,2,7.0,2018.0, ,6.0,Empleado_Informal,11.0,11.0,0.0,9,56,1
191,249,11,3,2,3322,4741,5.0,0.0,7,1,1.0,2,31,1,6,13, , , ,9,7.0,2018.0, ,6.0,Empleado_Informal,11.0,11.0,0.0,3,47,1
197,263,11,1,2,5142,9602,3.0,0.0, ,1,1.0,2,23,1,6,13, , , ,2,7.0,2016.0, ,8.0,Empleado_Informal,11.0,11.0,0.0,5,96,1
197,263,11,2,1,7421,9522,7.0,0.0,7,1,1.0,1,31,1,1,6, , ,1,,,,,,Empleado_Informal,0.0,11.0,-11.0,7,95,1
197,267,12,1,2,,,0.0,0.0, ,2,,2,36,5,4,13, , , ,2,10.0,2019.0, ,5.0,Desempleado,9.0,9.0,0.0,,,0
197,267,22,1,2,5212,4721,1.0,1.0,7,1,1.0,1,35,1,3,13, , , ,2,1.0,2021.0,1,3.0,Empleado_Informal,4.5,4.5,0.0,5,47,1
197,268,11,1,2,9612,3811,0.0,3.0, ,1,1.0,1,28,6,5,13, , , ,9,7.0,2021.0, ,3.0,Empleado_Informal,10.0,10.0,0.0,9,38,1
202,267,11,1,2,9524,4799,4.0,1.0, ,1,1.0,1,37,1,8,13,1,2,3, ,,, ,,Empleado_Informal,14.0,14.0,0.0,9,47,1
202,270,11,1,2,,,0.0,0.0, ,3,,2,29,6,5,13, , , ,9,8.0,2024.0, ,0.0,Desempleado,10.0,10.0,0.0,,,0
202,275,11,1,2,5141,9602,0.0,10.0, ,1,1.0,2,21,6,5,6, , ,1,9,9.0,2023.0,0,1.0,Empleado_Informal,10.0,11.0,-1.0,5,96,1
218,293,11,1,2,7411,4321,0.0,1.0,7,1,1.0,1,42,5,8,13,1,2,3,2,9.0,2020.0, ,4.0,Empleado_Informal,14.0,14.0,0.0,7,43,1
218,305,11,1,2,9521,4799,3.0,0.0,7,1,1.0,1,39,1,4,13, , , ,6,1.0,2020.0, ,4.0,Empleado_Informal,9.0,9.0,0.0,9,47,1
218,305,11,2,2,9521,4799,3.0,0.0,7,1,1.0,2,36,1,5,13, , , ,9,1.0,2020.0, ,4.0,Empleado_Informal,10.0,10.0,0.0,9,47,1
218,305,11,5,2,9411,5610,0.0,1.0, ,1,1.0,2,19,1,5,5, , , ,9,1.0,2020.0, ,4.0,Empleado_Informal,10.0,8.5,1.5,9,56,1
218,305,11,6,1,8321,4922,3.0,0.0, ,1,1.0,1,19,1,1,5, , , ,,,,,,Empleado_Informal,0.0,8.5,-8.5,8,49,1
218,313,11,1,2,2166,1811,2.0,0.0,2,1,2.0,2,30,6,8,13,1,2,3,2,7.0,2018.0, ,6.0,Empleado_Formal,14.0,14.0,0.0,2,18,1
218,313,11,4,2,4214,6492,2.0,0.0,7,1,1.0,2,30,6,9,13, , ,3,2,10.0,2018.0, ,6.0,Empleado_Informal,13.5,13.5,0.0,4,64,1
223,301,11,1,2,9313,4100,0.0,5.0,7,1,1.0,1,42,5,4,13, , , ,9,12.0,2022.0,1,2.0,Empleado_Informal,9.0,9.0,0.0,9,41,1
223,302,11,2,2,9313,4100,2.0,0.0,7,1,1.0,1,26,1,6,13, , , ,6,1.0,2022.0,1,2.0,Empleado_Informal,11.0,11.0,0.0,9,41,1
223,303,11,1,2,5131,5630,0.0,5.0,7,1,1.0,2,45,1,6,13, , , ,2,9.0,2018.0, ,6.0,Empleado_Informal,11.0,11.0,0.0,5,56,1
223,303,11,2,1,8321,4922,3.0,0.0, ,1,1.0,1,36,1,1,10, , ,0,,,,,,Empleado_Informal,0.0,16.0,-16.0,8,49,1
228,303,11,1,2,7421,9522,4.0,6.0,7,1,1.0,1,27,1,6,13, , , ,1,5.0,2019.0, ,5.0,Empleado_Informal,11.0,11.0,0.0,7,95,1
228,304,11,1,2,,,0.0,0.0, ,3,,1,54,5,3,13, , , ,2,7.0,2018.0, ,6.0,Desempleado,4.5,4.5,0.0,,,0
228,305,11,1,2,5212,4771,0.0,5.0,7,1,1.0,2,46,5,9,13, , ,3,1,3.0,2019.0, ,5.0,Empleado_Informal,13.5,13.5,0.0,5,47,1
228,305,11,2,2,5212,4771,0.0,1.0,7,1,1.0,2,38,5,5,13, , , ,9,7.0,2024.0, ,0.0,Empleado_Informal,10.0,10.0,0.0,5,47,1
234,315,11,1,2,9629,6499,0.0,3.0, ,1,1.0,1,35,1,10,13,1,2,3,2,6.0,2017.0, ,7.0,Empleado_Informal,16.0,16.0,0.0,9,64,1
234,316,11,1,2,5212,4723,0.0,3.0, ,1,1.0,2,35,1,6,13, , , ,2,4.0,2019.0, ,5.0,Empleado_Informal,11.0,11.0,0.0,5,47,1
234,316,11,2,2,5141,9602,6.0,0.0, ,1,1.0,1,31,1,6,13, , , ,6,1.0,2018.0, ,6.0,Empleado_Informal,11.0,11.0,0.0,5,96,1
234,316,11,3,2,,,0.0,0.0, ,3,,1,15,6,3,4, , , ,6,4.0,2019.0, ,5.0,Desempleado,4.5,6.0,-1.5,,,0
234,316,11,5,2,7212,4520,40.0,0.0,7,1,1.0,1,60,6,1,1, , , ,9,1.0,2024.0, ,0.0,Empleado_Informal,0.0,0.0,0.0,7,45,1
234,324,11,1,2,3339,7911,0.0,3.0,7,1,1.0,1,35,1,5,13, , , ,2,9.0,2018.0, ,6.0,Empleado_Informal,10.0,10.0,0.0,3,79,1
260,345,11,1,2,9313,4100,7.0,0.0,7,1,1.0,1,43,1,5,13, , , ,2,10.0,2017.0, ,7.0,Empleado_Informal,10.0,10.0,0.0,9,41,1
260,345,11,3,1,7399,3290,0.0,4.0, ,1,1.0,2,34,5,1,9, , ,0,,,,,,Empleado_Informal,0.0,13.5,-13.5,7,32,1
260,350,11,1,2,9313,4100,5.0,0.0,7,1,1.0,1,30,1,5,13, , , ,9,12.0,2019.0, ,5.0,Empleado_Informal,10.0,10.0,0.0,9,41,1
260,357,11,1,2,9622,5221,1.0,0.0,7,1,1.0,2,28,1,5,13, , , ,9,11.0,2020.0, ,4.0,Empleado_Informal,10.0,10.0,0.0,9,52,1
260,357,11,2,2,9333,4923,5.0,6.0,7,1,1.0,1,29,1,4,13, , , ,6,6.0,2019.0, ,5.0,Empleado_Informal,9.0,9.0,0.0,9,49,1
266,354,11,1,2,,,0.0,0.0, ,2,,1,23,1,6,13, , , ,6,10.0,2020.0, ,4.0,Desempleado,11.0,11.0,0.0,,,0
266,354,11,2,2,5131,5630,0.0,2.0,7,1,1.0,2,19,1,5,13, , , ,1,5.0,2018.0, ,6.0,Empleado_Informal,10.0,10.0,0.0,5,56,1
266,355,11,1,2,5230,5610,4.0,0.0,7,1,1.0,2,53,5,6,13, , , ,1,10.0,2019.0,1,5.0,Empleado_Informal,11.0,11.0,0.0,5,56,1
266,355,11,2,2,5322,9609,2.0,0.0, ,1,1.0,2,17,6,5,6, , ,1,9,11.0,2022.0,0,2.0,Empleado_Informal,10.0,11.0,-1.0,5,96,1
266,355,11,3,2,5131,5630,0.0,10.0,7,1,1.0,2,29,5,6,13, , , ,9,2.0,2024.0,1,0.0,Empleado_Informal,11.0,11.0,0.0,5,56,1
266,356,11,1,2,5131,5610,0.0,11.0,7,1,1.0,2,24,5,6,13, , , ,9,1.0,2023.0, ,1.0,Empleado_Informal,11.0,11.0,0.0,5,56,1
271,366,11,1,2,5131,5610,0.0,2.0,7,1,1.0,2,37,5,5,13, , , ,9,7.0,2018.0, ,6.0,Empleado_Informal,10.0,10.0,0.0,5,56,1
271,367,11,1,1,7355,4540,0.0,1.0,7,1,1.0,1,44,1,1,6, , ,1,,,,,,Empleado_Informal,0.0,11.0,-11.0,7,45,1
271,367,11,2,2,5131,5610,0.0,3.0,7,1,1.0,2,43,1,6,13, , , ,9,3.0,2023.0,1,1.0,Empleado_Informal,11.0,11.0,0.0,5,56,1
271,368,11,1,2,9111,9700,0.0,6.0,7,1,1.0,2,25,6,4,13, , , ,1,5.0,2019.0, ,5.0,Empleado_Informal,9.0,9.0,0.0,9,97,1
276,371,11,1,2,5131,5610,0.0,4.0,7,1,1.0,2,18,6,4,13, , , ,2,1.0,2020.0, ,4.0,Empleado_Informal,9.0,9.0,0.0,5,56,1
276,371,11,3,2,9111,9700,8.0,0.0,7,1,1.0,2,39,5,11,13,2, ,3,4,2.0,2016.0, ,8.0,Empleado_Informal,18.0,18.0,0.0,9,97,1
276,371,11,4,2,5131,5610,0.0,1.0,7,1,1.0,2,20,6,5,13, , , ,9,11.0,2021.0, ,3.0,Empleado_Informal,10.0,10.0,0.0,5,56,1
276,373,11,1,2,,,0.0,0.0, ,2,,2,30,1,6,13, , , ,2,9.0,2018.0,0,6.0,Desempleado,11.0,11.0,0.0,,,0
276,373,11,2,1,8321,4922,3.0,0.0, ,1,1.0,1,31,1,1,6, , ,1,,,,,,Empleado_Informal,0.0,11.0,-11.0,8,49,1
276,374,11,1,2,5211,4630,1.0,2.0,7,1,1.0,1,36,6,6,13, , , ,6,9.0,2022.0, ,2.0,Empleado_Informal,11.0,11.0,0.0,5,46,1
282,375,11,1,1,7231,4540,9.0,0.0,7,1,1.0,1,29,3,1,6, , ,1,,,,,,Empleado_Informal,0.0,11.0,-11.0,7,45,1
282,375,11,2,2,9333,5224,1.0,0.0, ,1,1.0,1,19,6,6,13, , , ,9,5.0,2022.0, ,2.0,Empleado_Informal,11.0,11.0,0.0,9,52,1
282,382,11,1,1,8321,4922,5.0,0.0, ,1,1.0,1,28,1,1,7, , ,0,,,,,,Empleado_Informal,0.0,12.5,-12.5,8,49,1
282,382,11,5,1,3221,8610,17.0,0.0,1,1,2.0,2,46,6,1,8, , ,0,,,,,,Empleado_Formal,0.0,14.0,-14.0,3,86,1
282,384,11,1,2,5142,9602,2.0,0.0, ,1,1.0,2,29,1,4,13, , , ,2,12.0,2022.0, ,2.0,Empleado_Informal,9.0,9.0,0.0,5,96,1
282,384,11,2,2,3432,9602,2.0,0.0, ,1,1.0,1,27,1,9,13, , ,3,2,12.0,2021.0,1,3.0,Empleado_Informal,13.5,13.5,0.0,3,96,1
287,388,11,1,2,9122,4520,0.0,4.0,7,1,1.0,1,38,1,6,13, , , ,2,12.0,2019.0,0,5.0,Empleado_Informal,11.0,11.0,0.0,9,45,1
287,388,11,2,2,5120,5610,0.0,3.0,7,1,1.0,2,28,1,5,13, , , ,9,1.0,2024.0,0,0.0,Empleado_Informal,10.0,10.0,0.0,5,56,1
287,390,11,1,2,5142,9602,7.0,0.0,7,1,1.0,2,27,6,9,13, , ,3,2,4.0,2019.0, ,5.0,Empleado_Informal,13.5,13.5,0.0,5,96,1
287,391,11,1,2,5120,5610,0.0,3.0,7,1,1.0,2,53,6,4,13, , , ,2,8.0,2019.0, ,5.0,Empleado_Informal,9.0,9.0,0.0,5,56,1
292,391,11,1,1,8321,4922,1.0,4.0, ,1,1.0,1,32,1,1,5, , , ,,,,,,Empleado_Informal,0.0,8.5,-8.5,8,49,1
292,391,11,2,2,5142,9602,10.0,0.0, ,1,1.0,2,22,1,5,13, , , ,9,1.0,2022.0, ,2.0,Empleado_Informal,10.0,10.0,0.0,5,96,1
292,394,11,1,2,9411,5610,0.0,2.0, ,1,1.0,2,42,1,9,13, , ,3,1,7.0,2021.0,0,3.0,Empleado_Informal,13.5,13.5,0.0,9,56,1
292,394,11,2,2,7411,4321,1.0,0.0, ,1,2.0,1,53,1,10,13,1,2,3,2,9.0,2021.0, ,3.0,Empleado_Formal,16.0,16.0,0.0,7,43,1
292,394,11,3,2,5141,9602,0.0,2.0,3,1,1.0,1,24,6,6,13, , , ,1,6.0,2021.0, ,3.0,Empleado_Informal,11.0,11.0,0.0,5,96,1
292,394,11,4,2,5131,5630,0.0,11.0,7,1,1.0,2,22,6,9,13, , ,3,9,12.0,2020.0, ,4.0,Empleado_Informal,13.5,13.5,0.0,5,56,1
292,395,11,1,1,3322,4659,25.0,0.0,1,1,1.0,1,50,1,1,10, , ,0,,,,,,Empleado_Informal,0.0,16.0,-16.0,3,46,1
298,394,11,1,1,9412,5610,1.0,0.0,7,1,1.0,1,26,1,1,6, , ,1,,,,,,Empleado_Informal,0.0,11.0,-11.0,9,56,1
298,394,11,2,2,5131,5610,0.0,1.0,7,1,1.0,2,22,1,5,13, , , ,2,5.0,2021.0,0,3.0,Empleado_Informal,10.0,10.0,0.0,5,56,1
298,398,11,1,2,8322,4921,5.0,0.0, ,1,1.0,1,33,1,9,13, , ,3,2,3.0,2018.0,0,6.0,Empleado_Informal,13.5,13.5,0.0,8,49,1
298,398,11,2,1,4323,4922,0.0,6.0,7,1,1.0,2,25,1,1,10, , ,0,,,,,,Empleado_Informal,0.0,16.0,-16.0,4,49,1
298,398,11,5,2,7231,4520,0.0,6.0,7,1,1.0,1,24,1,4,13, , , ,2,5.0,2019.0, ,5.0,Empleado_Informal,9.0,9.0,0.0,7,45,1
298,403,11,1,2,9333,5224,2.0,0.0, ,1,1.0,1,37,1,8,13,1,2,3,2,6.0,2018.0, ,6.0,Empleado_Informal,14.0,14.0,0.0,9,52,1
298,403,11,2,2,5212,4721,0.0,3.0, ,1,1.0,2,41,1,8,13,1,2,3,2,11.0,2019.0, ,5.0,Empleado_Informal,14.0,14.0,0.0,5,47,1
303,406,11,1,2,5131,5610,0.0,2.0,7,1,1.0,2,32,1,6,13, , , ,9,7.0,2024.0, ,0.0,Empleado_Informal,11.0,11.0,0.0,5,56,1
303,406,11,2,2,9211,141,0.0,2.0,7,1,1.0,1,44,1,3,13, , , ,9,7.0,2024.0, ,0.0,Empleado_Informal,4.5,4.5,0.0,9,01,1
303,409,11,1,2,7421,9522,5.0,0.0, ,1,1.0,1,27,1,6,13, , , ,9,7.0,2019.0, ,5.0,Empleado_Informal,11.0,11.0,0.0,7,95,1
303,411,11,1,1,9211,112,36.0,0.0,7,1,1.0,1,53,1,1,3, , , ,,,,,,Empleado_Informal,0.0,3.0,-3.0,9,01,1
303,411,11,2,2,9121,9601,4.0,0.0, ,1,1.0,2,45,1,3,13, , , ,2,10.0,2018.0, ,6.0,Empleado_Informal,4.5,4.5,0.0,9,96,1
303,411,11,4,2,9211,112,0.0,1.0,7,1,1.0,1,32,6,5,13, , , ,9,6.0,2024.0,0,0.0,Empleado_Informal,10.0,10.0,0.0,9,01,1
308,415,11,1,2,5120,5610,1.0,0.0,2,1,1.0,2,24,1,5,13, , , ,9,1.0,2023.0,1,1.0,Empleado_Informal,10.0,10.0,0.0,5,56,1
308,415,11,2,2,,,0.0,0.0, ,3,,1,28,1,9,13, , ,3,2,8.0,2015.0,0,9.0,Desempleado,13.5,13.5,0.0,,,0
308,417,11,1,2,5142,9602,3.0,0.0, ,1,1.0,2,26,5,9,13, , ,3,2,6.0,2017.0, ,7.0,Empleado_Informal,13.5,13.5,0.0,5,96,1
308,418,11,1,2,7128,4330,22.0,0.0,7,1,1.0,1,31,2,6,13, , , ,2,7.0,2019.0,0,5.0,Empleado_Informal,11.0,11.0,0.0,7,43,1
308,418,11,2,2,9111,9700,0.0,2.0,7,1,1.0,2,43,2,7,13, , ,3,2,7.0,2019.0,1,5.0,Empleado_Informal,12.5,12.5,0.0,9,97,1
314,430,11,1,2,5131,5630,5.0,0.0,7,1,1.0,2,28,1,7,13, , ,3,2,6.0,2018.0, ,6.0,Empleado_Informal,12.5,12.5,0.0,5,56,1
314,430,11,2,1,8322,4922,5.0,0.0, ,1,1.0,1,35,1,1,5, , , ,,,,,,Empleado_Informal,0.0,8.5,-8.5,8,49,1
314,430,11,3,2,5131,5630,2.0,0.0,7,1,1.0,2,23,6,6,13, , , ,2,7.0,2020.0, ,4.0,Empleado_Informal,11.0,11.0,0.0,5,56,1
314,451,11,1,2,8321,4922,1.0,0.0, ,1,1.0,1,36,1,5,13, , , ,2,5.0,2022.0,0,2.0,Empleado_Informal,10.0,10.0,0.0,8,49,1
314,452,11,1,1,6222,311,10.0,0.0,7,1,1.0,1,32,1,1,3, , , ,,,,,,Empleado_Informal,0.0,3.0,-3.0,6,03,1
314,452,11,2,2,5212,4721,2.0,0.0, ,1,1.0,2,23,1,6,13, , , ,9,2.0,2021.0, ,3.0,Empleado_Informal,11.0,11.0,0.0,5,47,1
319,468,11,1,2,5230,9200,0.0,2.0,7,1,1.0,2,29,1,8,13,1,2,3,2,3.0,2019.0,0,5.0,Empleado_Informal,14.0,14.0,0.0,5,92,1
319,468,11,2,2,4214,6492,0.0,6.0,7,1,1.0,1,29,1,7,13, , ,3,1,6.0,2019.0, ,5.0,Empleado_Informal,12.5,12.5,0.0,4,64,1
319,468,11,7,2,9313,4100,0.0,1.0,7,1,1.0,1,16,6,5,13, , , ,9,10.0,2024.0, ,0.0,Empleado_Informal,10.0,10.0,0.0,9,41,1
319,469,12,1,2,3230,8690,5.0,0.0, ,1,1.0,1,30,1,6,13, , , ,2,3.0,2019.0, ,5.0,Empleado_Informal,11.0,11.0,0.0,3,86,1
319,469,12,2,2,5120,5630,3.0,0.0, ,1,1.0,2,26,1,6,13, , , ,2,9.0,2015.0,0,9.0,Empleado_Informal,11.0,11.0,0.0,5,56,1
319,469,22,1,2,9411,5610,6.0,0.0, ,1,2.0,2,30,5,10,13,1,2,3,2,6.0,2018.0,1,6.0,Empleado_Formal,16.0,16.0,0.0,9,56,1
319,470,11,1,2,7119,4100,25.0,0.0,7,1,1.0,1,40,1,4,13, , , ,9,3.0,2024.0, ,0.0,Empleado_Informal,9.0,9.0,0.0,7,41,1
319,470,11,2,2,5212,4771,3.0,0.0,7,1,1.0,2,48,1,8,13,1,2,3,2,5.0,2018.0, ,6.0,Empleado_Informal,14.0,14.0,0.0,5,47,1
324,452,11,1,2,4214,6492,1.0,1.0,7,1,1.0,1,30,1,6,13, , , ,2,1.0,2023.0, ,1.0,Empleado_Informal,11.0,11.0,0.0,4,64,1
324,452,11,2,2,9412,5610,2.0,0.0,7,1,1.0,2,24,1,9,13, , ,3,2,3.0,2023.0, ,1.0,Empleado_Informal,13.5,13.5,0.0,9,56,1
324,453,11,1,2,4214,6492,2.0,0.0,7,1,1.0,2,26,6,6,13, , , ,2,9.0,2018.0, ,6.0,Empleado_Informal,11.0,11.0,0.0,4,64,1
324,454,11,1,2,5212,4530,1.0,0.0,7,1,1.0,1,32,1,6,13, , , ,2,6.0,2018.0, ,6.0,Empleado_Informal,11.0,11.0,0.0,5,45,1
324,454,11,2,2,4211,6499,3.0,0.0,7,1,1.0,2,35,1,5,13, , , ,2,3.0,2022.0, ,2.0,Empleado_Informal,10.0,10.0,0.0,4,64,1
330,451,11,1,2,5142,9602,0.0,6.0, ,1,2.0,2,33,1,8,13,1,2,3,2,10.0,2018.0, ,6.0,Empleado_Formal,14.0,14.0,0.0,5,96,1
330,451,11,2,1,3124,6810,2.0,10.0,2,1,1.0,1,34,1,1,10, , ,0,,,,,,Empleado_Informal,0.0,16.0,-16.0,3,68,1
330,458,11,1,2,9535,4799,0.0,4.0, ,1,1.0,2,38,1,5,13, , , ,2,3.0,2019.0, ,5.0,Empleado_Informal,10.0,10.0,0.0,9,47,1
330,458,11,2,1,8322,4922,3.0,0.0, ,1,1.0,1,49,1,1,4, , , ,,,,,,Empleado_Informal,0.0,6.0,-6.0,8,49,1
330,458,11,3,2,,,0.0,0.0, ,2,,2,18,6,3,6, , ,1,2,4.0,2019.0, ,5.0,Desempleado,4.5,11.0,-6.5,,,0
330,464,11,1,2,3124,321,5.0,0.0,2,1,2.0,1,28,2,8,13,1,2,3,2,6.0,2019.0, ,5.0,Empleado_Formal,14.0,14.0,0.0,3,03,1
330,464,11,2,2,7513,1071,2.0,0.0, ,1,1.0,2,29,2,8,13,1,2,3,2,2.0,2020.0,0,4.0,Empleado_Informal,14.0,14.0,0.0,7,10,1
340,467,11,1,2,5131,5610,0.0,4.0,7,1,1.0,2,36,6,10,13,1,1,3,3,12.0,2018.0,0,6.0,Empleado_Informal,16.0,16.0,0.0,5,56,1
340,470,11,1,2,5131,5610,1.0,0.0,7,1,1.0,2,37,1,6,13, , , ,2,9.0,2018.0,1,6.0,Empleado_Informal,11.0,11.0,0.0,5,56,1
340,473,11,2,2,9629,9603,5.0,0.0,7,1,1.0,1,27,1,5,13, , , ,2,6.0,2019.0, ,5.0,Empleado_Informal,10.0,10.0,0.0,9,96,1
340,473,11,8,2,9629,4773,1.0,0.0,7,1,1.0,1,41,5,5,13, , , ,9,11.0,2023.0, ,1.0,Empleado_Informal,10.0,10.0,0.0,9,47,1
351,497,11,1,2,5131,5610,1.0,7.0,7,1,1.0,2,30,5,8,13,1,2,3,2,4.0,2010.0, ,14.0,Empleado_Informal,14.0,14.0,0.0,5,56,1
351,502,11,1,2,9411,5610,0.0,5.0, ,1,1.0,2,37,5,10,13,1,2,3,9,4.0,2024.0, ,0.0,Empleado_Informal,16.0,16.0,0.0,9,56,1
351,508,11,1,2,5120,5610,4.0,0.0, ,1,2.0,1,36,1,10,13,1,2,3,6,5.0,2018.0, ,6.0,Empleado_Formal,16.0,16.0,0.0,5,56,1
351,508,11,2,1,3422,8541,0.0,1.0,2,1,1.0,2,47,1,1,8, , ,0,,,,,,Empleado_Informal,0.0,14.0,-14.0,3,85,1
351,508,11,3,1,2359,8521,2.0,0.0,7,1,1.0,1,19,6,1,7, , ,0,,,,,,Empleado_Informal,0.0,12.5,-12.5,2,85,1
351,508,11,4,1,5212,4530,5.0,0.0,7,1,1.0,1,24,5,1,9, , ,0,,,,,,Empleado_Informal,0.0,13.5,-13.5,5,45,1
356,499,11,1,2,5142,9602,5.0,6.0, ,1,1.0,2,38,6,5,13, , , ,6,3.0,2022.0, ,2.0,Empleado_Informal,10.0,10.0,0.0,5,96,1
356,500,11,1,2,5211,4630,1.0,6.0,7,1,1.0,2,42,5,9,13, , ,3,6,2.0,2018.0, ,6.0,Empleado_Informal,13.5,13.5,0.0,5,46,1
356,501,11,1,2,3122,1020,4.0,0.0,7,1,1.0,1,53,1,10,13,1,2,3,2,2.0,2020.0,1,4.0,Empleado_Informal,16.0,16.0,0.0,3,10,1
361,503,11,1,2,5131,5630,6.0,0.0,7,1,1.0,2,33,6,7,13, , ,3,2,8.0,2018.0, ,6.0,Empleado_Informal,12.5,12.5,0.0,5,56,1
361,504,11,1,2,7513,1071,0.0,3.0, ,1,1.0,2,52,1,4,13, , , ,2,11.0,2020.0, ,4.0,Empleado_Informal,9.0,9.0,0.0,7,10,1
361,504,11,2,1,7322,3100,30.0,0.0, ,1,1.0,1,52,1,1,6, , ,1,,,,,,Empleado_Informal,0.0,11.0,-11.0,7,31,1
361,505,11,1,2,5131,5610,1.0,6.0,7,1,1.0,2,31,6,5,13, , , ,2,1.0,2019.0, ,5.0,Empleado_Informal,10.0,10.0,0.0,5,56,1
367,517,11,1,2,9333,4752,2.0,0.0,2,1,2.0,1,31,5,6,13, , , ,2,1.0,2021.0, ,3.0,Empleado_Formal,11.0,11.0,0.0,9,47,1
367,518,11,1,1,8343,7730,10.0,0.0,2,1,2.0,1,29,1,1,6, , ,1,,,,,,Empleado_Formal,0.0,11.0,-11.0,8,77,1
367,520,11,1,2,5213,4782,1.0,6.0, ,1,2.0,1,27,1,9,13, , ,3,2,12.0,2018.0,0,6.0,Empleado_Formal,13.5,13.5,0.0,5,47,1
367,520,11,2,2,5213,4782,1.0,0.0,7,1,1.0,2,25,1,6,13, , , ,2,11.0,2018.0, ,6.0,Empleado_Informal,11.0,11.0,0.0,5,47,1
372,515,11,1,2,7128,4330,7.0,0.0,7,1,1.0,1,47,1,5,13, , , ,2,7.0,2018.0, ,6.0,Empleado_Informal,10.0,10.0,0.0,7,43,1
372,515,11,2,2,5212,4721,1.0,0.0, ,1,1.0,2,37,1,10,13,1,2,3,2,7.0,2018.0,0,6.0,Empleado_Informal,16.0,16.0,0.0,5,47,1
372,515,11,3,2,7128,4330,0.0,1.0,7,1,1.0,1,15,6,3,5, , , ,9,6.0,2019.0, ,5.0,Empleado_Informal,4.5,8.5,-4.0,7,43,1
372,526,11,1,2,9412,5610,4.0,0.0,7,1,1.0,2,42,5,6,13, , , ,2,10.0,2019.0, ,5.0,Empleado_Informal,11.0,11.0,0.0,9,56,1
372,530,11,1,1,9313,4100,15.0,0.0,7,1,1.0,1,36,1,1,5, , , ,,,,,,Empleado_Informal,0.0,8.5,-8.5,9,41,1
372,530,11,2,2,,,0.0,0.0, ,3,,2,41,1,6,13, , , ,2,2.0,2020.0, ,4.0,Desempleado,11.0,11.0,0.0,,,0
372,530,11,4,2,8342,4752,2.0,0.0,2,1,2.0,1,26,1,6,13, , , ,2,2.0,2019.0, ,5.0,Empleado_Formal,11.0,11.0,0.0,8,47,1
377,532,11,1,2,8322,4922,7.0,0.0, ,1,1.0,1,34,6,8,13,1,2,3,2,10.0,2017.0, ,7.0,Empleado_Informal,14.0,14.0,0.0,8,49,1
377,537,11,1,2,9112,4520,0.0,5.0,7,1,1.0,1,41,1,6,13, , , ,1,7.0,2018.0,1,6.0,Empleado_Informal,11.0,11.0,0.0,9,45,1
377,537,11,2,2,,,0.0,0.0, ,2,,2,26,1,5,13, , , ,6,11.0,2018.0,0,6.0,Desempleado,10.0,10.0,0.0,,,0
377,542,11,1,2,8322,4921,1.0,0.0, ,1,1.0,1,33,1,5,13, , , ,2,7.0,2018.0, ,6.0,Empleado_Informal,10.0,10.0,0.0,8,49,1
404,574,11,1,2,8321,4922,3.0,0.0, ,1,1.0,1,25,1,6,13, , , ,2,11.0,2021.0, ,3.0,Empleado_Informal,11.0,11.0,0.0,8,49,1
404,574,11,2,2,7513,1071,0.0,1.0, ,1,1.0,2,35,1,5,13, , , ,2,11.0,2021.0, ,3.0,Empleado_Informal,10.0,10.0,0.0,7,10,1
404,577,11,1,2,8321,4922,1.0,1.0, ,1,1.0,1,62,1,10,13,1,2,3,2,1.0,2022.0, ,2.0,Empleado_Informal,16.0,16.0,0.0,8,49,1
404,577,11,2,2,5120,5610,1.0,0.0, ,1,1.0,2,40,1,10,13,1,2,3,2,8.0,2022.0,1,2.0,Empleado_Informal,16.0,16.0,0.0,5,56,1
404,577,11,3,2,5131,5610,1.0,0.0,7,1,1.0,1,18,6,5,6, , ,0,2,8.0,2022.0, ,2.0,Empleado_Informal,10.0,11.0,-1.0,5,56,1
404,581,11,1,2,5142,9602,0.0,6.0, ,1,1.0,2,29,1,9,13, , ,3,2,12.0,2017.0, ,7.0,Empleado_Informal,13.5,13.5,0.0,5,96,1
404,581,11,2,1,9333,4630,0.0,2.0,7,1,1.0,1,23,1,1,9, , ,0,,,,,,Empleado_Informal,0.0,13.5,-13.5,9,46,1
417,2,11,1,1,4110,7730,2.0,0.0,2,1,2.0,1,33,1,1,10, , ,0,,,,,,Empleado_Formal,0.0,16.0,-16.0,4,77,1
417,2,11,2,2,5142,9602,0.0,10.0, ,1,1.0,2,32,1,10,13,1,2,3,2,5.0,2018.0,0,6.0,Empleado_Informal,16.0,16.0,0.0,5,96,1
417,32,11,2,2,9333,4661,1.0,2.0,7,1,1.0,1,25,1,6,13, , , ,1,12.0,2018.0, ,6.0,Empleado_Informal,11.0,11.0,0.0,9,46,1
417,34,11,1,2,5141,9602,1.0,0.0,7,1,1.0,2,38,6,5,13, , , ,2,3.0,2019.0, ,5.0,Empleado_Informal,10.0,10.0,0.0,5,96,1
427,10,11,1,2,5142,9602,0.0,7.0,7,1,1.0,2,36,1,5,13, , , ,6,10.0,2018.0, ,6.0,Empleado_Informal,10.0,10.0,0.0,5,96,1
427,10,11,2,2,7212,2511,5.0,0.0,7,1,1.0,1,37,1,6,13, , , ,2,5.0,2018.0, ,6.0,Empleado_Informal,11.0,11.0,0.0,7,25,1
427,20,11,1,2,5131,5610,0.0,1.0,7,1,1.0,2,22,1,6,13, , , ,1,8.0,2018.0, ,6.0,Empleado_Informal,11.0,11.0,0.0,5,56,1
427,20,11,2,2,9313,4100,0.0,1.0,7,1,1.0,1,35,1,4,13, , , ,1,2.0,2015.0, ,9.0,Empleado_Informal,9.0,9.0,0.0,9,41,1
427,20,11,3,2,9411,5610,6.0,0.0, ,1,1.0,2,51,1,5,13, , , ,1,8.0,2018.0, ,6.0,Empleado_Informal,10.0,10.0,0.0,9,56,1
427,20,11,4,2,9622,9499,1.0,0.0,7,1,1.0,1,59,1,4,13, , , ,2,8.0,2018.0,1,6.0,Empleado_Informal,9.0,9.0,0.0,9,94,1
427,20,11,6,2,7119,4100,4.0,0.0,7,1,1.0,1,25,1,7,13, , ,3,2,8.0,2018.0, ,6.0,Empleado_Informal,12.5,12.5,0.0,7,41,1
427,20,11,7,2,5131,5610,0.0,3.0,7,1,1.0,2,22,1,5,13, , , ,6,11.0,2018.0, ,6.0,Empleado_Informal,10.0,10.0,0.0,5,56,1
427,21,11,1,2,9622,9329,5.0,6.0,2,1,1.0,1,32,1,9,13, , ,3,2,2.0,2019.0, ,5.0,Empleado_Informal,13.5,13.5,0.0,9,93,1
427,21,11,2,1,2221,8690,5.0,0.0,7,1,1.0,2,36,1,1,10, , ,0,,,,,,Empleado_Informal,0.0,16.0,-16.0,2,86,1
427,21,11,6,2,2341,8510,3.0,0.0,2,1,1.0,2,25,6,10,13,1,2,3,2,10.0,2020.0, ,4.0,Empleado_Informal,16.0,16.0,0.0,2,85,1
436,15,11,3,2,5212,4722,0.0,10.0,7,1,1.0,1,22,6,5,6, , ,1,2,8.0,2018.0,0,6.0,Empleado_Informal,10.0,11.0,-1.0,5,47,1
436,23,11,1,2,7513,1071,1.0,0.0, ,1,1.0,1,49,1,5,13, , , ,2,11.0,2020.0,1,4.0,Empleado_Informal,10.0,10.0,0.0,7,10,1
436,23,11,2,2,7513,1071,1.0,0.0, ,1,1.0,2,44,1,8,13,1,2,3,2,11.0,2020.0, ,4.0,Empleado_Informal,14.0,14.0,0.0,7,10,1
436,24,11,1,2,8343,2392,2.0,0.0,7,1,1.0,1,44,1,6,13, , , ,2,6.0,2020.0, ,4.0,Empleado_Informal,11.0,11.0,0.0,8,23,1
446,22,11,1,2,4214,6492,0.0,1.0,7,1,1.0,1,22,6,5,13, , , ,9,11.0,2023.0, ,1.0,Empleado_Informal,10.0,10.0,0.0,4,64,1
446,23,11,1,2,,,0.0,0.0, ,2,,1,25,6,6,13, , , ,1,2.0,2019.0,0,5.0,Desempleado,11.0,11.0,0.0,,,0
446,25,11,1,2,5243,4791,1.0,0.0, ,1,1.0,2,23,5,5,13, , , ,9,2.0,2019.0,0,5.0,Empleado_Informal,10.0,10.0,0.0,5,47,1
456,32,11,1,1,7231,4540,3.0,0.0,7,1,1.0,1,24,1,1,8, , ,0,,,,,,Empleado_Informal,0.0,14.0,-14.0,7,45,1
456,32,11,2,2,9533,4799,0.0,1.0, ,1,1.0,2,23,1,5,13, , , ,2,6.0,2019.0,0,5.0,Empleado_Informal,10.0,10.0,0.0,9,47,1
456,43,11,1,2,5212,4721,1.0,1.0,7,1,1.0,1,44,2,10,13,1,2,3,2,8.0,2018.0, ,6.0,Empleado_Informal,16.0,16.0,0.0,5,47,1
456,43,11,2,2,5120,5610,1.0,6.0,7,1,1.0,2,40,2,8,13,1,2,3,2,5.0,2018.0,0,6.0,Empleado_Informal,14.0,14.0,0.0,5,56,1
456,43,11,3,2,9629,9000,1.0,0.0,7,1,1.0,2,20,6,5,13, , , ,1,8.0,2023.0, ,1.0,Empleado_Informal,10.0,10.0,0.0,9,90,1
456,44,11,1,2,5131,5610,0.0,1.0,7,1,1.0,2,19,6,5,13, , , ,1,10.0,2023.0, ,1.0,Empleado_Informal,10.0,10.0,0.0,5,56,1
456,44,11,3,2,5213,4781,0.0,1.0,7,1,1.0,2,47,6,4,13, , , ,1,12.0,2021.0,1,3.0,Empleado_Informal,9.0,9.0,0.0,5,47,1
465,46,11,1,2,7422,4321,1.0,0.0,7,1,1.0,1,24,1,5,13, , , ,2,6.0,2019.0, ,5.0,Empleado_Informal,10.0,10.0,0.0,7,43,1
465,66,11,1,2,,,0.0,0.0, ,2,,2,53,1,8,13,1,2,3,2,10.0,2018.0, ,6.0,Desempleado,14.0,14.0,0.0,,,0
465,66,11,2,3,9521,4799,6.0,0.0, ,1,1.0,1,57,1,1,13, , , ,2,4.0,2006.0, ,18.0,Empleado_Informal,0.0,0.0,0.0,9,47,1
465,69,11,1,2,5142,9602,0.0,2.0, ,1,1.0,2,18,1,3,5, , , ,9,12.0,2018.0, ,6.0,Empleado_Informal,4.5,8.5,-4.0,5,96,1
465,69,11,2,1,3432,7410,2.0,0.0, ,1,1.0,1,26,1,1,9, , ,0,,,,,,Empleado_Informal,0.0,13.5,-13.5,3,74,1
475,51,11,1,2,2359,8549,3.0,0.0,7,1,1.0,1,54,2,7,13, , ,3,2,5.0,2018.0, ,6.0,Empleado_Informal,12.5,12.5,0.0,2,85,1
475,51,11,2,2,2342,8510,3.0,0.0,2,1,1.0,2,45,2,10,13,1,1,3,2,6.0,2018.0, ,6.0,Empleado_Informal,16.0,16.0,0.0,2,85,1
475,51,11,3,2,5230,5610,0.0,2.0,2,1,2.0,2,21,6,6,9, , ,0,2,9.0,2018.0, ,6.0,Empleado_Formal,11.0,13.5,-2.5,5,56,1
475,51,11,5,2,5131,5610,4.0,0.0,7,1,1.0,1,25,1,6,9, , ,0,2,9.0,2018.0, ,6.0,Empleado_Informal,11.0,13.5,-2.5,5,56,1
475,51,11,6,2,,,0.0,0.0, ,2,,2,23,1,6,9, , ,0,2,9.0,2018.0, ,6.0,Desempleado,11.0,13.5,-2.5,,,0
475,52,11,1,2,2642,7490,3.0,0.0,2,1,1.0,1,35,2,10,13,1,2,3,2,4.0,2024.0,1,0.0,Empleado_Informal,16.0,16.0,0.0,2,74,1
475,54,11,1,2,,,0.0,0.0, ,2,,2,27,1,9,13, , ,3,2,4.0,2018.0, ,6.0,Desempleado,13.5,13.5,0.0,,,0
475,54,11,2,1,,,0.0,0.0, ,2,,1,42,1,1,10, , ,0,,,,,,Desempleado,0.0,16.0,-16.0,,,0
475,54,11,5,2,9622,4210,0.0,5.0,7,1,1.0,1,47,2,6,13, , , ,2,3.0,2023.0, ,1.0,Empleado_Informal,11.0,11.0,0.0,9,42,1
485,52,11,1,2,5120,5610,0.0,1.0, ,1,1.0,2,29,2,6,13, , , ,2,11.0,2021.0, ,3.0,Empleado_Informal,11.0,11.0,0.0,5,56,1
485,52,11,2,2,7322,3100,2.0,6.0, ,1,2.0,1,30,2,6,13, , , ,2,4.0,2019.0, ,5.0,Empleado_Formal,11.0,11.0,0.0,7,31,1
485,55,11,1,2,9313,4100,5.0,0.0,2,1,1.0,1,36,1,4,13, , , ,2,5.0,2022.0, ,2.0,Empleado_Informal,9.0,9.0,0.0,9,41,1
485,55,11,2,2,5142,9602,0.0,1.0, ,1,1.0,2,37,1,10,13,1,2,3,2,5.0,2021.0,0,3.0,Empleado_Informal,16.0,16.0,0.0,5,96,1
485,60,11,1,2,7231,4520,1.0,6.0, ,1,2.0,1,41,1,6,13, , , ,2,5.0,2019.0,0,5.0,Empleado_Formal,11.0,11.0,0.0,7,45,1
485,60,11,2,2,5212,4721,1.0,0.0, ,1,1.0,2,34,1,8,13,1,2,3,1,5.0,2018.0, ,6.0,Empleado_Informal,14.0,14.0,0.0,5,47,1
485,60,11,3,2,7231,4540,0.0,6.0,7,1,1.0,1,36,6,6,13, , , ,9,2.0,2024.0, ,0.0,Empleado_Informal,11.0,11.0,0.0,7,45,1
495,58,11,1,2,9313,4100,8.0,0.0,7,1,1.0,1,25,1,6,13, , , ,2,10.0,2018.0, ,6.0,Empleado_Informal,11.0,11.0,0.0,9,41,1
495,58,11,2,2,7513,1071,3.0,0.0, ,1,1.0,2,24,1,6,13, , , ,2,10.0,2018.0, ,6.0,Empleado_Informal,11.0,11.0,0.0,7,10,1
495,58,11,5,2,3311,6611,1.0,0.0, ,1,1.0,1,22,1,6,13, , , ,1,11.0,2021.0, ,3.0,Empleado_Informal,11.0,11.0,0.0,3,66,1
495,60,11,1,2,5120,5610,1.0,2.0,7,1,1.0,2,45,1,8,13,1,2,3,2,1.0,2021.0, ,3.0,Empleado_Informal,14.0,14.0,0.0,5,56,1
495,62,11,1,2,2212,8620,4.0,0.0,2,1,2.0,2,49,1,10,13,1,2,3,2,10.0,2018.0, ,6.0,Empleado_Formal,16.0,16.0,0.0,2,86,1
495,62,11,2,2,5212,4723,0.0,9.0,7,1,1.0,1,50,1,10,13,1,1,3,2,4.0,2018.0, ,6.0,Empleado_Informal,16.0,16.0,0.0,5,47,1
495,62,11,3,2,6222,311,0.0,1.0, ,1,1.0,1,22,6,6,13, , , ,2,10.0,2018.0,0,6.0,Empleado_Informal,11.0,11.0,0.0,6,03,1
504,66,11,1,2,5212,4771,2.0,0.0,7,1,1.0,1,40,1,6,13, , , ,1,5.0,2018.0, ,6.0,Empleado_Informal,11.0,11.0,0.0,5,47,1
504,66,11,2,2,5212,4721,2.0,5.0,7,1,1.0,2,28,1,5,13, , , ,1,12.0,2018.0, ,6.0,Empleado_Informal,10.0,10.0,0.0,5,47,1
504,71,11,1,1,7513,1071,0.0,10.0,7,1,1.0,1,26,1,1,4, , , ,,,,,,Empleado_Informal,0.0,6.0,-6.0,7,10,1
504,71,11,2,2,,,0.0,0.0, ,2,,2,27,1,7,13, , ,3,9,3.0,2024.0, ,0.0,Desempleado,12.5,12.5,0.0,,,0
504,72,11,1,2,7231,4520,2.0,8.0,7,1,1.0,1,57,1,6,13, , , ,2,4.0,2021.0, ,3.0,Empleado_Informal,11.0,11.0,0.0,7,45,1
514,72,11,1,1,3314,5610,0.0,2.0, ,1,2.0,1,30,1,1,8, , ,0,,,,,,Empleado_Formal,0.0,14.0,-14.0,3,56,1
514,72,11,2,2,5131,5610,0.0,2.0,7,1,1.0,2,35,1,6,13, , , ,2,11.0,2018.0, ,6.0,Empleado_Informal,11.0,11.0,0.0,5,56,1
514,80,11,1,2,5120,5610,5.0,7.0, ,1,2.0,2,45,6,10,13,1,2,3,2,10.0,2018.0,1,6.0,Empleado_Formal,16.0,16.0,0.0,5,56,1
514,80,11,2,2,4110,5914,3.0,2.0,3,1,2.0,2,24,6,9,9, , ,3,4,10.0,2018.0,1,6.0,Empleado_Formal,13.5,13.5,0.0,4,59,1
514,80,11,3,2,5131,5610,2.0,0.0,7,1,1.0,2,16,6,4,5, , , ,2,10.0,2018.0,0,6.0,Empleado_Informal,9.0,8.5,0.5,5,56,1
514,84,11,1,2,7231,4540,1.0,0.0, ,1,1.0,1,33,1,8,13,1,2,3,1,4.0,2018.0, ,6.0,Empleado_Informal,14.0,14.0,0.0,7,45,1
533,97,11,1,2,8321,4922,5.0,0.0, ,1,1.0,1,28,6,6,13, , , ,2,10.0,2018.0, ,6.0,Empleado_Informal,11.0,11.0,0.0,8,49,1
533,99,11,1,2,8321,4922,2.0,0.0, ,1,1.0,1,35,6,6,13, , , ,2,4.0,2021.0, ,3.0,Empleado_Informal,11.0,11.0,0.0,8,49,1
533,100,11,1,2,9211,121,0.0,1.0,2,1,1.0,2,38,6,6,13, , , ,2,7.0,2020.0,1,4.0,Empleado_Informal,11.0,11.0,0.0,9,01,1
591,124,11,1,2,9511,4799,2.0,0.0, ,1,1.0,2,25,6,6,13, , , ,2,9.0,2018.0,0,6.0,Empleado_Informal,11.0,11.0,0.0,9,47,1
591,125,11,2,2,8331,4921,1.0,0.0,7,1,1.0,1,24,1,4,13, , , ,2,2.0,2024.0,0,0.0,Empleado_Informal,9.0,9.0,0.0,8,49,1
591,125,11,4,2,8322,4922,2.0,0.0, ,1,1.0,1,60,1,4,13, , , ,2,10.0,2020.0,0,4.0,Empleado_Informal,9.0,9.0,0.0,8,49,1
591,125,11,5,2,9121,9601,2.0,0.0,7,1,1.0,2,52,1,5,13, , , ,2,10.0,2020.0, ,4.0,Empleado_Informal,10.0,10.0,0.0,9,96,1
591,125,11,6,2,8322,4922,0.0,3.0, ,1,1.0,1,30,6,5,13, , , ,2,10.0,2020.0, ,4.0,Empleado_Informal,10.0,10.0,0.0,8,49,1
591,125,11,7,2,5213,4782,0.0,4.0,7,1,1.0,2,33,6,6,13, , , ,2,2.0,2023.0, ,1.0,Empleado_Informal,11.0,11.0,0.0,5,47,1
591,130,11,1,2,,,0.0,0.0, ,2,,2,32,1,9,13, , ,3,2,4.0,2019.0,0,5.0,Desempleado,13.5,13.5,0.0,,,0
591,130,11,2,2,7231,4540,0.0,1.0,7,1,1.0,1,36,1,6,13, , , ,2,10.0,2019.0,0,5.0,Empleado_Informal,11.0,11.0,0.0,7,45,1
640,158,11,1,2,5131,5610,2.0,0.0,7,1,1.0,2,28,6,5,13, , , ,2,8.0,2021.0, ,3.0,Empleado_Informal,10.0,10.0,0.0,5,56,1
640,158,11,4,2,9111,9700,0.0,6.0,7,1,1.0,2,46,6,5,13, , , ,2,4.0,2022.0, ,2.0,Empleado_Informal,10.0,10.0,0.0,9,97,1
640,160,11,1,2,7518,1102,3.0,0.0,2,1,2.0,1,31,1,9,13, , ,3,2,6.0,2018.0, ,6.0,Empleado_Formal,13.5,13.5,0.0,7,11,1
640,160,11,2,2,9412,5610,5.0,0.0,7,1,1.0,2,31,1,10,13,2, ,3,2,2.0,2019.0, ,5.0,Empleado_Informal,16.0,16.0,0.0,9,56,1
640,161,11,1,2,7513,1071,0.0,8.0,7,1,1.0,1,26,1,6,13, , , ,1,8.0,2019.0, ,5.0,Empleado_Informal,11.0,11.0,0.0,7,10,1
650,174,11,1,2,5213,4782,0.0,4.0,7,1,1.0,1,23,1,9,13, , ,3,1,11.0,2020.0, ,4.0,Empleado_Informal,13.5,13.5,0.0,5,47,1
650,176,11,1,2,5131,5610,0.0,7.0,7,1,1.0,2,33,6,5,13, , , ,9,11.0,2021.0, ,3.0,Empleado_Informal,10.0,10.0,0.0,5,56,1
650,177,11,1,2,5212,4772,0.0,1.0,7,1,1.0,1,60,5,4,13, , , ,1,7.0,2023.0, ,1.0,Empleado_Informal,9.0,9.0,0.0,5,47,1
679,184,11,1,2,8322,1071,1.0,2.0,2,1,2.0,1,52,1,8,13,1,2,3,2,11.0,2023.0, ,1.0,Empleado_Formal,14.0,14.0,0.0,8,10,1
679,184,11,2,1,9211,122,0.0,4.0,2,1,2.0,2,53,1,1,8, , ,0,,,,,,Empleado_Formal,0.0,14.0,-14.0,9,01,1
679,188,12,1,2,5213,4781,0.0,6.0, ,1,1.0,1,36,1,5,13, , , ,2,11.0,2019.0, ,5.0,Empleado_Informal,10.0,10.0,0.0,5,47,1
679,188,22,1,2,5141,9602,0.0,8.0, ,1,2.0,1,27,1,6,13, , , ,1,5.0,2023.0, ,1.0,Empleado_Formal,11.0,11.0,0.0,5,96,1
679,188,22,2,2,5211,4641,0.0,8.0,7,1,1.0,2,25,1,6,13, , , ,1,4.0,2023.0, ,1.0,Empleado_Informal,11.0,11.0,0.0,5,46,1
679,188,22,3,2,5213,4789,0.0,8.0, ,1,1.0,1,21,6,6,13, , , ,1,4.0,2023.0, ,1.0,Empleado_Informal,11.0,11.0,0.0,5,47,1
679,189,11,1,2,9622,8010,1.0,0.0,7,1,1.0,1,36,1,6,13, , , ,2,10.0,2018.0, ,6.0,Empleado_Informal,11.0,11.0,0.0,9,80,1
679,189,11,2,2,5131,5610,0.0,3.0,7,1,1.0,2,32,1,8,13,1,2,3,2,11.0,2018.0, ,6.0,Empleado_Informal,14.0,14.0,0.0,5,56,1
679,189,11,4,2,9112,4100,3.0,0.0,7,1,1.0,2,57,5,5,13, , , ,2,5.0,2019.0, ,5.0,Empleado_Informal,10.0,10.0,0.0,9,41,1
679,189,11,5,2,3314,5610,1.0,0.0, ,1,2.0,1,38,1,10,13,1,2,3,2,1.0,2018.0, ,6.0,Empleado_Formal,16.0,16.0,0.0,3,56,1
679,189,11,6,2,3314,5610,1.0,0.0, ,1,1.0,2,31,1,8,13,1,2,3,2,6.0,2018.0, ,6.0,Empleado_Informal,14.0,14.0,0.0,3,56,1
776,243,11,2,2,9622,8010,2.0,0.0, ,1,1.0,1,46,1,6,13, , , ,2,9.0,2021.0,0,3.0,Empleado_Informal,11.0,11.0,0.0,9,80,1
776,243,11,3,2,7231,4540,0.0,8.0, ,1,1.0,1,20,6,5,13, , , ,1,12.0,2023.0,0,1.0,Empleado_Informal,10.0,10.0,0.0,7,45,1
776,243,11,5,2,8321,4922,1.0,0.0, ,1,1.0,1,25,6,6,13, , , ,9,9.0,2018.0,0,6.0,Empleado_Informal,11.0,11.0,0.0,8,49,1
776,244,11,1,2,9622,8010,1.0,0.0, ,1,1.0,1,19,1,5,13, , , ,1,8.0,2018.0,0,6.0,Empleado_Informal,10.0,10.0,0.0,9,80,1
776,245,11,1,2,8321,4922,0.0,4.0, ,1,1.0,1,36,6,8,13,1,2,3,2,9.0,2018.0, ,6.0,Empleado_Informal,14.0,14.0,0.0,8,49,1
785,248,11,1,2,9412,5610,1.0,2.0,7,1,1.0,2,39,6,8,13,1,2,3,2,6.0,2019.0, ,5.0,Empleado_Informal,14.0,14.0,0.0,9,56,1
785,248,11,2,2,9629,4781,0.0,7.0,7,1,1.0,1,19,6,5,6, , ,1,2,10.0,2020.0,1,4.0,Empleado_Informal,10.0,11.0,-1.0,9,47,1
785,249,11,1,2,3314,5610,2.0,0.0, ,1,2.0,1,28,6,9,13, , ,3,2,5.0,2018.0,0,6.0,Empleado_Formal,13.5,13.5,0.0,3,56,1
785,249,11,2,2,9412,5610,2.0,0.0,7,1,1.0,2,46,4,5,13, , , ,2,11.0,2021.0, ,3.0,Empleado_Informal,10.0,10.0,0.0,9,56,1
785,249,11,3,2,9621,5610,2.0,6.0,7,1,1.0,1,25,6,5,13, , , ,2,4.0,2018.0, ,6.0,Empleado_Informal,10.0,10.0,0.0,9,56,1
785,249,11,4,2,5120,5610,2.0,0.0,7,1,1.0,2,63,6,3,13, , , ,2,4.0,2023.0, ,1.0,Empleado_Informal,4.5,4.5,0.0,5,56,1
785,251,11,2,2,4321,4759,2.0,0.0,7,1,1.0,1,52,1,5,13, , , ,2,10.0,2018.0, ,6.0,Empleado_Informal,10.0,10.0,0.0,4,47,1
785,251,11,3,2,5141,9602,4.0,0.0, ,1,1.0,1,25,1,8,13,1,2,3,2,1.0,2019.0,0,5.0,Empleado_Informal,14.0,14.0,0.0,5,96,1
785,251,11,4,1,5131,5610,9.0,0.0,7,1,1.0,2,26,1,1,6, , ,1,,,,,,Empleado_Informal,0.0,11.0,-11.0,5,56,1
795,256,11,1,2,9511,4799,4.0,0.0, ,1,1.0,2,57,2,3,13, , , ,2,7.0,2019.0,1,5.0,Empleado_Informal,4.5,4.5,0.0,9,47,1
795,256,11,2,2,8321,4922,0.0,8.0, ,1,1.0,1,61,2,6,13, , , ,2,2.0,2019.0, ,5.0,Empleado_Informal,11.0,11.0,0.0,8,49,1
795,256,11,3,2,,,0.0,0.0, ,3,,1,14,6,3,4, , , ,1,7.0,2019.0, ,5.0,Desempleado,4.5,6.0,-1.5,,,0
795,262,11,4,2,9313,4100,5.0,0.0,7,1,1.0,1,35,6,5,13, , , ,2,7.0,2019.0, ,5.0,Empleado_Informal,10.0,10.0,0.0,9,41,1
795,265,11,1,2,9112,4759,2.0,0.0,7,1,1.0,1,61,2,5,13, , , ,1,11.0,2021.0,1,3.0,Empleado_Informal,10.0,10.0,0.0,9,47,1
795,265,11,2,2,7513,1071,1.0,3.0,7,1,1.0,1,20,6,5,13, , , ,1,4.0,2023.0, ,1.0,Empleado_Informal,10.0,10.0,0.0,7,10,1
834,293,11,1,2,8322,4922,2.0,0.0,7,1,1.0,1,46,1,6,13, , , ,2,6.0,2019.0, ,5.0,Empleado_Informal,11.0,11.0,0.0,8,49,1
834,293,11,3,2,9334,4921,2.0,0.0,7,1,1.0,1,25,6,6,13, , , ,2,12.0,2021.0, ,3.0,Empleado_Informal,11.0,11.0,0.0,9,49,1
834,293,11,4,2,4211,6419,2.0,0.0,5,1,1.0,1,18,6,5,13, , , ,2,12.0,2019.0, ,5.0,Empleado_Informal,10.0,10.0,0.0,4,64,1
834,299,11,1,2,7421,9512,6.0,0.0,2,1,1.0,1,27,1,6,13, , , ,2,4.0,2018.0,0,6.0,Empleado_Informal,11.0,11.0,0.0,7,95,1
834,299,11,2,2,5212,4741,0.0,2.0,7,1,1.0,2,27,1,6,13, , , ,1,3.0,2019.0,0,5.0,Empleado_Informal,11.0,11.0,0.0,5,47,1
834,300,11,1,2,5142,9602,23.0,0.0, ,1,2.0,1,43,6,11,13,1,2,3,2,10.0,2018.0, ,6.0,Empleado_Formal,18.0,18.0,0.0,5,96,1
843,286,11,1,2,8342,4210,0.0,1.0,7,1,1.0,1,64,5,5,13, , , ,2,12.0,2017.0,1,7.0,Empleado_Informal,10.0,10.0,0.0,8,42,1
843,286,11,2,2,8342,4210,0.0,3.0,7,1,1.0,1,52,6,5,13, , , ,2,10.0,2018.0, ,6.0,Empleado_Informal,10.0,10.0,0.0,8,42,1
843,286,11,3,2,8343,4210,1.0,3.0,2,1,2.0,1,41,6,6,13, , , ,2,12.0,2017.0, ,7.0,Empleado_Formal,11.0,11.0,0.0,8,42,1
843,286,11,4,2,5131,5610,0.0,1.0,7,1,1.0,2,28,6,6,13, , , ,2,5.0,2017.0,0,7.0,Empleado_Informal,11.0,11.0,0.0,5,56,1
843,286,11,5,2,8343,4210,1.0,6.0,7,1,1.0,1,26,6,5,13, , , ,9,11.0,2019.0, ,5.0,Empleado_Informal,10.0,10.0,0.0,8,42,1
843,295,11,2,2,8332,4923,3.0,0.0,2,1,2.0,1,37,1,6,13, , , ,2,5.0,2016.0, ,8.0,Empleado_Formal,11.0,11.0,0.0,8,49,1
843,297,11,1,2,3314,4520,0.0,11.0,7,1,1.0,2,30,6,7,13, , ,3,2,10.0,2018.0,0,6.0,Empleado_Informal,12.5,12.5,0.0,3,45,1
853,292,11,1,2,9629,9603,2.0,2.0,2,1,1.0,1,36,1,6,13, , , ,2,5.0,2019.0, ,5.0,Empleado_Informal,11.0,11.0,0.0,9,96,1
853,292,11,2,2,9629,5610,1.0,2.0,7,1,1.0,2,26,1,6,13, , , ,1,8.0,2019.0,0,5.0,Empleado_Informal,11.0,11.0,0.0,9,56,1
853,293,11,1,2,8342,4322,6.0,0.0,7,1,2.0,1,31,6,6,13, , , ,2,10.0,2018.0, ,6.0,Empleado_Formal,11.0,11.0,0.0,8,43,1
853,294,11,1,2,9629,5210,3.0,6.0,2,1,2.0,1,48,6,3,13, , , ,2,9.0,2020.0, ,4.0,Empleado_Formal,4.5,4.5,0.0,9,52,1
950,379,11,2,2,5131,5610,0.0,6.0,7,1,1.0,1,19,6,5,6, , ,1,1,8.0,2019.0, ,5.0,Empleado_Informal,10.0,11.0,-1.0,5,56,1
950,381,11,1,2,5120,5610,8.0,0.0,7,1,1.0,2,35,1,10,13,1,2,3,1,3.0,2022.0, ,2.0,Empleado_Informal,16.0,16.0,0.0,5,56,1
950,381,11,2,2,8322,4923,2.0,0.0,7,1,1.0,1,36,1,6,13, , , ,2,7.0,2021.0, ,3.0,Empleado_Informal,11.0,11.0,0.0,8,49,1
969,376,11,1,2,5131,5610,0.0,3.0,7,1,1.0,2,34,5,6,13, , , ,2,6.0,2019.0, ,5.0,Empleado_Informal,11.0,11.0,0.0,5,56,1
969,378,11,1,1,7234,4220,6.0,0.0,2,1,2.0,1,47,1,1,6, , ,1,,,,,,Empleado_Formal,0.0,11.0,-11.0,7,42,1
969,378,11,2,2,9622,6810,2.0,0.0,7,1,1.0,2,45,1,6,13, , , ,1,10.0,2019.0, ,5.0,Empleado_Informal,11.0,11.0,0.0,9,68,1
969,380,11,1,2,9622,6810,1.0,6.0,2,1,2.0,1,43,1,9,13, , ,3,2,9.0,2018.0, ,6.0,Empleado_Formal,13.5,13.5,0.0,9,68,1
969,380,11,2,1,,,0.0,0.0, ,3,,2,46,1,1,6, , ,1,,,,,,Desempleado,0.0,11.0,-11.0,,,0
1018,413,11,1,2,9533,4799,2.0,0.0, ,1,1.0,2,52,1,6,13, , , ,2,10.0,2018.0, ,6.0,Empleado_Informal,11.0,11.0,0.0,9,47,1
1018,413,11,2,2,9112,9329,3.0,0.0,7,1,1.0,1,46,1,5,13, , , ,2,11.0,2018.0, ,6.0,Empleado_Informal,10.0,10.0,0.0,9,93,1
1018,413,11,3,2,5120,5610,4.0,0.0,7,1,1.0,1,23,6,5,13, , , ,1,3.0,2020.0, ,4.0,Empleado_Informal,10.0,10.0,0.0,5,56,1
1018,413,11,4,2,9412,5610,0.0,6.0,7,1,1.0,2,27,6,6,13, , , ,2,6.0,2018.0, ,6.0,Empleado_Informal,11.0,11.0,0.0,9,56,1
1018,417,11,1,2,5230,5610,3.0,0.0,7,1,1.0,2,33,6,8,13,1,2,3,2,10.0,2018.0, ,6.0,Empleado_Informal,14.0,14.0,0.0,5,56,1
1018,418,11,1,2,3314,5610,1.0,6.0,2,1,2.0,1,27,6,9,13, , ,3,2,7.0,2019.0, ,5.0,Empleado_Formal,13.5,13.5,0.0,3,56,1
1018,418,11,2,2,5131,5610,5.0,0.0,7,1,1.0,1,25,6,9,13, , ,3,2,1.0,2019.0, ,5.0,Empleado_Informal,13.5,13.5,0.0,5,56,1
1028,418,11,1,2,8321,4922,1.0,3.0, ,1,1.0,1,24,1,6,13, , , ,2,11.0,2021.0,0,3.0,Empleado_Informal,11.0,11.0,0.0,8,49,1
1028,418,11,2,2,5120,5630,0.0,4.0,7,1,1.0,2,24,1,8,13,1,2,3,2,11.0,2021.0, ,3.0,Empleado_Informal,14.0,14.0,0.0,5,56,1
1028,419,11,1,2,5212,4752,3.0,0.0, ,1,2.0,1,25,1,9,13, , ,3,2,1.0,2019.0,0,5.0,Empleado_Formal,13.5,13.5,0.0,5,47,1
1028,419,11,2,1,5212,4752,1.0,0.0,7,2,,2,24,1,1,6, , ,1,,,,,,Desempleado,0.0,11.0,-11.0,5,47,1
1028,430,11,1,2,5213,4781,3.0,0.0, ,1,1.0,1,41,1,6,13, , , ,2,8.0,2018.0, ,6.0,Empleado_Informal,11.0,11.0,0.0,5,47,1
1037,439,11,1,1,3314,7730,6.0,0.0, ,1,2.0,1,35,1,1,10, , ,0,,,,,,Empleado_Formal,0.0,16.0,-16.0,3,77,1
1037,439,11,2,2,4110,1073,0.0,1.0,2,1,2.0,2,29,1,10,13,1,2,3,2,7.0,2024.0,0,0.0,Empleado_Formal,16.0,16.0,0.0,4,10,1
1037,447,11,1,2,2342,8510,5.0,0.0,2,1,1.0,2,43,6,10,13,1,2,3,2,6.0,2015.0,0,9.0,Empleado_Informal,16.0,16.0,0.0,2,85,1
1037,451,11,1,2,,,0.0,0.0, ,2,,2,37,1,9,13, , ,3,9,5.0,2024.0, ,0.0,Desempleado,13.5,13.5,0.0,,,0
1037,451,11,2,2,9629,9000,3.0,0.0,7,1,1.0,1,28,1,6,13, , , ,9,10.0,2018.0, ,6.0,Empleado_Informal,11.0,11.0,0.0,9,90,1
1047,445,11,1,2,9622,8010,2.0,0.0,7,1,1.0,1,21,1,6,13, , , ,2,3.0,2021.0,1,3.0,Empleado_Informal,11.0,11.0,0.0,9,80,1
1047,445,11,2,2,9622,6810,1.0,6.0,7,1,1.0,1,26,6,6,13, , , ,2,5.0,2024.0,0,0.0,Empleado_Informal,11.0,11.0,0.0,9,68,1
1047,445,11,3,1,8321,4922,0.0,5.0, ,1,1.0,1,20,6,1,6, , ,1,,,,,,Empleado_Informal,0.0,11.0,-11.0,8,49,1
1047,450,11,1,2,9629,4530,4.0,5.0,7,1,1.0,1,35,1,6,13, , , ,2,2.0,2019.0, ,5.0,Empleado_Informal,11.0,11.0,0.0,9,45,1
1047,450,11,2,2,,,0.0,0.0, ,3,,2,71,3,3,13, , , ,1,4.0,2022.0, ,2.0,Desempleado,4.5,4.5,0.0,,,0
1047,450,11,3,2,9121,9601,0.0,3.0, ,1,1.0,2,53,6,8,13,1,2,3,1,4.0,2022.0, ,2.0,Empleado_Informal,14.0,14.0,0.0,9,96,1
1047,450,11,4,2,9622,6810,1.0,10.0,7,1,1.0,1,55,1,10,13,1,2,3,2,1.0,2019.0,1,5.0,Empleado_Informal,16.0,16.0,0.0,9,68,1
1047,450,11,5,2,5131,5610,0.0,3.0,7,1,1.0,2,21,6,6,13, , , ,2,9.0,2024.0, ,0.0,Empleado_Informal,11.0,11.0,0.0,5,56,1
1047,456,11,1,2,9333,4663,1.0,0.0,7,1,1.0,1,30,1,6,13, , , ,2,2.0,2019.0, ,5.0,Empleado_Informal,11.0,11.0,0.0,9,46,1
1047,456,11,2,2,5131,5610,0.0,4.0,7,1,1.0,2,29,1,5,13, , , ,9,2.0,2019.0, ,5.0,Empleado_Informal,10.0,10.0,0.0,5,56,1
1057,457,11,1,2,5312,8510,3.0,0.0,7,1,1.0,2,60,6,10,13,1,2,3,2,2.0,2018.0, ,6.0,Empleado_Informal,16.0,16.0,0.0,5,85,1
1057,457,11,2,2,5120,5610,3.0,0.0,7,1,1.0,1,20,6,5,6, , ,1,2,2.0,2018.0, ,6.0,Empleado_Informal,10.0,11.0,-1.0,5,56,1
1057,463,11,1,2,9112,1020,1.0,0.0,7,1,1.0,2,59,3,10,13,1,2,3,2,3.0,2019.0, ,5.0,Empleado_Informal,16.0,16.0,0.0,9,10,1
1057,463,11,2,2,7421,9522,3.0,0.0, ,1,1.0,1,29,6,6,13, , , ,1,10.0,2023.0,0,1.0,Empleado_Informal,11.0,11.0,0.0,7,95,1
1057,463,11,3,2,7511,1020,0.0,6.0,7,1,1.0,2,29,6,6,13, , , ,2,10.0,2020.0, ,4.0,Empleado_Informal,11.0,11.0,0.0,7,10,1
1066,466,11,1,2,9622,5610,0.0,3.0,7,1,1.0,1,23,6,6,13, , , ,1,5.0,2021.0,1,3.0,Empleado_Informal,11.0,11.0,0.0,9,56,1
1066,467,11,1,2,8321,4922,0.0,3.0, ,1,1.0,1,33,1,8,13,1,2,3,2,5.0,2019.0, ,5.0,Empleado_Informal,14.0,14.0,0.0,8,49,1
1066,467,11,2,2,5245,1071,3.0,0.0,7,1,1.0,2,27,1,6,13, , , ,2,3.0,2024.0, ,0.0,Empleado_Informal,11.0,11.0,0.0,5,10,1
1066,468,11,1,2,4110,9329,0.0,4.0,7,1,1.0,1,32,6,8,13,1,2,3,1,9.0,2019.0, ,5.0,Empleado_Informal,14.0,14.0,0.0,4,93,1
1075,6,11,1,2,5131,5630,0.0,10.0,7,1,1.0,2,25,6,8,13,1,2,3,2,10.0,2018.0, ,6.0,Empleado_Informal,14.0,14.0,0.0,5,56,1
1075,8,11,1,2,9629,1811,0.0,1.0,7,1,1.0,2,18,6,3,5, , , ,4,10.0,2016.0, ,8.0,Empleado_Informal,4.5,8.5,-4.0,9,18,1
1075,9,11,1,2,9313,4100,0.0,8.0,7,1,1.0,1,21,6,6,13, , , ,1,2.0,2023.0,0,1.0,Empleado_Informal,11.0,11.0,0.0,9,41,1
1114,21,11,1,2,9313,4100,0.0,6.0,7,1,1.0,1,46,1,5,13, , , ,2,2.0,2020.0, ,4.0,Empleado_Informal,10.0,10.0,0.0,9,41,1
1114,25,11,1,2,7128,4330,0.0,1.0,7,1,1.0,1,55,1,6,13, , , ,2,7.0,2021.0, ,3.0,Empleado_Informal,11.0,11.0,0.0,7,43,1
1114,25,11,2,2,9111,9700,0.0,6.0,7,1,1.0,2,67,1,6,13, , , ,2,7.0,2018.0, ,6.0,Empleado_Informal,11.0,11.0,0.0,9,97,1
1114,25,11,3,2,2411,4771,0.0,2.0,2,1,1.0,2,27,6,10,10, , ,3,2,1.0,2018.0, ,6.0,Empleado_Informal,16.0,16.0,0.0,2,47,1
1114,30,11,1,2,9629,9329,0.0,6.0,7,1,1.0,2,21,6,5,13, , , ,1,9.0,2023.0, ,1.0,Empleado_Informal,10.0,10.0,0.0,9,93,1
1114,30,11,2,2,9629,9329,0.0,1.0,7,1,1.0,2,21,6,6,13, , , ,9,8.0,2024.0, ,0.0,Empleado_Informal,11.0,11.0,0.0,9,93,1
1297,110,11,1,2,4224,5510,4.0,0.0,7,1,1.0,2,51,6,10,13,1,2,3,2,2.0,2019.0, ,5.0,Empleado_Informal,16.0,16.0,0.0,4,55,1
1297,110,11,3,2,9112,5510,2.0,9.0,7,1,1.0,2,27,2,9,13, , ,3,2,2.0,2022.0, ,2.0,Empleado_Informal,13.5,13.5,0.0,9,55,1
1297,110,11,4,2,7513,1071,0.0,1.0, ,1,1.0,2,49,6,4,13, , , ,9,7.0,2024.0, ,0.0,Empleado_Informal,9.0,9.0,0.0,7,10,1
1297,125,11,1,2,5322,9609,0.0,1.0, ,1,2.0,2,40,6,6,13, , , ,2,4.0,2019.0, ,5.0,Empleado_Formal,11.0,11.0,0.0,5,96,1
1297,125,11,3,2,5212,4761,0.0,1.0,7,1,1.0,2,25,6,5,13, , , ,9,9.0,2022.0,0,2.0,Empleado_Informal,10.0,10.0,0.0,5,47,1
1297,126,11,1,2,7221,2511,4.0,0.0, ,1,2.0,1,46,6,3,13, , , ,2,5.0,2019.0, ,5.0,Empleado_Formal,4.5,4.5,0.0,7,25,1
1441,186,11,1,2,9622,9329,3.0,0.0,7,1,1.0,1,42,1,6,13, , , ,2,5.0,2018.0, ,6.0,Empleado_Informal,11.0,11.0,0.0,9,93,1
1441,186,11,2,2,5120,5610,2.0,0.0,7,1,1.0,2,30,1,8,13,2, ,3,1,1.0,2019.0, ,5.0,Empleado_Informal,14.0,14.0,0.0,5,56,1
1441,186,11,5,2,5120,5610,1.0,0.0,7,1,1.0,1,28,6,9,13, , ,3,2,12.0,2021.0, ,3.0,Empleado_Informal,13.5,13.5,0.0,5,56,1
1441,188,11,1,2,7513,1071,0.0,3.0, ,1,1.0,2,50,6,6,13, , , ,1,11.0,2021.0,0,3.0,Empleado_Informal,11.0,11.0,0.0,7,10,1
1441,188,11,2,2,5120,5610,3.0,0.0,7,1,1.0,2,28,6,9,13, , ,3,1,1.0,2022.0, ,2.0,Empleado_Informal,13.5,13.5,0.0,5,56,1
1441,189,11,1,2,5120,5610,0.0,5.0,7,1,1.0,2,44,6,6,13, , , ,2,11.0,2020.0, ,4.0,Empleado_Informal,11.0,11.0,0.0,5,56,1
1519,233,11,1,2,2636,9491,6.0,0.0,5,1,1.0,1,54,2,10,11, , ,3,2,8.0,2018.0,0,6.0,Empleado_Informal,16.0,19.0,-3.0,2,94,1
1519,233,11,3,2,5312,8510,0.0,8.0,7,1,1.0,2,28,6,10,13,1,2,3,2,3.0,2018.0, ,6.0,Empleado_Informal,16.0,16.0,0.0,5,85,1
1519,233,11,4,2,9629,8411,0.0,1.0,5,1,1.0,2,27,6,6,13, , , ,2,8.0,2018.0, ,6.0,Empleado_Informal,11.0,11.0,0.0,9,84,1
1519,233,11,5,2,5312,8510,0.0,7.0,7,1,1.0,2,22,6,5,6, , ,1,2,8.0,2018.0, ,6.0,Empleado_Informal,10.0,11.0,-1.0,5,85,1
1519,234,11,1,1,7128,4330,0.0,4.0, ,1,1.0,1,27,1,1,7, , ,0,,,,,,Empleado_Informal,0.0,12.5,-12.5,7,43,1
1519,245,11,1,1,2511,6201,1.0,0.0,2,1,2.0,1,35,1,1,10, , ,0,,,,,,Empleado_Formal,0.0,16.0,-16.0,2,62,1
1519,245,11,2,2,5212,4771,0.0,1.0, ,1,1.0,2,23,1,6,13, , , ,2,4.0,2019.0, ,5.0,Empleado_Informal,11.0,11.0,0.0,5,47,1
1532,243,11,1,2,7513,1071,4.0,0.0,7,1,1.0,2,46,1,9,13, , ,3,2,7.0,2018.0, ,6.0,Empleado_Informal,13.5,13.5,0.0,7,10,1
1532,243,11,2,1,9535,4799,0.0,1.0, ,1,1.0,1,46,1,1,5, , , ,,,,,,Empleado_Informal,0.0,8.5,-8.5,9,47,1
1532,243,11,3,2,5120,5610,0.0,9.0,7,1,1.0,2,25,5,6,13, , , ,9,7.0,2018.0, ,6.0,Empleado_Informal,11.0,11.0,0.0,5,56,1
1532,260,11,1,2,9313,4100,0.0,1.0,7,1,1.0,1,25,1,10,13,1,2,3,3,5.0,2021.0, ,3.0,Empleado_Informal,16.0,16.0,0.0,9,41,1
1532,260,11,2,2,,,0.0,0.0, ,2,,2,21,1,6,13, , , ,3,5.0,2021.0, ,3.0,Desempleado,11.0,11.0,0.0,,,0
1532,264,11,1,2,9313,4100,0.0,2.0,7,1,1.0,1,46,1,5,13, , , ,2,11.0,2020.0, ,4.0,Empleado_Informal,10.0,10.0,0.0,9,41,1
1546,248,11,1,2,9533,4799,1.0,0.0,7,1,1.0,2,36,1,6,13, , , ,2,10.0,2018.0,0,6.0,Empleado_Informal,11.0,11.0,0.0,9,47,1
1546,248,11,2,2,5213,4781,5.0,0.0,7,1,1.0,1,38,1,5,13, , , ,9,1.0,2019.0,1,5.0,Empleado_Informal,10.0,10.0,0.0,5,47,1
1546,248,11,4,2,7411,4321,0.0,1.0, ,1,1.0,1,56,1,5,13, , , ,9,9.0,2020.0, ,4.0,Empleado_Informal,10.0,10.0,0.0,7,43,1
1546,248,11,6,2,9333,5224,0.0,1.0,7,1,1.0,1,40,6,5,13, , , ,9,10.0,2023.0, ,1.0,Empleado_Informal,10.0,10.0,0.0,9,52,1
1546,249,11,1,2,5131,5630,0.0,5.0,7,1,1.0,2,25,6,6,13, , , ,9,12.0,2023.0, ,1.0,Empleado_Informal,11.0,11.0,0.0,5,56,1
1546,249,11,5,2,,,0.0,0.0, ,2,,1,21,6,5,13, , , ,9,12.0,2023.0,0,1.0,Desempleado,10.0,10.0,0.0,,,0
1546,251,11,2,2,9333,1061,0.0,2.0,7,1,1.0,1,22,1,6,13, , , ,9,1.0,2021.0, ,3.0,Empleado_Informal,11.0,11.0,0.0,9,10,1
1559,255,11,1,2,9533,4799,4.0,0.0, ,1,1.0,2,52,6,9,13, , ,3,2,10.0,2020.0, ,4.0,Empleado_Informal,13.5,13.5,0.0,9,47,1
1559,256,11,1,2,,,0.0,0.0, ,2,,2,41,1,9,13, , ,3,1,9.0,2022.0, ,2.0,Desempleado,13.5,13.5,0.0,,,0
1559,256,11,2,2,9621,4923,2.0,0.0, ,1,1.0,1,41,1,5,13, , , ,1,11.0,2021.0,0,3.0,Empleado_Informal,10.0,10.0,0.0,9,49,1
1559,260,11,1,1,4419,4773,0.0,3.0,2,1,2.0,1,36,1,1,10, , ,0,,,,,,Empleado_Formal,0.0,16.0,-16.0,4,47,1
1572,259,11,1,1,2359,8521,20.0,0.0,1,1,1.0,2,62,1,1,8, , ,0,,,,,,Empleado_Informal,0.0,14.0,-14.0,2,85,1
1572,259,11,2,2,9313,4100,0.0,1.0,7,1,1.0,1,66,1,6,13, , , ,6,2.0,2021.0,1,3.0,Empleado_Informal,11.0,11.0,0.0,9,41,1
1572,260,11,1,2,3213,4772,4.0,0.0,7,1,1.0,2,43,1,8,13,2, ,3,2,10.0,2020.0,1,4.0,Empleado_Informal,14.0,14.0,0.0,3,47,1
1572,260,11,2,1,7128,4330,0.0,2.0,7,1,1.0,1,42,1,6,6, , ,1,,,,,,Empleado_Informal,11.0,11.0,0.0,7,43,1
1572,260,11,4,2,7513,1071,0.0,1.0,7,1,1.0,2,60,5,5,13, , , ,2,11.0,2019.0, ,5.0,Empleado_Informal,10.0,10.0,0.0,7,10,1
1572,260,11,5,2,9629,2599,3.0,0.0,7,1,1.0,1,27,5,6,13, , , ,2,8.0,2021.0,0,3.0,Empleado_Informal,11.0,11.0,0.0,9,25,1
1572,281,11,1,2,9333,5224,2.0,0.0, ,1,1.0,1,29,1,6,13, , , ,1,4.0,2019.0, ,5.0,Empleado_Informal,11.0,11.0,0.0,9,52,1
1585,265,11,1,2,9112,8121,0.0,1.0,7,1,1.0,2,44,5,6,13, , , ,1,10.0,2020.0, ,4.0,Empleado_Informal,11.0,11.0,0.0,9,81,1
1585,272,11,1,2,7111,4100,0.0,2.0,7,1,1.0,1,35,1,3,13, , , ,2,12.0,2018.0, ,6.0,Empleado_Informal,4.5,4.5,0.0,7,41,1
1585,278,11,1,2,9333,5224,0.0,4.0, ,1,1.0,1,40,1,6,13, , , ,1,2.0,2023.0, ,1.0,Empleado_Informal,11.0,11.0,0.0,9,52,1
1585,278,11,2,1,5211,4641,0.0,2.0,7,1,1.0,2,36,1,1,6, , ,1,,,,,,Empleado_Informal,0.0,11.0,-11.0,5,46,1
1598,271,11,1,2,5131,5610,0.0,3.0,7,1,1.0,2,27,6,5,13, , , ,2,7.0,2021.0,0,3.0,Empleado_Informal,10.0,10.0,0.0,5,56,1
1598,272,11,1,2,9333,5224,0.0,4.0,7,1,1.0,1,39,2,10,11, , ,3,2,2.0,2019.0, ,5.0,Empleado_Informal,16.0,19.0,-3.0,9,52,1
1598,272,11,2,2,9411,5610,0.0,6.0, ,1,1.0,2,39,2,6,13, , , ,2,4.0,2018.0, ,6.0,Empleado_Informal,11.0,11.0,0.0,9,56,1
1598,273,11,1,1,9333,5224,1.0,1.0,7,1,1.0,1,30,1,1,6, , ,1,,,,,,Empleado_Informal,0.0,11.0,-11.0,9,52,1
1611,278,11,1,1,9122,4520,0.0,2.0,7,1,1.0,1,38,1,1,6, , ,1,,,,,,Empleado_Informal,0.0,11.0,-11.0,9,45,1
1611,278,11,2,2,9411,5610,1.0,0.0, ,1,1.0,2,46,1,6,13, , , ,1,8.0,2018.0, ,6.0,Empleado_Informal,11.0,11.0,0.0,9,56,1
1611,289,11,1,2,7513,1071,4.0,1.0, ,1,1.0,1,50,5,8,13,1,2,3,2,4.0,2018.0,1,6.0,Empleado_Informal,14.0,14.0,0.0,7,10,1
1611,291,11,1,2,5120,5610,1.0,1.0,7,1,1.0,2,48,5,5,13, , , ,2,3.0,2019.0, ,5.0,Empleado_Informal,10.0,10.0,0.0,5,56,1
1611,291,11,4,2,9412,5610,0.0,5.0,7,1,1.0,2,24,5,5,13, , , ,2,3.0,2020.0, ,4.0,Empleado_Informal,10.0,10.0,0.0,9,56,1
1624,286,11,1,2,9121,9601,0.0,1.0, ,1,1.0,2,39,5,5,13, , , ,2,11.0,2018.0,0,6.0,Empleado_Informal,10.0,10.0,0.0,9,96,1
1624,286,11,2,2,4321,2220,0.0,1.0,7,1,1.0,1,17,6,5,13, , , ,2,7.0,2022.0,0,2.0,Empleado_Informal,10.0,10.0,0.0,4,22,1
1624,287,11,1,2,,,0.0,0.0, ,2,,2,27,1,6,13, , , ,2,9.0,2021.0, ,3.0,Desempleado,11.0,11.0,0.0,,,0
1624,287,11,2,2,5213,4781,2.0,0.0,7,1,1.0,1,24,1,6,13, , , ,2,4.0,2019.0,0,5.0,Empleado_Informal,11.0,11.0,0.0,5,47,1
1624,287,11,6,2,4214,6492,0.0,2.0,7,1,1.0,1,26,1,6,13, , , ,2,12.0,2018.0, ,6.0,Empleado_Informal,11.0,11.0,0.0,4,64,1
1624,287,11,7,2,,,0.0,0.0, ,3,,2,30,1,5,13, , , ,2,4.0,2019.0, ,5.0,Desempleado,10.0,10.0,0.0,,,0
1624,289,11,1,2,5213,4782,1.0,2.0,7,1,1.0,1,34,6,6,13, , , ,6,2.0,2019.0, ,5.0,Empleado_Informal,11.0,11.0,0.0,5,47,1
1637,290,11,1,2,7351,1392,2.0,11.0, ,1,1.0,2,43,2,10,13,1,2,3,2,2.0,2018.0, ,6.0,Empleado_Informal,16.0,16.0,0.0,7,13,1
1637,290,11,2,2,9549,4799,0.0,6.0, ,1,1.0,1,41,2,6,13, , , ,2,2.0,2018.0, ,6.0,Empleado_Informal,11.0,11.0,0.0,9,47,1
1637,290,11,4,2,7351,1392,2.0,11.0, ,1,1.0,1,22,1,5,13, , , ,2,2.0,2018.0, ,6.0,Empleado_Informal,10.0,10.0,0.0,7,13,1
1637,290,11,5,2,9541,4799,3.0,0.0, ,1,1.0,2,19,1,5,13, , , ,1,12.0,2020.0,0,4.0,Empleado_Informal,10.0,10.0,0.0,9,47,1
1637,290,11,8,2,9541,4799,1.0,10.0, ,1,1.0,1,66,2,4,13, , , ,2,8.0,2018.0, ,6.0,Empleado_Informal,9.0,9.0,0.0,9,47,1
1637,291,11,1,2,5212,4773,2.0,0.0,7,1,1.0,2,34,1,5,13, , , ,9,11.0,2022.0, ,2.0,Empleado_Informal,10.0,10.0,0.0,5,47,1
1637,291,11,2,2,7128,4100,2.0,0.0,7,1,1.0,1,36,1,4,13, , , ,9,12.0,2020.0, ,4.0,Empleado_Informal,9.0,9.0,0.0,7,41,1
1637,291,11,3,2,9313,4100,0.0,2.0,7,1,1.0,1,15,6,5,13, , , ,9,6.0,2024.0, ,0.0,Empleado_Informal,10.0,10.0,0.0,9,41,1
1637,292,11,2,2,7411,4100,0.0,3.0,7,1,1.0,1,35,1,5,13, , , ,2,6.0,2021.0,0,3.0,Empleado_Informal,10.0,10.0,0.0,7,41,1
1650,296,11,1,2,5120,5610,0.0,1.0, ,1,1.0,2,51,6,6,13, , , ,9,5.0,2018.0, ,6.0,Empleado_Informal,11.0,11.0,0.0,5,56,1
1650,296,11,2,2,9411,5610,0.0,1.0, ,1,1.0,1,32,6,7,13, , ,3,9,3.0,2023.0, ,1.0,Empleado_Informal,12.5,12.5,0.0,9,56,1
1650,296,11,3,2,5211,4630,11.0,0.0,7,1,1.0,1,27,6,5,13, , , ,9,12.0,2016.0, ,8.0,Empleado_Informal,10.0,10.0,0.0,5,46,1
1650,297,11,1,2,5141,9602,2.0,0.0, ,1,1.0,2,38,1,10,13,1,2,3,1,7.0,2019.0, ,5.0,Empleado_Informal,16.0,16.0,0.0,5,96,1
1650,297,11,2,1,9333,4781,10.0,0.0,7,1,1.0,1,29,1,1,5, , , ,,,,,,Empleado_Informal,0.0,8.5,-8.5,9,47,1
1650,297,11,3,2,,,0.0,0.0, ,2,,2,19,6,6,13, , , ,9,7.0,2024.0, ,0.0,Desempleado,11.0,11.0,0.0,,,0
1650,300,11,1,2,5131,5610,0.0,2.0,7,1,1.0,2,41,6,5,13, , , ,2,11.0,2019.0,0,5.0,Empleado_Informal,10.0,10.0,0.0,5,56,1
1650,300,11,2,2,9333,5224,1.0,6.0, ,1,1.0,1,22,6,5,5, , , ,2,7.0,2019.0, ,5.0,Empleado_Informal,10.0,8.5,1.5,9,52,1
1650,300,11,3,2,9333,4721,0.0,1.0,7,1,1.0,1,16,6,3,5, , , ,2,7.0,2019.0,1,5.0,Empleado_Informal,4.5,8.5,-4.0,9,47,1
1663,301,11,1,2,5131,5610,2.0,0.0,7,1,1.0,2,26,6,5,13, , , ,2,1.0,2019.0,1,5.0,Empleado_Informal,10.0,10.0,0.0,5,56,1
1663,302,11,1,2,5120,5610,2.0,0.0,7,1,2.0,2,42,6,8,13,2, ,3,2,10.0,2018.0, ,6.0,Empleado_Formal,14.0,14.0,0.0,5,56,1
1663,303,11,1,2,9621,5610,0.0,6.0,7,1,1.0,1,27,6,5,13, , , ,2,3.0,2020.0, ,4.0,Empleado_Informal,10.0,10.0,0.0,9,56,1
1702,319,11,1,2,5120,5630,2.0,0.0,7,1,1.0,2,33,5,10,13,1,2,3,2,10.0,2017.0,1,7.0,Empleado_Informal,16.0,16.0,0.0,5,56,1
1702,321,11,1,2,7231,4520,3.0,9.0, ,1,1.0,1,33,1,5,13, , , ,2,1.0,2021.0, ,3.0,Empleado_Informal,10.0,10.0,0.0,7,45,1
1702,321,11,4,2,7231,4520,0.0,4.0,7,1,1.0,1,15,6,4,5, , , ,9,1.0,2021.0, ,3.0,Empleado_Informal,9.0,8.5,0.5,7,45,1
1702,322,11,1,2,7231,4520,1.0,6.0,7,1,1.0,1,56,6,4,13, , , ,1,1.0,2021.0,0,3.0,Empleado_Informal,9.0,9.0,0.0,7,45,1
1716,334,11,1,1,9313,4100,0.0,1.0,7,1,1.0,1,28,1,1,6, , ,1,,,,,,Empleado_Informal,0.0,11.0,-11.0,9,41,1
1716,335,11,1,2,9412,8423,0.0,3.0,5,1,1.0,2,41,5,10,13,1,2,3,1,11.0,2020.0, ,4.0,Empleado_Informal,16.0,16.0,0.0,9,84,1
1716,335,11,2,2,9333,4721,0.0,5.0,7,1,1.0,1,19,6,5,13, , , ,2,10.0,2020.0, ,4.0,Empleado_Informal,10.0,10.0,0.0,9,47,1
1716,337,11,1,2,7212,2592,0.0,1.0,7,1,1.0,1,27,6,5,13, , , ,9,2.0,2024.0, ,0.0,Empleado_Informal,10.0,10.0,0.0,7,25,1
1729,332,11,1,2,9333,4923,2.0,0.0, ,1,1.0,1,28,1,9,13, , ,3,2,12.0,2018.0, ,6.0,Empleado_Informal,13.5,13.5,0.0,9,49,1
1729,332,11,2,2,9333,4923,2.0,0.0,7,1,1.0,2,26,1,6,13, , , ,2,2.0,2019.0, ,5.0,Empleado_Informal,11.0,11.0,0.0,9,49,1
1729,333,11,1,2,9333,4923,3.0,5.0, ,1,1.0,1,22,1,6,9, , ,0,2,12.0,2020.0,1,4.0,Empleado_Informal,11.0,13.5,-2.5,9,49,1
1729,333,11,2,1,5211,4630,0.0,10.0,7,1,1.0,2,20,1,1,9, , ,0,,,,,,Empleado_Informal,0.0,13.5,-13.5,5,46,1
1729,337,11,1,2,9629,8130,1.0,9.0,7,1,1.0,1,41,1,5,13, , , ,1,11.0,2020.0, ,4.0,Empleado_Informal,10.0,10.0,0.0,9,81,1
1729,337,11,2,2,5212,4752,1.0,6.0,7,1,1.0,2,52,1,5,13, , , ,1,4.0,2022.0, ,2.0,Empleado_Informal,10.0,10.0,0.0,5,47,1
1742,337,11,1,2,9313,4100,0.0,4.0,7,1,1.0,1,36,1,5,13, , , ,9,2.0,2019.0,1,5.0,Empleado_Informal,10.0,10.0,0.0,9,41,1
1742,337,11,2,2,,,0.0,0.0, ,3,,2,45,1,5,13, , , ,1,2.0,2020.0, ,4.0,Desempleado,10.0,10.0,0.0,,,0
1742,338,11,1,2,9333,5224,3.0,0.0, ,1,1.0,1,42,6,5,13, , , ,9,10.0,2018.0, ,6.0,Empleado_Informal,10.0,10.0,0.0,9,52,1
1742,343,11,1,2,9333,4923,1.0,2.0,7,1,1.0,1,30,1,5,13, , , ,9,9.0,2023.0, ,1.0,Empleado_Informal,10.0,10.0,0.0,9,49,1
1755,343,11,1,2,5131,5610,0.0,3.0,7,1,1.0,2,39,6,6,13, , , ,2,9.0,2022.0, ,2.0,Empleado_Informal,11.0,11.0,0.0,5,56,1
1755,343,11,5,2,5131,5610,0.0,6.0,7,1,1.0,2,24,6,6,13, , , ,1,8.0,2023.0, ,1.0,Empleado_Informal,11.0,11.0,0.0,5,56,1
1755,356,11,1,2,9333,5224,3.0,0.0, ,1,1.0,1,44,1,5,13, , , ,2,11.0,2019.0, ,5.0,Empleado_Informal,10.0,10.0,0.0,9,52,1
1755,356,11,2,1,9521,4799,10.0,0.0, ,1,1.0,2,38,1,1,5, , , ,,,,,,Empleado_Informal,0.0,8.5,-8.5,9,47,1
1755,359,11,1,2,8171,1610,0.0,4.0,7,1,1.0,1,30,1,6,13, , , ,2,7.0,2021.0, ,3.0,Empleado_Informal,11.0,11.0,0.0,8,16,1
1768,349,11,1,2,9333,5224,0.0,5.0, ,1,1.0,1,26,2,6,13, , , ,2,11.0,2020.0, ,4.0,Empleado_Informal,11.0,11.0,0.0,9,52,1
1768,350,11,1,1,9629,7490,15.0,0.0, ,1,1.0,1,56,1,1,10, , ,0,,,,,,Empleado_Informal,0.0,16.0,-16.0,9,74,1
1768,350,11,3,2,9122,4520,2.0,1.0,7,1,1.0,1,30,6,10,13,1,2,3,2,9.0,2018.0, ,6.0,Empleado_Informal,16.0,16.0,0.0,9,45,1
1768,351,11,1,2,9333,5224,1.0,6.0, ,1,1.0,1,21,1,5,13, , , ,1,3.0,2019.0,1,5.0,Empleado_Informal,10.0,10.0,0.0,9,52,1
1781,360,11,1,2,9333,1010,0.0,4.0,7,1,1.0,1,27,1,5,13, , , ,1,7.0,2019.0, ,5.0,Empleado_Informal,10.0,10.0,0.0,9,10,1
1781,363,11,1,2,9512,4799,2.0,0.0, ,1,1.0,2,28,5,8,13,1,2,3,2,6.0,2019.0, ,5.0,Empleado_Informal,14.0,14.0,0.0,9,47,1
1781,365,11,1,2,5212,4741,0.0,1.0,2,1,1.0,2,30,5,9,13, , ,3,2,6.0,2019.0, ,5.0,Empleado_Informal,13.5,13.5,0.0,5,47,1
1794,363,11,1,2,7213,4520,0.0,1.0,7,1,1.0,1,37,1,3,13, , , ,6,9.0,2018.0, ,6.0,Empleado_Informal,4.5,4.5,0.0,7,45,1
1794,363,11,2,2,9412,5610,0.0,7.0,7,1,1.0,2,33,1,5,13, , , ,9,9.0,2019.0, ,5.0,Empleado_Informal,10.0,10.0,0.0,9,56,1
1794,363,11,3,2,9122,4520,0.0,2.0,7,1,1.0,1,15,6,3,4, , , ,9,9.0,2019.0, ,5.0,Empleado_Informal,4.5,6.0,-1.5,9,45,1
1794,370,11,1,3,9333,4781,0.0,7.0,7,1,1.0,1,36,1,1,13, , , ,9,1.0,2024.0,1,0.0,Empleado_Informal,0.0,0.0,0.0,9,47,1
1794,370,11,2,2,,,0.0,0.0, ,3,,2,43,1,5,13, , , ,2,10.0,2018.0,0,6.0,Desempleado,10.0,10.0,0.0,,,0
1794,370,11,3,2,,,0.0,0.0, ,3,,1,16,6,3,13, , , ,9,6.0,2022.0, ,2.0,Desempleado,4.5,4.5,0.0,,,0
1794,371,11,1,2,9333,3811,2.0,0.0,7,1,1.0,2,41,2,5,13, , , ,2,1.0,2021.0, ,3.0,Empleado_Informal,10.0,10.0,0.0,9,38,1
1794,371,11,2,2,9333,3811,2.0,0.0,7,1,1.0,2,20,6,6,13, , , ,2,1.0,2021.0,1,3.0,Empleado_Informal,11.0,11.0,0.0,9,38,1
1794,371,11,4,2,9333,3811,3.0,0.0,7,1,1.0,1,16,6,5,13, , , ,2,1.0,2021.0,1,3.0,Empleado_Informal,10.0,10.0,0.0,9,38,1
1807,371,11,1,2,3322,4781,1.0,0.0,7,1,1.0,2,43,1,6,13, , , ,2,7.0,2020.0, ,4.0,Empleado_Informal,11.0,11.0,0.0,3,47,1
1807,371,11,2,2,9333,4923,2.0,7.0, ,1,1.0,1,36,1,5,13, , , ,2,1.0,2019.0,1,5.0,Empleado_Informal,10.0,10.0,0.0,9,49,1
1807,380,11,1,2,9629,3811,0.0,11.0,7,1,1.0,1,25,1,3,13, , , ,9,12.0,2024.0, ,0.0,Empleado_Informal,4.5,4.5,0.0,9,38,1
1807,380,11,2,2,5131,5610,0.0,11.0,7,1,1.0,2,28,1,9,13, , ,3,9,6.0,2023.0, ,1.0,Empleado_Informal,13.5,13.5,0.0,5,56,1
1807,381,11,1,2,9333,4630,0.0,8.0,7,1,1.0,1,29,1,5,13, , , ,9,5.0,2019.0, ,5.0,Empleado_Informal,10.0,10.0,0.0,9,46,1
1807,381,11,2,2,5131,5630,0.0,3.0,7,1,1.0,2,29,1,6,13, , , ,9,10.0,2018.0, ,6.0,Empleado_Informal,11.0,11.0,0.0,5,56,1
1820,391,11,1,2,9629,7500,6.0,0.0,7,1,1.0,1,48,1,10,13,1,2,3,2,9.0,2017.0,1,7.0,Empleado_Informal,16.0,16.0,0.0,9,75,1
1820,394,11,1,2,,,0.0,0.0, ,2,,2,20,1,5,6, , ,1,1,12.0,2019.0,0,5.0,Desempleado,10.0,11.0,-1.0,,,0
1820,394,11,2,2,9333,5224,3.0,0.0, ,1,1.0,1,21,1,5,13, , , ,2,4.0,2019.0,1,5.0,Empleado_Informal,10.0,10.0,0.0,9,52,1
1820,398,11,1,2,9549,4799,5.0,0.0, ,1,1.0,2,38,6,10,13,1,2,3,2,11.0,2018.0, ,6.0,Empleado_Informal,16.0,16.0,0.0,9,47,1
1833,383,11,1,2,5120,5610,1.0,0.0, ,1,1.0,2,46,6,6,13, , , ,2,8.0,2018.0, ,6.0,Empleado_Informal,11.0,11.0,0.0,5,56,1
1833,383,11,2,2,5131,5610,0.0,3.0,7,1,1.0,1,24,6,9,13, , ,3,2,9.0,2022.0, ,2.0,Empleado_Informal,13.5,13.5,0.0,5,56,1
1833,396,11,1,2,7128,4330,2.0,0.0, ,1,1.0,1,32,1,5,13, , , ,1,4.0,2024.0, ,0.0,Empleado_Informal,10.0,10.0,0.0,7,43,1
1833,396,11,2,2,7128,4330,0.0,2.0,2,1,1.0,2,24,1,5,13, , , ,9,4.0,2024.0, ,0.0,Empleado_Informal,10.0,10.0,0.0,7,43,1
1833,400,11,1,2,5212,4721,1.0,6.0,7,1,1.0,1,36,1,6,13, , , ,2,1.0,2020.0, ,4.0,Empleado_Informal,11.0,11.0,0.0,5,47,1
1833,400,11,2,2,5120,5610,6.0,0.0, ,1,1.0,2,38,1,10,13,1,2,3,2,9.0,2018.0, ,6.0,Empleado_Informal,16.0,16.0,0.0,5,56,1
1833,400,11,3,2,9629,5221,2.0,0.0,7,1,1.0,1,18,6,4,5, , , ,2,6.0,2019.0, ,5.0,Empleado_Informal,9.0,8.5,0.5,9,52,1
1833,400,11,6,2,9621,4923,1.0,0.0,7,1,1.0,1,25,6,9,13, , ,3,2,6.0,2019.0, ,5.0,Empleado_Informal,13.5,13.5,0.0,9,49,1
1846,393,11,1,2,5131,5610,1.0,6.0,7,1,1.0,1,46,6,10,13,1,2,3,2,10.0,2018.0, ,6.0,Empleado_Informal,16.0,16.0,0.0,5,56,1
1846,398,11,1,2,8321,4922,3.0,9.0, ,1,1.0,1,25,1,6,13, , , ,2,5.0,2018.0,1,6.0,Empleado_Informal,11.0,11.0,0.0,8,49,1
1846,398,11,2,1,2342,8510,6.0,0.0,2,1,1.0,2,29,1,1,10, , ,0,,,,,,Empleado_Informal,0.0,16.0,-16.0,2,85,1
1846,404,11,1,2,3314,6810,1.0,0.0, ,1,2.0,2,35,6,10,11, , ,3,2,7.0,2018.0,1,6.0,Empleado_Formal,16.0,19.0,-3.0,3,68,1
1846,404,11,4,2,3334,6810,0.0,2.0,7,1,1.0,1,59,2,9,13, , ,3,2,2.0,2018.0,1,6.0,Empleado_Informal,13.5,13.5,0.0,3,68,1
1846,404,11,5,2,7354,9529,1.0,1.0, ,1,1.0,2,56,2,10,13,1,2,3,2,4.0,2018.0,0,6.0,Empleado_Informal,16.0,16.0,0.0,7,95,1
1859,430,11,1,2,9511,4799,4.0,0.0, ,1,1.0,1,59,2,4,13, , , ,2,3.0,2019.0, ,5.0,Empleado_Informal,9.0,9.0,0.0,9,47,1
1859,431,11,1,2,5131,5610,3.0,0.0,7,1,1.0,2,29,2,9,13, , ,3,2,2.0,2018.0,1,6.0,Empleado_Informal,13.5,13.5,0.0,5,56,1
1859,432,11,1,2,7513,1071,2.0,6.0,7,1,1.0,1,28,6,9,13, , ,3,1,11.0,2018.0, ,6.0,Empleado_Informal,13.5,13.5,0.0,7,10,1
1872,403,11,1,2,9111,9700,3.0,11.0,7,1,1.0,2,44,6,4,13, , , ,2,11.0,2019.0,0,5.0,Empleado_Informal,9.0,9.0,0.0,9,97,1
1872,406,11,1,2,5212,4773,0.0,1.0,7,1,1.0,1,35,1,10,13,1,2,3,2,10.0,2018.0,0,6.0,Empleado_Informal,16.0,16.0,0.0,5,47,1
1872,408,11,1,2,,,0.0,0.0, ,2,,2,44,6,10,13,1,2,3,1,10.0,2020.0, ,4.0,Desempleado,16.0,16.0,0.0,,,0
1872,408,11,2,2,5131,5610,2.0,0.0,7,1,1.0,2,23,6,6,13, , , ,1,3.0,2022.0, ,2.0,Empleado_Informal,11.0,11.0,0.0,5,56,1
1999,2,11,1,2,,,0.0,0.0, ,2,,2,32,1,6,13, , , ,2,5.0,2019.0, ,5.0,Desempleado,11.0,11.0,0.0,,,0
1999,2,11,2,1,7411,4520,6.0,0.0,7,1,1.0,1,28,1,1,9, , ,0,,,,,,Empleado_Informal,0.0,13.5,-13.5,7,45,1
1999,4,11,1,2,5212,4721,0.0,1.0,7,1,1.0,2,19,6,5,13, , , ,2,12.0,2020.0,1,4.0,Empleado_Informal,10.0,10.0,0.0,5,47,1
1999,5,11,1,2,7513,1071,0.0,8.0,7,1,1.0,2,43,5,10,13,1,2,3,2,8.0,2023.0,0,1.0,Empleado_Informal,16.0,16.0,0.0,7,10,1
1999,5,11,2,2,9313,4100,0.0,4.0,7,1,1.0,1,23,1,6,13, , , ,9,1.0,2024.0, ,0.0,Empleado_Informal,11.0,11.0,0.0,9,41,1
2015,11,11,1,2,7362,1512,0.0,6.0,7,1,1.0,2,33,5,10,13,1,2,3,2,7.0,2019.0, ,5.0,Empleado_Informal,16.0,16.0,0.0,7,15,1
2015,13,11,1,2,7231,4540,0.0,1.0,7,1,1.0,1,69,5,5,13, , , ,2,7.0,2018.0,0,6.0,Empleado_Informal,10.0,10.0,0.0,7,45,1
2015,14,11,1,2,5120,5610,0.0,1.0,7,1,1.0,2,26,5,7,13, , ,3,1,9.0,2017.0, ,7.0,Empleado_Informal,12.5,12.5,0.0,5,56,1
2015,14,11,4,2,5131,5610,0.0,2.0,7,1,1.0,2,21,5,6,13, , , ,9,4.0,2023.0, ,1.0,Empleado_Informal,11.0,11.0,0.0,5,56,1
2032,16,11,1,2,9621,4923,1.0,2.0, ,1,1.0,1,29,1,6,13, , , ,2,9.0,2023.0, ,1.0,Empleado_Informal,11.0,11.0,0.0,9,49,1
2032,17,11,1,2,4213,6492,2.0,6.0, ,1,1.0,1,23,1,5,13, , , ,2,6.0,2019.0, ,5.0,Empleado_Informal,10.0,10.0,0.0,4,64,1
2032,23,11,1,2,9621,4923,1.0,2.0, ,1,1.0,1,35,1,6,13, , , ,2,12.0,2017.0, ,7.0,Empleado_Informal,11.0,11.0,0.0,9,49,1
2032,23,11,2,3,9621,4923,1.0,0.0, ,1,1.0,2,33,1,6,13, , , ,2,7.0,2013.0, ,11.0,Empleado_Informal,11.0,11.0,0.0,9,49,1
2048,26,11,1,2,7411,4321,5.0,8.0, ,1,1.0,1,36,2,8,13,1,2,3,6,2.0,2019.0, ,5.0,Empleado_Informal,14.0,14.0,0.0,7,43,1
2048,27,11,1,2,5142,9602,1.0,1.0, ,1,1.0,2,33,6,6,13, , , ,2,2.0,2019.0,0,5.0,Empleado_Informal,11.0,11.0,0.0,5,96,1
2048,44,11,1,2,5322,9609,4.0,0.0, ,1,1.0,2,54,6,10,13,1,2,3,2,5.0,2019.0,1,5.0,Empleado_Informal,16.0,16.0,0.0,5,96,1
2065,29,11,1,2,9511,4799,3.0,0.0, ,1,1.0,1,40,6,6,13, , , ,2,11.0,2018.0, ,6.0,Empleado_Informal,11.0,11.0,0.0,9,47,1
2065,37,11,1,2,9512,4799,2.0,0.0, ,1,1.0,2,39,5,6,13, , , ,9,12.0,2018.0, ,6.0,Empleado_Informal,11.0,11.0,0.0,9,47,1
2065,38,11,1,2,9621,1104,3.0,0.0,2,1,2.0,1,25,6,9,13, , ,3,2,6.0,2018.0, ,6.0,Empleado_Formal,13.5,13.5,0.0,9,11,1
2081,38,11,1,2,5120,5610,2.0,0.0,7,1,1.0,2,41,1,10,13,1,2,3,2,2.0,2019.0, ,5.0,Empleado_Informal,16.0,16.0,0.0,5,56,1
2081,38,11,2,1,6222,311,17.0,0.0,7,1,1.0,1,30,1,1,6, , ,1,,,,,,Empleado_Informal,0.0,11.0,-11.0,6,03,1
2081,39,11,1,2,9122,4520,3.0,0.0,7,1,1.0,1,23,1,6,13, , , ,2,7.0,2018.0,1,6.0,Empleado_Informal,11.0,11.0,0.0,9,45,1
2081,39,11,2,2,9111,9700,3.0,0.0,7,1,1.0,2,21,1,6,13, , , ,2,4.0,2020.0,0,4.0,Empleado_Informal,11.0,11.0,0.0,9,97,1
2081,48,11,1,2,9313,4100,3.0,0.0,7,1,1.0,1,41,1,4,13, , , ,1,11.0,2018.0, ,6.0,Empleado_Informal,9.0,9.0,0.0,9,41,1
2098,41,11,1,2,9621,5610,1.0,0.0,7,1,1.0,1,27,1,6,13, , , ,2,2.0,2023.0, ,1.0,Empleado_Informal,11.0,11.0,0.0,9,56,1
2098,41,11,2,2,5131,5610,1.0,6.0,7,1,1.0,2,33,1,8,13,1,2,3,6,2.0,2023.0, ,1.0,Empleado_Informal,14.0,14.0,0.0,5,56,1
2098,42,11,2,2,5169,9329,0.0,5.0, ,1,1.0,1,24,1,6,13, , , ,6,5.0,2024.0, ,0.0,Empleado_Informal,11.0,11.0,0.0,5,93,1
2098,48,11,1,2,7352,1410,3.0,0.0,7,1,1.0,1,28,1,9,13, , ,3,2,6.0,2020.0, ,4.0,Empleado_Informal,13.5,13.5,0.0,7,14,1
2114,50,11,1,2,7129,2511,4.0,0.0,7,1,1.0,1,32,1,9,13, , ,3,1,7.0,2018.0, ,6.0,Empleado_Informal,13.5,13.5,0.0,7,25,1
2114,63,11,1,2,9629,9312,0.0,9.0,7,1,1.0,2,31,5,6,13, , , ,2,10.0,2023.0, ,1.0,Empleado_Informal,11.0,11.0,0.0,9,93,1
2114,64,11,1,2,9621,4923,0.0,2.0, ,1,1.0,1,35,1,10,13,1,2,3,2,3.0,2018.0, ,6.0,Empleado_Informal,16.0,16.0,0.0,9,49,1
2114,64,11,2,1,2341,8510,0.0,5.0,2,1,1.0,2,30,1,1,10, , ,0,,,,,,Empleado_Informal,0.0,16.0,-16.0,2,85,1
2131,60,11,1,2,9521,4799,5.0,2.0, ,1,1.0,1,29,1,4,13, , , ,2,9.0,2017.0, ,7.0,Empleado_Informal,9.0,9.0,0.0,9,47,1
2131,60,11,2,2,9511,4799,4.0,2.0, ,1,1.0,2,34,1,10,13,1,2,3,2,9.0,2018.0,0,6.0,Empleado_Informal,16.0,16.0,0.0,9,47,1
2131,62,11,1,2,9331,4923,0.0,5.0, ,1,1.0,1,31,1,3,13, , , ,9,6.0,2019.0, ,5.0,Empleado_Informal,4.5,4.5,0.0,9,49,1
2131,63,11,1,2,9122,4520,2.0,0.0,7,1,1.0,1,44,1,3,13, , , ,2,8.0,2018.0, ,6.0,Empleado_Informal,4.5,4.5,0.0,9,45,1
2131,63,11,2,2,9122,4520,1.0,0.0,7,1,1.0,2,30,1,4,13, , , ,2,8.0,2021.0, ,3.0,Empleado_Informal,9.0,9.0,0.0,9,45,1
2147,63,11,1,2,8321,5610,0.0,3.0,7,1,1.0,1,33,1,10,10, , ,3,2,12.0,2018.0, ,6.0,Empleado_Informal,16.0,16.0,0.0,8,56,1
2147,63,11,2,2,9411,5610,3.0,6.0, ,1,1.0,2,43,1,5,13, , , ,6,1.0,2021.0, ,3.0,Empleado_Informal,10.0,10.0,0.0,9,56,1
2147,64,11,1,2,9411,5610,0.0,3.0,7,1,1.0,2,35,6,5,6, , ,1,2,1.0,2021.0,1,3.0,Empleado_Informal,10.0,11.0,-1.0,9,56,1
2147,64,11,3,2,5120,5610,1.0,2.0,7,1,1.0,2,54,6,3,13, , , ,2,7.0,2022.0,0,2.0,Empleado_Informal,4.5,4.5,0.0,5,56,1
2147,64,11,4,2,9412,5610,0.0,4.0,7,1,1.0,1,16,6,3,13, , , ,2,7.0,2021.0,0,3.0,Empleado_Informal,4.5,4.5,0.0,9,56,1
2147,65,11,1,1,8321,4922,4.0,0.0, ,1,1.0,1,24,1,4,13, , , ,,,,,,Empleado_Informal,9.0,9.0,0.0,8,49,1
2147,65,11,2,2,9411,5610,0.0,10.0, ,1,1.0,2,25,1,6,13, , , ,1,7.0,2021.0, ,3.0,Empleado_Informal,11.0,11.0,0.0,9,56,1
2163,68,11,1,2,9412,5610,1.0,0.0,7,1,1.0,1,41,1,4,13, , , ,6,11.0,2021.0, ,3.0,Empleado_Informal,9.0,9.0,0.0,9,56,1
2163,69,11,1,2,9511,4799,6.0,0.0, ,1,1.0,2,53,5,5,13, , , ,2,10.0,2019.0,1,5.0,Empleado_Informal,10.0,10.0,0.0,9,47,1
2163,70,11,1,2,9411,5610,2.0,0.0, ,1,1.0,2,39,5,6,13, , , ,1,7.0,2018.0, ,6.0,Empleado_Informal,11.0,11.0,0.0,9,56,1
2180,74,11,1,2,9313,4100,0.0,3.0,7,1,1.0,1,47,5,8,13,1,2,3,2,11.0,2019.0, ,5.0,Empleado_Informal,14.0,14.0,0.0,9,41,1
2180,75,11,1,2,9511,4799,0.0,6.0,7,1,1.0,2,31,5,3,13, , , ,6,7.0,2018.0, ,6.0,Empleado_Informal,4.5,4.5,0.0,9,47,1
2180,79,11,1,2,7513,1071,0.0,1.0,7,1,1.0,2,19,6,5,13, , , ,9,5.0,2024.0, ,0.0,Empleado_Informal,10.0,10.0,0.0,7,10,1
2196,83,11,1,2,9313,4100,2.0,0.0,2,1,1.0,1,41,1,5,13, , , ,2,7.0,2022.0, ,2.0,Empleado_Informal,10.0,10.0,0.0,9,41,1
2196,83,11,3,2,9412,5610,0.0,5.0,7,1,1.0,2,19,1,6,13, , , ,2,2.0,2023.0, ,1.0,Empleado_Informal,11.0,11.0,0.0,9,56,1
2196,83,11,4,2,5213,4781,0.0,7.0,7,1,1.0,1,19,1,4,13, , , ,9,1.0,2024.0, ,0.0,Empleado_Informal,9.0,9.0,0.0,5,47,1
2196,85,11,1,2,7129,4520,0.0,3.0,7,1,1.0,1,51,2,6,13, , , ,6,9.0,2021.0, ,3.0,Empleado_Informal,11.0,11.0,0.0,7,45,1
2196,85,11,2,2,5212,4761,2.0,0.0,7,1,1.0,2,51,2,6,13, , , ,6,9.0,2021.0, ,3.0,Empleado_Informal,11.0,11.0,0.0,5,47,1
2213,86,11,1,2,5322,9609,5.0,0.0,7,1,1.0,2,40,6,6,13, , , ,1,10.0,2019.0, ,5.0,Empleado_Informal,11.0,11.0,0.0,5,96,1
2213,86,11,2,2,7322,3100,5.0,0.0,7,1,1.0,1,19,6,4,13, , , ,2,10.0,2019.0, ,5.0,Empleado_Informal,9.0,9.0,0.0,7,31,1
2213,87,11,1,2,4214,6492,1.0,11.0,7,1,1.0,1,23,1,5,13, , , ,1,10.0,2018.0, ,6.0,Empleado_Informal,10.0,10.0,0.0,4,64,1
2213,88,11,1,2,9313,4100,0.0,2.0,7,1,1.0,1,41,1,3,13, , , ,9,1.0,2018.0, ,6.0,Empleado_Informal,4.5,4.5,0.0,9,41,1
2229,92,11,2,2,9333,4630,0.0,1.0,7,1,1.0,1,21,1,3,13, , , ,9,9.0,2024.0,0,0.0,Empleado_Informal,4.5,4.5,0.0,9,46,1
2229,93,11,1,2,7231,4540,2.0,0.0,7,1,1.0,1,27,1,5,13, , , ,1,10.0,2022.0, ,2.0,Empleado_Informal,10.0,10.0,0.0,7,45,1
2229,95,11,1,2,9621,4923,1.0,4.0, ,1,1.0,1,38,1,8,13,1,2,3,2,12.0,2020.0,1,4.0,Empleado_Informal,14.0,14.0,0.0,9,49,1
2229,95,11,2,2,5212,4771,0.0,1.0,7,1,1.0,2,21,1,3,13, , , ,2,4.0,2023.0,0,1.0,Empleado_Informal,4.5,4.5,0.0,5,47,1
2278,114,11,1,2,9112,8129,0.0,4.0,7,1,1.0,2,38,5,5,13, , , ,2,1.0,2019.0, ,5.0,Empleado_Informal,10.0,10.0,0.0,9,81,1
2278,117,11,1,2,5212,4721,0.0,5.0,7,1,1.0,2,36,6,6,13, , , ,9,2.0,2024.0, ,0.0,Empleado_Informal,11.0,11.0,0.0,5,47,1
2278,117,11,2,2,5142,9602,0.0,5.0, ,1,1.0,2,14,6,3,13, , , ,9,2.0,2024.0, ,0.0,Empleado_Informal,4.5,4.5,0.0,5,96,1
2295,119,11,1,2,9333,729,3.0,0.0,7,1,1.0,1,32,1,6,13, , , ,2,12.0,2019.0,1,5.0,Empleado_Informal,11.0,11.0,0.0,9,07,1
2295,120,11,1,2,9313,729,0.0,6.0,7,1,1.0,1,50,1,10,13,1,2,3,2,1.0,2022.0, ,2.0,Empleado_Informal,16.0,16.0,0.0,9,07,1
2295,131,11,1,2,7212,2511,4.0,0.0,7,1,1.0,1,37,1,8,13,1,2,3,2,10.0,2018.0, ,6.0,Empleado_Informal,14.0,14.0,0.0,7,25,1
2311,129,11,1,2,9621,4923,4.0,1.0,7,1,1.0,1,38,1,5,5, , , ,2,1.0,2019.0,1,5.0,Empleado_Informal,10.0,8.5,1.5,9,49,1
2311,129,11,2,2,7515,1075,0.0,1.0,7,1,1.0,2,35,1,7,7, , ,3,2,2.0,2022.0, ,2.0,Empleado_Informal,12.5,12.5,0.0,7,10,1
2311,137,11,1,2,9411,5610,5.0,2.0, ,1,1.0,2,26,6,9,13, , ,3,2,7.0,2019.0, ,5.0,Empleado_Informal,13.5,13.5,0.0,9,56,1
2311,138,11,1,2,9411,5610,3.0,2.0, ,1,1.0,2,30,6,9,9, , ,3,2,4.0,2019.0, ,5.0,Empleado_Informal,13.5,13.5,0.0,9,56,1
2328,132,11,1,2,5131,5610,0.0,1.0,7,1,1.0,2,33,1,10,13,2, ,3,9,4.0,2024.0, ,0.0,Empleado_Informal,16.0,16.0,0.0,5,56,1
2328,132,11,2,2,9313,4100,0.0,4.0,7,1,1.0,1,34,1,5,6, , ,1,9,4.0,2024.0, ,0.0,Empleado_Informal,10.0,11.0,-1.0,9,41,1
2328,133,11,1,2,9112,8121,1.0,2.0, ,1,1.0,2,38,1,6,13, , , ,1,2.0,2022.0, ,2.0,Empleado_Informal,11.0,11.0,0.0,9,81,1
2328,133,11,2,2,9313,4100,4.0,2.0,7,1,1.0,1,35,1,3,6, , ,1,1,5.0,2019.0, ,5.0,Empleado_Informal,4.5,11.0,-6.5,9,41,1
2328,133,11,3,2,,,0.0,0.0, ,2,,2,20,6,4,6, , ,1,1,2.0,2022.0, ,2.0,Desempleado,9.0,11.0,-2.0,,,0
2328,134,11,1,2,9122,4520,0.0,6.0,7,1,1.0,1,27,1,8,8, , ,3,2,3.0,2023.0, ,1.0,Empleado_Informal,14.0,14.0,0.0,9,45,1
2328,134,11,2,2,,,0.0,0.0, ,3,,2,39,1,8,8, , ,3,9,6.0,2024.0, ,0.0,Desempleado,14.0,14.0,0.0,,,0
2344,138,11,1,2,9411,5610,4.0,0.0, ,1,1.0,1,61,2,3,13, , , ,2,10.0,2019.0,0,5.0,Empleado_Informal,4.5,4.5,0.0,9,56,1
2344,139,11,1,2,9333,4752,1.0,0.0,7,1,1.0,1,36,1,4,13, , , ,2,9.0,2018.0,1,6.0,Empleado_Informal,9.0,9.0,0.0,9,47,1
2344,139,11,2,2,9411,5610,0.0,3.0, ,1,1.0,2,33,1,7,13, , ,3,2,8.0,2018.0,1,6.0,Empleado_Informal,12.5,12.5,0.0,9,56,1
2344,141,11,1,2,9411,5610,0.0,2.0, ,1,1.0,2,36,6,8,13,1,2,3,9,7.0,2024.0,0,0.0,Empleado_Informal,14.0,14.0,0.0,9,56,1
2361,147,11,1,2,5244,4730,0.0,3.0,2,1,2.0,2,31,5,8,13,1,2,3,2,5.0,2018.0, ,6.0,Empleado_Formal,14.0,14.0,0.0,5,47,1
2361,148,11,1,2,5322,9609,1.0,0.0, ,1,2.0,2,38,5,10,13,1,1,3,2,4.0,2018.0, ,6.0,Empleado_Formal,16.0,16.0,0.0,5,96,1
2361,149,11,1,2,9333,5224,4.0,0.0, ,1,1.0,1,46,1,10,13,1,2,3,2,12.0,2020.0,1,4.0,Empleado_Informal,16.0,16.0,0.0,9,52,1
2361,149,11,2,1,,,0.0,0.0, ,2,,2,49,1,1,8, , ,0,,,,,,Desempleado,0.0,14.0,-14.0,,,0
2377,154,11,1,2,9621,4923,0.0,4.0, ,1,1.0,1,25,1,6,13, , , ,2,6.0,2018.0, ,6.0,Empleado_Informal,11.0,11.0,0.0,9,49,1
2377,154,11,2,1,5131,5610,0.0,4.0,7,1,1.0,2,22,1,1,6, , ,1,,,,,,Empleado_Informal,0.0,11.0,-11.0,5,56,1
2377,161,11,1,2,,,0.0,0.0, ,2,,1,39,1,6,13, , , ,2,8.0,2018.0, ,6.0,Desempleado,11.0,11.0,0.0,,,0
2377,162,11,1,2,9313,4100,1.0,0.0,7,1,1.0,1,36,1,6,13, , , ,9,4.0,2023.0, ,1.0,Empleado_Informal,11.0,11.0,0.0,9,41,1
2377,162,11,4,2,7231,4520,0.0,3.0,7,1,1.0,1,54,1,6,13, , , ,2,9.0,2023.0, ,1.0,Empleado_Informal,11.0,11.0,0.0,7,45,1
2377,162,11,5,2,9412,122,0.0,1.0,7,1,1.0,2,49,1,4,13, , , ,2,6.0,2019.0, ,5.0,Empleado_Informal,9.0,9.0,0.0,9,01,1
2394,155,11,1,2,9313,4100,1.0,0.0,7,1,1.0,1,25,1,6,13, , , ,9,11.0,2022.0, ,2.0,Empleado_Informal,11.0,11.0,0.0,9,41,1
2394,156,11,1,2,9411,5610,0.0,2.0, ,1,1.0,2,31,5,6,13, , , ,2,11.0,2018.0,1,6.0,Empleado_Informal,11.0,11.0,0.0,9,56,1
2394,156,11,3,2,9313,4100,3.0,0.0,7,1,1.0,1,62,2,4,13, , , ,2,7.0,2018.0,1,6.0,Empleado_Informal,9.0,9.0,0.0,9,41,1
2394,156,11,4,2,9112,8121,1.0,0.0, ,1,1.0,2,60,2,8,13,1,2,3,2,10.0,2018.0,1,6.0,Empleado_Informal,14.0,14.0,0.0,9,81,1
2394,157,11,1,2,5142,9602,3.0,0.0, ,1,1.0,2,29,5,8,13,1,2,3,2,1.0,2019.0,0,5.0,Empleado_Informal,14.0,14.0,0.0,5,96,1
2410,161,11,1,2,9122,4520,0.0,1.0,7,1,1.0,1,25,1,5,13, , , ,6,2.0,2022.0, ,2.0,Empleado_Informal,10.0,10.0,0.0,9,45,1
2410,162,11,1,2,9511,4799,0.0,5.0, ,1,1.0,2,35,5,5,13, , , ,2,1.0,2023.0,0,1.0,Empleado_Informal,10.0,10.0,0.0,9,47,1
2410,162,11,3,2,7352,1410,0.0,4.0,7,1,1.0,2,42,5,10,13,1,2,3,2,12.0,2017.0, ,7.0,Empleado_Informal,16.0,16.0,0.0,7,14,1
2410,173,11,1,2,5142,9602,0.0,3.0, ,1,1.0,2,51,5,6,13, , , ,2,6.0,2019.0, ,5.0,Empleado_Informal,11.0,11.0,0.0,5,96,1
2426,170,11,1,2,9122,4520,1.0,0.0,7,1,1.0,1,32,1,6,13, , , ,2,6.0,2018.0, ,6.0,Empleado_Informal,11.0,11.0,0.0,9,45,1
2426,173,11,1,2,5212,4711,6.0,0.0,7,1,1.0,1,48,6,5,13, , , ,2,7.0,2018.0, ,6.0,Empleado_Informal,10.0,10.0,0.0,5,47,1
2426,174,11,1,2,8322,4922,1.0,6.0, ,1,1.0,1,30,1,8,13,1,2,3,2,9.0,2018.0, ,6.0,Empleado_Informal,14.0,14.0,0.0,8,49,1
2426,174,11,2,2,,,0.0,0.0, ,2,,2,44,1,8,13,1,2,3,2,9.0,2018.0, ,6.0,Desempleado,14.0,14.0,0.0,,,0
2426,174,11,4,2,9122,4520,0.0,1.0,7,1,1.0,1,20,6,6,13, , , ,2,8.0,2021.0,1,3.0,Empleado_Informal,11.0,11.0,0.0,9,45,1
2443,173,11,1,2,8331,4520,3.0,0.0,2,1,2.0,1,42,2,10,13,1,2,3,2,3.0,2017.0, ,7.0,Empleado_Formal,16.0,16.0,0.0,8,45,1
2443,173,11,2,2,5212,4721,1.0,0.0,7,1,1.0,2,44,2,10,13,1,2,3,2,7.0,2017.0, ,7.0,Empleado_Informal,16.0,16.0,0.0,5,47,1
2443,173,11,3,2,9112,5610,0.0,3.0,7,1,1.0,1,14,6,3,5, , , ,2,7.0,2017.0, ,7.0,Empleado_Informal,4.5,8.5,-4.0,9,56,1
2443,202,11,1,2,8322,4922,2.0,0.0,2,1,1.0,1,37,1,6,13, , , ,2,7.0,2018.0, ,6.0,Empleado_Informal,11.0,11.0,0.0,8,49,1
2443,202,11,3,2,7212,2511,0.0,6.0,7,1,1.0,1,19,6,5,13, , , ,2,10.0,2022.0, ,2.0,Empleado_Informal,10.0,10.0,0.0,7,25,1
2443,203,11,1,2,8331,4921,4.0,0.0, ,1,1.0,1,47,6,6,13, , , ,2,4.0,2017.0, ,7.0,Empleado_Informal,11.0,11.0,0.0,8,49,1
2459,179,11,1,2,9313,4100,3.0,10.0,7,1,1.0,1,37,1,10,13,1,2,3,2,8.0,2017.0, ,7.0,Empleado_Informal,16.0,16.0,0.0,9,41,1
2459,180,11,1,2,9313,4100,0.0,2.0,3,1,1.0,1,51,5,6,13, , , ,2,8.0,2021.0, ,3.0,Empleado_Informal,11.0,11.0,0.0,9,41,1
2459,180,11,2,2,9313,4100,0.0,2.0,3,1,1.0,1,25,6,6,13, , , ,2,8.0,2021.0, ,3.0,Empleado_Informal,11.0,11.0,0.0,9,41,1
2459,187,11,1,2,5322,9609,0.0,8.0, ,1,1.0,2,31,6,9,13, , ,3,1,8.0,2023.0, ,1.0,Empleado_Informal,13.5,13.5,0.0,5,96,1
2476,185,11,2,2,5211,4630,6.0,5.0,2,1,2.0,1,40,2,6,13, , , ,2,2.0,2018.0, ,6.0,Empleado_Formal,11.0,11.0,0.0,5,46,1
2476,186,11,1,2,3514,7310,5.0,10.0, ,1,1.0,1,36,6,6,13, , , ,2,2.0,2018.0, ,6.0,Empleado_Informal,11.0,11.0,0.0,3,73,1
2476,189,11,1,2,9412,5610,0.0,1.0,7,1,1.0,2,32,6,6,13, , , ,1,6.0,2021.0,1,3.0,Empleado_Informal,11.0,11.0,0.0,9,56,1
2492,191,11,2,1,5142,9602,2.0,10.0,7,1,1.0,1,49,1,1,13, , , ,,,,,,Empleado_Informal,0.0,0.0,0.0,5,96,1
2492,192,11,1,2,9112,9602,1.0,10.0,7,1,1.0,2,33,1,10,13,1,2,3,9,7.0,2021.0, ,3.0,Empleado_Informal,16.0,16.0,0.0,9,96,1
2492,192,11,2,2,9313,4100,2.0,10.0,7,1,1.0,1,37,1,10,13,1,2,3,2,1.0,2020.0, ,4.0,Empleado_Informal,16.0,16.0,0.0,9,41,1
2492,194,11,1,2,9511,4799,0.0,3.0,7,1,1.0,2,27,2,6,13, , , ,2,12.0,2020.0, ,4.0,Empleado_Informal,11.0,11.0,0.0,9,47,1
2492,194,11,2,2,9313,4100,3.0,10.0,7,1,1.0,1,37,2,9,13, , ,3,1,12.0,2020.0, ,4.0,Empleado_Informal,13.5,13.5,0.0,9,41,1
2509,200,11,1,2,5120,5610,1.0,9.0,7,1,1.0,1,41,6,6,13, , , ,2,1.0,2019.0,0,5.0,Empleado_Informal,11.0,11.0,0.0,5,56,1
2509,201,11,1,2,,,0.0,0.0, ,3,,2,48,1,4,13, , , ,2,9.0,2021.0, ,3.0,Desempleado,9.0,9.0,0.0,,,0
2509,201,11,2,2,7212,2511,2.0,10.0,7,1,1.0,1,55,1,10,13,1,2,3,2,9.0,2021.0, ,3.0,Empleado_Informal,16.0,16.0,0.0,7,25,1
2509,202,11,1,2,9412,5610,0.0,1.0,7,1,1.0,2,29,1,10,13,1,2,3,2,9.0,2021.0, ,3.0,Empleado_Informal,16.0,16.0,0.0,9,56,1
2509,202,11,2,2,9122,4520,1.0,8.0,7,1,1.0,1,26,1,3,13, , , ,1,9.0,2021.0, ,3.0,Empleado_Informal,4.5,4.5,0.0,9,45,1
2525,205,11,1,2,9629,8219,0.0,4.0,7,1,1.0,2,22,6,7,13, , ,3,1,1.0,2020.0, ,4.0,Empleado_Informal,12.5,12.5,0.0,9,82,1
2525,206,11,1,2,5131,9329,1.0,2.0,7,1,1.0,2,39,1,9,13, , ,3,2,10.0,2018.0, ,6.0,Empleado_Informal,13.5,13.5,0.0,5,93,1
2525,206,11,2,2,8321,4922,3.0,10.0, ,1,1.0,1,24,1,5,13, , , ,2,3.0,2019.0, ,5.0,Empleado_Informal,10.0,10.0,0.0,8,49,1
2525,213,11,1,2,7513,1071,5.0,6.0,7,1,1.0,1,36,6,7,13, , ,3,1,6.0,2017.0,1,7.0,Empleado_Informal,12.5,12.5,0.0,7,10,1
2541,211,11,1,2,9112,8129,3.0,0.0,7,1,1.0,2,44,1,6,13, , , ,2,12.0,2018.0,0,6.0,Empleado_Informal,11.0,11.0,0.0,9,81,1
2541,211,11,2,2,9621,4923,5.0,0.0, ,1,1.0,1,31,1,4,13, , , ,1,6.0,2019.0,0,5.0,Empleado_Informal,9.0,9.0,0.0,9,49,1
2541,212,11,1,2,8321,4921,5.0,0.0,2,1,1.0,1,52,1,6,13, , , ,2,1.0,2021.0, ,3.0,Empleado_Informal,11.0,11.0,0.0,8,49,1
2541,212,11,2,2,7513,1071,0.0,2.0, ,1,1.0,2,51,1,6,13, , , ,2,9.0,2020.0, ,4.0,Empleado_Informal,11.0,11.0,0.0,7,10,1
2541,212,11,3,2,8321,4921,3.0,0.0,2,1,1.0,2,23,6,6,13, , , ,1,3.0,2018.0, ,6.0,Empleado_Informal,11.0,11.0,0.0,8,49,1
2541,212,11,4,2,5131,5610,3.0,0.0,7,1,1.0,1,21,6,10,13,2, ,3,2,9.0,2018.0, ,6.0,Empleado_Informal,16.0,16.0,0.0,5,56,1
2541,213,11,1,2,8342,7730,22.0,0.0,7,1,1.0,1,42,2,4,13, , , ,2,10.0,2018.0, ,6.0,Empleado_Informal,9.0,9.0,0.0,8,77,1
2558,217,11,1,2,4222,6120,1.0,6.0,2,1,2.0,1,31,2,6,13, , , ,2,6.0,2017.0, ,7.0,Empleado_Formal,11.0,11.0,0.0,4,61,1
2558,217,11,2,2,4224,8620,1.0,9.0,7,1,1.0,2,34,2,10,13,1,2,3,2,6.0,2017.0, ,7.0,Empleado_Informal,16.0,16.0,0.0,4,86,1
2558,217,11,5,2,2359,8549,3.0,0.0, ,1,1.0,2,59,4,11,13,1,2,3,2,10.0,2020.0, ,4.0,Empleado_Informal,18.0,18.0,0.0,2,85,1
2558,217,11,7,2,4222,8220,0.0,4.0,2,1,2.0,1,27,6,6,13, , , ,2,12.0,2020.0, ,4.0,Empleado_Formal,11.0,11.0,0.0,4,82,1
2558,220,11,1,2,9629,9609,6.0,0.0, ,1,1.0,1,39,2,10,13,1,2,3,2,4.0,2017.0,1,7.0,Empleado_Informal,16.0,16.0,0.0,9,96,1
2558,220,11,2,2,7351,1392,5.0,0.0, ,1,1.0,2,28,2,4,13, , , ,2,12.0,2017.0,1,7.0,Empleado_Informal,9.0,9.0,0.0,7,13,1
2558,220,11,5,2,7352,1392,4.0,0.0,7,1,1.0,1,63,3,4,13, , , ,2,1.0,2018.0, ,6.0,Empleado_Informal,9.0,9.0,0.0,7,13,1
2558,222,11,1,2,9621,8219,1.0,0.0,7,1,1.0,1,39,2,6,13, , , ,2,5.0,2018.0, ,6.0,Empleado_Informal,11.0,11.0,0.0,9,82,1
2607,236,11,1,2,9333,5224,2.0,0.0, ,1,1.0,1,29,1,6,13, , , ,9,10.0,2021.0, ,3.0,Empleado_Informal,11.0,11.0,0.0,9,52,1
2607,236,11,2,3,,,0.0,0.0, ,2,,2,26,1,1,13, , , ,9,9.0,2022.0, ,2.0,Desempleado,0.0,0.0,0.0,,,0
2607,237,11,1,2,9411,5610,6.0,0.0, ,1,1.0,2,40,1,10,13,1,2,3,2,9.0,2017.0, ,7.0,Empleado_Informal,16.0,16.0,0.0,9,56,1
2607,237,11,2,2,9411,5610,8.0,0.0, ,1,1.0,1,40,1,10,13,1,2,3,2,7.0,2018.0, ,6.0,Empleado_Informal,16.0,16.0,0.0,9,56,1
2607,238,11,1,2,9411,5610,3.0,0.0, ,1,1.0,2,38,1,5,13, , , ,6,8.0,2021.0, ,3.0,Empleado_Informal,10.0,10.0,0.0,9,56,1
2607,238,11,2,2,7119,4100,0.0,7.0,7,1,1.0,1,44,1,3,13, , , ,6,7.0,2021.0, ,3.0,Empleado_Informal,4.5,4.5,0.0,7,41,1
2657,253,11,1,2,5212,4741,0.0,5.0,7,1,1.0,2,21,1,6,13, , , ,2,3.0,2023.0,1,1.0,Empleado_Informal,11.0,11.0,0.0,5,47,1
2657,253,11,2,2,5212,4761,0.0,3.0,7,1,1.0,2,24,1,6,13, , , ,2,2.0,2018.0,0,6.0,Empleado_Informal,11.0,11.0,0.0,5,47,1
2657,254,11,1,2,9411,5610,0.0,2.0, ,1,1.0,2,21,1,3,13, , , ,2,9.0,2021.0, ,3.0,Empleado_Informal,4.5,4.5,0.0,9,56,1
2657,254,11,2,2,9333,5224,1.0,9.0, ,1,1.0,1,34,1,3,13, , , ,2,1.0,2021.0, ,3.0,Empleado_Informal,4.5,4.5,0.0,9,52,1
2657,256,11,1,2,9411,5610,3.0,6.0, ,1,1.0,2,33,1,6,13, , , ,2,4.0,2021.0, ,3.0,Empleado_Informal,11.0,11.0,0.0,9,56,1
2657,256,11,2,2,,,0.0,0.0, ,3,,1,35,1,3,13, , , ,1,11.0,2015.0, ,9.0,Desempleado,4.5,4.5,0.0,,,0
2673,259,11,1,2,2352,8510,0.0,6.0,2,1,1.0,2,47,4,11,13,1,2,3,2,8.0,2023.0,1,1.0,Empleado_Informal,18.0,18.0,0.0,2,85,1
2673,259,11,3,1,7231,4520,2.0,9.0,7,1,1.0,1,36,1,9,13, , ,3,,,,,,Empleado_Informal,13.5,13.5,0.0,7,45,1
2673,259,11,4,2,5212,4752,1.0,6.0,7,1,2.0,2,27,6,8,13,1,2,3,2,5.0,2018.0,1,6.0,Empleado_Formal,14.0,14.0,0.0,5,47,1
2673,260,11,1,2,8112,2396,4.0,11.0,7,1,1.0,1,37,1,5,13, , , ,3,3.0,2020.0, ,4.0,Empleado_Informal,10.0,10.0,0.0,8,23,1
2673,260,11,2,2,9411,5610,0.0,1.0, ,1,1.0,2,41,1,8,13,1,2,3,1,1.0,2022.0, ,2.0,Empleado_Informal,14.0,14.0,0.0,9,56,1
2673,264,11,1,2,4120,4771,1.0,3.0,2,1,2.0,2,30,6,9,13, , ,3,2,2.0,2018.0, ,6.0,Empleado_Formal,13.5,13.5,0.0,4,47,1
2722,278,11,1,2,7212,2511,3.0,0.0, ,1,1.0,1,56,6,8,13,1,2,3,1,1.0,2021.0, ,3.0,Empleado_Informal,14.0,14.0,0.0,7,25,1
2722,278,11,2,2,7212,2511,0.0,1.0,7,1,1.0,1,20,6,6,13, , , ,1,6.0,2023.0, ,1.0,Empleado_Informal,11.0,11.0,0.0,7,25,1
2722,279,11,1,2,9333,5224,6.0,0.0, ,1,1.0,1,25,1,5,13, , , ,2,10.0,2019.0, ,5.0,Empleado_Informal,10.0,10.0,0.0,9,52,1
2722,279,11,3,2,5120,5610,0.0,4.0,7,1,1.0,2,46,1,4,13, , , ,9,5.0,2022.0, ,2.0,Empleado_Informal,9.0,9.0,0.0,5,56,1
2722,279,11,5,2,9333,5224,0.0,4.0, ,1,1.0,1,24,6,5,13, , , ,2,2.0,2024.0, ,0.0,Empleado_Informal,10.0,10.0,0.0,9,52,1
2722,280,11,1,2,9333,5224,6.0,0.0, ,1,1.0,1,28,1,10,13,1,2,3,2,10.0,2018.0, ,6.0,Empleado_Informal,16.0,16.0,0.0,9,52,1
2722,280,11,2,2,9411,5610,1.0,0.0, ,1,1.0,2,27,1,8,13,1,2,3,2,10.0,2018.0, ,6.0,Empleado_Informal,14.0,14.0,0.0,9,56,1
2739,283,11,1,2,9112,8129,0.0,1.0,7,1,1.0,1,63,1,6,13, , , ,2,8.0,2022.0, ,2.0,Empleado_Informal,11.0,11.0,0.0,9,81,1
2739,283,11,3,2,9629,9491,0.0,2.0,2,1,1.0,2,20,6,7,13, , ,3,2,8.0,2022.0, ,2.0,Empleado_Informal,12.5,12.5,0.0,9,94,1
2739,283,11,4,2,8321,4923,1.0,2.0,7,1,1.0,1,37,1,6,13, , , ,2,3.0,2020.0, ,4.0,Empleado_Informal,11.0,11.0,0.0,8,49,1
2739,283,11,5,2,5142,9602,0.0,9.0,7,1,1.0,2,43,1,6,13, , , ,1,8.0,2020.0, ,4.0,Empleado_Informal,11.0,11.0,0.0,5,96,1
2739,283,11,7,2,9112,8129,0.0,1.0,7,1,1.0,2,38,1,6,13, , , ,2,7.0,2019.0, ,5.0,Empleado_Informal,11.0,11.0,0.0,9,81,1
2739,283,11,8,1,2330,8521,21.0,0.0,1,1,2.0,1,54,1,1,10, , ,0,,,,,,Empleado_Formal,0.0,16.0,-16.0,2,85,1
2739,284,11,1,2,8321,4923,2.0,0.0, ,1,1.0,1,35,1,6,13, , , ,2,12.0,2020.0, ,4.0,Empleado_Informal,11.0,11.0,0.0,8,49,1
2739,284,11,2,2,9412,5610,0.0,1.0,7,1,1.0,2,32,1,8,13,1,2,3,2,10.0,2021.0,0,3.0,Empleado_Informal,14.0,14.0,0.0,9,56,1
2739,299,11,1,2,9535,4799,0.0,8.0, ,1,1.0,2,34,1,6,13, , , ,2,2.0,2022.0,1,2.0,Empleado_Informal,11.0,11.0,0.0,9,47,1
2739,299,11,2,1,9535,4799,3.0,0.0, ,1,1.0,1,37,1,1,6, , ,1,,,,,,Empleado_Informal,0.0,11.0,-11.0,9,47,1
2821,318,11,1,2,9621,4923,3.0,0.0, ,1,1.0,1,28,1,10,13,1,2,3,2,9.0,2018.0, ,6.0,Empleado_Informal,16.0,16.0,0.0,9,49,1
2821,318,11,2,2,,,0.0,0.0, ,2,,2,24,1,6,13, , , ,2,9.0,2018.0, ,6.0,Desempleado,11.0,11.0,0.0,,,0
2821,318,11,4,2,9412,5610,0.0,2.0,7,1,1.0,1,21,6,9,13, , ,3,9,8.0,2024.0, ,0.0,Empleado_Informal,13.5,13.5,0.0,9,56,1
2821,319,11,1,2,,,0.0,0.0, ,2,,2,27,1,6,13, , , ,6,9.0,2022.0, ,2.0,Desempleado,11.0,11.0,0.0,,,0
2821,319,11,2,2,9333,5224,0.0,2.0, ,1,1.0,1,45,1,6,13, , , ,9,8.0,2020.0, ,4.0,Empleado_Informal,11.0,11.0,0.0,9,52,1
2821,323,11,1,2,9111,9700,1.0,1.0,7,1,1.0,2,44,1,5,13, , , ,2,7.0,2023.0,0,1.0,Empleado_Informal,10.0,10.0,0.0,9,97,1
2821,323,11,2,2,9629,3100,0.0,8.0,7,1,1.0,1,49,1,6,13, , , ,2,7.0,2023.0,0,1.0,Empleado_Informal,11.0,11.0,0.0,9,31,1
2821,323,11,4,2,5142,9602,1.0,0.0,7,1,1.0,1,26,1,5,13, , , ,2,7.0,2023.0,0,1.0,Empleado_Informal,10.0,10.0,0.0,5,96,1
2936,358,11,1,2,9313,4100,2.0,6.0,7,1,1.0,1,31,2,9,13, , ,3,2,8.0,2017.0,1,7.0,Empleado_Informal,13.5,13.5,0.0,9,41,1
2936,358,11,2,2,9411,5610,1.0,6.0, ,1,1.0,2,29,2,7,7, , ,3,2,1.0,2018.0,1,6.0,Empleado_Informal,12.5,12.5,0.0,9,56,1
2936,359,11,1,1,5211,4630,3.0,0.0,2,1,2.0,1,27,1,1,6, , ,1,,,,,,Empleado_Formal,0.0,11.0,-11.0,5,46,1
2936,360,11,1,2,7212,2511,3.0,0.0, ,1,1.0,1,34,2,7,13, , ,3,2,11.0,2017.0,0,7.0,Empleado_Informal,12.5,12.5,0.0,7,25,1
2936,360,11,2,2,5131,5610,0.0,5.0,7,1,1.0,2,32,2,8,13,1,2,3,2,12.0,2017.0,1,7.0,Empleado_Informal,14.0,14.0,0.0,5,56,1
3051,401,11,1,2,5131,5610,0.0,2.0,7,1,1.0,1,27,5,9,13, , ,3,2,7.0,2018.0,0,6.0,Empleado_Informal,13.5,13.5,0.0,5,56,1
3051,402,11,1,2,9313,4100,5.0,0.0,7,1,1.0,1,44,1,6,13, , , ,2,10.0,2017.0, ,7.0,Empleado_Informal,11.0,11.0,0.0,9,41,1
3051,402,11,2,2,9411,5610,5.0,0.0, ,1,1.0,2,41,1,5,13, , , ,2,12.0,2017.0, ,7.0,Empleado_Informal,10.0,10.0,0.0,9,56,1
3051,407,11,1,2,9412,5610,0.0,2.0,7,1,1.0,2,46,5,6,13, , , ,9,6.0,2021.0,1,3.0,Empleado_Informal,11.0,11.0,0.0,9,56,1
3265,480,11,1,2,7212,2511,3.0,10.0, ,1,1.0,1,36,1,5,13, , , ,9,3.0,2019.0, ,5.0,Empleado_Informal,10.0,10.0,0.0,7,25,1
3265,481,11,1,2,9411,5610,0.0,4.0, ,1,1.0,2,44,5,3,13, , , ,9,9.0,2023.0, ,1.0,Empleado_Informal,4.5,4.5,0.0,9,56,1
3265,482,11,1,2,9412,5610,0.0,8.0,7,1,1.0,2,42,1,3,13, , , ,9,8.0,2024.0, ,0.0,Empleado_Informal,4.5,4.5,0.0,9,56,1
3265,482,11,2,2,9333,4630,0.0,7.0,7,1,1.0,1,42,1,3,13, , , ,9,8.0,2023.0, ,1.0,Empleado_Informal,4.5,4.5,0.0,9,46,1
3314,498,11,1,2,5131,5610,1.0,7.0,7,1,1.0,1,26,1,9,13, , ,3,2,7.0,2018.0, ,6.0,Empleado_Informal,13.5,13.5,0.0,5,56,1
3314,498,11,2,2,9412,5610,2.0,0.0,7,1,1.0,2,27,1,9,13, , ,3,2,7.0,2018.0, ,6.0,Empleado_Informal,13.5,13.5,0.0,9,56,1
3314,500,11,1,2,8322,4922,3.0,0.0, ,1,1.0,1,36,1,8,13,1,2,3,2,4.0,2018.0,0,6.0,Empleado_Informal,14.0,14.0,0.0,8,49,1
3314,500,11,2,1,5230,4922,0.0,1.0,3,1,2.0,2,25,1,1,6, , ,2,,,,,,Empleado_Formal,0.0,11.0,-11.0,5,49,1
3314,500,11,5,2,,,0.0,0.0, ,2,,1,44,6,10,13,1,2,3,9,9.0,2024.0, ,0.0,Desempleado,16.0,16.0,0.0,,,0
3314,505,11,1,2,3255,8690,1.0,0.0,7,1,1.0,2,47,1,8,13,1,2,3,2,12.0,2018.0, ,6.0,Empleado_Informal,14.0,14.0,0.0,3,86,1
3314,505,11,2,2,8322,4922,3.0,0.0, ,1,1.0,1,54,1,8,13,1,2,3,2,10.0,2017.0,1,7.0,Empleado_Informal,14.0,14.0,0.0,8,49,1
3314,505,11,3,2,9112,8690,1.0,0.0,7,1,1.0,1,26,6,9,13, , ,3,2,6.0,2018.0, ,6.0,Empleado_Informal,13.5,13.5,0.0,9,86,1
3331,504,11,1,2,5120,5610,0.0,2.0, ,1,1.0,2,33,1,6,13, , , ,9,3.0,2021.0,0,3.0,Empleado_Informal,11.0,11.0,0.0,5,56,1
3331,504,11,2,2,9313,4100,0.0,1.0,7,1,1.0,1,24,1,6,13, , , ,9,3.0,2021.0,1,3.0,Empleado_Informal,11.0,11.0,0.0,9,41,1
3331,505,11,1,2,9333,5224,0.0,4.0, ,1,1.0,1,33,1,9,13, , ,3,2,1.0,2022.0,1,2.0,Empleado_Informal,13.5,13.5,0.0,9,52,1
3331,505,11,2,2,9112,8129,0.0,1.0,7,1,1.0,2,36,1,4,13, , , ,1,1.0,2022.0,0,2.0,Empleado_Informal,9.0,9.0,0.0,9,81,1
3331,506,11,1,2,5141,9602,1.0,0.0,7,1,1.0,2,41,6,8,13,1,2,3,9,10.0,2023.0, ,1.0,Empleado_Informal,14.0,14.0,0.0,5,96,1
3331,506,11,2,2,,,0.0,0.0, ,2,,1,25,6,5,13, , , ,9,11.0,2021.0, ,3.0,Desempleado,10.0,10.0,0.0,,,0
3347,510,11,1,2,7513,1071,4.0,0.0, ,1,1.0,2,27,1,6,13, , , ,1,10.0,2020.0, ,4.0,Empleado_Informal,11.0,11.0,0.0,7,10,1
3347,510,11,2,2,9621,4630,4.0,0.0,7,1,1.0,1,28,1,6,13, , , ,1,3.0,2020.0, ,4.0,Empleado_Informal,11.0,11.0,0.0,9,46,1
3347,512,11,1,2,5243,4791,0.0,3.0, ,1,1.0,1,23,1,5,13, , , ,2,5.0,2018.0, ,6.0,Empleado_Informal,10.0,10.0,0.0,5,47,1
3347,513,11,1,2,5211,4630,1.0,0.0, ,1,1.0,1,38,2,3,13, , , ,2,2.0,2021.0, ,3.0,Empleado_Informal,4.5,4.5,0.0,5,46,1
3347,513,11,2,2,5211,4630,1.0,0.0,7,1,1.0,2,39,2,6,13, , , ,2,11.0,2020.0,1,4.0,Empleado_Informal,11.0,11.0,0.0,5,46,1
3347,513,11,3,2,5213,4789,0.0,3.0,7,1,1.0,2,21,6,6,13, , , ,2,11.0,2020.0, ,4.0,Empleado_Informal,11.0,11.0,0.0,5,47,1
3363,519,11,1,2,9621,4773,0.0,5.0,7,1,1.0,1,29,1,6,13, , , ,2,10.0,2020.0,0,4.0,Empleado_Informal,11.0,11.0,0.0,9,47,1
3363,519,11,2,2,9112,8121,2.0,4.0, ,1,1.0,2,28,1,9,13, , ,3,2,12.0,2020.0,0,4.0,Empleado_Informal,13.5,13.5,0.0,9,81,1
3363,520,11,1,2,8321,4922,6.0,0.0, ,1,1.0,1,26,1,6,13, , , ,2,12.0,2018.0, ,6.0,Empleado_Informal,11.0,11.0,0.0,8,49,1
3363,520,11,2,1,4419,8510,0.0,7.0,2,1,2.0,2,41,1,6,9, , ,2,,,,,,Empleado_Formal,11.0,13.5,-2.5,4,85,1
3363,532,11,1,2,9313,4100,1.0,2.0,2,1,1.0,1,24,6,3,3, , , ,2,5.0,2022.0, ,2.0,Empleado_Informal,4.5,3.0,1.5,9,41,1
3380,526,11,1,2,8322,4922,6.0,2.0, ,1,2.0,1,35,2,8,13,1,2,3,2,6.0,2018.0, ,6.0,Empleado_Formal,14.0,14.0,0.0,8,49,1
3380,526,11,2,2,5120,5621,1.0,6.0, ,1,2.0,2,40,2,10,13,1,2,3,2,2.0,2019.0, ,5.0,Empleado_Formal,16.0,16.0,0.0,5,56,1
3380,527,11,1,2,8321,4922,1.0,2.0, ,1,1.0,1,46,1,2,3, , , ,2,10.0,2021.0, ,3.0,Empleado_Informal,0.0,3.0,-3.0,8,49,1
3380,528,11,1,2,8321,4922,1.0,10.0, ,1,1.0,1,21,6,5,13, , , ,2,8.0,2021.0, ,3.0,Empleado_Informal,10.0,10.0,0.0,8,49,1
3396,529,11,1,2,9411,5610,3.0,9.0, ,1,1.0,2,54,6,7,13, , ,3,3,8.0,2019.0, ,5.0,Empleado_Informal,12.5,12.5,0.0,9,56,1
3396,531,11,1,2,9411,5610,1.0,2.0, ,1,1.0,2,35,1,8,13,1,2,3,1,7.0,2021.0, ,3.0,Empleado_Informal,14.0,14.0,0.0,9,56,1
3396,531,11,2,2,9512,4799,1.0,9.0, ,1,1.0,1,39,1,6,13, , , ,2,7.0,2021.0, ,3.0,Empleado_Informal,11.0,11.0,0.0,9,47,1
3396,546,11,1,2,7111,4100,6.0,10.0,7,1,1.0,1,41,1,10,13,1,2,3,2,4.0,2019.0, ,5.0,Empleado_Informal,16.0,16.0,0.0,7,41,1
3396,546,11,2,2,5120,5610,0.0,3.0,7,1,1.0,2,35,1,10,13,1,2,3,2,4.0,2019.0,1,5.0,Empleado_Informal,16.0,16.0,0.0,5,56,1
3478,560,11,1,2,5131,5610,1.0,10.0,7,1,1.0,2,26,6,7,13, , ,3,2,3.0,2019.0, ,5.0,Empleado_Informal,12.5,12.5,0.0,5,56,1
3478,561,11,2,1,5212,4759,0.0,6.0,7,1,1.0,1,24,1,6,13, , , ,,,,,,Empleado_Informal,11.0,11.0,0.0,5,47,1
3478,561,11,3,2,5212,4759,1.0,0.0,7,1,1.0,2,24,1,8,13,1,2,3,2,3.0,2021.0, ,3.0,Empleado_Informal,14.0,14.0,0.0,5,47,1
3478,562,11,1,2,4120,8620,2.0,3.0,7,1,1.0,2,28,6,8,13,1,2,3,2,5.0,2021.0, ,3.0,Empleado_Informal,14.0,14.0,0.0,4,86,1
3495,566,11,1,1,3314,5610,5.0,0.0, ,1,2.0,1,36,1,1,10, , ,0,,,,,,Empleado_Formal,0.0,16.0,-16.0,3,56,1
3495,569,11,1,2,9535,4799,0.0,3.0,7,1,1.0,1,29,1,6,13, , , ,2,2.0,2019.0, ,5.0,Empleado_Informal,11.0,11.0,0.0,9,47,1
3495,570,11,1,2,5212,4771,4.0,0.0,7,1,1.0,1,36,2,8,13,1,2,3,2,5.0,2018.0,1,6.0,Empleado_Informal,14.0,14.0,0.0,5,47,1
3495,570,11,2,2,5212,4771,4.0,0.0,7,1,1.0,2,33,2,9,13, , ,3,2,5.0,2018.0,1,6.0,Empleado_Informal,13.5,13.5,0.0,5,47,1
3626,613,11,1,2,9621,4923,0.0,1.0, ,1,1.0,1,24,1,5,13, , , ,2,9.0,2021.0, ,3.0,Empleado_Informal,10.0,10.0,0.0,9,49,1
3626,613,11,2,2,5131,5610,0.0,6.0,7,1,1.0,2,22,1,6,13, , , ,2,5.0,2022.0, ,2.0,Empleado_Informal,11.0,11.0,0.0,5,56,1
3626,627,11,1,2,9621,4923,2.0,0.0, ,1,1.0,1,42,1,6,13, , , ,2,5.0,2018.0,1,6.0,Empleado_Informal,11.0,11.0,0.0,9,49,1
3626,627,11,2,2,3251,8620,4.0,0.0,7,1,1.0,2,36,1,8,13,1,2,3,2,9.0,2018.0, ,6.0,Empleado_Informal,14.0,14.0,0.0,3,86,1
3626,629,11,1,2,9313,4100,0.0,3.0,7,1,1.0,1,30,1,5,13, , , ,1,2.0,2022.0, ,2.0,Empleado_Informal,10.0,10.0,0.0,9,41,1
3626,629,11,2,2,,,0.0,0.0, ,2,,2,28,1,5,13, , , ,1,8.0,2022.0, ,2.0,Desempleado,10.0,10.0,0.0,,,0
3659,627,11,1,2,9111,9700,0.0,2.0,7,1,1.0,2,50,4,10,13,1,2,3,2,11.0,2018.0, ,6.0,Empleado_Informal,16.0,16.0,0.0,9,97,1
3659,627,11,2,2,9313,4100,0.0,3.0,7,1,1.0,1,18,6,4,6, , ,1,2,11.0,2018.0, ,6.0,Empleado_Informal,9.0,11.0,-2.0,9,41,1
3659,627,11,3,2,9112,9311,0.0,1.0,7,1,1.0,2,29,5,7,13, , ,3,2,12.0,2017.0, ,7.0,Empleado_Informal,12.5,12.5,0.0,9,93,1
3659,638,11,1,2,9112,5510,0.0,9.0,7,1,1.0,2,39,5,6,13, , , ,2,10.0,2015.0,1,9.0,Empleado_Informal,11.0,11.0,0.0,9,55,1
3659,639,11,2,2,9122,4520,0.0,6.0,7,1,1.0,1,17,6,5,13, , , ,9,9.0,2023.0,1,1.0,Empleado_Informal,10.0,10.0,0.0,9,45,1
3659,639,11,3,2,5212,4759,0.0,9.0,7,1,1.0,2,23,5,6,13, , , ,2,5.0,2022.0,0,2.0,Empleado_Informal,11.0,11.0,0.0,5,47,1
3807,685,11,1,3,8332,4923,3.0,0.0, ,1,1.0,1,41,2,1,13, , , ,2,10.0,2019.0,0,5.0,Empleado_Informal,0.0,0.0,0.0,8,49,1
3807,686,11,1,2,7111,4100,3.0,8.0,7,1,1.0,1,38,1,5,13, , , ,2,3.0,2018.0, ,6.0,Empleado_Informal,10.0,10.0,0.0,7,41,1
3807,686,11,2,2,5120,5610,1.0,0.0,2,1,1.0,2,34,1,6,13, , , ,2,5.0,2019.0, ,5.0,Empleado_Informal,11.0,11.0,0.0,5,56,1
3807,686,11,3,2,5120,5610,0.0,8.0,2,1,1.0,1,18,6,5,5, , , ,1,5.0,2019.0, ,5.0,Empleado_Informal,10.0,8.5,1.5,5,56,1
3807,687,11,1,2,9333,5224,7.0,0.0, ,1,1.0,1,57,1,5,13, , , ,2,2.0,2017.0,1,7.0,Empleado_Informal,10.0,10.0,0.0,9,52,1
3824,688,11,1,2,9313,4100,0.0,5.0,7,1,1.0,1,30,6,6,13, , , ,2,8.0,2018.0, ,6.0,Empleado_Informal,11.0,11.0,0.0,9,41,1
3824,702,11,1,2,9621,4923,0.0,7.0, ,1,1.0,1,26,6,6,13, , , ,1,2.0,2023.0,0,1.0,Empleado_Informal,11.0,11.0,0.0,9,49,1
3824,703,11,1,2,9621,4773,0.0,2.0,3,1,1.0,1,35,1,6,13, , , ,2,5.0,2018.0,0,6.0,Empleado_Informal,11.0,11.0,0.0,9,47,1
3824,703,11,2,2,5212,4773,4.0,0.0,7,1,1.0,1,37,1,8,13,1,2,3,2,3.0,2018.0, ,6.0,Empleado_Informal,14.0,14.0,0.0,5,47,1
3840,695,11,1,2,5141,9602,2.0,0.0, ,1,2.0,1,43,1,7,13, , ,3,2,5.0,2018.0, ,6.0,Empleado_Formal,12.5,12.5,0.0,5,96,1
3840,697,11,1,2,9313,4100,5.0,0.0,7,1,1.0,1,40,2,10,13,1,2,3,2,1.0,2018.0, ,6.0,Empleado_Informal,16.0,16.0,0.0,9,41,1
3840,697,11,2,1,4419,8620,0.0,2.0,7,1,2.0,2,37,2,10,13,2, ,3,,,,,,Empleado_Formal,16.0,16.0,0.0,4,86,1
3840,701,11,1,2,5230,9200,1.0,6.0,7,1,1.0,2,20,6,5,13, , , ,2,2.0,2023.0, ,1.0,Empleado_Informal,10.0,10.0,0.0,5,92,1
3873,715,11,1,2,4321,4752,0.0,7.0,7,1,1.0,1,28,6,6,13, , , ,2,9.0,2018.0, ,6.0,Empleado_Informal,11.0,11.0,0.0,4,47,1
3873,720,11,1,2,8322,4921,4.0,0.0, ,1,1.0,1,30,1,9,13, , ,3,2,5.0,2019.0, ,5.0,Empleado_Informal,13.5,13.5,0.0,8,49,1
3873,720,11,2,2,,,0.0,0.0, ,2,,2,28,1,10,13,1,2,3,2,12.0,2018.0,1,6.0,Desempleado,16.0,16.0,0.0,,,0
3873,730,11,1,2,7123,4330,4.0,0.0, ,1,1.0,1,31,1,6,13, , , ,2,6.0,2018.0, ,6.0,Empleado_Informal,11.0,11.0,0.0,7,43,1
3873,730,11,2,2,9411,5610,2.0,0.0, ,1,1.0,2,31,1,10,13,1,2,3,1,10.0,2018.0, ,6.0,Empleado_Informal,16.0,16.0,0.0,9,56,1
3906,722,11,1,2,9331,4923,1.0,0.0, ,1,1.0,1,26,6,5,13, , , ,2,10.0,2023.0, ,1.0,Empleado_Informal,10.0,10.0,0.0,9,49,1
3906,722,11,2,2,9333,5224,2.0,0.0, ,1,1.0,1,25,6,5,13, , , ,2,7.0,2022.0, ,2.0,Empleado_Informal,10.0,10.0,0.0,9,52,1
3906,724,11,1,2,5212,4721,2.0,0.0,7,1,1.0,2,49,2,10,13,1,2,3,2,9.0,2018.0,1,6.0,Empleado_Informal,16.0,16.0,0.0,5,47,1
3906,724,11,2,2,7421,9522,3.0,0.0, ,1,1.0,1,47,2,6,13, , , ,2,6.0,2018.0,0,6.0,Empleado_Informal,11.0,11.0,0.0,7,95,1
3906,724,11,3,2,5212,4721,1.0,6.0,7,1,1.0,1,16,6,3,5, , , ,2,9.0,2018.0, ,6.0,Empleado_Informal,4.5,8.5,-4.0,5,47,1
3906,724,11,4,2,9411,5630,0.0,1.0, ,1,1.0,2,24,5,6,13, , , ,2,5.0,2019.0,1,5.0,Empleado_Informal,11.0,11.0,0.0,9,56,1
3906,727,11,1,2,9333,5224,3.0,0.0, ,1,1.0,1,26,1,6,13, , , ,2,7.0,2018.0, ,6.0,Empleado_Informal,11.0,11.0,0.0,9,52,1
3922,728,11,1,2,5120,5610,0.0,2.0, ,1,1.0,2,39,1,6,13, , , ,6,3.0,2019.0, ,5.0,Empleado_Informal,11.0,11.0,0.0,5,56,1
3922,728,11,2,2,9112,9609,0.0,1.0,7,1,1.0,1,24,1,6,13, , , ,9,11.0,2023.0, ,1.0,Empleado_Informal,11.0,11.0,0.0,9,96,1
3922,728,11,3,2,9122,4520,0.0,1.0,7,1,1.0,1,16,6,5,13, , , ,9,8.0,2023.0, ,1.0,Empleado_Informal,10.0,10.0,0.0,9,45,1
3922,745,11,1,2,9412,5610,0.0,1.0,7,1,1.0,1,20,1,6,13, , , ,2,3.0,2021.0, ,3.0,Empleado_Informal,11.0,11.0,0.0,9,56,1
3922,746,11,1,2,7128,4330,1.0,0.0, ,1,1.0,1,47,2,8,13,1,2,3,2,9.0,2017.0, ,7.0,Empleado_Informal,14.0,14.0,0.0,7,43,1
3922,746,11,2,2,2359,8549,2.0,0.0, ,1,1.0,2,48,2,8,13,1,2,3,2,12.0,2017.0, ,7.0,Empleado_Informal,14.0,14.0,0.0,2,85,1
3939,735,11,2,2,8321,4922,5.0,0.0, ,1,1.0,1,34,1,6,13, , , ,2,7.0,2019.0, ,5.0,Empleado_Informal,11.0,11.0,0.0,8,49,1
3939,739,11,1,2,5212,4752,6.0,6.0,2,1,2.0,1,31,2,10,13,1,2,3,2,3.0,2018.0, ,6.0,Empleado_Formal,16.0,16.0,0.0,5,47,1
3939,739,11,2,2,9629,9000,3.0,0.0,7,1,1.0,2,31,2,8,13,1,2,3,2,3.0,2018.0, ,6.0,Empleado_Informal,14.0,14.0,0.0,9,90,1
3939,740,11,1,2,8141,4520,3.0,0.0,7,1,1.0,1,55,1,6,13, , , ,2,6.0,2018.0, ,6.0,Empleado_Informal,11.0,11.0,0.0,8,45,1
3939,740,11,2,2,5131,5630,1.0,0.0,7,1,1.0,2,46,1,10,13,1,2,3,2,10.0,2023.0, ,1.0,Empleado_Informal,16.0,16.0,0.0,5,56,1
3955,742,11,1,2,9621,4923,1.0,0.0, ,1,1.0,1,42,1,6,13, , , ,1,3.0,2019.0, ,5.0,Empleado_Informal,11.0,11.0,0.0,9,49,1
3955,742,11,2,2,5131,5610,0.0,3.0,7,1,1.0,2,36,1,4,13, , , ,2,3.0,2019.0, ,5.0,Empleado_Informal,9.0,9.0,0.0,5,56,1
3955,743,11,1,2,5120,5610,3.0,0.0, ,1,1.0,1,34,1,6,13, , , ,2,9.0,2018.0,0,6.0,Empleado_Informal,11.0,11.0,0.0,5,56,1
3955,746,11,1,2,5141,9602,0.0,8.0,2,1,1.0,2,55,6,8,13,1,2,3, ,,, ,,Empleado_Informal,14.0,14.0,0.0,5,96,1
4131,1,11,1,2,9629,1020,0.0,2.0,7,1,1.0,1,31,1,6,13, , , ,2,1.0,2019.0, ,5.0,Empleado_Informal,11.0,11.0,0.0,9,10,1
4131,1,11,2,1,,,0.0,0.0, ,2,,2,26,1,1,8, , ,0,,,,,,Desempleado,0.0,14.0,-14.0,,,0
4131,2,11,1,2,9511,4799,2.0,6.0, ,1,1.0,1,34,1,3,13, , , ,1,11.0,2021.0,0,3.0,Empleado_Informal,4.5,4.5,0.0,9,47,1
4131,2,11,2,2,9511,4799,2.0,6.0, ,1,1.0,2,24,1,8,13,1,2,3,1,11.0,2021.0, ,3.0,Empleado_Informal,14.0,14.0,0.0,9,47,1
4131,3,11,1,2,9333,4663,0.0,2.0,7,1,1.0,1,56,2,4,13, , , ,2,2.0,2018.0,0,6.0,Empleado_Informal,9.0,9.0,0.0,9,46,1
4131,3,11,2,2,9112,8121,4.0,0.0, ,1,1.0,2,56,2,5,13, , , ,2,5.0,2018.0,1,6.0,Empleado_Informal,10.0,10.0,0.0,9,81,1
4131,3,11,3,2,5211,4663,0.0,1.0,7,1,1.0,1,18,6,4,6, , ,1,2,5.0,2018.0, ,6.0,Empleado_Informal,9.0,11.0,-2.0,5,46,1
4165,26,11,1,2,8322,4921,2.0,0.0,7,1,1.0,1,58,6,5,13, , , ,2,7.0,2023.0, ,1.0,Empleado_Informal,10.0,10.0,0.0,8,49,1
4165,27,11,1,2,8322,4921,4.0,0.0,7,1,1.0,1,38,1,6,13, , , ,2,11.0,2018.0, ,6.0,Empleado_Informal,11.0,11.0,0.0,8,49,1
4165,27,11,2,2,,,0.0,0.0, ,2,,2,37,1,6,13, , , ,2,11.0,2018.0, ,6.0,Desempleado,11.0,11.0,0.0,,,0
4165,28,11,1,2,8322,4921,1.0,6.0,7,1,1.0,1,53,6,3,13, , , ,2,6.0,2022.0, ,2.0,Empleado_Informal,4.5,4.5,0.0,8,49,1
4325,116,11,2,2,7421,9511,2.0,0.0,7,1,1.0,1,27,6,6,9, , ,0,2,2.0,2018.0,1,6.0,Empleado_Informal,11.0,13.5,-2.5,7,95,1
4325,117,11,1,2,5212,4722,0.0,10.0,7,1,1.0,2,27,1,4,13, , , ,1,7.0,2018.0,0,6.0,Empleado_Informal,9.0,9.0,0.0,5,47,1
4325,117,11,2,1,5212,4752,3.0,9.0,7,1,1.0,1,38,1,1,6, , ,1,,,,,,Empleado_Informal,0.0,11.0,-11.0,5,47,1
4325,120,11,2,2,9622,9329,4.0,0.0,7,1,1.0,1,37,6,8,13,1,2,3,1,4.0,2018.0, ,6.0,Empleado_Informal,14.0,14.0,0.0,9,93,1
4325,120,11,3,2,9622,9329,1.0,0.0,7,1,1.0,1,30,6,8,13,1,2,3,1,12.0,2022.0, ,2.0,Empleado_Informal,14.0,14.0,0.0,9,93,1
4371,140,11,1,2,5131,9329,3.0,0.0,7,1,1.0,2,27,6,4,13, , , ,2,2.0,2018.0, ,6.0,Empleado_Informal,9.0,9.0,0.0,5,93,1
4371,141,11,1,1,3322,1079,3.0,9.0,2,1,2.0,1,51,2,1,13, , , ,,,,,,Empleado_Formal,0.0,0.0,0.0,3,10,1
4371,141,11,2,2,2635,8610,1.0,9.0,1,1,2.0,2,48,2,10,13,1,1,3,4,2.0,2018.0, ,6.0,Empleado_Formal,16.0,16.0,0.0,2,86,1
4371,142,11,1,2,9333,4781,3.0,0.0,7,1,1.0,1,28,1,3,13, , , ,1,10.0,2018.0, ,6.0,Empleado_Informal,4.5,4.5,0.0,9,47,1
4394,153,11,1,2,9313,4100,0.0,1.0,7,1,1.0,1,41,1,10,13,1,2,3,4,3.0,2018.0, ,6.0,Empleado_Informal,16.0,16.0,0.0,9,41,1
4394,158,11,1,2,5230,9602,0.0,1.0,7,1,1.0,2,39,6,10,13,1,2,3,2,6.0,2018.0,1,6.0,Empleado_Informal,16.0,16.0,0.0,5,96,1
4394,158,11,2,2,5211,4649,0.0,2.0,7,1,1.0,2,22,6,6,13, , , ,2,12.0,2020.0,1,4.0,Empleado_Informal,11.0,11.0,0.0,5,46,1
4394,160,11,1,2,9122,4520,2.0,0.0,7,1,1.0,1,33,1,5,13, , , ,1,12.0,2018.0,0,6.0,Empleado_Informal,10.0,10.0,0.0,9,45,1
4394,160,11,2,2,,,0.0,0.0, ,2,,2,30,1,5,13, , , ,1,12.0,2018.0, ,6.0,Desempleado,10.0,10.0,0.0,,,0
4451,186,11,1,2,5212,4752,6.0,9.0,2,1,1.0,1,50,1,3,13, , , ,2,7.0,2018.0,1,6.0,Empleado_Informal,4.5,4.5,0.0,5,47,1
4451,186,11,2,2,,,0.0,0.0, ,2,,2,38,1,9,13, , ,3,2,4.0,2019.0,0,5.0,Desempleado,13.5,13.5,0.0,,,0
4451,187,11,1,2,8322,4922,0.0,3.0, ,1,1.0,1,38,1,5,13, , , ,1,6.0,2018.0, ,6.0,Empleado_Informal,10.0,10.0,0.0,8,49,1
4451,187,11,2,2,,,0.0,0.0, ,2,,2,28,1,3,13, , , ,2,5.0,2018.0, ,6.0,Desempleado,4.5,4.5,0.0,,,0
4451,188,11,1,2,5141,9602,4.0,0.0,7,1,1.0,1,32,1,4,13, , , ,4,12.0,2017.0, ,7.0,Empleado_Informal,9.0,9.0,0.0,5,96,1
4451,188,11,2,2,5142,9602,0.0,8.0,7,1,1.0,2,30,1,3,13, , , ,2,6.0,2018.0, ,6.0,Empleado_Informal,4.5,4.5,0.0,5,96,1
4497,209,11,1,2,9333,1020,6.0,0.0,7,1,1.0,1,35,1,3,13, , , ,1,11.0,2018.0, ,6.0,Empleado_Informal,4.5,4.5,0.0,9,10,1
4497,211,11,1,2,9622,9329,0.0,10.0,7,1,1.0,1,26,1,5,13, , , ,2,3.0,2020.0, ,4.0,Empleado_Informal,10.0,10.0,0.0,9,93,1
4497,211,11,2,2,5131,9329,9.0,9.0,7,1,1.0,2,30,1,3,13, , , ,2,5.0,2021.0, ,3.0,Empleado_Informal,4.5,4.5,0.0,5,93,1
4497,213,11,1,2,5141,9602,4.0,0.0,7,1,1.0,1,29,6,4,13, , , ,9,6.0,2019.0,0,5.0,Empleado_Informal,9.0,9.0,0.0,5,96,1
4508,223,11,1,2,,,0.0,0.0, ,2,,2,36,5,10,13,1,2,3,2,8.0,2018.0, ,6.0,Desempleado,16.0,16.0,0.0,,,0
4508,229,11,1,2,5213,4781,3.0,0.0,7,1,1.0,1,40,1,3,13, , , ,2,11.0,2019.0, ,5.0,Empleado_Informal,4.5,4.5,0.0,5,47,1
4508,230,11,1,2,7511,1020,4.0,0.0,7,1,1.0,2,30,1,5,13, , , ,2,8.0,2018.0, ,6.0,Empleado_Informal,10.0,10.0,0.0,7,10,1
4508,230,11,2,2,7511,1020,5.0,0.0,7,1,1.0,1,30,1,5,13, , , ,2,5.0,2018.0, ,6.0,Empleado_Informal,10.0,10.0,0.0,7,10,1
4508,230,11,9,2,7511,1020,2.0,0.0,7,1,1.0,2,24,5,6,13, , , ,2,8.0,2018.0, ,6.0,Empleado_Informal,11.0,11.0,0.0,7,10,1
4520,221,11,1,2,5131,5610,1.0,6.0,7,1,1.0,2,30,5,5,13, , , ,1,10.0,2018.0,1,6.0,Empleado_Informal,10.0,10.0,0.0,5,56,1
4520,224,11,1,4,7119,4330,10.0,0.0, ,1,1.0,1,44,1,1,13, , , ,7,10.0,2008.0, ,16.0,Empleado_Informal,0.0,0.0,0.0,7,43,1
4520,224,11,2,2,7351,1430,2.0,0.0, ,1,1.0,2,28,1,7,13, , ,3,2,10.0,2018.0, ,6.0,Empleado_Informal,12.5,12.5,0.0,7,14,1
4520,224,11,3,2,9412,9000,0.0,3.0,7,1,1.0,2,49,5,10,13,1,2,3,2,10.0,2018.0, ,6.0,Empleado_Informal,16.0,16.0,0.0,9,90,1
4520,225,11,1,1,3124,4322,3.0,7.0,1,1,2.0,1,27,1,1,8, , ,0,,,,,,Empleado_Formal,0.0,14.0,-14.0,3,43,1
4520,225,11,2,2,7511,1020,0.0,1.0,7,1,1.0,2,20,1,6,13, , , ,9,12.0,2023.0, ,1.0,Empleado_Informal,11.0,11.0,0.0,7,10,1
4531,249,11,1,2,9629,4630,4.0,3.0,7,1,1.0,1,47,1,6,13, , , ,2,6.0,2019.0, ,5.0,Empleado_Informal,11.0,11.0,0.0,9,46,1
4531,249,11,2,2,9321,1020,0.0,3.0,7,1,1.0,2,39,1,6,13, , , ,1,11.0,2022.0, ,2.0,Empleado_Informal,11.0,11.0,0.0,9,10,1
4531,251,11,1,2,5142,9602,1.0,8.0, ,1,1.0,2,25,6,6,13, , , ,2,12.0,2020.0, ,4.0,Empleado_Informal,11.0,11.0,0.0,5,96,1
4531,252,11,1,2,9412,5610,0.0,4.0,7,1,1.0,2,39,2,4,13, , , ,2,12.0,2020.0, ,4.0,Empleado_Informal,9.0,9.0,0.0,9,56,1
4531,252,11,2,2,9622,729,4.0,6.0,2,1,2.0,1,48,2,5,13, , , ,2,7.0,2018.0, ,6.0,Empleado_Formal,10.0,10.0,0.0,9,07,1
4566,247,11,1,2,7511,1020,1.0,0.0,7,1,1.0,2,58,1,5,13, , , ,1,3.0,2021.0,1,3.0,Empleado_Informal,10.0,10.0,0.0,7,10,1
4566,247,11,2,2,9122,4520,0.0,3.0,7,1,1.0,1,57,1,5,13, , , ,2,3.0,2020.0,0,4.0,Empleado_Informal,10.0,10.0,0.0,9,45,1
4566,247,11,3,2,7511,1020,0.0,2.0,7,1,1.0,2,31,6,6,13, , , ,1,12.0,2020.0,1,4.0,Empleado_Informal,11.0,11.0,0.0,7,10,1
4566,248,11,1,2,7511,1020,0.0,3.0,7,1,1.0,1,29,1,5,13, , , ,1,2.0,2023.0,1,1.0,Empleado_Informal,10.0,10.0,0.0,7,10,1
4566,248,11,2,2,7511,1020,0.0,3.0,7,1,1.0,2,29,1,5,13, , , ,1,11.0,2021.0, ,3.0,Empleado_Informal,10.0,10.0,0.0,7,10,1
4566,251,11,1,2,7511,1020,1.0,0.0,7,1,1.0,2,57,5,6,13, , , ,2,2.0,2018.0,1,6.0,Empleado_Informal,11.0,11.0,0.0,7,10,1
4611,273,11,1,2,7511,1020,5.0,0.0,7,1,1.0,2,41,6,10,13,1,2,3,2,11.0,2018.0,1,6.0,Empleado_Informal,16.0,16.0,0.0,7,10,1
4611,274,11,1,2,7233,3315,5.0,0.0,7,1,1.0,1,47,1,10,13,1,2,3,2,5.0,2016.0, ,8.0,Empleado_Informal,16.0,16.0,0.0,7,33,1
4611,274,11,3,2,5120,5610,1.0,0.0,7,1,1.0,1,24,6,6,13, , , ,2,4.0,2017.0, ,7.0,Empleado_Informal,11.0,11.0,0.0,5,56,1
4611,275,11,1,2,9622,5610,0.0,4.0,7,1,1.0,1,31,1,6,13, , , ,9,6.0,2024.0, ,0.0,Empleado_Informal,11.0,11.0,0.0,9,56,1
4611,275,11,2,2,5131,5610,0.0,2.0,7,1,1.0,2,27,1,6,13, , , ,2,6.0,2024.0, ,0.0,Empleado_Informal,11.0,11.0,0.0,5,56,1
4623,279,11,1,2,7421,9522,3.0,0.0,7,1,1.0,1,28,1,6,13, , , ,9,11.0,2021.0, ,3.0,Empleado_Informal,11.0,11.0,0.0,7,95,1
4623,280,11,1,2,9612,3811,4.0,0.0, ,1,1.0,1,28,1,6,13, , , ,2,11.0,2018.0, ,6.0,Empleado_Informal,11.0,11.0,0.0,9,38,1
4623,281,11,1,2,9321,1020,0.0,6.0,7,1,1.0,2,28,5,9,13, , ,3,2,5.0,2019.0, ,5.0,Empleado_Informal,13.5,13.5,0.0,9,10,1
4691,323,11,1,2,9333,1020,5.0,0.0,7,1,1.0,1,24,1,6,13, , , ,2,3.0,2019.0,0,5.0,Empleado_Informal,11.0,11.0,0.0,9,10,1
4691,323,11,2,2,5142,9602,0.0,2.0,7,1,1.0,2,24,1,5,13, , , ,2,7.0,2022.0, ,2.0,Empleado_Informal,10.0,10.0,0.0,5,96,1
4691,324,11,2,2,4321,1020,4.0,0.0,2,1,2.0,2,24,6,9,9, , ,3,2,8.0,2018.0, ,6.0,Empleado_Formal,13.5,13.5,0.0,4,10,1
4691,324,11,3,2,7212,3312,0.0,1.0,7,1,1.0,1,22,6,5,13, , , ,2,8.0,2018.0, ,6.0,Empleado_Informal,10.0,10.0,0.0,7,33,1
4691,325,11,1,2,7511,1020,0.0,5.0,7,1,1.0,2,48,5,10,13,1,2,3,1,2.0,2021.0,1,3.0,Empleado_Informal,16.0,16.0,0.0,7,10,1
4691,325,11,2,2,5141,9602,2.0,0.0,7,1,1.0,1,23,6,6,13, , , ,2,8.0,2019.0, ,5.0,Empleado_Informal,11.0,11.0,0.0,5,96,1
4703,329,11,2,2,5212,4771,2.0,0.0,7,1,1.0,1,26,6,5,13, , , ,2,6.0,2018.0, ,6.0,Empleado_Informal,10.0,10.0,0.0,5,47,1
4703,329,11,3,2,5141,9602,6.0,0.0,7,1,1.0,1,24,6,6,13, , , ,2,5.0,2018.0,0,6.0,Empleado_Informal,11.0,11.0,0.0,5,96,1
4703,333,11,1,2,,,0.0,0.0, ,2,,1,27,1,6,13, , , ,2,2.0,2020.0, ,4.0,Desempleado,11.0,11.0,0.0,,,0
4703,333,11,2,2,,,0.0,0.0, ,2,,1,23,1,5,13, , , ,2,10.0,2020.0, ,4.0,Desempleado,10.0,10.0,0.0,,,0
4703,334,11,1,2,,,0.0,0.0, ,2,,2,32,5,6,13, , , ,1,8.0,2023.0, ,1.0,Desempleado,11.0,11.0,0.0,,,0
4714,339,11,1,2,,,0.0,0.0, ,2,,1,50,5,10,13,1,2,3,2,12.0,2019.0, ,5.0,Desempleado,16.0,16.0,0.0,,,0
4714,340,11,1,2,,,0.0,0.0, ,2,,1,27,6,9,13, , ,3,2,10.0,2019.0,1,5.0,Desempleado,13.5,13.5,0.0,,,0
4714,341,11,1,2,9621,5610,0.0,2.0,7,1,1.0,1,36,1,9,13, , ,3,2,12.0,2022.0,1,2.0,Empleado_Informal,13.5,13.5,0.0,9,56,1
4714,341,11,2,2,,,0.0,0.0, ,2,,2,31,1,6,13, , , ,2,1.0,2022.0,1,2.0,Desempleado,11.0,11.0,0.0,,,0
4726,344,11,1,2,5131,5610,1.0,0.0,7,1,1.0,2,28,6,4,13, , , ,1,5.0,2022.0, ,2.0,Empleado_Informal,9.0,9.0,0.0,5,56,1
4726,344,11,4,2,9412,5610,3.0,0.0,7,1,1.0,2,47,5,4,13, , , ,2,1.0,2020.0, ,4.0,Empleado_Informal,9.0,9.0,0.0,9,56,1
4726,345,11,1,2,5322,9609,0.0,4.0, ,1,1.0,2,33,5,4,13, , , ,1,3.0,2018.0, ,6.0,Empleado_Informal,9.0,9.0,0.0,5,96,1
4726,347,11,1,2,9333,4923,3.0,0.0,7,1,1.0,1,31,1,3,13, , , ,2,3.0,2020.0, ,4.0,Empleado_Informal,4.5,4.5,0.0,9,49,1
4726,347,11,2,2,,,0.0,0.0, ,2,,2,25,1,3,13, , , ,2,11.0,2019.0, ,5.0,Desempleado,4.5,4.5,0.0,,,0
4737,351,11,2,2,8322,4921,6.0,11.0, ,1,1.0,1,41,2,10,13,1,2,3,2,7.0,2018.0, ,6.0,Empleado_Informal,16.0,16.0,0.0,8,49,1
4737,356,11,1,2,,,0.0,0.0, ,3,,2,47,5,5,13, , , ,1,9.0,2019.0, ,5.0,Desempleado,10.0,10.0,0.0,,,0
4737,356,11,2,2,9333,4752,0.0,1.0,7,1,1.0,1,17,6,4,13, , , ,1,9.0,2019.0, ,5.0,Empleado_Informal,9.0,9.0,0.0,9,47,1
4737,356,11,3,2,,,0.0,0.0, ,2,,1,30,6,5,13, , , ,1,7.0,2017.0, ,7.0,Desempleado,10.0,10.0,0.0,,,0
4737,356,11,4,2,7212,3315,0.0,5.0,7,1,1.0,1,31,5,5,13, , , ,5,7.0,2017.0, ,7.0,Empleado_Informal,10.0,10.0,0.0,7,33,1
4737,359,11,1,2,9333,4663,4.0,0.0,7,1,1.0,1,30,1,3,13, , , ,1,4.0,2018.0, ,6.0,Empleado_Informal,4.5,4.5,0.0,9,46,1
4737,359,11,2,2,,,0.0,0.0, ,2,,2,24,1,6,13, , , ,1,4.0,2018.0, ,6.0,Desempleado,11.0,11.0,0.0,,,0
4737,359,11,3,2,,,0.0,0.0, ,3,,1,14,6,3,13, , , ,9,12.0,2021.0, ,3.0,Desempleado,4.5,4.5,0.0,,,0
4749,366,11,2,2,9621,4923,1.0,6.0, ,1,1.0,1,29,1,5,13, , , ,2,5.0,2021.0, ,3.0,Empleado_Informal,10.0,10.0,0.0,9,49,1
4749,370,11,1,2,9112,8121,2.0,6.0, ,1,1.0,2,29,1,5,13, , , ,9,5.0,2019.0, ,5.0,Empleado_Informal,10.0,10.0,0.0,9,81,1
4749,370,11,2,2,7511,1020,0.0,3.0,7,1,1.0,1,36,1,5,13, , , ,9,5.0,2019.0, ,5.0,Empleado_Informal,10.0,10.0,0.0,7,10,1
4749,370,11,3,2,7511,1020,0.0,1.0,7,1,1.0,1,15,6,5,13, , , ,9,2.0,2022.0, ,2.0,Empleado_Informal,10.0,10.0,0.0,7,10,1
4749,370,11,6,2,7511,1020,0.0,1.0,7,1,1.0,1,15,6,5,13, , , ,9,2.0,2022.0, ,2.0,Empleado_Informal,10.0,10.0,0.0,7,10,1
4749,371,11,1,2,8321,4922,3.0,5.0, ,1,1.0,1,41,1,6,13, , , ,2,5.0,2018.0, ,6.0,Empleado_Informal,11.0,11.0,0.0,8,49,1
4749,371,11,5,2,8321,4922,0.0,10.0, ,1,1.0,1,24,1,5,13, , , ,1,9.0,2022.0, ,2.0,Empleado_Informal,10.0,10.0,0.0,8,49,1
4749,371,11,6,2,9321,1020,2.0,4.0,7,1,1.0,2,30,1,6,13, , , ,1,2.0,2022.0, ,2.0,Empleado_Informal,11.0,11.0,0.0,9,10,1
4760,378,11,1,1,8332,4923,2.0,8.0,7,1,1.0,1,64,1,1,5, , , ,,,,,,Empleado_Informal,0.0,8.5,-8.5,8,49,1
4760,387,11,1,2,5142,9602,0.0,1.0, ,1,1.0,2,31,6,6,13, , , ,2,12.0,2018.0, ,6.0,Empleado_Informal,11.0,11.0,0.0,5,96,1
4760,390,11,1,2,7421,9522,1.0,0.0, ,1,1.0,1,51,5,1,13, , , ,2,11.0,2022.0, ,2.0,Empleado_Informal,0.0,0.0,0.0,7,95,1
4772,380,11,1,2,9411,5610,1.0,1.0, ,1,1.0,2,48,2,4,13, , , ,1,1.0,2022.0,1,2.0,Empleado_Informal,9.0,9.0,0.0,9,56,1
4772,380,11,2,2,8322,4921,5.0,0.0, ,1,1.0,1,51,2,3,13, , , ,2,4.0,2019.0,1,5.0,Empleado_Informal,4.5,4.5,0.0,8,49,1
4772,380,11,3,2,9313,4100,0.0,7.0,7,1,1.0,1,27,6,3,13, , , ,9,12.0,2023.0,1,1.0,Empleado_Informal,4.5,4.5,0.0,9,41,1
4772,382,11,1,2,8322,4922,2.0,1.0, ,1,1.0,1,28,1,6,13, , , ,1,8.0,2022.0, ,2.0,Empleado_Informal,11.0,11.0,0.0,8,49,1
4772,385,11,2,2,5212,4721,1.0,6.0,7,1,1.0,2,32,2,9,13, , ,3,1,9.0,2022.0,0,2.0,Empleado_Informal,13.5,13.5,0.0,5,47,1
4783,386,11,1,2,5120,5610,3.0,0.0,7,1,2.0,1,54,2,1,6, , ,1,4,9.0,2018.0, ,6.0,Empleado_Formal,0.0,11.0,-11.0,5,56,1
4783,391,11,1,2,7411,1020,1.0,1.0,2,1,2.0,1,32,2,10,13,2, ,3,2,1.0,2019.0, ,5.0,Empleado_Formal,16.0,16.0,0.0,7,10,1
4783,391,11,2,2,5230,5610,0.0,3.0,7,1,1.0,2,35,2,10,13,2, ,3,2,4.0,2019.0,0,5.0,Empleado_Informal,16.0,16.0,0.0,5,56,1
4783,391,11,4,2,,,0.0,0.0, ,2,,1,22,6,6,9, , ,0,2,7.0,2021.0,1,3.0,Desempleado,11.0,13.5,-2.5,,,0
4783,393,11,1,2,9621,4923,3.0,7.0,7,1,1.0,1,28,1,9,13, , ,3,2,10.0,2018.0, ,6.0,Empleado_Informal,13.5,13.5,0.0,9,49,1
4783,393,11,2,1,2330,8521,1.0,4.0,2,1,2.0,2,36,1,1,10, , ,0,,,,,,Empleado_Formal,0.0,16.0,-16.0,2,85,1
4806,401,11,1,2,9313,4210,1.0,0.0,7,1,1.0,1,43,1,8,13,2, ,3,2,9.0,2016.0,1,8.0,Empleado_Informal,14.0,14.0,0.0,9,42,1
4806,415,11,1,2,9112,1020,5.0,0.0,7,1,1.0,2,45,6,6,13, , , ,2,11.0,2018.0, ,6.0,Empleado_Informal,11.0,11.0,0.0,9,10,1
4806,416,11,1,2,9629,8620,0.0,4.0,7,1,1.0,2,27,6,6,13, , , ,2,5.0,2019.0, ,5.0,Empleado_Informal,11.0,11.0,0.0,9,86,1
4817,412,11,1,2,9333,5224,5.0,0.0,7,1,1.0,1,48,2,7,13, , ,3,2,9.0,2018.0,1,6.0,Empleado_Informal,12.5,12.5,0.0,9,52,1
4817,412,11,2,2,,,0.0,0.0, ,3,,2,45,2,10,13,1,2,3,2,12.0,2018.0,0,6.0,Desempleado,16.0,16.0,0.0,,,0
4817,412,11,3,2,9629,8510,1.0,0.0,7,1,1.0,2,18,6,5,6, , ,1,2,12.0,2018.0, ,6.0,Empleado_Informal,10.0,11.0,-1.0,9,85,1
4817,414,11,1,2,9412,5610,5.0,0.0,2,1,2.0,2,29,1,6,13, , , ,2,11.0,2019.0, ,5.0,Empleado_Formal,11.0,11.0,0.0,9,56,1
4817,414,11,2,1,8322,4922,4.0,0.0,7,1,1.0,1,42,1,1,6, , ,1,,,,,,Empleado_Informal,0.0,11.0,-11.0,8,49,1
4817,415,11,1,2,9321,1020,3.0,0.0,7,1,1.0,2,30,1,6,13, , , ,2,10.0,2018.0, ,6.0,Empleado_Informal,11.0,11.0,0.0,9,10,1
4817,415,11,2,2,8322,4922,4.0,0.0,7,1,1.0,1,40,1,3,13, , , ,2,3.0,2019.0, ,5.0,Empleado_Informal,4.5,4.5,0.0,8,49,1
4817,415,11,4,2,,,0.0,0.0, ,2,,2,57,6,4,13, , , ,1,4.0,2023.0, ,1.0,Desempleado,9.0,9.0,0.0,,,0
4829,420,11,1,2,9621,4923,3.0,2.0, ,1,1.0,1,35,2,6,13, , , ,2,12.0,2017.0,0,7.0,Empleado_Informal,11.0,11.0,0.0,9,49,1
4829,423,11,1,2,7513,1071,4.0,11.0, ,1,2.0,1,30,6,8,13,1,2,3,2,9.0,2018.0, ,6.0,Empleado_Formal,14.0,14.0,0.0,7,10,1
4829,423,11,2,2,9629,1071,1.0,10.0,7,1,1.0,2,68,6,10,13,1,2,3,2,12.0,2022.0, ,2.0,Empleado_Informal,16.0,16.0,0.0,9,10,1
4829,426,11,2,2,7421,9511,3.0,2.0, ,1,1.0,1,36,2,10,13,1,2,3,2,8.0,2018.0, ,6.0,Empleado_Informal,16.0,16.0,0.0,7,95,1
4840,434,11,1,2,5212,4772,0.0,10.0,7,1,1.0,2,37,1,6,13, , , ,2,5.0,2023.0,0,1.0,Empleado_Informal,11.0,11.0,0.0,5,47,1
4840,434,11,2,2,9313,4100,0.0,2.0,7,1,1.0,1,32,1,5,13, , , ,2,1.0,2023.0,0,1.0,Empleado_Informal,10.0,10.0,0.0,9,41,1
4840,434,11,3,2,5212,4772,1.0,9.0,7,1,1.0,1,33,6,10,13,1,2,3,2,1.0,2023.0, ,1.0,Empleado_Informal,16.0,16.0,0.0,5,47,1
4840,441,11,1,2,9629,9609,2.0,6.0, ,1,2.0,1,39,1,8,13,1,2,3,2,3.0,2018.0, ,6.0,Empleado_Formal,14.0,14.0,0.0,9,96,1
4840,441,11,2,2,3322,4630,0.0,2.0,2,1,2.0,2,40,1,10,13,1,1,3,2,12.0,2018.0, ,6.0,Empleado_Formal,16.0,16.0,0.0,3,46,1
4840,442,11,1,2,9411,5610,1.0,10.0, ,1,1.0,2,36,5,8,13,1,2,3,2,12.0,2017.0,0,7.0,Empleado_Informal,14.0,14.0,0.0,9,56,1
4852,434,11,1,2,,,0.0,0.0, ,2,,2,36,1,5,13, , , ,9,11.0,2023.0,0,1.0,Desempleado,10.0,10.0,0.0,,,0
4852,434,11,2,2,5212,4721,0.0,1.0,7,1,1.0,1,28,1,3,13, , , ,9,11.0,2023.0,0,1.0,Empleado_Informal,4.5,4.5,0.0,5,47,1
4852,443,11,1,2,2221,8620,1.0,0.0,7,1,1.0,2,38,1,10,13,1,2,3,1,5.0,2019.0,0,5.0,Empleado_Informal,16.0,16.0,0.0,2,86,1
4852,443,11,2,2,9333,4752,3.0,0.0,7,1,1.0,1,34,1,6,13, , , ,1,5.0,2019.0,0,5.0,Empleado_Informal,11.0,11.0,0.0,9,47,1
4852,447,11,1,2,3251,8620,0.0,6.0,7,1,1.0,2,34,6,10,13,1,1,3,2,9.0,2018.0, ,6.0,Empleado_Informal,16.0,16.0,0.0,3,86,1
4863,440,11,1,2,9412,5610,5.0,0.0,7,1,1.0,1,35,1,5,13, , , ,2,9.0,2018.0,0,6.0,Empleado_Informal,10.0,10.0,0.0,9,56,1
4863,441,11,1,2,9411,5610,1.0,0.0, ,1,1.0,1,36,2,6,13, , , ,2,12.0,2018.0,0,6.0,Empleado_Informal,11.0,11.0,0.0,9,56,1
4863,442,11,1,2,8321,4921,6.0,0.0,7,1,1.0,1,49,2,8,13,2, ,3,2,7.0,2018.0, ,6.0,Empleado_Informal,14.0,14.0,0.0,8,49,1
4863,442,11,2,2,5131,5610,1.0,0.0,7,1,1.0,2,46,2,10,13,2, ,3,2,10.0,2018.0, ,6.0,Empleado_Informal,16.0,16.0,0.0,5,56,1
4863,442,11,3,2,5131,5610,2.0,0.0,7,1,1.0,2,24,6,7,13, , ,3,2,10.0,2018.0, ,6.0,Empleado_Informal,12.5,12.5,0.0,5,56,1
4886,452,11,1,3,8332,1020,3.0,0.0,2,1,1.0,1,50,1,4,13, , , ,2,4.0,2019.0,0,5.0,Empleado_Informal,9.0,9.0,0.0,8,10,1
4886,452,11,2,2,,,0.0,0.0, ,2,,2,44,1,10,13,1,2,3,9,2.0,2024.0,0,0.0,Desempleado,16.0,16.0,0.0,,,0
4886,453,11,1,2,9629,4669,0.0,1.0,7,1,1.0,1,51,1,3,13, , , ,2,9.0,2021.0, ,3.0,Empleado_Informal,4.5,4.5,0.0,9,46,1
4886,453,11,3,2,7511,1020,2.0,0.0,7,1,1.0,2,29,6,6,13, , , ,2,10.0,2019.0, ,5.0,Empleado_Informal,11.0,11.0,0.0,7,10,1
4886,453,11,4,2,7511,1020,2.0,9.0,7,1,1.0,2,24,6,6,13, , , ,2,9.0,2021.0, ,3.0,Empleado_Informal,11.0,11.0,0.0,7,10,1
4886,454,11,1,2,9321,1020,3.0,9.0,7,1,1.0,2,30,1,5,13, , , ,2,4.0,2019.0,0,5.0,Empleado_Informal,10.0,10.0,0.0,9,10,1
4886,454,11,2,2,9622,8010,2.0,9.0,2,1,1.0,1,34,1,6,13, , , ,2,4.0,2019.0,0,5.0,Empleado_Informal,11.0,11.0,0.0,9,80,1
4897,464,11,1,2,7511,1020,5.0,0.0,7,1,1.0,2,21,5,5,13, , , ,2,7.0,2019.0, ,5.0,Empleado_Informal,10.0,10.0,0.0,7,10,1
4897,467,11,1,2,9411,5610,3.0,0.0, ,1,1.0,2,40,5,5,13, , , ,2,5.0,2019.0, ,5.0,Empleado_Informal,10.0,10.0,0.0,9,56,1
4897,468,11,1,2,,,0.0,0.0, ,2,,2,30,1,6,13, , , ,1,1.0,2021.0, ,3.0,Desempleado,11.0,11.0,0.0,,,0
4897,468,11,2,2,9629,4669,0.0,1.0,7,1,1.0,1,36,1,5,13, , , ,1,2.0,2021.0, ,3.0,Empleado_Informal,10.0,10.0,0.0,9,46,1
4909,464,11,1,2,7511,1020,0.0,2.0,2,1,2.0,2,40,1,6,13, , , ,1,9.0,2022.0, ,2.0,Empleado_Formal,11.0,11.0,0.0,7,10,1
4909,464,11,2,2,9629,1020,0.0,2.0,7,1,1.0,1,25,1,5,13, , , ,6,11.0,2020.0, ,4.0,Empleado_Informal,10.0,10.0,0.0,9,10,1
4909,465,11,1,2,9313,4100,0.0,2.0,7,1,1.0,1,43,1,4,13, , , ,6,10.0,2021.0, ,3.0,Empleado_Informal,9.0,9.0,0.0,9,41,1
4909,466,11,1,2,9411,5610,2.0,6.0, ,1,1.0,2,25,1,9,13, , ,3,1,9.0,2020.0, ,4.0,Empleado_Informal,13.5,13.5,0.0,9,56,1
4909,466,11,2,2,4214,6492,0.0,4.0,7,1,1.0,1,30,1,9,13, , ,3,2,7.0,2022.0, ,2.0,Empleado_Informal,13.5,13.5,0.0,4,64,1
4909,466,11,4,2,9412,5610,0.0,8.0,7,1,1.0,2,54,5,10,13,1,2,3,2,9.0,2020.0, ,4.0,Empleado_Informal,16.0,16.0,0.0,9,56,1
4920,470,11,1,2,9313,4100,3.0,9.0,7,1,1.0,1,27,1,3,13, , , ,1,2.0,2019.0, ,5.0,Empleado_Informal,4.5,4.5,0.0,9,41,1
4920,470,11,2,2,9333,1020,2.0,0.0,7,1,1.0,2,22,1,3,13, , , ,1,4.0,2019.0, ,5.0,Empleado_Informal,4.5,4.5,0.0,9,10,1
4920,471,11,1,2,9412,5610,0.0,8.0,7,1,1.0,2,28,6,4,13, , , ,2,8.0,2019.0, ,5.0,Empleado_Informal,9.0,9.0,0.0,9,56,1
4920,477,11,1,2,,,0.0,0.0, ,3,,2,31,1,3,13, , , ,1,5.0,2018.0, ,6.0,Desempleado,4.5,4.5,0.0,,,0
4920,477,11,2,2,9313,4100,0.0,2.0,7,1,1.0,1,31,1,3,13, , , ,2,5.0,2018.0, ,6.0,Empleado_Informal,4.5,4.5,0.0,9,41,1
4932,491,11,1,2,9621,5610,3.0,5.0,7,1,1.0,1,30,1,8,13,1,2,3,1,9.0,2021.0,0,3.0,Empleado_Informal,14.0,14.0,0.0,9,56,1
4932,491,11,2,2,,,0.0,0.0, ,2,,2,38,1,10,13,1,2,3,1,2.0,2022.0,0,2.0,Desempleado,16.0,16.0,0.0,,,0
4932,491,11,6,2,9412,5610,0.0,3.0,7,1,1.0,1,48,2,4,13, , , ,8,7.0,2024.0, ,0.0,Empleado_Informal,9.0,9.0,0.0,9,56,1
4932,495,11,1,2,5131,5610,0.0,1.0,7,1,1.0,1,28,1,10,13,1,2,3,1,7.0,2019.0, ,5.0,Empleado_Informal,16.0,16.0,0.0,5,56,1
4932,495,11,2,2,5131,5610,0.0,1.0,7,1,1.0,2,23,1,4,13, , , ,1,4.0,2019.0,0,5.0,Empleado_Informal,9.0,9.0,0.0,5,56,1
4966,509,11,1,2,5120,5610,0.0,8.0,7,1,1.0,1,42,2,5,13, , , ,2,5.0,2018.0, ,6.0,Empleado_Informal,10.0,10.0,0.0,5,56,1
4966,509,11,2,2,,,0.0,0.0, ,2,,2,38,2,10,13,1,2,3,2,9.0,2018.0, ,6.0,Desempleado,16.0,16.0,0.0,,,0
4966,511,11,1,2,5322,9609,0.0,1.0, ,1,1.0,2,48,5,8,13,1,2,3,2,6.0,2019.0,1,5.0,Empleado_Informal,14.0,14.0,0.0,5,96,1
4966,512,11,1,2,9411,5610,0.0,1.0, ,1,1.0,2,53,5,10,13,1,2,3,2,8.0,2017.0, ,7.0,Empleado_Informal,16.0,16.0,0.0,9,56,1
4966,512,11,3,2,5131,5610,0.0,7.0,7,1,1.0,2,21,6,5,6, , ,1,2,1.0,2018.0, ,6.0,Empleado_Informal,10.0,11.0,-1.0,5,56,1
4966,512,11,4,2,9333,1020,0.0,8.0,7,1,1.0,1,33,5,6,13, , , ,2,1.0,2018.0, ,6.0,Empleado_Informal,11.0,11.0,0.0,9,10,1
4977,506,11,1,2,5245,1071,3.0,0.0,7,1,1.0,1,60,4,10,13,1,2,3,2,1.0,2018.0,0,6.0,Empleado_Informal,16.0,16.0,0.0,5,10,1
4977,507,11,1,2,5131,5610,4.0,0.0,7,1,1.0,2,32,5,6,13, , , ,2,12.0,2019.0,1,5.0,Empleado_Informal,11.0,11.0,0.0,5,56,1
4977,509,11,1,2,5212,4721,1.0,0.0, ,1,2.0,2,54,2,6,13, , , ,6,2.0,2017.0, ,7.0,Empleado_Formal,11.0,11.0,0.0,5,47,1
4977,509,11,2,1,8322,4922,5.0,0.0,2,1,2.0,1,56,2,1,6, , ,1,,,,,,Empleado_Formal,0.0,11.0,-11.0,8,49,1
4989,518,11,1,2,9333,4663,2.0,6.0,7,1,1.0,1,32,1,5,13, , , ,6,6.0,2021.0,1,3.0,Empleado_Informal,10.0,10.0,0.0,9,46,1
4989,518,11,2,2,5142,9602,0.0,6.0, ,1,1.0,2,41,1,8,13,1,2,3,6,6.0,2021.0,0,3.0,Empleado_Informal,14.0,14.0,0.0,5,96,1
4989,524,11,1,2,9313,4100,0.0,2.0,7,1,1.0,1,48,1,6,13, , , ,6,9.0,2022.0, ,2.0,Empleado_Informal,11.0,11.0,0.0,9,41,1
4989,524,11,2,2,3322,4321,0.0,7.0,2,1,1.0,2,43,1,6,13, , , ,1,9.0,2022.0,1,2.0,Empleado_Informal,11.0,11.0,0.0,3,43,1
4989,525,11,1,2,,,0.0,0.0, ,2,,2,28,1,6,13, , , ,6,5.0,2019.0, ,5.0,Desempleado,11.0,11.0,0.0,,,0
4989,525,11,2,2,7511,1020,0.0,4.0,7,1,1.0,1,33,1,5,13, , , ,2,1.0,2019.0,0,5.0,Empleado_Informal,10.0,10.0,0.0,7,10,1
5000,524,11,1,2,5120,5610,0.0,2.0,7,1,1.0,2,30,1,5,13, , , ,2,1.0,2019.0, ,5.0,Empleado_Informal,10.0,10.0,0.0,5,56,1
5000,524,11,2,3,4214,6492,1.0,0.0,7,1,1.0,1,22,1,3,13, , , ,9,7.0,2023.0, ,1.0,Empleado_Informal,4.5,4.5,0.0,4,64,1
5000,526,11,1,2,4214,6492,1.0,0.0,7,1,1.0,2,24,6,5,13, , , ,2,11.0,2021.0, ,3.0,Empleado_Informal,10.0,10.0,0.0,4,64,1
5000,528,11,1,2,5131,5610,0.0,1.0,7,1,1.0,2,30,5,6,13, , , ,2,7.0,2019.0,1,5.0,Empleado_Informal,11.0,11.0,0.0,5,56,1
5035,551,11,1,2,7511,1020,0.0,5.0,7,1,1.0,2,36,5,6,13, , , ,2,7.0,2021.0, ,3.0,Empleado_Informal,11.0,11.0,0.0,7,10,1
5035,555,11,1,1,9313,4100,0.0,1.0,7,1,1.0,1,58,1,10,13,1,2,3,,,,,,Empleado_Informal,16.0,16.0,0.0,9,41,1
5035,555,11,3,2,5141,9602,0.0,5.0,7,1,1.0,1,18,6,3,6, , ,1,4,12.0,2017.0, ,7.0,Empleado_Informal,4.5,11.0,-6.5,5,96,1
5035,556,11,1,1,3257,3315,8.0,0.0,2,1,2.0,1,27,1,1,8, , ,0,,,,,,Empleado_Formal,0.0,14.0,-14.0,3,33,1
5046,9,11,1,2,7113,1622,0.0,4.0,7,1,1.0,1,18,6,3,13, , , ,9,3.0,2024.0, ,0.0,Empleado_Informal,4.5,4.5,0.0,7,16,1
5046,18,11,1,2,9112,5510,1.0,0.0,7,1,1.0,2,38,6,7,13, , ,3,2,12.0,2017.0, ,7.0,Empleado_Informal,12.5,12.5,0.0,9,55,1
5046,19,11,1,2,5131,5610,0.0,3.0,7,1,1.0,2,20,1,6,13, , , ,2,5.0,2022.0, ,2.0,Empleado_Informal,11.0,11.0,0.0,5,56,1
5046,19,11,2,2,9412,5610,0.0,2.0,2,1,2.0,1,23,1,6,13, , , ,2,3.0,2023.0, ,1.0,Empleado_Formal,11.0,11.0,0.0,9,56,1
5046,19,11,4,2,9333,1103,3.0,0.0,2,1,1.0,1,38,6,4,13, , , ,2,3.0,2020.0, ,4.0,Empleado_Informal,9.0,9.0,0.0,9,11,1
5052,9,11,1,2,7111,4100,0.0,1.0,7,1,1.0,1,26,1,5,13, , , ,1,12.0,2021.0, ,3.0,Empleado_Informal,10.0,10.0,0.0,7,41,1
5052,13,11,1,2,9313,4100,2.0,0.0,7,1,1.0,1,47,2,6,13, , , ,2,4.0,2018.0,1,6.0,Empleado_Informal,11.0,11.0,0.0,9,41,1
5052,13,11,2,2,,,0.0,0.0, ,2,,2,46,2,6,13, , , ,1,4.0,2022.0,1,2.0,Desempleado,11.0,11.0,0.0,,,0
5052,16,11,1,2,8322,4922,1.0,0.0, ,1,1.0,1,28,1,6,13, , , ,2,5.0,2018.0, ,6.0,Empleado_Informal,11.0,11.0,0.0,8,49,1
5058,23,11,1,2,9313,4100,2.0,0.0,7,1,1.0,1,31,1,6,13, , , ,2,7.0,2019.0, ,5.0,Empleado_Informal,11.0,11.0,0.0,9,41,1
5058,23,11,2,2,,,0.0,0.0, ,2,,2,27,1,6,13, , , ,9,2.0,2023.0,1,1.0,Desempleado,11.0,11.0,0.0,,,0
5058,26,11,1,2,9112,8521,2.0,0.0,2,1,2.0,1,40,1,4,13, , , ,2,10.0,2018.0, ,6.0,Empleado_Formal,9.0,9.0,0.0,9,85,1
5058,26,11,2,1,2251,8610,0.0,1.0,2,1,2.0,1,51,1,1,10, , ,0,,,,,,Empleado_Formal,0.0,16.0,-16.0,2,86,1
5058,31,11,1,2,9511,4799,4.0,0.0, ,1,1.0,1,43,1,4,13, , , ,2,11.0,2018.0, ,6.0,Empleado_Informal,9.0,9.0,0.0,9,47,1
5058,31,11,2,2,9112,5510,2.0,0.0,7,1,1.0,2,42,1,6,13, , , ,9,8.0,2018.0, ,6.0,Empleado_Informal,11.0,11.0,0.0,9,55,1
5058,31,11,3,2,9511,4799,4.0,0.0, ,1,1.0,1,23,6,6,13, , , ,2,10.0,2019.0, ,5.0,Empleado_Informal,11.0,11.0,0.0,9,47,1
5075,43,11,2,2,9622,8010,0.0,1.0,2,1,2.0,1,63,1,5,13, , , ,2,1.0,2019.0, ,5.0,Empleado_Formal,10.0,10.0,0.0,9,80,1
5075,43,11,3,2,9622,8010,2.0,10.0,2,1,2.0,1,40,2,5,13, , , ,2,7.0,2018.0, ,6.0,Empleado_Formal,10.0,10.0,0.0,9,80,1
5075,43,11,4,2,9111,9700,0.0,5.0,7,1,1.0,2,35,2,9,13, , ,3,2,7.0,2018.0, ,6.0,Empleado_Informal,13.5,13.5,0.0,9,97,1
5075,44,11,1,2,5142,9602,0.0,3.0, ,1,2.0,2,23,1,5,13, , , ,2,5.0,2018.0, ,6.0,Empleado_Formal,10.0,10.0,0.0,5,96,1
5075,44,11,2,2,5141,9602,0.0,3.0,7,1,1.0,1,25,1,6,13, , , ,2,5.0,2018.0, ,6.0,Empleado_Informal,11.0,11.0,0.0,5,96,1
5075,44,11,4,2,8321,4922,0.0,6.0, ,1,1.0,1,20,6,5,13, , , ,3,3.0,2024.0, ,0.0,Empleado_Informal,10.0,10.0,0.0,8,49,1
5075,50,11,1,2,9211,121,3.0,6.0,7,1,1.0,1,62,5,3,13, , , ,2,12.0,2019.0, ,5.0,Empleado_Informal,4.5,4.5,0.0,9,01,1
5086,57,11,1,2,8322,4321,0.0,2.0,7,1,1.0,1,40,1,6,13, , , ,2,11.0,2018.0,0,6.0,Empleado_Informal,11.0,11.0,0.0,8,43,1
5086,57,11,2,2,9511,4799,0.0,2.0,7,1,1.0,2,26,1,9,13, , ,3,2,1.0,2019.0,0,5.0,Empleado_Informal,13.5,13.5,0.0,9,47,1
5086,58,11,1,2,5212,4773,1.0,10.0,7,1,1.0,1,26,1,4,13, , , ,1,12.0,2022.0, ,2.0,Empleado_Informal,9.0,9.0,0.0,5,47,1
5086,58,11,2,2,5213,4781,1.0,6.0,7,1,1.0,2,26,1,6,13, , , ,2,12.0,2022.0, ,2.0,Empleado_Informal,11.0,11.0,0.0,5,47,1
5086,58,11,6,2,5212,4773,0.0,6.0,7,1,1.0,1,22,6,6,13, , , ,9,4.0,2024.0, ,0.0,Empleado_Informal,11.0,11.0,0.0,5,47,1
5086,60,11,1,2,7231,4520,1.0,11.0,2,1,1.0,1,49,1,4,13, , , ,1,7.0,2019.0, ,5.0,Empleado_Informal,9.0,9.0,0.0,7,45,1
5086,60,11,2,2,5120,5610,1.0,6.0, ,1,1.0,2,57,1,5,13, , , ,1,4.0,2019.0, ,5.0,Empleado_Informal,10.0,10.0,0.0,5,56,1
5086,60,11,3,2,8321,4922,3.0,4.0, ,1,1.0,1,45,1,5,13, , , ,2,4.0,2019.0, ,5.0,Empleado_Informal,10.0,10.0,0.0,8,49,1
5086,60,11,4,2,5120,5610,1.0,6.0, ,1,1.0,2,39,1,4,13, , , ,2,7.0,2019.0, ,5.0,Empleado_Informal,9.0,9.0,0.0,5,56,1
5086,60,11,6,2,9412,5610,1.0,0.0,7,1,1.0,2,14,6,3,5, , , ,2,7.0,2019.0, ,5.0,Empleado_Informal,4.5,8.5,-4.0,9,56,1
5115,113,11,1,2,7128,4330,1.0,11.0, ,1,1.0,1,35,1,4,13, , , ,1,11.0,2022.0, ,2.0,Empleado_Informal,9.0,9.0,0.0,7,43,1
5115,113,11,5,2,5131,5610,0.0,3.0,7,1,1.0,2,22,6,6,13, , , ,9,11.0,2022.0, ,2.0,Empleado_Informal,11.0,11.0,0.0,5,56,1
5115,114,11,1,2,9411,5610,0.0,2.0, ,1,1.0,2,36,5,9,13, , ,3,2,12.0,2018.0, ,6.0,Empleado_Informal,13.5,13.5,0.0,9,56,1
5115,114,11,2,2,5213,4781,1.0,9.0,7,1,1.0,2,15,6,3,5, , , ,2,2.0,2020.0, ,4.0,Empleado_Informal,4.5,8.5,-4.0,5,47,1
5115,114,11,3,2,,,0.0,0.0, ,3,,2,56,5,10,13,1,2,3,1,8.0,2023.0, ,1.0,Desempleado,16.0,16.0,0.0,,,0
5115,114,11,4,2,7513,1071,0.0,2.0,7,1,1.0,1,22,6,6,13, , , ,2,11.0,2022.0, ,2.0,Empleado_Informal,11.0,11.0,0.0,7,10,1
5115,117,11,1,2,5213,4781,1.0,0.0,7,1,1.0,1,23,6,5,13, , , ,1,12.0,2018.0, ,6.0,Empleado_Informal,10.0,10.0,0.0,5,47,1
5138,129,11,1,2,8321,4922,1.0,0.0, ,1,1.0,1,28,6,6,13, , , ,1,11.0,2023.0,0,1.0,Empleado_Informal,11.0,11.0,0.0,8,49,1
5138,131,11,1,2,9412,5610,2.0,0.0,7,1,1.0,2,47,1,6,13, , , ,2,3.0,2022.0, ,2.0,Empleado_Informal,11.0,11.0,0.0,9,56,1
5138,131,11,2,2,8141,4520,2.0,0.0,7,1,1.0,1,35,1,9,13, , ,3,2,4.0,2022.0,1,2.0,Empleado_Informal,13.5,13.5,0.0,8,45,1
5138,131,11,5,2,8321,4922,0.0,6.0, ,1,1.0,1,25,1,6,13, , , ,1,10.0,2022.0,1,2.0,Empleado_Informal,11.0,11.0,0.0,8,49,1
5138,131,11,6,2,5131,5610,0.0,4.0,7,1,1.0,2,23,1,6,13, , , ,1,10.0,2022.0,1,2.0,Empleado_Informal,11.0,11.0,0.0,5,56,1
5138,133,11,1,2,5212,4752,3.0,0.0,7,1,1.0,2,38,1,6,13, , , ,2,7.0,2018.0,1,6.0,Empleado_Informal,11.0,11.0,0.0,5,47,1
5138,133,11,2,2,9333,4752,1.0,0.0,7,1,1.0,1,22,1,6,13, , , ,9,7.0,2023.0,1,1.0,Empleado_Informal,11.0,11.0,0.0,9,47,1
5138,133,11,3,2,,,0.0,0.0, ,3,,2,22,6,6,13, , , ,1,10.0,2021.0, ,3.0,Desempleado,11.0,11.0,0.0,,,0
5138,133,11,4,2,8322,5610,1.0,6.0,7,1,1.0,1,31,6,9,13, , ,3,1,10.0,2019.0, ,5.0,Empleado_Informal,13.5,13.5,0.0,8,56,1
5190,201,11,1,2,9112,8121,4.0,0.0, ,1,1.0,2,37,1,6,13, , , ,2,5.0,2019.0, ,5.0,Empleado_Informal,11.0,11.0,0.0,9,81,1
5190,201,11,2,2,5414,8010,7.0,0.0,2,1,2.0,1,39,1,6,13, , , ,2,7.0,2019.0, ,5.0,Empleado_Formal,11.0,11.0,0.0,5,80,1
5190,202,11,1,2,5131,5610,0.0,4.0,7,1,1.0,1,23,6,10,13,2, ,3,2,5.0,2022.0, ,2.0,Empleado_Informal,16.0,16.0,0.0,5,56,1
5190,202,11,2,2,,,0.0,0.0, ,3,,2,53,5,10,13,2, ,3,2,12.0,2023.0, ,1.0,Desempleado,16.0,16.0,0.0,,,0
5190,203,11,1,2,8321,4923,6.0,0.0, ,1,1.0,1,31,5,6,13, , , ,9,8.0,2018.0,1,6.0,Empleado_Informal,11.0,11.0,0.0,8,49,1
5207,214,11,1,2,8322,4922,2.0,0.0, ,1,2.0,1,40,6,6,13, , , ,2,3.0,2018.0,1,6.0,Empleado_Formal,11.0,11.0,0.0,8,49,1
5207,223,11,1,2,7128,4330,1.0,0.0, ,1,1.0,1,42,1,5,13, , , ,2,11.0,2017.0,0,7.0,Empleado_Informal,10.0,10.0,0.0,7,43,1
5207,223,11,2,2,9412,5610,0.0,2.0,7,1,1.0,2,37,1,5,13, , , ,2,9.0,2018.0, ,6.0,Empleado_Informal,10.0,10.0,0.0,9,56,1
5207,224,11,1,2,5120,5610,0.0,7.0,7,1,1.0,1,31,6,7,13, , ,3,2,3.0,2018.0, ,6.0,Empleado_Informal,12.5,12.5,0.0,5,56,1
5213,214,11,1,2,8322,4922,0.0,8.0, ,1,1.0,1,39,1,5,13, , , ,9,2.0,2024.0,0,0.0,Empleado_Informal,10.0,10.0,0.0,8,49,1
5213,214,11,2,2,9112,8121,0.0,1.0, ,1,1.0,2,42,1,6,13, , , ,9,5.0,2024.0,1,0.0,Empleado_Informal,11.0,11.0,0.0,9,81,1
5213,215,11,1,2,9111,9700,1.0,0.0,7,1,1.0,2,54,6,10,13,1,2,3,2,5.0,2018.0, ,6.0,Empleado_Informal,16.0,16.0,0.0,9,97,1
5213,216,11,1,2,8322,4921,1.0,9.0, ,1,1.0,1,41,6,5,13, , , ,9,1.0,2023.0, ,1.0,Empleado_Informal,10.0,10.0,0.0,8,49,1
5219,222,11,1,2,9411,5610,5.0,0.0, ,1,1.0,1,37,2,6,13, , , ,2,4.0,2019.0, ,5.0,Empleado_Informal,11.0,11.0,0.0,9,56,1
5219,227,11,1,2,9313,4100,3.0,0.0,2,1,1.0,1,28,1,6,13, , , ,1,8.0,2018.0, ,6.0,Empleado_Informal,11.0,11.0,0.0,9,41,1
5219,237,11,1,2,8321,4922,4.0,0.0, ,1,1.0,1,39,1,5,13, , , ,1,8.0,2018.0, ,6.0,Empleado_Informal,10.0,10.0,0.0,8,49,1
5219,237,11,2,2,5212,4721,0.0,1.0, ,1,1.0,2,39,1,5,13, , , ,1,8.0,2019.0, ,5.0,Empleado_Informal,10.0,10.0,0.0,5,47,1
5219,237,11,3,2,,,0.0,0.0, ,3,,2,21,6,6,13, , , ,1,8.0,2019.0, ,5.0,Desempleado,11.0,11.0,0.0,,,0
5225,228,11,1,2,5211,4630,6.0,0.0,7,1,1.0,1,32,6,8,13,1,2,3,2,3.0,2019.0, ,5.0,Empleado_Informal,14.0,14.0,0.0,5,46,1
5225,228,11,2,2,5131,5610,0.0,3.0,7,1,1.0,2,28,5,6,13, , , ,2,1.0,2020.0, ,4.0,Empleado_Informal,11.0,11.0,0.0,5,56,1
5225,230,11,1,2,9629,7912,1.0,0.0,7,1,1.0,1,56,1,8,13,1,2,3,2,6.0,2016.0, ,8.0,Empleado_Informal,14.0,14.0,0.0,9,79,1
5225,230,11,2,2,9111,9700,0.0,6.0,7,1,1.0,2,53,1,6,13, , , ,2,7.0,2017.0, ,7.0,Empleado_Informal,11.0,11.0,0.0,9,97,1
5225,230,11,3,2,9313,4100,3.0,2.0,7,1,1.0,1,36,6,5,13, , , ,1,5.0,2019.0, ,5.0,Empleado_Informal,10.0,10.0,0.0,9,41,1
5225,230,11,4,2,9313,4100,3.0,2.0,7,1,1.0,1,33,6,5,13, , , ,2,7.0,2017.0, ,7.0,Empleado_Informal,10.0,10.0,0.0,9,41,1
5225,230,11,5,2,4419,4210,0.0,5.0,7,1,1.0,2,22,6,5,6, , ,1,2,10.0,2016.0, ,8.0,Empleado_Informal,10.0,11.0,-1.0,4,42,1
5225,230,11,6,2,9313,4100,3.0,0.0,7,1,1.0,1,54,5,6,13, , , ,2,6.0,2016.0, ,8.0,Empleado_Informal,11.0,11.0,0.0,9,41,1
5225,230,11,7,2,7513,1071,4.0,0.0,7,1,2.0,1,25,6,6,13, , , ,2,12.0,2017.0, ,7.0,Empleado_Formal,11.0,11.0,0.0,7,10,1
5225,231,11,1,2,8322,4923,0.0,6.0,7,1,1.0,1,46,2,10,13,1,1,3,2,5.0,2019.0, ,5.0,Empleado_Informal,16.0,16.0,0.0,8,49,1
5225,231,11,2,2,5212,4771,3.0,2.0,7,1,2.0,2,47,2,8,13,1,2,3,2,5.0,2018.0, ,6.0,Empleado_Formal,14.0,14.0,0.0,5,47,1
5225,231,11,3,2,5142,9602,1.0,0.0,7,1,1.0,2,19,6,6,9, , ,2,2,5.0,2019.0,0,5.0,Empleado_Informal,11.0,13.5,-2.5,5,96,1
5236,243,11,1,2,5131,5610,0.0,7.0,7,1,1.0,2,45,5,6,13, , , ,9,9.0,2023.0, ,1.0,Empleado_Informal,11.0,11.0,0.0,5,56,1
5236,243,11,7,2,5213,4781,1.0,0.0,7,1,1.0,1,17,6,3,13, , , ,9,9.0,2023.0, ,1.0,Empleado_Informal,4.5,4.5,0.0,5,47,1
5236,249,11,1,2,5120,5610,2.0,1.0, ,1,2.0,1,29,1,10,13,1,2,3,2,2.0,2017.0, ,7.0,Empleado_Formal,16.0,16.0,0.0,5,56,1
5236,249,11,2,2,5120,5610,2.0,1.0,7,1,1.0,2,32,1,9,13, , ,3,2,6.0,2018.0, ,6.0,Empleado_Informal,13.5,13.5,0.0,5,56,1
5254,272,11,1,1,2341,8510,1.0,6.0,2,1,1.0,2,35,1,10,13,1,1,3,,,,,,Empleado_Informal,16.0,16.0,0.0,2,85,1
5254,272,11,2,2,8321,4922,3.0,0.0, ,1,1.0,1,38,1,10,13,1,2,3,2,7.0,2018.0, ,6.0,Empleado_Informal,16.0,16.0,0.0,8,49,1
5254,282,11,1,2,7231,4520,2.0,0.0, ,1,1.0,1,58,2,5,13, , , ,2,12.0,2017.0, ,7.0,Empleado_Informal,10.0,10.0,0.0,7,45,1
5254,282,11,3,2,3314,5610,1.0,2.0,2,1,1.0,1,38,2,10,13,1,2,3,2,11.0,2017.0, ,7.0,Empleado_Informal,16.0,16.0,0.0,3,56,1
5254,282,11,4,2,6111,113,1.0,0.0,2,1,1.0,2,35,2,10,13,1,2,3,2,11.0,2017.0, ,7.0,Empleado_Informal,16.0,16.0,0.0,6,01,1
5254,285,11,1,2,,,0.0,0.0, ,2,,1,59,2,9,13, , ,3,2,11.0,2019.0, ,5.0,Desempleado,13.5,13.5,0.0,,,0
5254,285,11,3,2,5212,4771,5.0,0.0,7,1,1.0,1,23,1,6,13, , , ,2,6.0,2019.0, ,5.0,Empleado_Informal,11.0,11.0,0.0,5,47,1
5254,285,11,4,2,5212,4773,5.0,0.0,7,1,1.0,2,24,1,9,13, , ,3,2,6.0,2019.0, ,5.0,Empleado_Informal,13.5,13.5,0.0,5,47,1
5265,291,11,1,2,9412,5610,2.0,0.0,2,1,1.0,1,30,1,5,13, , , ,1,7.0,2019.0, ,5.0,Empleado_Informal,10.0,10.0,0.0,9,56,1
5265,293,11,1,2,7119,4330,5.0,0.0, ,1,1.0,1,53,6,5,13, , , ,1,8.0,2019.0, ,5.0,Empleado_Informal,10.0,10.0,0.0,7,43,1
5265,294,11,1,2,9411,5610,1.0,4.0, ,1,1.0,1,55,6,5,13, , , ,1,5.0,2023.0,0,1.0,Empleado_Informal,10.0,10.0,0.0,9,56,1
5282,308,11,1,2,9412,5610,1.0,0.0,7,1,1.0,1,30,6,6,13, , , ,2,7.0,2019.0, ,5.0,Empleado_Informal,11.0,11.0,0.0,9,56,1
5282,312,11,1,2,7126,4330,3.0,0.0, ,1,1.0,1,41,1,5,13, , , ,1,12.0,2017.0, ,7.0,Empleado_Informal,10.0,10.0,0.0,7,43,1
5282,312,11,2,2,,,0.0,0.0, ,2,,2,44,1,10,13,2, ,3,1,6.0,2018.0, ,6.0,Desempleado,16.0,16.0,0.0,,,0
5282,326,11,1,2,8321,4923,2.0,0.0, ,1,1.0,1,31,1,10,13,1,2,3,2,12.0,2018.0, ,6.0,Empleado_Informal,16.0,16.0,0.0,8,49,1
5282,326,11,3,2,8321,4922,3.0,0.0, ,1,1.0,1,22,6,5,13, , , ,2,8.0,2020.0, ,4.0,Empleado_Informal,10.0,10.0,0.0,8,49,1
5300,331,11,1,2,9321,1104,0.0,10.0,7,1,1.0,2,43,2,5,13, , , ,1,8.0,2023.0, ,1.0,Empleado_Informal,10.0,10.0,0.0,9,11,1
5300,331,11,2,2,9621,4773,1.0,2.0,7,1,1.0,1,50,2,5,13, , , ,1,8.0,2023.0, ,1.0,Empleado_Informal,10.0,10.0,0.0,9,47,1
5300,331,11,3,2,9321,1104,0.0,9.0,7,1,1.0,1,19,6,6,13, , , ,9,1.0,2024.0, ,0.0,Empleado_Informal,11.0,11.0,0.0,9,11,1
5300,331,11,4,2,9122,4520,1.0,0.0,7,1,1.0,1,16,6,5,13, , , ,1,10.0,2023.0, ,1.0,Empleado_Informal,10.0,10.0,0.0,9,45,1
5300,332,11,1,2,8321,4922,2.0,0.0, ,1,1.0,1,30,1,6,13, , , ,9,7.0,2018.0, ,6.0,Empleado_Informal,11.0,11.0,0.0,8,49,1
5300,334,11,1,4,2359,8549,3.0,0.0, ,1,2.0,2,60,2,1,13, , , ,2,12.0,2016.0,0,8.0,Empleado_Formal,0.0,0.0,0.0,2,85,1
5317,356,11,1,2,7129,4520,2.0,3.0, ,1,1.0,1,50,1,5,13, , , ,1,3.0,2020.0,1,4.0,Empleado_Informal,10.0,10.0,0.0,7,45,1
5317,356,11,2,2,9629,4730,0.0,2.0,7,1,1.0,1,32,6,5,13, , , ,1,3.0,2021.0, ,3.0,Empleado_Informal,10.0,10.0,0.0,9,47,1
5317,358,11,1,2,8322,4922,1.0,6.0,7,1,1.0,1,43,1,6,13, , , ,2,6.0,2018.0, ,6.0,Empleado_Informal,11.0,11.0,0.0,8,49,1
5317,358,11,2,2,,,0.0,0.0, ,3,,2,45,1,6,13, , , ,2,6.0,2018.0, ,6.0,Desempleado,11.0,11.0,0.0,,,0
5317,358,11,3,2,5141,9602,1.0,6.0, ,1,1.0,1,24,1,5,13, , , ,2,6.0,2018.0, ,6.0,Empleado_Informal,10.0,10.0,0.0,5,96,1
5317,377,11,1,2,9411,5610,0.0,9.0, ,1,1.0,2,31,5,10,13,1,2,3,9,2.0,2019.0, ,5.0,Empleado_Informal,16.0,16.0,0.0,9,56,1
5323,369,11,1,2,7212,2511,6.0,0.0,7,1,1.0,1,47,1,6,13, , , ,2,6.0,2018.0, ,6.0,Empleado_Informal,11.0,11.0,0.0,7,25,1
5323,369,11,2,2,9512,4799,3.0,0.0, ,1,1.0,2,38,1,6,13, , , ,2,6.0,2018.0, ,6.0,Empleado_Informal,11.0,11.0,0.0,9,47,1
5323,371,11,1,2,8331,4922,3.0,0.0,7,1,1.0,1,33,2,10,13,2, ,3,2,7.0,2018.0, ,6.0,Empleado_Informal,16.0,16.0,0.0,8,49,1
5323,371,11,2,2,5142,9602,2.0,0.0, ,1,1.0,2,27,2,9,13, , ,3,2,10.0,2018.0, ,6.0,Empleado_Informal,13.5,13.5,0.0,5,96,1
5323,374,11,1,2,9313,4100,3.0,0.0,7,1,1.0,1,37,6,6,13, , , ,1,3.0,2021.0,1,3.0,Empleado_Informal,11.0,11.0,0.0,9,41,1
5328,376,11,1,2,8322,4922,2.0,0.0, ,1,1.0,1,24,1,5,13, , , ,9,4.0,2019.0,1,5.0,Empleado_Informal,10.0,10.0,0.0,8,49,1
5328,376,11,2,2,5230,4711,0.0,1.0,2,1,1.0,2,20,1,5,13, , , ,9,11.0,2020.0, ,4.0,Empleado_Informal,10.0,10.0,0.0,5,47,1
5328,379,11,1,1,9521,4799,4.0,0.0, ,1,1.0,1,55,1,1,10, , ,0,,,,,,Empleado_Informal,0.0,16.0,-16.0,9,47,1
5328,379,11,2,2,9111,9700,2.0,0.0,7,1,1.0,2,45,1,6,13, , , ,2,12.0,2018.0, ,6.0,Empleado_Informal,11.0,11.0,0.0,9,97,1
5328,380,11,2,2,7129,2511,0.0,1.0,2,1,1.0,1,32,1,6,13, , , ,1,6.0,2021.0, ,3.0,Empleado_Informal,11.0,11.0,0.0,7,25,1
5334,382,11,1,2,8332,4922,5.0,0.0,2,1,2.0,1,35,1,6,13, , , ,2,5.0,2018.0, ,6.0,Empleado_Formal,11.0,11.0,0.0,8,49,1
5334,382,11,2,2,5142,9602,0.0,6.0, ,1,1.0,2,38,1,6,13, , , ,1,1.0,2022.0, ,2.0,Empleado_Informal,11.0,11.0,0.0,5,96,1
5334,382,11,3,2,9629,4663,0.0,7.0,7,1,1.0,1,16,6,5,5, , , ,1,1.0,2023.0, ,1.0,Empleado_Informal,10.0,8.5,1.5,9,46,1
5334,388,11,1,2,7513,1071,0.0,7.0, ,1,1.0,2,46,6,5,13, , , ,2,3.0,2018.0, ,6.0,Empleado_Informal,10.0,10.0,0.0,7,10,1
5334,388,11,2,2,,,0.0,0.0, ,2,,1,18,6,5,13, , , ,1,3.0,2018.0, ,6.0,Desempleado,10.0,10.0,0.0,,,0
5334,389,11,1,2,9412,5610,3.0,0.0,7,1,1.0,2,55,5,6,13, , , ,1,11.0,2021.0, ,3.0,Empleado_Informal,11.0,11.0,0.0,9,56,1
5334,389,11,2,2,,,0.0,0.0, ,2,,1,15,6,5,13, , , ,9,11.0,2021.0, ,3.0,Desempleado,10.0,10.0,0.0,,,0
5340,391,11,1,2,7519,1080,0.0,5.0,7,1,1.0,1,32,1,5,13, , , ,1,7.0,2022.0, ,2.0,Empleado_Informal,10.0,10.0,0.0,7,10,1
5340,391,11,2,2,9111,9700,0.0,3.0,7,1,1.0,2,30,1,6,13, , , ,2,9.0,2022.0, ,2.0,Empleado_Informal,11.0,11.0,0.0,9,97,1
5340,391,11,5,2,9313,4100,3.0,0.0,7,1,1.0,1,56,2,3,13, , , ,1,7.0,2022.0, ,2.0,Empleado_Informal,4.5,4.5,0.0,9,41,1
5340,391,11,7,2,9333,4752,0.0,3.0,7,1,1.0,1,35,5,3,13, , , ,9,7.0,2024.0, ,0.0,Empleado_Informal,4.5,4.5,0.0,9,47,1
5340,392,11,1,2,3339,7912,3.0,6.0,7,1,1.0,1,27,1,6,13, , , ,1,8.0,2019.0, ,5.0,Empleado_Informal,11.0,11.0,0.0,3,79,1
5340,392,11,2,2,9629,4773,0.0,6.0,2,1,1.0,2,33,1,10,13,1,2,3,2,8.0,2019.0, ,5.0,Empleado_Informal,16.0,16.0,0.0,9,47,1
5340,393,11,1,2,7322,3100,2.0,0.0,7,1,1.0,1,39,1,6,13, , , ,2,3.0,2018.0, ,6.0,Empleado_Informal,11.0,11.0,0.0,7,31,1
5340,393,11,2,2,5131,5610,0.0,6.0,7,1,1.0,2,41,1,8,13,1,2,3,2,8.0,2019.0, ,5.0,Empleado_Informal,14.0,14.0,0.0,5,56,1
5346,396,11,1,2,9412,5610,2.0,6.0,7,1,1.0,1,38,6,10,13,1,2,3,2,1.0,2019.0, ,5.0,Empleado_Informal,16.0,16.0,0.0,9,56,1
5346,396,11,2,2,5131,5610,2.0,6.0,7,1,1.0,1,38,6,8,13,1,2,3,5,12.0,2019.0, ,5.0,Empleado_Informal,14.0,14.0,0.0,5,56,1
5346,398,11,1,2,9313,4100,0.0,11.0,7,1,1.0,1,42,5,5,13, , , ,9,6.0,2018.0, ,6.0,Empleado_Informal,10.0,10.0,0.0,9,41,1
5346,398,11,2,2,,,0.0,0.0, ,3,,1,19,6,3,13, , , ,9,3.0,2020.0, ,4.0,Desempleado,4.5,4.5,0.0,,,0
5346,401,11,1,1,7119,4100,10.0,0.0, ,1,1.0,1,38,1,1,6, , ,1,,,,,,Empleado_Informal,0.0,11.0,-11.0,7,41,1
5352,415,11,1,2,9313,4100,0.0,1.0,7,1,1.0,1,29,1,6,13, , , ,1,2.0,2019.0, ,5.0,Empleado_Informal,11.0,11.0,0.0,9,41,1
5352,426,11,1,2,9511,4799,3.0,0.0, ,1,1.0,2,50,6,4,13, , , ,2,8.0,2018.0, ,6.0,Empleado_Informal,9.0,9.0,0.0,9,47,1
5352,426,11,2,2,8322,4922,6.0,0.0, ,1,1.0,1,33,6,6,13, , , ,2,1.0,2017.0, ,7.0,Empleado_Informal,11.0,11.0,0.0,8,49,1
5352,430,11,1,2,7515,1030,0.0,2.0,2,1,1.0,2,45,1,5,13, , , ,2,2.0,2020.0, ,4.0,Empleado_Informal,10.0,10.0,0.0,7,10,1
5352,430,11,2,2,9313,9499,2.0,0.0,7,1,1.0,1,41,1,4,13, , , ,1,2.0,2020.0, ,4.0,Empleado_Informal,9.0,9.0,0.0,9,94,1
5357,412,11,1,2,7513,1071,0.0,2.0,7,1,1.0,1,26,1,6,13, , , ,2,5.0,2019.0,1,5.0,Empleado_Informal,11.0,11.0,0.0,7,10,1
5357,412,11,2,2,5120,5610,0.0,6.0, ,1,1.0,2,26,1,6,13, , , ,2,2.0,2020.0, ,4.0,Empleado_Informal,11.0,11.0,0.0,5,56,1
5357,423,11,1,2,9313,4100,3.0,0.0,7,1,1.0,1,23,1,4,13, , , ,1,1.0,2019.0,1,5.0,Empleado_Informal,9.0,9.0,0.0,9,41,1
5357,423,11,2,2,5230,1071,0.0,1.0,2,1,1.0,2,24,1,5,13, , , ,1,11.0,2018.0, ,6.0,Empleado_Informal,10.0,10.0,0.0,5,10,1
5357,434,11,1,2,8160,1080,2.0,0.0,7,1,1.0,1,24,1,5,13, , , ,1,1.0,2022.0, ,2.0,Empleado_Informal,10.0,10.0,0.0,8,10,1
5357,434,11,2,2,5131,5610,0.0,1.0,7,1,1.0,2,22,1,5,13, , , ,2,10.0,2022.0, ,2.0,Empleado_Informal,10.0,10.0,0.0,5,56,1
5357,434,11,4,2,8160,1080,4.0,6.0,7,1,1.0,1,34,6,6,13, , , ,2,1.0,2022.0, ,2.0,Empleado_Informal,11.0,11.0,0.0,8,10,1
5363,415,11,1,2,8160,1080,0.0,6.0,7,1,1.0,1,21,1,5,13, , , ,9,2.0,2021.0, ,3.0,Empleado_Informal,10.0,10.0,0.0,8,10,1
5363,415,11,2,2,9412,5610,1.0,4.0,7,1,1.0,2,33,1,6,13, , , ,9,3.0,2022.0, ,2.0,Empleado_Informal,11.0,11.0,0.0,9,56,1
5363,416,11,1,2,5212,4741,4.0,0.0,7,1,1.0,2,41,5,6,13, , , ,1,8.0,2018.0,0,6.0,Empleado_Informal,11.0,11.0,0.0,5,47,1
5363,416,11,2,2,5213,4781,4.0,0.0,7,1,1.0,1,21,6,5,5, , , ,9,4.0,2019.0,0,5.0,Empleado_Informal,10.0,8.5,1.5,5,47,1
5363,416,11,3,2,5212,4741,1.0,0.0,7,1,1.0,2,17,6,3,6, , ,1,1,4.0,2019.0,0,5.0,Empleado_Informal,4.5,11.0,-6.5,5,47,1
5363,417,11,1,2,9333,4630,3.0,0.0,7,1,1.0,1,28,6,4,13, , , ,9,9.0,2020.0, ,4.0,Empleado_Informal,9.0,9.0,0.0,9,46,1
5369,427,11,1,2,5120,5610,2.0,0.0,7,1,1.0,1,29,1,9,13, , ,3,1,1.0,2022.0,1,2.0,Empleado_Informal,13.5,13.5,0.0,5,56,1
5369,440,11,1,2,9333,113,3.0,0.0,2,1,1.0,1,32,5,6,13, , , ,9,6.0,2019.0, ,5.0,Empleado_Informal,11.0,11.0,0.0,9,01,1
5369,441,11,1,2,9411,5610,3.0,0.0, ,1,1.0,2,36,5,5,13, , , ,1,8.0,2018.0,0,6.0,Empleado_Informal,10.0,10.0,0.0,9,56,1
5375,429,11,1,2,9535,4799,0.0,9.0, ,1,1.0,2,27,1,5,13, , , ,1,2.0,2021.0,0,3.0,Empleado_Informal,10.0,10.0,0.0,9,47,1
5375,429,11,2,1,7113,1622,3.0,0.0,2,1,1.0,1,34,1,1,6, , ,1,,,,,,Empleado_Informal,0.0,11.0,-11.0,7,16,1
5375,437,11,1,2,5212,4771,3.0,0.0,7,1,1.0,2,23,6,6,13, , , ,1,8.0,2018.0, ,6.0,Empleado_Informal,11.0,11.0,0.0,5,47,1
5375,443,11,1,2,8322,4922,3.0,0.0, ,1,1.0,1,50,1,6,13, , , ,2,1.0,2018.0, ,6.0,Empleado_Informal,11.0,11.0,0.0,8,49,1
5375,443,11,2,2,5312,8510,3.0,0.0,2,1,1.0,2,41,1,10,13,1,2,3,2,5.0,2019.0,0,5.0,Empleado_Informal,16.0,16.0,0.0,5,85,1
5380,439,11,1,2,7113,4100,0.0,1.0, ,1,2.0,2,41,5,10,13,1,2,3,2,6.0,2018.0,1,6.0,Empleado_Formal,16.0,16.0,0.0,7,41,1
5380,439,11,2,2,7231,4520,0.0,1.0,7,1,1.0,1,21,6,6,9, , ,0,2,8.0,2020.0, ,4.0,Empleado_Informal,11.0,13.5,-2.5,7,45,1
5380,439,11,3,2,5245,1071,0.0,5.0,7,1,1.0,2,19,6,6,13, , , ,1,8.0,2023.0, ,1.0,Empleado_Informal,11.0,11.0,0.0,5,10,1
5380,439,11,4,2,5131,5610,0.0,4.0,7,1,1.0,2,16,6,5,5, , , ,2,8.0,2020.0,1,4.0,Empleado_Informal,10.0,8.5,1.5,5,56,1
5380,440,12,1,2,7111,4100,5.0,2.0,7,1,1.0,1,51,2,5,13, , , ,2,6.0,2019.0, ,5.0,Empleado_Informal,10.0,10.0,0.0,7,41,1
5380,440,12,2,2,,,0.0,0.0, ,2,,2,61,2,3,13, , , ,2,6.0,2019.0,0,5.0,Desempleado,4.5,4.5,0.0,,,0
5380,440,22,1,2,7222,9529,1.0,6.0, ,1,1.0,1,26,1,5,13, , , ,2,3.0,2020.0,1,4.0,Empleado_Informal,10.0,10.0,0.0,7,95,1
5380,441,11,1,2,5245,1071,0.0,6.0,7,1,1.0,2,28,1,9,13, , ,3,2,9.0,2021.0, ,3.0,Empleado_Informal,13.5,13.5,0.0,5,10,1
5380,441,11,2,2,5141,9602,1.0,9.0, ,1,1.0,1,28,1,6,13, , , ,2,1.0,2023.0,0,1.0,Empleado_Informal,11.0,11.0,0.0,5,96,1
5386,445,12,1,2,7222,2511,2.0,1.0,7,1,1.0,1,35,5,6,13, , , ,2,5.0,2018.0, ,6.0,Empleado_Informal,11.0,11.0,0.0,7,25,1
5386,445,22,1,2,7221,2511,5.0,0.0, ,1,1.0,1,39,1,5,13, , , ,6,11.0,2018.0, ,6.0,Empleado_Informal,10.0,10.0,0.0,7,25,1
5386,446,11,1,2,9622,6810,0.0,6.0,7,1,1.0,1,57,3,3,13, , , ,2,2.0,2021.0, ,3.0,Empleado_Informal,4.5,4.5,0.0,9,68,1
5386,446,11,2,2,5211,4630,0.0,10.0,7,1,1.0,1,25,6,6,13, , , ,1,2.0,2023.0, ,1.0,Empleado_Informal,11.0,11.0,0.0,5,46,1
5386,447,11,1,3,9621,1071,1.0,0.0,7,1,1.0,1,28,1,1,13, , , ,2,7.0,2022.0,0,2.0,Empleado_Informal,0.0,0.0,0.0,9,10,1
5386,447,11,2,2,7513,1071,1.0,0.0,7,1,1.0,2,34,1,5,13, , , ,2,12.0,2020.0,1,4.0,Empleado_Informal,10.0,10.0,0.0,7,10,1
5444,1,11,1,2,7231,4520,0.0,4.0,7,1,1.0,1,31,1,7,13, , ,3,2,2.0,2021.0,1,3.0,Empleado_Informal,12.5,12.5,0.0,7,45,1
5444,1,11,2,1,5120,5610,0.0,4.0,7,1,1.0,2,41,1,1,9, , ,0,,,,,,Empleado_Informal,0.0,13.5,-13.5,5,56,1
5444,11,11,1,1,7119,4390,2.0,2.0,2,1,2.0,1,46,1,1,7, , ,0,,,,,,Empleado_Formal,0.0,12.5,-12.5,7,43,1
5444,14,11,1,2,8322,4922,4.0,11.0, ,1,1.0,1,52,1,6,13, , , ,2,10.0,2018.0, ,6.0,Empleado_Informal,11.0,11.0,0.0,8,49,1
5444,14,11,2,1,9111,9700,2.0,0.0,7,1,1.0,2,44,1,1,7, , ,0,,,,,,Empleado_Informal,0.0,12.5,-12.5,9,97,1
5463,7,11,1,1,9313,4100,0.0,4.0,2,1,1.0,1,34,1,1,12, , , ,,,,,,Empleado_Informal,0.0,,,9,41,1
5463,7,11,2,2,9549,4799,0.0,5.0, ,1,1.0,2,26,1,6,13, , , ,2,10.0,2017.0, ,7.0,Empleado_Informal,11.0,11.0,0.0,9,47,1
5463,22,11,1,2,5245,1071,0.0,6.0,7,1,1.0,2,41,6,7,13, , ,3,2,9.0,2022.0,1,2.0,Empleado_Informal,12.5,12.5,0.0,5,10,1
5463,23,11,1,2,5120,5610,0.0,11.0,7,1,1.0,1,38,1,8,13,1,2,3,2,3.0,2020.0, ,4.0,Empleado_Informal,14.0,14.0,0.0,5,56,1
5463,23,11,2,1,5212,4771,1.0,6.0,7,1,1.0,2,27,1,1,12, , , ,,,,,,Empleado_Informal,0.0,,,5,47,1
5482,16,11,1,1,,,0.0,0.0, ,2,,1,34,1,1,8, , ,0,,,,,,Desempleado,0.0,14.0,-14.0,,,0
5482,16,11,5,1,5141,9602,10.0,0.0, ,1,1.0,2,56,4,1,9, , ,0,,,,,,Empleado_Informal,0.0,13.5,-13.5,5,96,1
5482,31,11,1,2,9621,4923,4.0,0.0, ,1,2.0,1,39,1,8,13,1,2,3,2,10.0,2018.0,1,6.0,Empleado_Formal,14.0,14.0,0.0,9,49,1
5482,33,11,1,2,5120,5610,0.0,2.0, ,1,1.0,2,26,6,6,13, , , ,2,9.0,2021.0,0,3.0,Empleado_Informal,11.0,11.0,0.0,5,56,1
5482,33,11,6,2,8322,4922,1.0,2.0, ,1,2.0,1,42,6,6,13, , , ,2,10.0,2018.0,1,6.0,Empleado_Formal,11.0,11.0,0.0,8,49,1
5501,19,11,1,2,5131,5610,0.0,3.0,7,1,1.0,2,19,6,6,9, , ,0,2,9.0,2017.0, ,7.0,Empleado_Informal,11.0,13.5,-2.5,5,56,1
5501,21,11,1,2,9313,4100,3.0,0.0,2,1,2.0,1,33,1,9,13, , ,3,2,3.0,2018.0, ,6.0,Empleado_Formal,13.5,13.5,0.0,9,41,1
5501,21,11,2,2,5131,5610,2.0,11.0,7,1,1.0,2,34,1,10,13,1,2,3,2,4.0,2019.0, ,5.0,Empleado_Informal,16.0,16.0,0.0,5,56,1
5501,22,11,1,2,5211,4649,0.0,3.0,7,1,1.0,2,27,6,8,13,1,2,3,4,2.0,2022.0, ,2.0,Empleado_Informal,14.0,14.0,0.0,5,46,1
5520,25,11,1,2,9313,4100,5.0,0.0,7,1,1.0,1,47,3,4,13, , , ,2,8.0,2018.0, ,6.0,Empleado_Informal,9.0,9.0,0.0,9,41,1
5520,53,11,1,2,9621,4923,4.0,0.0,2,1,1.0,1,33,1,10,13,1,2,3,2,4.0,2019.0,1,5.0,Empleado_Informal,16.0,16.0,0.0,9,49,1
5520,53,11,2,2,5142,9602,1.0,6.0, ,1,2.0,2,30,1,6,13, , , ,2,4.0,2019.0,0,5.0,Empleado_Formal,11.0,11.0,0.0,5,96,1
5520,57,11,1,2,7212,2511,0.0,10.0,7,1,1.0,1,20,6,6,13, , , ,1,1.0,2023.0, ,1.0,Empleado_Informal,11.0,11.0,0.0,7,25,1
5539,36,11,1,2,9621,4923,3.0,0.0,7,1,1.0,1,31,1,9,13, , ,3,2,8.0,2018.0,0,6.0,Empleado_Informal,13.5,13.5,0.0,9,49,1
5539,40,11,1,2,9411,5610,3.0,0.0, ,1,1.0,1,30,2,6,13, , , ,2,5.0,2021.0,0,3.0,Empleado_Informal,11.0,11.0,0.0,9,56,1
5539,40,11,2,2,9411,5630,0.0,1.0, ,1,1.0,2,33,2,8,13,1,2,3,2,4.0,2022.0,0,2.0,Empleado_Informal,14.0,14.0,0.0,9,56,1
5539,41,11,1,2,9629,4669,6.0,0.0,7,1,1.0,1,42,2,5,13, , , ,2,3.0,2018.0, ,6.0,Empleado_Informal,10.0,10.0,0.0,9,46,1
5539,41,11,2,2,,,0.0,0.0, ,2,,2,49,2,10,13,1,2,3,2,3.0,2018.0,0,6.0,Desempleado,16.0,16.0,0.0,,,0
5671,74,11,1,2,3322,8530,2.0,0.0,2,1,2.0,2,32,6,10,13,2, ,3,2,9.0,2017.0,1,7.0,Empleado_Formal,16.0,16.0,0.0,3,85,1
5671,74,11,2,2,3322,8530,2.0,1.0,1,1,2.0,2,34,6,9,13, , ,3,2,9.0,2017.0, ,7.0,Empleado_Formal,13.5,13.5,0.0,3,85,1
5671,74,11,3,2,5131,5610,3.0,2.0,7,1,1.0,2,29,6,9,13, , ,3,2,9.0,2017.0, ,7.0,Empleado_Informal,13.5,13.5,0.0,5,56,1
5671,76,11,1,1,3113,729,6.0,6.0,1,1,2.0,1,42,1,1,10, , ,0,,,,,,Empleado_Formal,0.0,16.0,-16.0,3,07,1
5671,76,11,2,2,9112,5510,0.0,1.0,7,1,1.0,2,47,1,8,13,1,2,3,2,2.0,2018.0, ,6.0,Empleado_Informal,14.0,14.0,0.0,9,55,1
5671,78,11,1,2,9412,5610,10.0,0.0,7,1,1.0,2,37,1,6,13, , , ,2,10.0,2018.0, ,6.0,Empleado_Informal,11.0,11.0,0.0,9,56,1
5671,78,11,2,2,7212,4520,1.0,2.0,2,1,1.0,1,38,1,6,13, , , ,2,5.0,2018.0, ,6.0,Empleado_Informal,11.0,11.0,0.0,7,45,1
5690,81,11,1,2,9111,9700,1.0,0.0,7,1,1.0,2,41,6,7,13, , ,3,2,12.0,2018.0,0,6.0,Empleado_Informal,12.5,12.5,0.0,9,97,1
5690,82,11,1,2,9621,4923,1.0,0.0, ,1,1.0,1,27,1,6,13, , , ,2,5.0,2023.0, ,1.0,Empleado_Informal,11.0,11.0,0.0,9,49,1
5690,83,11,1,2,9622,8010,3.0,6.0,2,1,1.0,1,49,1,6,13, , , ,2,12.0,2021.0, ,3.0,Empleado_Informal,11.0,11.0,0.0,9,80,1
5690,83,11,2,2,5120,5610,5.0,1.0,7,1,1.0,2,57,1,9,13, , ,3,2,8.0,2019.0, ,5.0,Empleado_Informal,13.5,13.5,0.0,5,56,1
5709,88,11,1,2,9112,8121,0.0,9.0, ,1,1.0,2,49,6,8,13,1,2,3,2,3.0,2020.0, ,4.0,Empleado_Informal,14.0,14.0,0.0,9,81,1
5709,88,11,2,2,3322,4711,0.0,2.0,2,1,1.0,2,26,6,9,13, , ,3,2,7.0,2018.0,1,6.0,Empleado_Informal,13.5,13.5,0.0,3,47,1
5709,99,11,1,2,5142,9602,33.0,6.0, ,1,1.0,1,50,2,10,13,1,2,3,2,4.0,2018.0, ,6.0,Empleado_Informal,16.0,16.0,0.0,5,96,1
5709,99,11,2,2,5120,5610,1.0,0.0,7,1,1.0,2,36,6,11,13,1,2,3,2,6.0,2018.0, ,6.0,Empleado_Informal,18.0,18.0,0.0,5,56,1
5709,100,12,1,2,5120,5610,0.0,11.0,7,1,1.0,2,45,1,8,13,1,2,3,2,10.0,2021.0,0,3.0,Empleado_Informal,14.0,14.0,0.0,5,56,1
5709,100,12,2,2,7128,4330,0.0,1.0,7,1,1.0,1,47,1,6,13, , , ,2,6.0,2018.0,0,6.0,Empleado_Informal,11.0,11.0,0.0,7,43,1
5709,100,22,1,2,7128,4330,3.0,0.0, ,1,1.0,1,28,6,6,13, , , ,2,10.0,2018.0,1,6.0,Empleado_Informal,11.0,11.0,0.0,7,43,1
5728,93,11,1,2,5131,5610,0.0,3.0,7,1,1.0,2,39,2,10,13,1,2,3,2,1.0,2018.0,0,6.0,Empleado_Informal,16.0,16.0,0.0,5,56,1
5728,93,11,2,2,5414,8010,1.0,0.0,2,1,2.0,1,41,2,8,13,1,2,3,2,1.0,2018.0,1,6.0,Empleado_Formal,14.0,14.0,0.0,5,80,1
5728,95,11,1,2,7513,1071,1.0,0.0,7,1,1.0,1,28,1,5,13, , , ,2,11.0,2022.0, ,2.0,Empleado_Informal,10.0,10.0,0.0,7,10,1
5728,96,11,1,2,5141,9602,0.0,9.0,7,1,1.0,2,50,6,5,13, , , ,2,10.0,2018.0, ,6.0,Empleado_Informal,10.0,10.0,0.0,5,96,1
5747,101,11,1,2,9412,5610,1.0,9.0,7,1,1.0,2,27,6,6,13, , , ,2,7.0,2018.0, ,6.0,Empleado_Informal,11.0,11.0,0.0,9,56,1
5747,102,11,1,2,4110,7830,2.0,0.0,2,1,1.0,1,23,1,6,13, , , ,2,2.0,2019.0, ,5.0,Empleado_Informal,11.0,11.0,0.0,4,78,1
5747,111,11,1,2,5120,5610,2.0,0.0,2,1,1.0,1,27,6,6,13, , , ,2,11.0,2017.0, ,7.0,Empleado_Informal,11.0,11.0,0.0,5,56,1
5766,110,11,1,2,9622,9491,2.0,0.0,2,1,2.0,1,43,2,10,13,1,2,3,2,11.0,2014.0, ,10.0,Empleado_Formal,16.0,16.0,0.0,9,94,1
5766,110,11,2,2,5131,5610,0.0,2.0,7,1,1.0,2,41,2,9,13, , ,3,2,8.0,2017.0, ,7.0,Empleado_Informal,13.5,13.5,0.0,5,56,1
5766,115,11,1,2,9621,4923,3.0,11.0,2,1,1.0,1,29,1,6,13, , , ,2,10.0,2018.0, ,6.0,Empleado_Informal,11.0,11.0,0.0,9,49,1
5766,123,11,1,2,7513,1071,3.0,0.0, ,1,1.0,2,33,2,10,13,2, ,3,2,7.0,2018.0, ,6.0,Empleado_Informal,16.0,16.0,0.0,7,10,1
5766,123,11,2,2,9622,5610,2.0,0.0,5,1,1.0,1,40,2,10,13,1,2,3,2,9.0,2018.0, ,6.0,Empleado_Informal,16.0,16.0,0.0,9,56,1
5785,111,11,1,2,5131,5610,0.0,7.0,7,1,1.0,2,42,6,8,13,1,2,3,2,6.0,2018.0, ,6.0,Empleado_Informal,14.0,14.0,0.0,5,56,1
5785,113,11,1,2,8322,4922,0.0,5.0, ,1,2.0,1,34,1,6,13, , , ,2,8.0,2018.0, ,6.0,Empleado_Formal,11.0,11.0,0.0,8,49,1
5785,114,11,1,2,9112,8121,1.0,0.0, ,1,2.0,2,34,1,6,13, , , ,2,1.0,2021.0, ,3.0,Empleado_Formal,11.0,11.0,0.0,9,81,1
5785,114,11,2,2,7126,4330,3.0,0.0, ,1,1.0,1,35,1,6,13, , , ,2,1.0,2020.0, ,4.0,Empleado_Informal,11.0,11.0,0.0,7,43,1
5804,117,11,1,2,9412,5610,0.0,3.0,7,1,1.0,1,26,1,6,13, , , ,2,4.0,2023.0, ,1.0,Empleado_Informal,11.0,11.0,0.0,9,56,1
5804,117,11,2,2,5142,9602,0.0,3.0, ,1,1.0,2,20,1,6,13, , , ,2,4.0,2023.0, ,1.0,Empleado_Informal,11.0,11.0,0.0,5,96,1
5804,117,11,3,2,5131,5610,0.0,2.0,7,1,1.0,1,18,6,5,13, , , ,9,8.0,2024.0, ,0.0,Empleado_Informal,10.0,10.0,0.0,5,56,1
5804,119,11,1,2,4321,4663,0.0,1.0,7,1,1.0,1,55,1,6,13, , , ,2,10.0,2020.0, ,4.0,Empleado_Informal,11.0,11.0,0.0,4,46,1
5804,119,11,2,2,5211,4641,0.0,5.0,7,1,1.0,2,47,1,6,13, , , ,2,10.0,2020.0,1,4.0,Empleado_Informal,11.0,11.0,0.0,5,46,1
5804,120,11,1,2,9621,4923,0.0,3.0,2,1,1.0,1,27,1,10,13,2, ,3,2,7.0,2018.0, ,6.0,Empleado_Informal,16.0,16.0,0.0,9,49,1
5804,120,11,2,2,,,0.0,0.0, ,2,,2,20,1,9,13, , ,3,1,9.0,2023.0, ,1.0,Desempleado,13.5,13.5,0.0,,,0
5823,155,11,1,2,8322,4773,1.0,0.0,7,1,1.0,1,30,1,7,13, , ,3,2,11.0,2018.0,1,6.0,Empleado_Informal,12.5,12.5,0.0,8,47,1
5823,155,11,2,2,5142,9602,0.0,11.0, ,1,1.0,2,39,1,6,13, , , ,2,11.0,2018.0, ,6.0,Empleado_Informal,11.0,11.0,0.0,5,96,1
5823,161,11,1,2,9122,4922,2.0,2.0,2,1,2.0,2,24,1,6,13, , , ,2,5.0,2022.0,1,2.0,Empleado_Formal,11.0,11.0,0.0,9,49,1
5823,161,11,2,2,7231,4922,2.0,1.0,2,1,2.0,1,35,1,5,13, , , ,2,5.0,2022.0, ,2.0,Empleado_Formal,10.0,10.0,0.0,7,49,1
5823,164,11,1,2,5131,5610,0.0,2.0,7,1,1.0,2,30,6,6,13, , , ,2,2.0,2018.0,0,6.0,Empleado_Informal,11.0,11.0,0.0,5,56,1
5842,137,11,1,2,3332,9000,3.0,0.0, ,1,2.0,2,36,1,10,13,1,2,3,2,8.0,2018.0,1,6.0,Empleado_Formal,16.0,16.0,0.0,3,90,1
5842,137,11,2,1,9629,9329,1.0,6.0,7,1,1.0,1,34,1,1,13, , , ,,,,,,Empleado_Informal,0.0,0.0,0.0,9,93,1
5842,138,11,1,1,3113,4321,0.0,9.0, ,1,2.0,1,35,1,8,13,1,2,3,,,,,,Empleado_Formal,14.0,14.0,0.0,3,43,1
5842,138,11,2,2,4419,4663,2.0,4.0,7,1,1.0,2,31,1,10,13,1,2,3,2,11.0,2019.0,1,5.0,Empleado_Informal,16.0,16.0,0.0,4,46,1
5842,139,11,1,2,8322,4922,3.0,0.0, ,1,2.0,1,30,6,10,13,1,2,3,2,9.0,2017.0,1,7.0,Empleado_Formal,16.0,16.0,0.0,8,49,1
5861,137,11,1,2,9313,4100,1.0,0.0,7,1,1.0,1,28,1,6,13, , , ,2,11.0,2021.0, ,3.0,Empleado_Informal,11.0,11.0,0.0,9,41,1
5861,137,11,2,2,,,0.0,0.0, ,3,,2,29,1,6,13, , , ,2,5.0,2018.0, ,6.0,Desempleado,11.0,11.0,0.0,,,0
5861,143,11,1,2,8332,810,0.0,7.0,7,1,1.0,1,39,1,5,13, , , ,2,8.0,2018.0,0,6.0,Empleado_Informal,10.0,10.0,0.0,8,08,1
5861,143,11,2,1,5120,5610,5.0,0.0, ,1,1.0,2,33,1,1,5, , , ,,,,,,Empleado_Informal,0.0,8.5,-8.5,5,56,1
5861,143,11,3,2,7231,4520,1.0,0.0,7,1,1.0,1,19,6,6,13, , , ,1,10.0,2022.0, ,2.0,Empleado_Informal,11.0,11.0,0.0,7,45,1
5861,143,11,4,2,,,0.0,0.0, ,3,,2,59,6,4,13, , , ,1,10.0,2022.0, ,2.0,Desempleado,9.0,9.0,0.0,,,0
5861,143,11,5,2,,,0.0,0.0, ,2,,1,29,6,5,13, , , ,9,4.0,2024.0, ,0.0,Desempleado,10.0,10.0,0.0,,,0
5861,143,11,6,2,7212,2511,1.0,0.0,7,1,1.0,1,24,6,5,13, , , ,1,10.0,2022.0, ,2.0,Empleado_Informal,10.0,10.0,0.0,7,25,1
5861,147,11,1,2,8322,4922,6.0,0.0, ,1,1.0,1,43,6,6,13, , , ,2,1.0,2018.0, ,6.0,Empleado_Informal,11.0,11.0,0.0,8,49,1
5880,144,11,1,2,9412,5610,7.0,0.0,2,1,2.0,1,57,1,6,13, , , ,2,8.0,2017.0, ,7.0,Empleado_Formal,11.0,11.0,0.0,9,56,1
5880,144,11,2,2,3321,6512,0.0,6.0,7,1,1.0,2,56,1,10,13,1,2,3,2,8.0,2017.0,1,7.0,Empleado_Informal,16.0,16.0,0.0,3,65,1
5880,145,11,1,2,5142,9602,26.0,0.0,7,1,1.0,2,56,6,4,13, , , ,2,7.0,2015.0,0,9.0,Empleado_Informal,9.0,9.0,0.0,5,96,1
5880,161,11,1,2,9122,4520,0.0,4.0,7,1,1.0,1,43,5,5,13, , , ,2,6.0,2019.0, ,5.0,Empleado_Informal,10.0,10.0,0.0,9,45,1
5899,150,11,1,2,7221,2511,8.0,0.0, ,1,1.0,1,43,2,6,13, , , ,2,2.0,2017.0, ,7.0,Empleado_Informal,11.0,11.0,0.0,7,25,1
5899,150,11,2,2,5120,5610,1.0,0.0, ,1,1.0,2,45,2,10,13,1,2,3,1,9.0,2019.0, ,5.0,Empleado_Informal,16.0,16.0,0.0,5,56,1
5899,150,11,3,2,7212,2511,3.0,0.0,7,1,1.0,1,20,6,6,13, , , ,2,9.0,2019.0, ,5.0,Empleado_Informal,11.0,11.0,0.0,7,25,1
5899,150,11,6,2,9412,5610,0.0,3.0,7,1,1.0,2,64,6,6,13, , , ,2,9.0,2019.0, ,5.0,Empleado_Informal,11.0,11.0,0.0,9,56,1
5899,151,11,1,2,8322,4922,1.0,0.0, ,1,1.0,1,30,1,8,13,1,2,3,2,4.0,2021.0, ,3.0,Empleado_Informal,14.0,14.0,0.0,8,49,1
5899,151,11,2,2,7513,1071,0.0,7.0,7,1,1.0,2,30,1,9,13, , ,3,2,12.0,2021.0, ,3.0,Empleado_Informal,13.5,13.5,0.0,7,10,1
5899,151,11,4,2,9412,5610,2.0,0.0,7,1,1.0,2,54,5,4,13, , , ,2,10.0,2022.0, ,2.0,Empleado_Informal,9.0,9.0,0.0,9,56,1
5899,152,11,1,2,9313,4100,3.0,0.0,7,1,1.0,1,49,6,3,13, , , ,1,4.0,2021.0,0,3.0,Empleado_Informal,4.5,4.5,0.0,9,41,1
5899,152,11,2,2,5120,5610,1.0,0.0,2,1,1.0,1,21,6,5,5, , , ,2,10.0,2019.0, ,5.0,Empleado_Informal,10.0,8.5,1.5,5,56,1
5918,159,11,1,2,5131,5610,0.0,1.0,7,1,1.0,2,28,6,9,13, , ,3,2,3.0,2019.0,0,5.0,Empleado_Informal,13.5,13.5,0.0,5,56,1
5918,162,11,1,2,8322,4922,2.0,6.0, ,1,1.0,1,39,1,10,13,1,2,3,2,7.0,2018.0, ,6.0,Empleado_Informal,16.0,16.0,0.0,8,49,1
5918,162,11,2,2,2212,8610,1.0,6.0,2,1,2.0,2,34,1,10,13,1,1,3,2,8.0,2019.0, ,5.0,Empleado_Formal,16.0,16.0,0.0,2,86,1
5918,167,11,1,2,5131,5610,0.0,1.0,7,1,1.0,2,24,5,6,13, , , ,1,6.0,2019.0, ,5.0,Empleado_Informal,11.0,11.0,0.0,5,56,1
5918,167,11,4,2,5131,5610,2.0,1.0,7,1,1.0,2,23,6,6,13, , , ,1,3.0,2021.0, ,3.0,Empleado_Informal,11.0,11.0,0.0,5,56,1
5937,163,12,1,2,7119,4100,4.0,10.0,7,1,1.0,1,46,1,8,13,1,2,3,2,4.0,2018.0, ,6.0,Empleado_Informal,14.0,14.0,0.0,7,41,1
5937,163,12,6,2,9313,4100,2.0,6.0,7,1,1.0,1,45,5,5,13, , , ,1,2.0,2021.0, ,3.0,Empleado_Informal,10.0,10.0,0.0,9,41,1
5937,163,22,1,2,9313,4100,0.0,2.0,7,1,1.0,1,27,1,6,13, , , ,2,1.0,2022.0, ,2.0,Empleado_Informal,11.0,11.0,0.0,9,41,1
5937,164,11,3,2,7212,2511,0.0,1.0,7,1,1.0,1,19,6,5,13, , , ,2,12.0,2020.0, ,4.0,Empleado_Informal,10.0,10.0,0.0,7,25,1
5937,166,11,1,2,9412,5610,0.0,2.0,7,1,1.0,2,51,2,10,13,1,2,3,2,2.0,2018.0, ,6.0,Empleado_Informal,16.0,16.0,0.0,9,56,1
5937,166,11,2,2,5132,5610,3.0,2.0,7,1,1.0,1,56,2,6,13, , , ,2,3.0,2018.0, ,6.0,Empleado_Informal,11.0,11.0,0.0,5,56,1
5937,166,11,3,2,7513,1071,0.0,4.0, ,1,1.0,2,24,1,6,13, , , ,2,10.0,2018.0, ,6.0,Empleado_Informal,11.0,11.0,0.0,7,10,1
5937,166,11,4,2,5131,5610,3.0,6.0,7,1,1.0,1,26,1,6,13, , , ,2,10.0,2018.0, ,6.0,Empleado_Informal,11.0,11.0,0.0,5,56,1
5956,170,11,1,2,5131,5610,0.0,10.0,7,1,1.0,1,35,5,5,13, , , ,2,8.0,2018.0,1,6.0,Empleado_Informal,10.0,10.0,0.0,5,56,1
5956,171,11,1,2,7231,1312,1.0,2.0,2,1,2.0,1,35,1,10,13,1,2,3,2,11.0,2018.0, ,6.0,Empleado_Formal,16.0,16.0,0.0,7,13,1
5956,171,11,2,1,8131,2023,1.0,4.0,2,1,2.0,2,23,1,1,7, , ,0,,,,,,Empleado_Formal,0.0,12.5,-12.5,8,20,1
5956,173,11,1,2,9629,8130,0.0,6.0,7,1,1.0,1,57,2,6,13, , , ,2,11.0,2018.0,1,6.0,Empleado_Informal,11.0,11.0,0.0,9,81,1
5956,173,11,2,2,5142,9602,0.0,5.0,7,1,1.0,2,54,2,6,13, , , ,2,11.0,2018.0,1,6.0,Empleado_Informal,11.0,11.0,0.0,5,96,1
6107,217,11,1,2,5131,5610,0.0,2.0,7,1,1.0,2,34,1,5,13, , , ,6,11.0,2022.0,0,2.0,Empleado_Informal,10.0,10.0,0.0,5,56,1
6107,217,11,2,2,5212,4752,1.0,2.0,7,1,1.0,1,39,1,9,13, , ,3,2,2.0,2023.0,1,1.0,Empleado_Informal,13.5,13.5,0.0,5,47,1
6107,218,11,1,2,3314,4100,0.0,8.0,7,1,1.0,1,33,2,8,13,1,2,3,2,3.0,2018.0, ,6.0,Empleado_Informal,14.0,14.0,0.0,3,41,1
6107,218,11,2,2,4419,4752,0.0,7.0,7,1,1.0,2,31,2,8,13,1,2,3,2,10.0,2018.0, ,6.0,Empleado_Informal,14.0,14.0,0.0,4,47,1
6107,218,11,4,2,9112,8121,0.0,1.0,7,1,1.0,2,59,5,6,13, , , ,2,10.0,2018.0,0,6.0,Empleado_Informal,11.0,11.0,0.0,9,81,1
6107,224,11,1,2,8343,4923,0.0,5.0,7,1,1.0,1,31,6,9,13, , ,3,2,2.0,2022.0, ,2.0,Empleado_Informal,13.5,13.5,0.0,8,49,1
6126,231,11,1,2,7119,4100,7.0,2.0, ,1,1.0,1,63,2,6,13, , , ,6,6.0,2019.0,1,5.0,Empleado_Informal,11.0,11.0,0.0,7,41,1
6126,231,11,2,2,9111,9700,0.0,8.0,7,1,1.0,2,61,2,10,13,1,2,3,2,5.0,2018.0, ,6.0,Empleado_Informal,16.0,16.0,0.0,9,97,1
6126,232,11,1,2,9333,5224,3.0,2.0, ,1,1.0,1,47,1,9,13, , ,3,2,3.0,2018.0,1,6.0,Empleado_Informal,13.5,13.5,0.0,9,52,1
6126,232,11,2,2,9112,8129,0.0,11.0,7,1,1.0,2,42,1,9,13, , ,3,2,5.0,2018.0,1,6.0,Empleado_Informal,13.5,13.5,0.0,9,81,1
6126,233,11,1,2,7127,4322,4.0,0.0, ,1,1.0,1,30,1,5,13, , , ,2,3.0,2019.0,1,5.0,Empleado_Informal,10.0,10.0,0.0,7,43,1
6619,394,11,1,2,9122,4520,0.0,8.0,7,1,1.0,1,36,1,5,13, , , ,9,2.0,2024.0, ,0.0,Empleado_Informal,10.0,10.0,0.0,9,45,1
6619,395,11,1,2,3115,7830,5.0,0.0,2,1,2.0,1,31,1,8,13,1,2,3,2,8.0,2017.0, ,7.0,Empleado_Formal,14.0,14.0,0.0,3,78,1
6619,396,11,1,2,3314,5610,1.0,6.0, ,1,2.0,1,35,1,6,13, , , ,2,9.0,2018.0, ,6.0,Empleado_Formal,11.0,11.0,0.0,3,56,1
6619,396,11,2,2,5120,5610,1.0,6.0,7,1,1.0,2,33,1,8,13,1,2,3,2,9.0,2018.0, ,6.0,Empleado_Informal,14.0,14.0,0.0,5,56,1
6619,396,11,5,2,9412,5610,1.0,6.0,7,1,1.0,2,62,2,6,13, , , ,2,9.0,2018.0, ,6.0,Empleado_Informal,11.0,11.0,0.0,9,56,1
6676,408,11,1,2,9629,4663,0.0,10.0,7,1,1.0,1,34,6,6,13, , , ,2,12.0,2017.0, ,7.0,Empleado_Informal,11.0,11.0,0.0,9,46,1
6676,409,11,1,2,9622,9499,0.0,8.0,7,1,1.0,1,60,5,6,13, , , ,2,2.0,2021.0,1,3.0,Empleado_Informal,11.0,11.0,0.0,9,94,1
6676,409,11,2,2,8322,4922,0.0,4.0, ,1,2.0,1,39,6,6,13, , , ,2,4.0,2022.0,0,2.0,Empleado_Formal,11.0,11.0,0.0,8,49,1
6676,412,11,1,2,5131,5610,0.0,10.0,7,1,1.0,2,47,1,5,13, , , ,2,1.0,2022.0,1,2.0,Empleado_Informal,10.0,10.0,0.0,5,56,1
6695,414,11,1,2,9511,4799,1.0,0.0, ,1,1.0,2,34,5,6,13, , , ,2,3.0,2020.0, ,4.0,Empleado_Informal,11.0,11.0,0.0,9,47,1
6695,415,11,1,2,9629,9000,5.0,0.0, ,1,2.0,1,42,2,11,13,1,2,3,2,8.0,2018.0, ,6.0,Empleado_Formal,18.0,18.0,0.0,9,90,1
6695,415,11,2,2,9112,8010,3.0,6.0,7,1,1.0,2,44,2,10,13,1,2,3,2,5.0,2019.0,0,5.0,Empleado_Informal,16.0,16.0,0.0,9,80,1
6695,416,11,1,2,8343,4663,2.0,4.0,7,1,1.0,1,24,6,6,13, , , ,2,9.0,2022.0,1,2.0,Empleado_Informal,11.0,11.0,0.0,8,46,1
6714,420,11,1,2,5131,5610,0.0,5.0,2,1,1.0,2,27,6,10,13,1,2,3,2,6.0,2018.0, ,6.0,Empleado_Informal,16.0,16.0,0.0,5,56,1
6714,420,11,3,2,4221,8542,1.0,0.0,2,1,1.0,2,47,6,10,13,1,2,3,2,2.0,2018.0, ,6.0,Empleado_Informal,16.0,16.0,0.0,4,85,1
6714,421,11,1,2,7231,4520,1.0,1.0,7,1,1.0,1,27,1,6,13, , , ,2,2.0,2023.0, ,1.0,Empleado_Informal,11.0,11.0,0.0,7,45,1
6714,421,11,2,2,,,0.0,0.0, ,2,,2,41,1,3,13, , , ,2,5.0,2023.0,0,1.0,Desempleado,4.5,4.5,0.0,,,0
6714,421,11,3,2,,,0.0,0.0, ,2,,2,15,6,5,13, , , ,1,10.0,2023.0,1,1.0,Desempleado,10.0,10.0,0.0,,,0
6714,423,11,1,2,9112,8121,1.0,0.0, ,1,1.0,2,32,1,5,13, , , ,2,1.0,2020.0, ,4.0,Empleado_Informal,10.0,10.0,0.0,9,81,1
6714,423,11,2,2,9313,4100,6.0,0.0,7,1,1.0,1,25,1,3,13, , , ,2,2.0,2019.0, ,5.0,Empleado_Informal,4.5,4.5,0.0,9,41,1
6733,426,11,1,2,8155,1511,1.0,6.0,7,1,1.0,1,55,4,9,13, , ,3,2,12.0,2020.0, ,4.0,Empleado_Informal,13.5,13.5,0.0,8,15,1
6733,434,11,1,2,3255,8690,1.0,0.0,2,1,1.0,2,33,6,10,13,1,2,3,2,12.0,2018.0, ,6.0,Empleado_Informal,16.0,16.0,0.0,3,86,1
6733,435,11,1,2,8322,4922,2.0,0.0, ,1,1.0,1,30,6,10,13,1,2,3,1,6.0,2022.0, ,2.0,Empleado_Informal,16.0,16.0,0.0,8,49,1
6752,442,11,1,2,5131,5610,2.0,0.0,1,1,2.0,2,42,6,4,13, , , ,2,7.0,2019.0, ,5.0,Empleado_Formal,9.0,9.0,0.0,5,56,1
6752,442,11,2,2,5120,5610,1.0,0.0,2,1,1.0,2,17,6,4,5, , , ,2,7.0,2019.0, ,5.0,Empleado_Informal,9.0,8.5,0.5,5,56,1
6752,443,11,1,2,8322,4922,4.0,0.0, ,1,2.0,1,26,6,6,13, , , ,2,10.0,2018.0, ,6.0,Empleado_Formal,11.0,11.0,0.0,8,49,1
6752,446,11,1,2,5230,5610,0.0,6.0,7,1,1.0,2,27,6,6,13, , , ,2,1.0,2019.0, ,5.0,Empleado_Informal,11.0,11.0,0.0,5,56,1
6752,446,11,2,2,5131,5610,0.0,1.0,7,1,1.0,2,27,6,6,13, , , ,9,9.0,2024.0, ,0.0,Empleado_Informal,11.0,11.0,0.0,5,56,1
6761,6,11,1,2,7513,1071,3.0,0.0, ,1,1.0,2,42,5,8,13,1,2,3,2,5.0,2018.0,0,6.0,Empleado_Informal,14.0,14.0,0.0,7,10,1
6761,11,11,1,2,9313,4100,0.0,4.0,7,1,1.0,1,22,6,6,13, , , ,2,11.0,2022.0,0,2.0,Empleado_Informal,11.0,11.0,0.0,9,41,1
6761,11,11,2,2,5131,5610,1.0,6.0,7,1,1.0,1,19,6,6,13, , , ,1,11.0,2022.0,1,2.0,Empleado_Informal,11.0,11.0,0.0,5,56,1
6761,11,11,3,2,5212,4771,0.0,3.0,7,1,1.0,1,24,6,6,13, , , ,1,1.0,2023.0,0,1.0,Empleado_Informal,11.0,11.0,0.0,5,47,1
6761,12,11,1,2,7231,4520,4.0,0.0,2,1,2.0,1,45,6,6,13, , , ,2,4.0,2017.0, ,7.0,Empleado_Formal,11.0,11.0,0.0,7,45,1
6774,10,11,1,1,5414,8010,1.0,0.0,7,1,1.0,1,47,1,5,5, , , ,,,,,,Empleado_Informal,10.0,8.5,1.5,5,80,1
6774,10,11,2,1,4419,8610,3.0,0.0,2,1,2.0,2,41,1,1,8, , ,0,,,,,,Empleado_Formal,0.0,14.0,-14.0,4,86,1
6774,10,11,10,2,9412,5610,0.0,1.0,7,1,1.0,2,26,6,4,13, , , ,9,9.0,2024.0, ,0.0,Empleado_Informal,9.0,9.0,0.0,9,56,1
6774,25,11,3,2,5141,9602,2.0,0.0,7,1,1.0,2,39,6,9,13, , ,3,6,10.0,2018.0, ,6.0,Empleado_Informal,13.5,13.5,0.0,5,96,1
6774,26,11,1,2,5142,9602,2.0,0.0,7,1,1.0,2,53,4,6,13, , , ,7,9.0,2018.0,0,6.0,Empleado_Informal,11.0,11.0,0.0,5,96,1
6787,13,11,1,2,9533,4799,0.0,2.0, ,1,1.0,2,29,1,6,13, , , ,2,11.0,2019.0, ,5.0,Empleado_Informal,11.0,11.0,0.0,9,47,1
6787,13,11,2,1,9333,8292,1.0,0.0,2,1,2.0,1,43,1,6,13, , , ,,,,,,Empleado_Formal,11.0,11.0,0.0,9,82,1
6787,14,11,1,2,2341,8510,7.0,0.0,2,1,1.0,2,29,6,10,11, , ,3,2,4.0,2014.0, ,10.0,Empleado_Informal,16.0,19.0,-3.0,2,85,1
6787,15,11,1,1,,,0.0,0.0, ,3,,1,75,2,1,8, , ,0,,,,,,Desempleado,0.0,14.0,-14.0,,,0
6800,20,11,1,2,5120,5610,3.0,0.0,2,1,2.0,1,36,6,10,13,1,2,3,2,10.0,2018.0, ,6.0,Empleado_Formal,16.0,16.0,0.0,5,56,1
6800,21,11,1,2,9622,8620,0.0,2.0,7,1,1.0,1,54,2,4,13, , , ,2,8.0,2021.0, ,3.0,Empleado_Informal,9.0,9.0,0.0,9,86,1
6800,22,11,1,2,5245,1071,6.0,0.0,2,1,2.0,2,30,6,10,13,1,2,3,2,10.0,2018.0, ,6.0,Empleado_Formal,16.0,16.0,0.0,5,10,1
6813,27,11,2,1,,,0.0,0.0, ,2,,2,72,2,1,10, , ,0,,,,,,Desempleado,0.0,16.0,-16.0,,,0
6813,27,11,3,2,9412,5610,0.0,7.0,2,1,1.0,1,36,6,5,13, , , ,1,3.0,2021.0, ,3.0,Empleado_Informal,10.0,10.0,0.0,9,56,1
6813,27,11,5,2,7421,9522,2.0,0.0,7,1,1.0,1,40,6,9,13, , ,3,4,3.0,2018.0, ,6.0,Empleado_Informal,13.5,13.5,0.0,7,95,1
6813,33,11,1,2,9411,5610,1.0,0.0, ,1,1.0,2,31,1,10,13,1,2,3,2,8.0,2017.0, ,7.0,Empleado_Informal,16.0,16.0,0.0,9,56,1
6813,33,11,2,1,5120,5610,25.0,0.0,7,1,1.0,1,43,1,1,7, , ,0,,,,,,Empleado_Informal,0.0,12.5,-12.5,5,56,1
6813,34,11,1,2,5211,4649,2.0,0.0,7,1,1.0,2,35,6,8,13,1,2,3,2,10.0,2022.0,1,2.0,Empleado_Informal,14.0,14.0,0.0,5,46,1
6826,31,11,1,2,,,0.0,0.0, ,2,,2,30,1,9,13, , ,3,2,12.0,2020.0,0,4.0,Desempleado,13.5,13.5,0.0,,,0
6826,31,11,2,2,8322,4922,1.0,0.0, ,1,1.0,1,33,1,9,13, , ,3,2,12.0,2020.0,0,4.0,Empleado_Informal,13.5,13.5,0.0,8,49,1
6826,32,11,1,3,9412,5610,3.0,0.0,7,1,1.0,1,35,1,1,13, , , ,2,2.0,2021.0, ,3.0,Empleado_Informal,0.0,0.0,0.0,9,56,1
6826,32,11,2,2,9412,5610,2.0,0.0,7,1,1.0,2,47,1,5,13, , , ,2,7.0,2021.0,0,3.0,Empleado_Informal,10.0,10.0,0.0,9,56,1
6826,35,11,1,2,9411,5610,0.0,8.0, ,1,1.0,1,40,1,10,13,1,2,3,2,9.0,2018.0, ,6.0,Empleado_Informal,16.0,16.0,0.0,9,56,1
6826,35,11,2,2,5211,4630,1.0,10.0,7,1,1.0,2,25,1,6,13, , , ,2,2.0,2019.0, ,5.0,Empleado_Informal,11.0,11.0,0.0,5,46,1
6903,72,11,1,2,4321,5229,0.0,8.0,7,1,1.0,1,36,1,9,13, , ,3,2,8.0,2018.0, ,6.0,Empleado_Informal,13.5,13.5,0.0,4,52,1
6903,72,11,2,2,9412,5610,0.0,3.0,7,1,1.0,2,32,1,8,13,1,2,3,1,5.0,2021.0,1,3.0,Empleado_Informal,14.0,14.0,0.0,9,56,1
6903,74,11,1,2,2141,1920,4.0,0.0,2,1,2.0,1,49,2,10,13,1,1,3,2,8.0,2018.0,0,6.0,Empleado_Formal,16.0,16.0,0.0,2,19,1
6903,74,11,3,2,,,0.0,0.0, ,3,,2,25,6,10,13,2, ,3,2,8.0,2018.0,0,6.0,Desempleado,16.0,16.0,0.0,,,0
6903,74,11,7,2,9333,5224,2.0,3.0,7,1,1.0,1,51,6,6,13, , , ,2,6.0,2018.0, ,6.0,Empleado_Informal,11.0,11.0,0.0,9,52,1
6903,76,11,1,2,7129,3312,2.0,8.0,2,1,1.0,1,53,1,4,13, , , ,2,9.0,2017.0, ,7.0,Empleado_Informal,9.0,9.0,0.0,7,33,1
6903,76,11,2,2,7513,1071,1.0,1.0, ,1,1.0,2,44,1,5,13, , , ,2,9.0,2017.0, ,7.0,Empleado_Informal,10.0,10.0,0.0,7,10,1
6916,79,11,1,1,4321,8412,25.0,5.0,1,1,2.0,1,55,1,7,7, , ,3,,,,,,Empleado_Formal,12.5,12.5,0.0,4,84,1
6916,81,11,1,2,5212,4773,0.0,6.0,7,1,1.0,2,24,1,6,13, , , ,1,9.0,2023.0, ,1.0,Empleado_Informal,11.0,11.0,0.0,5,47,1
6916,81,11,2,2,7214,2511,1.0,6.0,7,1,1.0,1,23,1,6,13, , , ,1,4.0,2022.0, ,2.0,Empleado_Informal,11.0,11.0,0.0,7,25,1
6916,84,11,1,2,7231,3312,7.0,5.0,7,1,2.0,1,57,2,7,13, , ,3,2,11.0,2017.0, ,7.0,Empleado_Formal,12.5,12.5,0.0,7,33,1
6916,84,11,3,2,9412,5610,0.0,1.0,7,1,1.0,2,33,6,8,13,2, ,3,1,6.0,2018.0, ,6.0,Empleado_Informal,14.0,14.0,0.0,9,56,1
6929,90,11,1,2,9629,9609,0.0,2.0, ,1,1.0,1,39,2,6,13, , , ,2,5.0,2019.0, ,5.0,Empleado_Informal,11.0,11.0,0.0,9,96,1
6929,90,11,2,2,9412,5610,0.0,2.0,7,1,1.0,2,37,2,5,5, , , ,1,1.0,2020.0, ,4.0,Empleado_Informal,10.0,8.5,1.5,9,56,1
6929,90,11,3,2,9122,4520,0.0,1.0,7,1,1.0,1,17,6,5,5, , , ,9,11.0,2021.0,1,3.0,Empleado_Informal,10.0,8.5,1.5,9,45,1
6929,90,11,4,2,,,0.0,0.0, ,3,,1,15,6,5,5, , , ,9,1.0,2020.0, ,4.0,Desempleado,10.0,8.5,1.5,,,0
6929,95,11,1,2,3314,5610,0.0,3.0,7,1,1.0,2,45,1,8,13,1,2,3,2,10.0,2018.0,1,6.0,Empleado_Informal,14.0,14.0,0.0,3,56,1
6929,95,11,2,1,7127,4322,0.0,7.0,2,1,2.0,1,43,1,1,5, , , ,,,,,,Empleado_Formal,0.0,8.5,-8.5,7,43,1
6929,95,11,4,2,5213,4782,0.0,1.0,7,1,1.0,2,23,1,5,5, , , ,1,4.0,2023.0,1,1.0,Empleado_Informal,10.0,8.5,1.5,5,47,1
6929,95,11,5,1,7234,4520,8.0,1.0, ,1,2.0,1,36,1,1,8, , ,0,,,,,,Empleado_Formal,0.0,14.0,-14.0,7,45,1
6929,95,11,7,2,7231,4520,0.0,1.0,7,1,1.0,1,20,1,5,6, , ,1,1,10.0,2019.0, ,5.0,Empleado_Informal,10.0,11.0,-1.0,7,45,1
6929,95,11,8,2,,,0.0,0.0, ,2,,2,21,1,5,13, , , ,9,2.0,2019.0, ,5.0,Desempleado,10.0,10.0,0.0,,,0
6929,96,11,1,2,4419,4330,0.0,2.0,7,1,1.0,2,40,5,10,13,1,2,3,1,4.0,2018.0, ,6.0,Empleado_Informal,16.0,16.0,0.0,4,43,1
6929,96,11,5,2,,,0.0,0.0, ,2,,1,61,6,3,13, , , ,9,7.0,2024.0, ,0.0,Desempleado,4.5,4.5,0.0,,,0
6929,96,11,6,2,8332,4923,2.0,0.0,2,1,2.0,1,46,6,9,13, , ,3,2,2.0,2018.0, ,6.0,Empleado_Formal,13.5,13.5,0.0,8,49,1
6942,101,11,1,2,5142,9602,1.0,7.0, ,1,1.0,2,33,5,5,13, , , ,2,2.0,2019.0, ,5.0,Empleado_Informal,10.0,10.0,0.0,5,96,1
6942,101,11,5,2,9333,4923,3.0,2.0,7,1,1.0,1,29,6,6,13, , , ,1,12.0,2022.0, ,2.0,Empleado_Informal,11.0,11.0,0.0,9,49,1
6942,103,11,1,2,7222,2511,2.0,3.0,7,1,1.0,1,30,2,6,13, , , ,2,6.0,2015.0,0,9.0,Empleado_Informal,11.0,11.0,0.0,7,25,1
6942,103,11,2,2,9111,9700,0.0,6.0,7,1,1.0,2,28,2,6,13, , , ,2,6.0,2018.0,0,6.0,Empleado_Informal,11.0,11.0,0.0,9,97,1
6942,104,11,1,2,3322,4771,1.0,0.0,2,1,1.0,2,21,6,6,13, , , ,2,11.0,2021.0,0,3.0,Empleado_Informal,11.0,11.0,0.0,3,47,1
6955,104,11,1,2,5211,4630,2.0,0.0,7,1,1.0,1,34,1,6,13, , , ,1,1.0,2020.0, ,4.0,Empleado_Informal,11.0,11.0,0.0,5,46,1
6955,105,11,1,2,9313,4100,6.0,0.0,7,1,1.0,1,52,1,6,13, , , ,2,2.0,2018.0, ,6.0,Empleado_Informal,11.0,11.0,0.0,9,41,1
6955,105,11,4,2,5211,4630,3.0,0.0,7,1,1.0,2,32,6,6,13, , , ,2,3.0,2016.0, ,8.0,Empleado_Informal,11.0,11.0,0.0,5,46,1
6955,106,11,1,2,9333,4721,6.0,0.0,7,1,1.0,1,34,1,9,13, , ,3,1,2.0,2018.0, ,6.0,Empleado_Informal,13.5,13.5,0.0,9,47,1
6955,106,11,2,2,4321,5210,3.0,0.0,7,1,1.0,2,30,1,10,13,1,2,3,2,2.0,2018.0, ,6.0,Empleado_Informal,16.0,16.0,0.0,4,52,1
6968,110,11,1,2,5230,4721,3.0,0.0,7,1,1.0,2,37,6,6,13, , , ,2,1.0,2020.0, ,4.0,Empleado_Informal,11.0,11.0,0.0,5,47,1
6968,111,11,1,2,5131,5610,2.0,0.0,7,1,1.0,2,29,1,6,13, , , ,2,3.0,2018.0, ,6.0,Empleado_Informal,11.0,11.0,0.0,5,56,1
6968,111,11,2,1,7322,3100,1.0,0.0,7,1,1.0,1,41,1,1,6, , ,1,,,,,,Empleado_Informal,0.0,11.0,-11.0,7,31,1
6968,114,11,1,2,5131,5610,0.0,2.0,7,1,1.0,2,33,6,5,13, , , ,2,8.0,2019.0, ,5.0,Empleado_Informal,10.0,10.0,0.0,5,56,1
6981,115,11,1,2,7356,1313,1.0,0.0, ,1,1.0,2,40,6,6,13, , , ,2,3.0,2019.0, ,5.0,Empleado_Informal,11.0,11.0,0.0,7,13,1
6981,115,11,2,2,5131,5610,1.0,0.0,7,1,1.0,2,22,6,6,13, , , ,1,7.0,2022.0, ,2.0,Empleado_Informal,11.0,11.0,0.0,5,56,1
6981,118,11,1,2,9411,5610,6.0,5.0, ,1,1.0,2,33,2,10,13,1,2,3,2,5.0,2018.0, ,6.0,Empleado_Informal,16.0,16.0,0.0,9,56,1
6981,118,11,2,2,9333,5224,7.0,2.0, ,1,1.0,1,45,2,6,13, , , ,2,4.0,2017.0, ,7.0,Empleado_Informal,11.0,11.0,0.0,9,52,1
6981,122,11,1,2,7354,1410,1.0,0.0,7,1,1.0,2,43,1,8,13,1,2,3,2,12.0,2018.0,0,6.0,Empleado_Informal,14.0,14.0,0.0,7,14,1
6981,122,11,2,2,9313,4100,3.0,0.0,7,1,1.0,1,49,1,6,13, , , ,2,3.0,2017.0,0,7.0,Empleado_Informal,11.0,11.0,0.0,9,41,1
6994,124,11,1,2,9333,5224,2.0,0.0,7,1,1.0,1,31,1,6,13, , , ,2,9.0,2023.0, ,1.0,Empleado_Informal,11.0,11.0,0.0,9,52,1
6994,124,11,4,2,8343,7710,5.0,0.0,7,1,1.0,1,55,4,10,13,1,2,3,2,1.0,2018.0,1,6.0,Empleado_Informal,16.0,16.0,0.0,8,77,1
6994,126,11,1,2,9313,4330,3.0,0.0,7,1,1.0,1,41,1,6,13, , , ,2,7.0,2019.0,0,5.0,Empleado_Informal,11.0,11.0,0.0,9,43,1
6994,126,11,2,1,9112,8510,2.0,0.0,2,1,2.0,2,44,1,1,6, , ,1,,,,,,Empleado_Formal,0.0,11.0,-11.0,9,85,1
6994,135,11,1,2,7111,4100,2.0,0.0, ,1,1.0,1,33,6,6,13, , , ,2,4.0,2022.0, ,2.0,Empleado_Informal,11.0,11.0,0.0,7,41,1
7007,128,11,1,2,9411,5610,4.0,0.0, ,1,1.0,2,44,6,4,13, , , ,2,5.0,2019.0, ,5.0,Empleado_Informal,9.0,9.0,0.0,9,56,1
7007,135,11,1,2,7354,1410,0.0,3.0,7,1,1.0,2,23,1,3,13, , , ,1,6.0,2022.0,0,2.0,Empleado_Informal,4.5,4.5,0.0,7,14,1
7007,135,11,2,2,5141,9602,0.0,7.0,7,1,1.0,1,26,1,3,13, , , ,1,5.0,2017.0,0,7.0,Empleado_Informal,4.5,4.5,0.0,5,96,1
7007,137,11,1,2,9621,4923,0.0,2.0, ,1,2.0,1,25,6,6,13, , , ,2,6.0,2018.0,0,6.0,Empleado_Formal,11.0,11.0,0.0,9,49,1
7020,140,11,1,2,5120,5610,0.0,4.0, ,1,1.0,2,46,6,6,13, , , ,2,8.0,2021.0,0,3.0,Empleado_Informal,11.0,11.0,0.0,5,56,1
7020,140,11,2,2,5212,4752,1.0,0.0,2,1,1.0,1,25,6,8,13,1,2,3,2,7.0,2021.0, ,3.0,Empleado_Informal,14.0,14.0,0.0,5,47,1
7020,141,11,1,2,8343,4923,5.0,0.0,7,1,1.0,1,34,1,10,13,1,2,3,2,5.0,2017.0, ,7.0,Empleado_Informal,16.0,16.0,0.0,8,49,1
7020,143,11,1,2,3314,4330,1.0,0.0,7,1,1.0,1,20,6,6,13, , , ,1,5.0,2021.0, ,3.0,Empleado_Informal,11.0,11.0,0.0,3,43,1
7033,141,11,1,2,9333,5224,0.0,4.0,2,1,1.0,1,39,6,6,13, , , ,2,11.0,2021.0,0,3.0,Empleado_Informal,11.0,11.0,0.0,9,52,1
7033,141,11,2,2,9629,5224,0.0,7.0,5,1,1.0,1,19,6,9,13, , ,3,1,9.0,2022.0,0,2.0,Empleado_Informal,13.5,13.5,0.0,9,52,1
7033,142,11,1,2,5141,9602,1.0,0.0,7,1,1.0,2,38,6,9,13, , ,3,2,9.0,2021.0, ,3.0,Empleado_Informal,13.5,13.5,0.0,5,96,1
7033,142,11,2,2,,,0.0,0.0, ,2,,1,17,6,5,13, , , ,1,9.0,2021.0, ,3.0,Desempleado,10.0,10.0,0.0,,,0
7033,145,11,1,2,5141,9602,5.0,4.0,7,1,1.0,1,42,6,9,13, , ,3,2,4.0,2017.0,0,7.0,Empleado_Informal,13.5,13.5,0.0,5,96,1
7046,146,11,1,2,9629,7490,2.0,0.0,2,1,2.0,1,25,1,8,13,2, ,3,2,5.0,2018.0, ,6.0,Empleado_Formal,14.0,14.0,0.0,9,74,1
7046,146,11,2,2,9629,7490,4.0,0.0,7,1,1.0,2,26,1,6,13, , , ,2,11.0,2017.0, ,7.0,Empleado_Informal,11.0,11.0,0.0,9,74,1
7046,146,11,3,2,9622,9499,3.0,0.0,2,1,2.0,1,52,2,6,13, , , ,2,3.0,2017.0, ,7.0,Empleado_Formal,11.0,11.0,0.0,9,94,1
7046,146,11,4,2,4224,8620,2.0,0.0,7,1,1.0,2,54,2,8,13,1,2,3,3,11.0,2017.0, ,7.0,Empleado_Informal,14.0,14.0,0.0,4,86,1
7046,147,11,1,2,7513,1071,2.0,0.0, ,1,1.0,1,42,2,5,13, , , ,2,12.0,2017.0, ,7.0,Empleado_Informal,10.0,10.0,0.0,7,10,1
7046,147,11,2,2,7513,1071,2.0,0.0, ,1,1.0,2,41,2,10,13,1,2,3,2,8.0,2018.0, ,6.0,Empleado_Informal,16.0,16.0,0.0,7,10,1
7046,147,11,3,2,3321,6512,4.0,2.0,2,1,2.0,1,30,6,6,13, , , ,2,9.0,2018.0, ,6.0,Empleado_Formal,11.0,11.0,0.0,3,65,1
7046,147,11,4,2,3322,4630,0.0,2.0,7,1,1.0,1,22,6,5,6, , ,1, ,,, ,,Empleado_Informal,10.0,11.0,-1.0,3,46,1
7046,148,11,2,2,8322,4922,2.0,11.0, ,1,2.0,1,34,2,6,13, , , ,2,9.0,2018.0,0,6.0,Empleado_Formal,11.0,11.0,0.0,8,49,1
7059,154,11,1,2,3126,4321,2.0,9.0,2,1,2.0,1,32,1,9,13, , ,3,2,7.0,2017.0,0,7.0,Empleado_Formal,13.5,13.5,0.0,3,43,1
7059,154,11,2,1,8153,1410,6.0,6.0,2,1,2.0,2,33,1,1,7, , ,0,,,,,,Empleado_Formal,0.0,12.5,-12.5,8,14,1
7059,155,11,1,1,5120,5610,0.0,3.0,2,1,2.0,1,38,1,1,6, , ,1,,,,,,Empleado_Formal,0.0,11.0,-11.0,5,56,1
7059,155,11,2,2,8153,1410,0.0,1.0,2,1,2.0,2,43,1,4,13, , , ,2,5.0,2019.0, ,5.0,Empleado_Formal,9.0,9.0,0.0,8,14,1
7059,155,11,3,2,5131,5610,0.0,3.0,2,1,2.0,2,19,1,5,13, , , ,2,11.0,2020.0, ,4.0,Empleado_Formal,10.0,10.0,0.0,5,56,1
7059,155,11,4,2,9621,4923,0.0,2.0, ,1,1.0,1,22,1,6,13, , , ,2,12.0,2019.0, ,5.0,Empleado_Informal,11.0,11.0,0.0,9,49,1
7059,160,11,1,2,9412,5610,2.0,11.0,7,1,1.0,2,45,3,4,13, , , ,2,8.0,2019.0,1,5.0,Empleado_Informal,9.0,9.0,0.0,9,56,1
7072,166,11,1,2,7331,1702,0.0,4.0,7,1,1.0,2,42,6,6,13, , , ,2,6.0,2018.0, ,6.0,Empleado_Informal,11.0,11.0,0.0,7,17,1
7072,166,11,2,2,7356,1313,0.0,2.0,7,1,1.0,2,21,6,6,13, , , ,9,5.0,2021.0,1,3.0,Empleado_Informal,11.0,11.0,0.0,7,13,1
7072,167,11,1,2,5131,5610,2.0,0.0,7,1,1.0,1,24,6,6,13, , , ,2,3.0,2021.0, ,3.0,Empleado_Informal,11.0,11.0,0.0,5,56,1
7072,168,11,1,2,9334,4921,5.0,0.0,7,1,1.0,1,31,6,6,13, , , ,3,7.0,2019.0, ,5.0,Empleado_Informal,11.0,11.0,0.0,9,49,1
7085,167,11,1,2,9612,3811,4.0,6.0, ,1,1.0,1,37,1,8,13,1,2,3,2,1.0,2019.0, ,5.0,Empleado_Informal,14.0,14.0,0.0,9,38,1
7085,167,11,2,2,9612,3811,4.0,0.0, ,1,1.0,2,29,1,6,13, , , ,2,9.0,2019.0, ,5.0,Empleado_Informal,11.0,11.0,0.0,9,38,1
7085,169,11,1,2,5142,9602,0.0,2.0, ,1,1.0,2,49,1,6,13, , , ,2,12.0,2017.0,1,7.0,Empleado_Informal,11.0,11.0,0.0,5,96,1
7085,169,11,2,2,3432,9602,0.0,2.0, ,1,1.0,1,32,1,10,13,1,2,3,9,3.0,2024.0, ,0.0,Empleado_Informal,16.0,16.0,0.0,3,96,1
7085,171,11,1,2,3422,9312,1.0,8.0,7,1,1.0,1,42,2,10,13,1,2,3,2,2.0,2023.0, ,1.0,Empleado_Informal,16.0,16.0,0.0,3,93,1
7085,171,11,6,2,8322,4922,0.0,6.0,2,1,1.0,1,38,6,6,13, , , ,2,10.0,2019.0, ,5.0,Empleado_Informal,11.0,11.0,0.0,8,49,1
7097,173,11,1,2,8322,4922,1.0,6.0, ,1,1.0,1,38,2,9,13, , ,3,2,8.0,2018.0,1,6.0,Empleado_Informal,13.5,13.5,0.0,8,49,1
7097,173,11,2,2,5141,9602,3.0,0.0, ,1,1.0,2,34,2,9,13, , ,3,2,7.0,2018.0,1,6.0,Empleado_Informal,13.5,13.5,0.0,5,96,1
7097,208,11,1,2,9111,9700,1.0,2.0,7,1,1.0,2,75,3,10,13,1,2,3,2,11.0,2021.0, ,3.0,Empleado_Informal,16.0,16.0,0.0,9,97,1
7097,209,11,1,2,9411,5610,1.0,0.0, ,1,1.0,2,47,6,5,13, , , ,2,12.0,2020.0,1,4.0,Empleado_Informal,10.0,10.0,0.0,9,56,1
7110,187,11,1,2,9111,9700,4.0,0.0,7,1,1.0,2,29,6,6,13, , , ,1,3.0,2020.0,0,4.0,Empleado_Informal,11.0,11.0,0.0,9,97,1
7110,189,11,1,2,9621,4649,2.0,0.0,7,1,1.0,1,27,6,5,13, , , ,1,5.0,2019.0, ,5.0,Empleado_Informal,10.0,10.0,0.0,9,46,1
7110,190,11,1,2,9621,4922,4.0,0.0, ,1,1.0,1,29,6,6,13, , , ,2,2.0,2019.0, ,5.0,Empleado_Informal,11.0,11.0,0.0,9,49,1
7123,189,11,1,2,9629,9609,1.0,0.0, ,1,2.0,2,41,2,10,13,1,2,3,2,4.0,2018.0, ,6.0,Empleado_Formal,16.0,16.0,0.0,9,96,1
7123,189,11,2,2,9629,6612,4.0,0.0, ,1,2.0,1,43,2,10,13,1,2,3,2,2.0,2018.0, ,6.0,Empleado_Formal,16.0,16.0,0.0,9,66,1
7123,189,11,5,2,,,0.0,0.0, ,3,,1,67,3,6,13, , , ,2,12.0,2022.0, ,2.0,Desempleado,11.0,11.0,0.0,,,0
7123,190,11,1,2,8332,4923,3.0,0.0,7,1,1.0,1,51,2,6,13, , , ,2,5.0,2018.0,0,6.0,Empleado_Informal,11.0,11.0,0.0,8,49,1
7123,190,11,2,2,5212,4772,2.0,0.0,7,1,1.0,2,33,2,10,13,1,2,3,2,9.0,2018.0,1,6.0,Empleado_Informal,16.0,16.0,0.0,5,47,1
7123,190,11,3,2,9333,4923,0.0,4.0,7,1,1.0,1,18,6,5,5, , , ,2,9.0,2018.0,0,6.0,Empleado_Informal,10.0,8.5,1.5,9,49,1
7123,190,11,6,2,9112,8129,4.0,0.0,2,1,1.0,2,66,2,5,13, , , ,2,9.0,2018.0,1,6.0,Empleado_Informal,10.0,10.0,0.0,9,81,1
7123,190,11,7,2,9333,4923,0.0,6.0,7,1,1.0,1,22,6,5,13, , , ,2,7.0,2018.0,1,6.0,Empleado_Informal,10.0,10.0,0.0,9,49,1
7123,191,11,1,2,5211,4630,4.0,0.0, ,1,1.0,1,34,2,6,13, , , ,2,9.0,2017.0, ,7.0,Empleado_Informal,11.0,11.0,0.0,5,46,1
7123,191,11,2,2,5120,5610,1.0,5.0, ,1,2.0,2,49,2,5,13, , , ,2,9.0,2017.0, ,7.0,Empleado_Formal,10.0,10.0,0.0,5,56,1
7123,191,11,4,2,9629,4630,3.0,0.0,7,1,1.0,1,17,6,5,5, , , ,1,9.0,2022.0, ,2.0,Empleado_Informal,10.0,8.5,1.5,9,46,1
7136,197,11,1,2,9334,4921,2.0,0.0,7,1,1.0,1,27,1,3,13, , , ,1,5.0,2017.0,0,7.0,Empleado_Informal,4.5,4.5,0.0,9,49,1
7136,197,11,2,2,,,0.0,0.0, ,2,,2,23,1,6,13, , , ,1,2.0,2017.0,0,7.0,Desempleado,11.0,11.0,0.0,,,0
7136,198,11,1,2,9412,5610,2.0,0.0,7,1,1.0,2,31,6,6,13, , , ,2,10.0,2018.0, ,6.0,Empleado_Informal,11.0,11.0,0.0,9,56,1
7136,198,11,5,2,9112,8121,3.0,0.0,2,1,1.0,1,40,6,6,13, , , ,2,7.0,2019.0, ,5.0,Empleado_Informal,11.0,11.0,0.0,9,81,1
7136,215,11,1,2,9333,4773,1.0,2.0,7,1,1.0,1,39,1,5,13, , , ,1,10.0,2021.0, ,3.0,Empleado_Informal,10.0,10.0,0.0,9,47,1
7136,215,11,2,2,9629,5610,1.0,2.0,7,1,1.0,2,38,1,6,13, , , ,2,10.0,2021.0, ,3.0,Empleado_Informal,11.0,11.0,0.0,9,56,1
7136,215,11,3,2,,,0.0,0.0, ,2,,1,18,6,5,13, , , ,9,3.0,2024.0, ,0.0,Desempleado,10.0,10.0,0.0,,,0
7149,214,11,1,2,9313,4100,4.0,0.0,7,1,1.0,1,47,1,5,13, , , ,2,11.0,2018.0, ,6.0,Empleado_Informal,10.0,10.0,0.0,9,41,1
7149,214,11,2,2,9412,5610,2.0,0.0,7,1,1.0,2,47,1,9,13, , ,3,1,11.0,2018.0, ,6.0,Empleado_Informal,13.5,13.5,0.0,9,56,1
7149,214,11,3,2,5212,4721,4.0,0.0,7,1,1.0,1,31,6,6,13, , , ,2,6.0,2018.0, ,6.0,Empleado_Informal,11.0,11.0,0.0,5,47,1
7149,214,11,4,2,9412,5610,3.0,0.0,7,1,1.0,1,26,6,6,13, , , ,2,7.0,2018.0, ,6.0,Empleado_Informal,11.0,11.0,0.0,9,56,1
7149,214,11,5,2,5120,5610,0.0,6.0,7,1,1.0,2,24,6,6,13, , , ,2,7.0,2018.0, ,6.0,Empleado_Informal,11.0,11.0,0.0,5,56,1
7149,214,11,6,2,9629,9511,0.0,6.0,7,1,1.0,1,20,6,5,6, , ,1,2,11.0,2018.0, ,6.0,Empleado_Informal,10.0,11.0,-1.0,9,95,1
7149,214,11,8,2,9412,5610,2.0,0.0,7,1,1.0,1,45,6,6,13, , , ,2,8.0,2023.0, ,1.0,Empleado_Informal,11.0,11.0,0.0,9,56,1
7149,216,11,1,2,9621,8292,5.0,0.0,7,1,1.0,1,35,6,8,13,1,2,3,2,1.0,2019.0,0,5.0,Empleado_Informal,14.0,14.0,0.0,9,82,1
7149,218,11,1,2,7332,1811,5.0,6.0,7,1,1.0,1,48,1,6,13, , , ,2,7.0,2017.0, ,7.0,Empleado_Informal,11.0,11.0,0.0,7,18,1
7162,206,11,1,2,,,0.0,0.0, ,3,,2,24,1,5,13, , , ,1,11.0,2023.0, ,1.0,Desempleado,10.0,10.0,0.0,,,0
7162,206,11,2,2,7111,4100,0.0,3.0,7,1,1.0,1,26,1,5,13, , , ,1,11.0,2023.0, ,1.0,Empleado_Informal,10.0,10.0,0.0,7,41,1
7162,215,11,1,2,,,0.0,0.0, ,2,,1,39,2,5,13, , , ,2,1.0,2019.0, ,5.0,Desempleado,10.0,10.0,0.0,,,0
7162,215,11,2,2,7513,1071,0.0,10.0, ,1,1.0,2,37,2,6,13, , , ,2,1.0,2020.0, ,4.0,Empleado_Informal,11.0,11.0,0.0,7,10,1
7162,215,11,3,2,7513,1071,0.0,10.0, ,1,1.0,2,20,6,5,6, , ,1,1,1.0,2020.0, ,4.0,Empleado_Informal,10.0,11.0,-1.0,7,10,1
7162,219,11,1,2,,,0.0,0.0, ,2,,2,20,1,9,13, , ,3,1,3.0,2023.0, ,1.0,Desempleado,13.5,13.5,0.0,,,0
7162,219,11,2,2,7212,1020,0.0,4.0,7,1,1.0,1,20,1,6,13, , , ,2,3.0,2023.0, ,1.0,Empleado_Informal,11.0,11.0,0.0,7,10,1
7175,212,11,1,2,9122,4520,0.0,1.0,7,1,1.0,1,23,1,6,13, , , ,9,8.0,2024.0, ,0.0,Empleado_Informal,11.0,11.0,0.0,9,45,1
7175,212,11,2,2,9111,9700,0.0,1.0,7,1,1.0,2,22,1,6,13, , , ,9,8.0,2024.0, ,0.0,Empleado_Informal,11.0,11.0,0.0,9,97,1
7175,213,11,1,2,9122,4520,0.0,6.0, ,1,1.0,1,27,6,6,13, , , ,9,4.0,2024.0, ,0.0,Empleado_Informal,11.0,11.0,0.0,9,45,1
7175,214,11,1,2,9621,4923,1.0,3.0, ,1,2.0,1,30,1,6,13, , , ,2,1.0,2022.0, ,2.0,Empleado_Formal,11.0,11.0,0.0,9,49,1
7175,214,11,2,2,9621,4923,1.0,9.0, ,1,2.0,2,24,1,6,13, , , ,2,1.0,2022.0, ,2.0,Empleado_Formal,11.0,11.0,0.0,9,49,1
7188,223,11,1,2,9122,4520,4.0,7.0, ,1,1.0,1,44,1,6,13, , , ,6,11.0,2018.0, ,6.0,Empleado_Informal,11.0,11.0,0.0,9,45,1
7188,223,11,2,2,9122,4520,1.0,2.0, ,1,1.0,2,35,1,10,13,1,2,3,2,12.0,2019.0, ,5.0,Empleado_Informal,16.0,16.0,0.0,9,45,1
7188,223,11,3,2,7399,3290,0.0,8.0,7,1,1.0,1,17,6,5,5, , , ,1,11.0,2021.0, ,3.0,Empleado_Informal,10.0,8.5,1.5,7,32,1
7188,224,11,1,2,5141,9602,1.0,3.0,7,1,1.0,2,32,1,8,13,1,2,3,1,6.0,2023.0, ,1.0,Empleado_Informal,14.0,14.0,0.0,5,96,1
7188,224,11,2,2,7399,3290,3.0,0.0,7,1,1.0,1,35,1,10,13,1,2,3,2,1.0,2020.0, ,4.0,Empleado_Informal,16.0,16.0,0.0,7,32,1
7188,225,11,1,2,9112,8121,5.0,10.0, ,1,1.0,2,53,6,8,13,1,2,3,2,5.0,2018.0, ,6.0,Empleado_Informal,14.0,14.0,0.0,9,81,1
7188,225,11,2,2,5142,9602,0.0,1.0,7,1,1.0,2,22,6,6,13, , , ,2,10.0,2018.0, ,6.0,Empleado_Informal,11.0,11.0,0.0,5,96,1
7201,229,11,1,2,9621,4923,0.0,5.0, ,1,1.0,1,25,6,6,13, , , ,9,5.0,2018.0,0,6.0,Empleado_Informal,11.0,11.0,0.0,9,49,1
7201,230,11,1,2,9111,9700,0.0,4.0,7,1,1.0,2,30,5,6,13, , , ,1,2.0,2021.0, ,3.0,Empleado_Informal,11.0,11.0,0.0,9,97,1
7201,230,11,3,2,9122,4520,0.0,4.0,7,1,1.0,1,21,6,6,13, , , ,1,9.0,2023.0, ,1.0,Empleado_Informal,11.0,11.0,0.0,9,45,1
7201,236,11,1,2,9112,8121,2.0,2.0, ,1,1.0,2,33,6,6,13, , , ,2,5.0,2021.0, ,3.0,Empleado_Informal,11.0,11.0,0.0,9,81,1
7201,236,11,5,2,7235,4540,0.0,4.0,7,1,1.0,1,65,6,1,13, , , ,2,3.0,2021.0, ,3.0,Empleado_Informal,0.0,0.0,0.0,7,45,1
7214,231,11,1,2,8332,4923,2.0,9.0,2,1,2.0,1,46,1,6,13, , , ,2,11.0,2016.0, ,8.0,Empleado_Formal,11.0,11.0,0.0,8,49,1
7214,231,11,2,2,7362,1520,6.0,0.0, ,1,1.0,2,40,1,6,13, , , ,2,9.0,2018.0, ,6.0,Empleado_Informal,11.0,11.0,0.0,7,15,1
7214,237,11,1,2,8322,4922,1.0,6.0, ,1,2.0,1,26,1,6,13, , , ,2,6.0,2019.0, ,5.0,Empleado_Formal,11.0,11.0,0.0,8,49,1
7214,237,11,5,2,9333,2817,3.0,6.0,7,1,1.0,1,31,6,6,13, , , ,2,7.0,2019.0, ,5.0,Empleado_Informal,11.0,11.0,0.0,9,28,1
7214,238,11,1,2,4419,5229,2.0,6.0,2,1,2.0,1,27,1,10,13,1,1,3,2,8.0,2018.0, ,6.0,Empleado_Formal,16.0,16.0,0.0,4,52,1
7214,238,11,2,2,9321,8292,0.0,6.0,2,1,2.0,2,28,1,9,13, , ,3,2,2.0,2019.0, ,5.0,Empleado_Formal,13.5,13.5,0.0,9,82,1
7227,240,11,1,1,8322,4922,10.0,0.0, ,1,2.0,1,48,1,1,7, , ,3,,,,,,Empleado_Formal,0.0,12.5,-12.5,8,49,1
7227,240,11,2,2,,,0.0,0.0, ,2,,2,48,1,9,13, , ,3,1,3.0,2018.0, ,6.0,Desempleado,13.5,13.5,0.0,,,0
7227,243,11,1,2,5141,9602,1.0,2.0,7,1,1.0,1,26,1,9,13, , ,3,1,1.0,2023.0, ,1.0,Empleado_Informal,13.5,13.5,0.0,5,96,1
7227,243,11,2,2,9411,5610,0.0,11.0, ,1,1.0,2,26,1,6,13, , , ,1,6.0,2023.0, ,1.0,Empleado_Informal,11.0,11.0,0.0,9,56,1
7227,243,11,4,2,9412,5610,1.0,0.0,7,1,1.0,1,22,1,6,13, , , ,1,9.0,2023.0, ,1.0,Empleado_Informal,11.0,11.0,0.0,9,56,1
7227,246,11,1,2,9411,5610,0.0,5.0, ,1,1.0,2,28,1,5,13, , , ,2,6.0,2018.0,1,6.0,Empleado_Informal,10.0,10.0,0.0,9,56,1
7227,246,11,2,2,7113,4330,4.0,0.0, ,1,2.0,1,29,1,5,13, , , ,2,2.0,2018.0, ,6.0,Empleado_Formal,10.0,10.0,0.0,7,43,1
7240,254,11,2,2,9622,8010,3.0,0.0,7,1,2.0,1,42,1,6,13, , , ,2,11.0,2017.0, ,7.0,Empleado_Formal,11.0,11.0,0.0,9,80,1
7240,270,11,1,2,8321,4922,0.0,2.0, ,1,1.0,1,23,1,6,13, , , ,2,2.0,2019.0,1,5.0,Empleado_Informal,11.0,11.0,0.0,8,49,1
7240,286,11,1,2,8343,8010,1.0,6.0,7,1,1.0,1,47,1,6,13, , , ,2,2.0,2018.0, ,6.0,Empleado_Informal,11.0,11.0,0.0,8,80,1
7240,286,11,2,1,,,0.0,0.0, ,2,,2,49,1,1,8, , ,0,,,,,,Desempleado,0.0,14.0,-14.0,,,0
7240,286,11,3,2,9621,4923,4.0,0.0, ,1,1.0,1,24,6,6,13, , , ,2,1.0,2018.0, ,6.0,Empleado_Informal,11.0,11.0,0.0,9,49,1
7240,286,11,4,2,9333,4630,2.0,0.0,7,1,1.0,1,45,6,5,13, , , ,1,7.0,2022.0, ,2.0,Empleado_Informal,10.0,10.0,0.0,9,46,1
7240,286,11,5,2,7127,7830,1.0,0.0,7,1,1.0,1,44,6,4,13, , , ,1,7.0,2023.0, ,1.0,Empleado_Informal,9.0,9.0,0.0,7,78,1
7253,256,11,1,2,5414,8010,1.0,7.0,7,1,1.0,1,45,1,8,13,2, ,3,1,4.0,2022.0,1,2.0,Empleado_Informal,14.0,14.0,0.0,5,80,1
7253,256,11,2,1,9622,8010,8.0,0.0,7,1,1.0,2,47,1,1,8, , ,0,,,,,,Empleado_Informal,0.0,14.0,-14.0,9,80,1
7253,257,11,1,2,8322,4922,1.0,6.0, ,1,1.0,1,44,1,6,13, , , ,2,7.0,2018.0,1,6.0,Empleado_Informal,11.0,11.0,0.0,8,49,1
7253,257,11,2,2,5142,9602,6.0,4.0, ,1,1.0,2,39,1,6,13, , , ,2,6.0,2010.0,1,14.0,Empleado_Informal,11.0,11.0,0.0,5,96,1
7253,259,11,1,1,7322,3100,5.0,0.0, ,1,1.0,1,33,1,1,7, , ,0,,,,,,Empleado_Informal,0.0,12.5,-12.5,7,31,1
7253,259,11,2,2,9111,9700,1.0,3.0,7,1,1.0,2,30,1,4,13, , , ,2,12.0,2018.0, ,6.0,Empleado_Informal,9.0,9.0,0.0,9,97,1
7266,260,11,1,2,7422,4321,5.0,8.0,7,1,2.0,1,43,1,6,9, , ,0,2,3.0,2018.0, ,6.0,Empleado_Formal,11.0,13.5,-2.5,7,43,1
7266,260,11,2,2,9629,9609,5.0,0.0, ,1,1.0,2,41,1,10,13,1,2,3,2,6.0,2019.0, ,5.0,Empleado_Informal,16.0,16.0,0.0,9,96,1
7266,261,11,1,2,5212,4759,1.0,6.0, ,1,1.0,2,48,6,10,13,1,1,3,2,3.0,2018.0, ,6.0,Empleado_Informal,16.0,16.0,0.0,5,47,1
7266,263,11,1,2,4321,4721,0.0,10.0,7,1,1.0,1,33,1,4,13, , , , ,,, ,,Empleado_Informal,9.0,9.0,0.0,4,47,1
7266,263,11,2,1,2634,8620,1.0,2.0, ,1,2.0,2,38,1,1,10, , ,0,,,,,,Empleado_Formal,0.0,16.0,-16.0,2,86,1
7266,263,11,3,1,9511,4799,39.0,10.0, ,1,1.0,1,74,6,1,6, , ,1,,,,,,Empleado_Informal,0.0,11.0,-11.0,9,47,1
7266,263,11,4,1,9511,4799,5.0,6.0, ,1,1.0,1,43,6,1,6, , ,1,,,,,,Empleado_Informal,0.0,11.0,-11.0,9,47,1
7279,266,11,1,2,9533,4799,3.0,5.0, ,1,1.0,2,44,6,10,13,1,2,3,2,9.0,2018.0, ,6.0,Empleado_Informal,16.0,16.0,0.0,9,47,1
7279,266,11,2,2,5131,5610,1.0,1.0,7,1,1.0,2,24,6,6,13, , , ,2,2.0,2018.0, ,6.0,Empleado_Informal,11.0,11.0,0.0,5,56,1
7279,267,11,1,2,7513,1071,1.0,0.0,2,1,1.0,2,42,6,6,13, , , ,2,2.0,2023.0, ,1.0,Empleado_Informal,11.0,11.0,0.0,7,10,1
7279,268,11,1,2,9621,4923,0.0,8.0, ,1,1.0,1,27,1,3,13, , , ,2,12.0,2019.0, ,5.0,Empleado_Informal,4.5,4.5,0.0,9,49,1
7279,268,11,2,2,7513,1071,2.0,0.0, ,1,1.0,2,28,1,6,13, , , ,1,12.0,2019.0, ,5.0,Empleado_Informal,11.0,11.0,0.0,7,10,1
7292,272,11,1,2,7212,2395,2.0,2.0,2,1,2.0,1,46,1,8,13,1,2,3,2,7.0,2018.0, ,6.0,Empleado_Formal,14.0,14.0,0.0,7,23,1
7292,272,11,2,2,9411,5610,2.0,5.0, ,1,1.0,2,38,1,8,13,1,2,3,2,2.0,2019.0, ,5.0,Empleado_Informal,14.0,14.0,0.0,9,56,1
7292,272,11,3,2,5212,4773,0.0,6.0,7,1,1.0,2,22,6,6,13, , , ,2,2.0,2019.0, ,5.0,Empleado_Informal,11.0,11.0,0.0,5,47,1
7292,273,11,1,2,9629,7500,2.0,0.0,7,1,1.0,1,29,1,10,13,2, ,3,1,2.0,2021.0, ,3.0,Empleado_Informal,16.0,16.0,0.0,9,75,1
7292,273,11,2,2,5212,4771,0.0,11.0,7,1,1.0,2,26,1,6,13, , , ,1,2.0,2021.0, ,3.0,Empleado_Informal,11.0,11.0,0.0,5,47,1
7292,275,11,1,2,7111,4100,7.0,5.0,7,1,1.0,1,45,1,4,13, , , ,1,4.0,2016.0, ,8.0,Empleado_Informal,9.0,9.0,0.0,7,41,1
7304,278,11,1,1,4110,5229,0.0,3.0,2,1,2.0,1,51,1,1,6, , ,1,,,,,,Empleado_Formal,0.0,11.0,-11.0,4,52,1
7304,278,11,2,2,,,0.0,0.0, ,2,,2,54,1,4,13, , , ,2,7.0,2019.0, ,5.0,Desempleado,9.0,9.0,0.0,,,0
7304,278,11,3,2,5141,9602,0.0,1.0,7,1,1.0,1,23,6,6,13, , , ,2,3.0,2022.0, ,2.0,Empleado_Informal,11.0,11.0,0.0,5,96,1
7304,279,11,1,2,9112,5610,1.0,3.0,7,1,1.0,1,27,1,9,13, , ,3,2,6.0,2022.0, ,2.0,Empleado_Informal,13.5,13.5,0.0,9,56,1
7304,279,11,2,2,5230,5610,1.0,4.0,7,1,1.0,2,24,1,4,13, , , ,2,12.0,2023.0, ,1.0,Empleado_Informal,9.0,9.0,0.0,5,56,1
7304,283,11,1,2,4321,5210,5.0,5.0,1,1,2.0,1,37,2,8,13,1,2,3,2,3.0,2018.0, ,6.0,Empleado_Formal,14.0,14.0,0.0,4,52,1
7304,283,11,2,2,9629,8690,7.0,1.0, ,1,1.0,2,41,2,8,13,2, ,3, ,,, ,,Empleado_Informal,14.0,14.0,0.0,9,86,1
7317,284,11,1,2,8322,4922,1.0,6.0, ,1,1.0,1,57,6,10,13,1,2,3,2,9.0,2018.0, ,6.0,Empleado_Informal,16.0,16.0,0.0,8,49,1
7317,288,11,1,2,5120,5610,2.0,0.0, ,1,1.0,2,60,1,4,13, , , ,2,3.0,2021.0,0,3.0,Empleado_Informal,9.0,9.0,0.0,5,56,1
7317,288,11,2,1,8322,4922,8.0,0.0, ,1,1.0,1,39,1,1,6, , ,1,,,,,,Empleado_Informal,0.0,11.0,-11.0,8,49,1
7317,288,11,3,2,5141,9602,0.0,5.0,7,1,1.0,1,23,6,9,13, , ,3,9,4.0,2024.0, ,0.0,Empleado_Informal,13.5,13.5,0.0,5,96,1
7317,288,11,4,2,5120,5610,0.0,5.0,7,1,1.0,1,23,6,9,13, , ,3,9,4.0,2024.0, ,0.0,Empleado_Informal,13.5,13.5,0.0,5,56,1
7317,288,11,6,2,5212,4721,2.0,0.0, ,1,2.0,2,40,1,10,13,1,2,3,2,1.0,2019.0, ,5.0,Empleado_Formal,16.0,16.0,0.0,5,47,1
7317,291,11,1,2,5131,5610,0.0,4.0,7,1,1.0,2,23,6,5,13, , , ,9,6.0,2024.0, ,0.0,Empleado_Informal,10.0,10.0,0.0,5,56,1
7330,290,11,1,2,9111,9700,0.0,5.0,7,1,1.0,2,29,1,6,13, , , ,2,9.0,2022.0, ,2.0,Empleado_Informal,11.0,11.0,0.0,9,97,1
7330,290,11,2,2,9621,4923,1.0,0.0,2,1,1.0,1,32,1,6,13, , , ,2,9.0,2022.0,0,2.0,Empleado_Informal,11.0,11.0,0.0,9,49,1
7330,291,11,1,2,9622,8010,3.0,0.0,7,1,1.0,1,59,2,5,13, , , ,2,4.0,2019.0, ,5.0,Empleado_Informal,10.0,10.0,0.0,9,80,1
7330,292,11,1,2,5213,4782,3.0,0.0, ,1,1.0,2,49,6,4,13, , , ,9,4.0,2018.0, ,6.0,Empleado_Informal,9.0,9.0,0.0,5,47,1
7330,292,11,2,2,5131,5610,2.0,0.0,7,1,1.0,2,18,6,9,13, , ,3,9,4.0,2018.0,0,6.0,Empleado_Informal,13.5,13.5,0.0,5,56,1
7330,292,11,3,2,5141,9602,1.0,6.0,7,1,1.0,1,18,6,6,13, , , ,9,4.0,2018.0, ,6.0,Empleado_Informal,11.0,11.0,0.0,5,96,1
7343,300,11,1,2,9621,5610,0.0,2.0,7,1,1.0,1,25,6,9,13, , ,3,2,10.0,2019.0,1,5.0,Empleado_Informal,13.5,13.5,0.0,9,56,1
7343,300,11,2,2,9621,5610,0.0,2.0,7,1,1.0,1,27,6,6,13, , , ,2,4.0,2019.0,1,5.0,Empleado_Informal,11.0,11.0,0.0,9,56,1
7343,302,11,1,2,7231,4540,0.0,4.0,7,1,1.0,1,25,1,6,13, , , ,2,9.0,2018.0,0,6.0,Empleado_Informal,11.0,11.0,0.0,7,45,1
7343,302,11,2,2,4224,5320,0.0,6.0,7,1,1.0,2,19,1,6,13, , , ,2,3.0,2023.0,0,1.0,Empleado_Informal,11.0,11.0,0.0,4,53,1
7343,305,11,1,2,9621,5610,1.0,0.0,7,1,1.0,1,27,6,6,13, , , ,2,4.0,2019.0,0,5.0,Empleado_Informal,11.0,11.0,0.0,9,56,1
7356,302,11,1,2,5213,4789,0.0,6.0,7,1,1.0,2,43,6,6,13, , , ,1,1.0,2020.0, ,4.0,Empleado_Informal,11.0,11.0,0.0,5,47,1
7356,302,11,2,2,5142,9602,0.0,11.0,7,1,1.0,2,34,6,6,13, , , ,1,5.0,2020.0, ,4.0,Empleado_Informal,11.0,11.0,0.0,5,96,1
7356,303,11,1,2,8141,4520,1.0,6.0,7,1,1.0,1,46,1,5,13, , , ,1,6.0,2022.0, ,2.0,Empleado_Informal,10.0,10.0,0.0,8,45,1
7356,303,11,2,2,9112,8121,0.0,10.0,2,1,2.0,2,51,1,5,13, , , ,2,3.0,2023.0, ,1.0,Empleado_Formal,10.0,10.0,0.0,9,81,1
7356,304,11,1,2,9111,9700,2.0,0.0,7,1,1.0,2,47,6,10,13,2, ,3,2,8.0,1998.0, ,26.0,Empleado_Informal,16.0,16.0,0.0,9,97,1
7369,308,11,1,2,9313,4100,0.0,4.0,2,1,2.0,1,34,1,10,13,1,2,3,2,8.0,2021.0,1,3.0,Empleado_Formal,16.0,16.0,0.0,9,41,1
7369,308,11,2,1,9112,8121,0.0,4.0,2,1,2.0,2,37,1,1,6, , ,1,,,,,,Empleado_Formal,0.0,11.0,-11.0,9,81,1
7369,309,11,1,2,5142,9602,3.0,4.0, ,1,1.0,2,33,6,10,13,1,2,3,2,2.0,2017.0, ,7.0,Empleado_Informal,16.0,16.0,0.0,5,96,1
7369,314,11,1,2,7221,2511,3.0,6.0,7,1,1.0,1,61,2,5,13, , , ,1,5.0,2020.0,0,4.0,Empleado_Informal,10.0,10.0,0.0,7,25,1
7369,314,11,2,2,9111,9700,1.0,4.0,7,1,1.0,2,54,2,5,13, , , ,2,11.0,2022.0, ,2.0,Empleado_Informal,10.0,10.0,0.0,9,97,1
7369,314,11,3,2,,,0.0,0.0, ,2,,1,19,6,6,13, , , ,2,11.0,2022.0, ,2.0,Desempleado,11.0,11.0,0.0,,,0
7382,314,11,1,2,9112,4752,0.0,6.0,7,1,1.0,1,30,1,6,13, , , ,2,3.0,2018.0, ,6.0,Empleado_Informal,11.0,11.0,0.0,9,47,1
7382,314,11,2,2,7513,1071,0.0,3.0, ,1,1.0,2,26,1,6,13, , , ,2,7.0,2019.0, ,5.0,Empleado_Informal,11.0,11.0,0.0,7,10,1
7382,315,11,1,2,3114,9522,0.0,8.0, ,1,2.0,1,36,1,10,13,1,2,3,2,8.0,2018.0, ,6.0,Empleado_Formal,16.0,16.0,0.0,3,95,1
7382,315,11,5,2,7127,4322,1.0,0.0, ,1,1.0,1,34,1,9,13, , ,3,2,6.0,2019.0,0,5.0,Empleado_Informal,13.5,13.5,0.0,7,43,1
7382,315,11,6,2,9411,5610,1.0,4.0, ,1,1.0,2,30,1,9,13, , ,3,2,6.0,2019.0, ,5.0,Empleado_Informal,13.5,13.5,0.0,9,56,1
7382,316,11,1,2,9411,5610,3.0,8.0, ,1,1.0,2,51,4,10,13,1,2,3,2,12.0,2019.0,0,5.0,Empleado_Informal,16.0,16.0,0.0,9,56,1
7395,320,11,1,2,8321,4922,0.0,8.0,7,1,1.0,1,27,1,6,13, , , ,6,10.0,2021.0,1,3.0,Empleado_Informal,11.0,11.0,0.0,8,49,1
7395,324,11,1,2,5212,4721,4.0,0.0, ,1,2.0,2,52,6,6,13, , , ,9,8.0,2018.0, ,6.0,Empleado_Formal,11.0,11.0,0.0,5,47,1
7395,332,11,1,2,9622,1610,0.0,2.0,7,1,1.0,1,27,6,6,13, , , ,9,7.0,2024.0,0,0.0,Empleado_Informal,11.0,11.0,0.0,9,16,1
7408,326,11,1,2,9412,5610,0.0,6.0,7,1,1.0,2,36,6,6,13, , , ,1,3.0,2018.0,0,6.0,Empleado_Informal,11.0,11.0,0.0,9,56,1
7408,326,11,2,2,9612,3811,2.0,0.0,7,1,1.0,1,23,6,5,13, , , ,1,6.0,2019.0,0,5.0,Empleado_Informal,10.0,10.0,0.0,9,38,1
7408,327,11,1,2,5131,5610,3.0,0.0,7,1,1.0,2,42,6,9,13, , ,3,1,3.0,2022.0, ,2.0,Empleado_Informal,13.5,13.5,0.0,5,56,1
7408,327,11,2,2,5131,5610,0.0,8.0,7,1,1.0,1,21,6,6,13, , , ,1,5.0,2021.0, ,3.0,Empleado_Informal,11.0,11.0,0.0,5,56,1
7408,328,11,1,2,9622,9499,0.0,10.0,7,1,1.0,1,34,6,6,13, , , ,1,6.0,2021.0, ,3.0,Empleado_Informal,11.0,11.0,0.0,9,94,1
7408,328,11,2,2,5120,5610,1.0,3.0,7,1,1.0,1,35,6,6,13, , , ,2,2.0,2020.0, ,4.0,Empleado_Informal,11.0,11.0,0.0,5,56,1
7421,332,11,2,2,5142,9602,0.0,10.0,7,1,1.0,2,27,6,7,13, , ,3,2,5.0,2019.0,0,5.0,Empleado_Informal,12.5,12.5,0.0,5,96,1
7421,339,11,1,2,8322,4922,0.0,3.0,7,1,1.0,1,33,1,6,13, , , ,2,12.0,2019.0, ,5.0,Empleado_Informal,11.0,11.0,0.0,8,49,1
7421,340,11,1,2,7513,1071,2.0,6.0, ,1,1.0,1,61,1,4,13, , , ,2,10.0,2015.0,0,9.0,Empleado_Informal,9.0,9.0,0.0,7,10,1
7421,340,11,2,2,5142,9602,4.0,0.0,7,1,1.0,2,48,1,6,13, , , ,2,10.0,2018.0,0,6.0,Empleado_Informal,11.0,11.0,0.0,5,96,1
7421,340,11,3,2,7513,1071,2.0,0.0, ,1,1.0,1,21,6,5,13, , , ,2,10.0,2018.0,0,6.0,Empleado_Informal,10.0,10.0,0.0,7,10,1
7434,343,11,1,2,7111,4100,0.0,9.0,7,1,1.0,1,35,6,6,13, , , ,2,9.0,2019.0,0,5.0,Empleado_Informal,11.0,11.0,0.0,7,41,1
7434,347,11,1,2,7361,1512,2.0,6.0,7,1,1.0,1,39,1,5,13, , , ,2,1.0,2022.0, ,2.0,Empleado_Informal,10.0,10.0,0.0,7,15,1
7434,349,11,1,2,9122,4520,1.0,0.0,7,1,1.0,2,32,1,5,13, , , ,2,12.0,2024.0, ,0.0,Empleado_Informal,10.0,10.0,0.0,9,45,1
7473,356,11,4,2,9621,4923,6.0,0.0, ,1,1.0,1,31,6,6,13, , , ,2,11.0,2017.0, ,7.0,Empleado_Informal,11.0,11.0,0.0,9,49,1
7473,356,11,5,2,9621,4923,3.0,0.0, ,1,1.0,1,22,6,6,13, , , ,2,9.0,2021.0, ,3.0,Empleado_Informal,11.0,11.0,0.0,9,49,1
7473,363,11,1,2,9112,8121,0.0,1.0,7,1,1.0,2,38,1,10,13,1,2,3,2,12.0,2021.0, ,3.0,Empleado_Informal,16.0,16.0,0.0,9,81,1
7473,363,11,2,2,5141,9602,5.0,0.0, ,1,1.0,1,44,1,6,13, , , ,2,6.0,2019.0, ,5.0,Empleado_Informal,11.0,11.0,0.0,5,96,1
7473,364,11,1,2,9313,4100,0.0,3.0,7,1,1.0,1,27,2,9,13, , ,3,2,7.0,2024.0, ,0.0,Empleado_Informal,13.5,13.5,0.0,9,41,1
7473,364,11,2,2,9111,9700,0.0,2.0,7,1,1.0,2,24,2,6,13, , , ,9,7.0,2024.0, ,0.0,Empleado_Informal,11.0,11.0,0.0,9,97,1
7486,362,11,1,2,9112,5610,2.0,0.0,7,1,1.0,1,33,1,6,13, , , ,2,6.0,2018.0, ,6.0,Empleado_Informal,11.0,11.0,0.0,9,56,1
7486,362,11,2,2,5131,5610,0.0,8.0,7,1,1.0,2,29,1,8,13,1,2,3,2,8.0,2019.0, ,5.0,Empleado_Informal,14.0,14.0,0.0,5,56,1
7486,362,11,5,2,5120,5610,1.0,0.0,2,1,1.0,2,53,6,5,13, , , ,2,11.0,2020.0, ,4.0,Empleado_Informal,10.0,10.0,0.0,5,56,1
7486,363,11,1,2,8322,4922,5.0,0.0, ,1,1.0,1,37,6,9,13, , ,3,2,7.0,2018.0, ,6.0,Empleado_Informal,13.5,13.5,0.0,8,49,1
7486,365,11,1,2,8342,4100,3.0,0.0,2,1,2.0,1,28,6,9,13, , ,3,2,10.0,2018.0, ,6.0,Empleado_Formal,13.5,13.5,0.0,8,41,1
7499,368,11,1,2,5212,4771,1.0,0.0,7,1,1.0,2,30,6,8,13,1,2,3,2,7.0,2019.0, ,5.0,Empleado_Informal,14.0,14.0,0.0,5,47,1
7499,371,11,1,2,9629,7500,0.0,3.0,7,1,1.0,2,20,6,6,13, , , ,9,4.0,2021.0, ,3.0,Empleado_Informal,11.0,11.0,0.0,9,75,1
7499,372,11,1,2,5230,4711,1.0,0.0,7,1,1.0,1,30,6,6,13, , , ,2,9.0,2018.0, ,6.0,Empleado_Informal,11.0,11.0,0.0,5,47,1
7512,374,11,1,2,5141,9602,1.0,0.0,7,1,1.0,2,23,6,6,13, , , ,2,11.0,2019.0,1,5.0,Empleado_Informal,11.0,11.0,0.0,5,96,1
7512,380,11,1,2,,,0.0,0.0, ,2,,2,30,4,9,13, , ,3,2,7.0,2018.0, ,6.0,Desempleado,13.5,13.5,0.0,,,0
7512,380,11,5,2,8343,4923,1.0,0.0,7,1,1.0,1,65,1,6,13, , , ,2,7.0,2019.0, ,5.0,Empleado_Informal,11.0,11.0,0.0,8,49,1
7512,380,11,6,2,5211,4649,1.0,0.0,7,1,1.0,1,32,6,9,13, , ,3,2,7.0,2019.0, ,5.0,Empleado_Informal,13.5,13.5,0.0,5,46,1
7512,384,11,1,2,7513,1071,1.0,0.0,7,1,1.0,1,25,6,6,13, , , ,2,7.0,2019.0, ,5.0,Empleado_Informal,11.0,11.0,0.0,7,10,1
7524,380,11,1,2,,,0.0,0.0, ,2,,1,51,6,6,13, , , ,2,6.0,2018.0, ,6.0,Desempleado,11.0,11.0,0.0,,,0
7524,381,11,1,2,7128,4330,30.0,0.0,7,1,1.0,1,49,5,6,13, , , ,2,3.0,2018.0, ,6.0,Empleado_Informal,11.0,11.0,0.0,7,43,1
7524,382,11,1,2,9111,9700,0.0,1.0,7,1,2.0,2,23,1,6,13, , , ,2,5.0,2022.0, ,2.0,Empleado_Formal,11.0,11.0,0.0,9,97,1
7524,382,11,2,2,8321,4922,4.0,0.0,7,1,1.0,1,29,1,5,13, , , ,6,5.0,2022.0, ,2.0,Empleado_Informal,10.0,10.0,0.0,8,49,1
7537,386,11,1,2,9313,4100,1.0,0.0,2,1,1.0,1,39,2,9,13, , ,3,2,7.0,2023.0,1,1.0,Empleado_Informal,13.5,13.5,0.0,9,41,1
7537,386,11,2,2,5120,5610,0.0,1.0, ,1,1.0,2,30,2,10,13,1,2,3,2,7.0,2023.0,1,1.0,Empleado_Informal,16.0,16.0,0.0,5,56,1
7537,387,11,1,2,,,0.0,0.0, ,2,,2,22,1,6,13, , , ,1,7.0,2019.0,1,5.0,Desempleado,11.0,11.0,0.0,,,0
7537,387,11,2,1,7411,4520,4.0,0.0,7,1,1.0,1,30,1,1,7, , ,3,,,,,,Empleado_Informal,0.0,12.5,-12.5,7,45,1
7537,389,11,1,1,8322,4922,12.0,0.0, ,1,2.0,1,40,1,1,6, , ,1,,,,,,Empleado_Formal,0.0,11.0,-11.0,8,49,1
7537,389,11,2,2,5212,4721,0.0,7.0,7,1,1.0,2,33,1,9,13, , ,3,2,8.0,2019.0,1,5.0,Empleado_Informal,13.5,13.5,0.0,5,47,1
7550,392,11,1,2,4419,4100,0.0,4.0,7,1,1.0,2,25,1,6,13, , , ,2,11.0,2021.0,0,3.0,Empleado_Informal,11.0,11.0,0.0,4,41,1
7550,392,11,2,2,9629,7500,2.0,0.0,7,1,1.0,1,28,1,9,13, , ,3,2,11.0,2021.0,0,3.0,Empleado_Informal,13.5,13.5,0.0,9,75,1
7550,393,11,1,2,7234,9522,0.0,11.0,2,1,1.0,1,45,1,6,13, , , ,2,12.0,2018.0, ,6.0,Empleado_Informal,11.0,11.0,0.0,7,95,1
7550,393,11,2,2,,,0.0,0.0, ,3,,2,48,1,5,13, , , ,2,12.0,2018.0, ,6.0,Desempleado,10.0,10.0,0.0,,,0
7550,394,11,1,2,,,0.0,0.0, ,2,,2,28,1,6,13, , , ,2,6.0,2022.0, ,2.0,Desempleado,11.0,11.0,0.0,,,0
7550,394,11,2,2,9621,4630,0.0,7.0,2,1,2.0,1,28,1,6,13, , , ,2,7.0,2022.0, ,2.0,Empleado_Formal,11.0,11.0,0.0,9,46,1
7563,398,11,3,2,9112,8129,0.0,3.0,2,1,2.0,2,26,6,9,13, , ,3,2,8.0,2019.0, ,5.0,Empleado_Formal,13.5,13.5,0.0,9,81,1
7563,399,11,1,2,9511,4799,6.0,0.0, ,1,1.0,2,31,6,6,13, , , ,1,5.0,2018.0, ,6.0,Empleado_Informal,11.0,11.0,0.0,9,47,1
7563,400,11,1,2,9112,8121,0.0,3.0,7,1,1.0,1,46,2,6,13, , , ,6,3.0,2020.0, ,4.0,Empleado_Informal,11.0,11.0,0.0,9,81,1
7563,400,11,2,2,5131,5610,0.0,6.0,7,1,1.0,2,46,2,5,13, , , ,6,3.0,2020.0, ,4.0,Empleado_Informal,10.0,10.0,0.0,5,56,1
7563,400,11,3,2,9313,4100,0.0,4.0,7,1,1.0,1,29,6,6,13, , , ,6,3.0,2020.0, ,4.0,Empleado_Informal,11.0,11.0,0.0,9,41,1
7576,406,11,1,2,,,0.0,0.0, ,2,,2,24,1,6,13, , , ,2,3.0,2021.0,0,3.0,Desempleado,11.0,11.0,0.0,,,0
7576,406,11,2,2,7231,4520,1.0,4.0,7,1,1.0,1,28,1,6,13, , , ,2,3.0,2021.0, ,3.0,Empleado_Informal,11.0,11.0,0.0,7,45,1
7576,407,11,2,2,5131,5610,2.0,0.0,7,1,1.0,2,32,6,6,13, , , ,2,10.0,2016.0, ,8.0,Empleado_Informal,11.0,11.0,0.0,5,56,1
7576,412,11,1,2,5120,5610,0.0,4.0, ,1,1.0,1,31,1,8,13,1,2,3,2,3.0,2018.0, ,6.0,Empleado_Informal,14.0,14.0,0.0,5,56,1
7576,412,11,2,1,,,0.0,0.0, ,2,,2,30,1,1,9, , ,0,,,,,,Desempleado,0.0,13.5,-13.5,,,0
7576,412,11,3,2,9621,4923,0.0,10.0, ,1,1.0,1,35,6,6,13, , , ,1,5.0,2020.0, ,4.0,Empleado_Informal,11.0,11.0,0.0,9,49,1
7589,417,11,2,1,9511,4799,0.0,6.0, ,1,1.0,2,29,1,1,6, , ,1,,,,,,Empleado_Informal,0.0,11.0,-11.0,9,47,1
7589,420,11,1,2,9412,5610,2.0,0.0,7,1,1.0,2,39,1,3,13, , , ,2,7.0,2019.0, ,5.0,Empleado_Informal,4.5,4.5,0.0,9,56,1
7589,420,11,2,2,7411,4321,0.0,3.0,2,1,1.0,1,43,1,3,13, , , ,2,6.0,2018.0, ,6.0,Empleado_Informal,4.5,4.5,0.0,7,43,1
7589,420,11,3,2,,,0.0,0.0, ,3,,1,18,6,3,6, , ,1,2,7.0,2019.0, ,5.0,Desempleado,4.5,11.0,-6.5,,,0
7589,421,11,1,2,9412,5610,0.0,6.0,7,1,1.0,2,38,6,10,13,1,2,3,2,1.0,2019.0,1,5.0,Empleado_Informal,16.0,16.0,0.0,9,56,1
7628,428,11,1,2,5131,5610,0.0,6.0,7,1,1.0,2,32,6,6,13, , , ,1,7.0,2022.0, ,2.0,Empleado_Informal,11.0,11.0,0.0,5,56,1
7628,429,11,1,2,4321,4923,5.0,0.0,2,1,2.0,1,48,1,6,13, , , ,2,7.0,2018.0, ,6.0,Empleado_Formal,11.0,11.0,0.0,4,49,1
7628,430,11,3,2,7111,4100,0.0,1.0,2,1,1.0,1,39,6,7,13, , ,2,2,9.0,2021.0, ,3.0,Empleado_Informal,12.5,12.5,0.0,7,41,1
7641,434,11,1,2,,,0.0,0.0, ,2,,1,33,1,6,13, , , ,1,6.0,2019.0, ,5.0,Desempleado,11.0,11.0,0.0,,,0
7641,434,11,2,2,5131,5610,0.0,2.0,2,1,1.0,2,33,1,6,13, , , ,9,8.0,2024.0, ,0.0,Empleado_Informal,11.0,11.0,0.0,5,56,1
7641,434,11,3,2,5131,5610,0.0,1.0,3,1,1.0,1,17,6,5,13, , , ,9,8.0,2024.0,1,0.0,Empleado_Informal,10.0,10.0,0.0,5,56,1
7641,435,11,1,2,5131,5610,0.0,1.0,7,1,1.0,2,30,1,9,13, , ,3,9,8.0,2024.0, ,0.0,Empleado_Informal,13.5,13.5,0.0,5,56,1
7641,435,11,2,2,8321,4922,0.0,2.0, ,1,1.0,1,37,1,4,13, , , ,9,8.0,2024.0, ,0.0,Empleado_Informal,9.0,9.0,0.0,8,49,1
7641,436,11,1,2,7119,4100,5.0,3.0, ,1,1.0,1,50,6,8,13,1,2,3,2,8.0,2018.0,1,6.0,Empleado_Informal,14.0,14.0,0.0,7,41,1
7654,441,11,1,2,7231,4520,0.0,7.0,7,1,1.0,1,33,1,6,13, , , ,2,11.0,2022.0, ,2.0,Empleado_Informal,11.0,11.0,0.0,7,45,1
7654,441,11,2,2,5131,5610,1.0,6.0,7,1,1.0,2,32,1,6,13, , , ,9,5.0,2023.0,1,1.0,Empleado_Informal,11.0,11.0,0.0,5,56,1
7654,441,11,3,2,7231,4520,0.0,1.0,7,1,1.0,1,30,1,5,13, , , ,9,8.0,2024.0, ,0.0,Empleado_Informal,10.0,10.0,0.0,7,45,1
7654,441,11,4,2,9412,5610,0.0,5.0,7,1,1.0,2,25,1,5,13, , , ,9,5.0,2023.0, ,1.0,Empleado_Informal,10.0,10.0,0.0,9,56,1
7654,441,11,7,2,7231,4520,0.0,6.0,7,1,1.0,1,24,6,6,13, , , ,1,5.0,2023.0, ,1.0,Empleado_Informal,11.0,11.0,0.0,7,45,1
7654,443,11,1,2,5142,9602,0.0,6.0, ,1,1.0,2,29,6,5,13, , , ,2,10.0,2018.0, ,6.0,Empleado_Informal,10.0,10.0,0.0,5,96,1
7654,443,11,5,2,7212,4510,2.0,0.0,2,1,1.0,1,27,6,6,13, , , ,2,4.0,2020.0, ,4.0,Empleado_Informal,11.0,11.0,0.0,7,45,1
7654,446,11,1,2,,,0.0,0.0, ,2,,2,42,6,5,13, , , ,9,2.0,2018.0, ,6.0,Desempleado,10.0,10.0,0.0,,,0
7654,446,11,3,2,9549,4799,0.0,8.0, ,1,1.0,2,47,6,5,13, , , ,9,2.0,2024.0,1,0.0,Empleado_Informal,10.0,10.0,0.0,9,47,1
7654,446,11,5,2,5213,4781,0.0,1.0,7,1,1.0,2,45,6,4,13, , , ,9,2.0,2024.0, ,0.0,Empleado_Informal,9.0,9.0,0.0,5,47,1
7667,452,11,1,2,9629,4630,3.0,9.0,7,1,1.0,2,31,1,9,13, , ,3,6,6.0,2019.0, ,5.0,Empleado_Informal,13.5,13.5,0.0,9,46,1
7667,452,11,2,2,8321,4922,2.0,6.0, ,1,1.0,1,33,1,6,13, , , ,6,5.0,2019.0,1,5.0,Empleado_Informal,11.0,11.0,0.0,8,49,1
7667,453,11,1,2,9411,5610,0.0,1.0, ,1,1.0,2,32,6,10,13,1,2,3,2,1.0,2018.0,0,6.0,Empleado_Informal,16.0,16.0,0.0,9,56,1
7667,455,11,1,2,9629,4630,0.0,2.0,7,1,1.0,2,38,6,4,13, , , ,9,9.0,2019.0,0,5.0,Empleado_Informal,9.0,9.0,0.0,9,46,1
7667,455,11,2,2,9629,4630,0.0,1.0,7,1,1.0,1,20,6,5,13, , , ,9,9.0,2019.0,1,5.0,Empleado_Informal,10.0,10.0,0.0,9,46,1
7680,458,11,1,2,8331,4921,5.0,0.0, ,1,1.0,1,34,1,10,13,1,2,3,2,1.0,2018.0,1,6.0,Empleado_Informal,16.0,16.0,0.0,8,49,1
7680,458,11,2,2,9411,5610,4.0,0.0, ,1,1.0,2,30,1,10,13,1,2,3,2,1.0,2018.0, ,6.0,Empleado_Informal,16.0,16.0,0.0,9,56,1
7680,460,11,1,2,3423,9499,2.0,0.0,7,1,1.0,1,33,1,10,13,1,2,3,2,1.0,2018.0, ,6.0,Empleado_Informal,16.0,16.0,0.0,3,94,1
7680,460,11,2,2,7356,1313,0.0,8.0, ,1,1.0,2,27,1,9,13, , ,3,2,12.0,2017.0, ,7.0,Empleado_Informal,13.5,13.5,0.0,7,13,1
7680,460,11,4,2,7223,2592,5.0,0.0,2,1,1.0,1,60,6,6,13, , , ,2,12.0,2019.0, ,5.0,Empleado_Informal,11.0,11.0,0.0,7,25,1
7680,461,11,1,2,3115,9511,1.0,6.0,2,1,2.0,1,33,1,10,13,1,2,3,2,2.0,2018.0, ,6.0,Empleado_Formal,16.0,16.0,0.0,3,95,1
7680,461,11,2,2,3322,4773,3.0,0.0,2,1,2.0,2,30,1,8,13,1,1,3,2,2.0,2018.0, ,6.0,Empleado_Formal,14.0,14.0,0.0,3,47,1
7693,462,11,1,2,,,0.0,0.0, ,3,,1,58,6,6,13, , , ,2,5.0,2023.0, ,1.0,Desempleado,11.0,11.0,0.0,,,0
7693,462,11,2,2,9412,5610,0.0,2.0,7,1,1.0,2,19,1,6,13, , , ,1,5.0,2021.0,1,3.0,Empleado_Informal,11.0,11.0,0.0,9,56,1
7693,462,11,3,2,9412,5610,1.0,6.0,7,1,1.0,1,21,1,6,13, , , ,2,5.0,2023.0,1,1.0,Empleado_Informal,11.0,11.0,0.0,9,56,1
7693,466,11,1,2,9112,4630,2.0,6.0,7,1,1.0,1,47,6,6,13, , , ,1,12.0,2019.0, ,5.0,Empleado_Informal,11.0,11.0,0.0,9,46,1
7693,467,11,1,2,9622,4721,2.0,0.0,7,1,1.0,1,52,4,10,13,1,2,3,2,3.0,2019.0, ,5.0,Empleado_Informal,16.0,16.0,0.0,9,47,1
7706,468,11,1,2,9622,8010,0.0,2.0,2,1,2.0,1,29,1,9,13, , ,3,2,10.0,2019.0, ,5.0,Empleado_Formal,13.5,13.5,0.0,9,80,1
7706,468,11,2,2,9411,5610,1.0,3.0, ,1,1.0,2,28,1,6,13, , , ,2,2.0,2019.0, ,5.0,Empleado_Informal,11.0,11.0,0.0,9,56,1
7706,469,11,1,2,5141,9602,0.0,5.0,7,1,1.0,1,25,6,9,13, , ,3,9,10.0,2021.0, ,3.0,Empleado_Informal,13.5,13.5,0.0,5,96,1
7706,470,11,1,2,5120,5610,5.0,2.0, ,1,1.0,2,48,1,5,13, , , ,2,9.0,2018.0,0,6.0,Empleado_Informal,10.0,10.0,0.0,5,56,1
7706,470,11,2,1,9629,8292,7.0,0.0,7,1,1.0,1,55,1,1,3, , , ,,,,,,Empleado_Informal,0.0,3.0,-3.0,9,82,1
7706,470,11,4,2,,,0.0,0.0, ,2,,2,30,6,7,13, , ,3,2,9.0,2018.0,1,6.0,Desempleado,12.5,12.5,0.0,,,0
7706,470,11,6,2,9412,5610,0.0,3.0,7,1,1.0,2,28,6,5,13, , , ,2,1.0,2019.0,0,5.0,Empleado_Informal,10.0,10.0,0.0,9,56,1
7706,470,11,7,2,9334,4921,0.0,5.0,7,1,1.0,1,14,6,3,3, , , ,9,1.0,2019.0, ,5.0,Empleado_Informal,4.5,3.0,1.5,9,49,1
7719,474,11,1,2,8322,4922,4.0,4.0, ,1,1.0,1,42,1,6,13, , , ,2,10.0,2017.0,1,7.0,Empleado_Informal,11.0,11.0,0.0,8,49,1
7719,474,11,2,2,9412,5610,0.0,6.0,7,1,1.0,2,44,1,8,13,1,2,3,2,12.0,2017.0, ,7.0,Empleado_Informal,14.0,14.0,0.0,9,56,1
7719,475,11,1,2,8321,4922,1.0,6.0, ,1,1.0,1,26,1,3,13, , , ,1,1.0,2020.0, ,4.0,Empleado_Informal,4.5,4.5,0.0,8,49,1
7719,475,11,2,2,9412,5610,0.0,4.0,2,1,1.0,2,27,1,9,13, , ,3,1,10.0,2023.0, ,1.0,Empleado_Informal,13.5,13.5,0.0,9,56,1
7719,476,11,1,2,5131,5610,1.0,6.0,7,1,1.0,1,24,6,6,13, , , ,1,8.0,2018.0, ,6.0,Empleado_Informal,11.0,11.0,0.0,5,56,1
7732,480,11,1,2,7111,4100,0.0,6.0, ,1,1.0,1,34,1,6,13, , , ,2,7.0,2018.0, ,6.0,Empleado_Informal,11.0,11.0,0.0,7,41,1
7732,480,11,2,2,7513,1071,1.0,0.0, ,1,1.0,2,35,1,6,13, , , ,2,7.0,2018.0, ,6.0,Empleado_Informal,11.0,11.0,0.0,7,10,1
7732,482,11,1,2,9629,9000,2.0,0.0,7,1,1.0,2,28,6,5,13, , , ,6,10.0,2021.0,1,3.0,Empleado_Informal,10.0,10.0,0.0,9,90,1
7732,485,11,1,2,5212,4721,0.0,8.0,7,1,1.0,2,44,6,6,13, , , ,2,8.0,2018.0, ,6.0,Empleado_Informal,11.0,11.0,0.0,5,47,1
7744,491,11,1,2,5212,4721,1.0,3.0,7,1,1.0,2,31,6,6,13, , , ,2,9.0,2023.0, ,1.0,Empleado_Informal,11.0,11.0,0.0,5,47,1
7744,492,11,1,2,9622,8010,0.0,6.0,2,1,1.0,2,27,6,6,13, , , ,1,12.0,2021.0, ,3.0,Empleado_Informal,11.0,11.0,0.0,9,80,1
7744,493,11,1,2,5414,8010,5.0,0.0,1,1,2.0,1,47,1,6,13, , , ,2,8.0,2019.0,1,5.0,Empleado_Formal,11.0,11.0,0.0,5,80,1
7757,503,11,1,2,5120,5610,1.0,0.0,2,1,2.0,1,30,1,10,13,1,2,3,2,3.0,2018.0, ,6.0,Empleado_Formal,16.0,16.0,0.0,5,56,1
7757,506,11,1,2,7399,3290,2.0,8.0, ,1,1.0,2,48,1,6,13, , , ,2,10.0,2019.0, ,5.0,Empleado_Informal,11.0,11.0,0.0,7,32,1
7757,506,11,2,1,7421,9522,20.0,0.0, ,1,1.0,1,51,1,1,6, , ,1,,,,,,Empleado_Informal,0.0,11.0,-11.0,7,95,1
7757,506,11,5,2,5131,5610,2.0,7.0,7,1,1.0,2,22,6,6,7, , ,0,2,10.0,2022.0, ,2.0,Empleado_Informal,11.0,12.5,-1.5,5,56,1
7757,507,11,1,2,7421,9522,2.0,2.0, ,1,1.0,1,54,6,9,13, , ,3,2,10.0,2018.0, ,6.0,Empleado_Informal,13.5,13.5,0.0,7,95,1
7757,507,11,2,2,9533,4799,0.0,9.0,7,1,1.0,2,30,6,8,13,1,2,3,2,7.0,2023.0, ,1.0,Empleado_Informal,14.0,14.0,0.0,9,47,1
7770,506,11,1,2,7231,4520,7.0,0.0,7,1,1.0,1,44,1,8,13,1,2,3,2,1.0,2018.0, ,6.0,Empleado_Informal,14.0,14.0,0.0,7,45,1
7770,506,11,2,2,9533,4799,2.0,0.0, ,1,1.0,2,38,1,8,13,1,2,3,2,1.0,2018.0,0,6.0,Empleado_Informal,14.0,14.0,0.0,9,47,1
7770,514,11,1,2,8322,4922,0.0,4.0, ,1,1.0,1,29,1,5,13, , , ,2,9.0,2018.0, ,6.0,Empleado_Informal,10.0,10.0,0.0,8,49,1
7770,514,11,4,2,6222,311,4.0,0.0, ,1,1.0,1,21,6,5,13, , , ,6,11.0,2020.0, ,4.0,Empleado_Informal,10.0,10.0,0.0,6,03,1
7770,514,11,5,2,9334,4921,0.0,6.0,7,1,1.0,2,24,6,6,13, , , ,9,7.0,2022.0, ,2.0,Empleado_Informal,11.0,11.0,0.0,9,49,1
7770,518,11,1,2,9621,4923,3.0,0.0, ,1,2.0,1,40,1,10,13,2, ,3,2,6.0,2018.0, ,6.0,Empleado_Formal,16.0,16.0,0.0,9,49,1
7770,518,11,2,2,9111,9700,0.0,3.0,7,1,1.0,2,33,1,10,13,1,2,3,2,9.0,2018.0, ,6.0,Empleado_Informal,16.0,16.0,0.0,9,97,1
7783,513,11,1,2,9621,4923,6.0,0.0,2,1,1.0,1,31,1,8,13,1,2,3,2,12.0,2018.0, ,6.0,Empleado_Informal,14.0,14.0,0.0,9,49,1
7783,513,11,2,2,5142,9602,3.0,0.0, ,1,1.0,2,29,1,10,13,1,2,3,4,12.0,2018.0, ,6.0,Empleado_Informal,16.0,16.0,0.0,5,96,1
7783,514,11,1,2,9511,4799,0.0,1.0, ,1,1.0,2,48,1,6,13, , , ,2,5.0,2018.0, ,6.0,Empleado_Informal,11.0,11.0,0.0,9,47,1
7783,514,11,2,2,9621,4923,0.0,1.0, ,1,1.0,1,43,1,6,13, , , ,2,4.0,2019.0, ,5.0,Empleado_Informal,11.0,11.0,0.0,9,49,1
7783,517,11,1,2,5212,4721,5.0,0.0,7,1,1.0,1,38,6,7,13, , ,2,2,7.0,2018.0, ,6.0,Empleado_Informal,12.5,12.5,0.0,5,47,1
7783,517,11,2,2,5131,5610,1.0,2.0,7,1,1.0,1,23,6,6,13, , , ,2,2.0,2020.0, ,4.0,Empleado_Informal,11.0,11.0,0.0,5,56,1
7796,519,11,1,2,5212,4721,0.0,4.0,7,1,1.0,2,26,6,7,13, , ,3,2,3.0,2020.0, ,4.0,Empleado_Informal,12.5,12.5,0.0,5,47,1
7796,520,11,1,2,9111,9700,0.0,4.0,7,1,1.0,1,54,1,5,13, , , ,9,4.0,2024.0,1,0.0,Empleado_Informal,10.0,10.0,0.0,9,97,1
7796,520,11,2,2,,,0.0,0.0, ,2,,2,54,1,8,13,1,2,3,2,12.0,2021.0, ,3.0,Desempleado,14.0,14.0,0.0,,,0
7796,522,11,1,2,5211,4630,5.0,0.0,7,1,1.0,1,28,6,6,13, , , ,1,3.0,2018.0, ,6.0,Empleado_Informal,11.0,11.0,0.0,5,46,1
7977,608,11,1,2,5212,4721,0.0,4.0,7,1,1.0,2,34,1,10,13,1,2,3,2,7.0,2023.0, ,1.0,Empleado_Informal,16.0,16.0,0.0,5,47,1
7977,608,11,2,2,7111,4100,0.0,4.0,7,1,1.0,1,43,1,5,13, , , ,2,7.0,2023.0, ,1.0,Empleado_Informal,10.0,10.0,0.0,7,41,1
7977,610,11,2,1,9511,4799,3.0,0.0, ,1,1.0,1,81,1,1,4, , , ,,,,,,Empleado_Informal,0.0,6.0,-6.0,9,47,1
7977,611,11,2,2,9621,4630,4.0,2.0,7,1,1.0,1,29,1,4,13, , , ,2,12.0,2018.0, ,6.0,Empleado_Informal,9.0,9.0,0.0,9,46,1
7990,614,11,1,2,8321,4922,3.0,0.0, ,1,1.0,1,28,1,6,13, , , ,4,9.0,2017.0, ,7.0,Empleado_Informal,11.0,11.0,0.0,8,49,1
7990,614,11,2,2,7513,1071,0.0,4.0,2,1,1.0,2,29,1,10,13,1,2,3,2,3.0,2022.0, ,2.0,Empleado_Informal,16.0,16.0,0.0,7,10,1
7990,615,11,1,2,9412,5610,0.0,7.0,7,1,1.0,2,53,6,3,13, , , ,1,2.0,2020.0,0,4.0,Empleado_Informal,4.5,4.5,0.0,9,56,1
7990,618,11,1,2,9333,1030,3.0,0.0,7,1,1.0,1,36,1,7,13, , ,3,2,5.0,2017.0,1,7.0,Empleado_Informal,12.5,12.5,0.0,9,10,1
8003,620,11,1,2,8321,4922,3.0,0.0, ,1,1.0,1,46,6,6,13, , , ,2,8.0,2019.0,1,5.0,Empleado_Informal,11.0,11.0,0.0,8,49,1
8003,621,11,1,2,4321,4764,1.0,0.0,7,1,1.0,2,37,6,8,13,1,2,3,2,5.0,2018.0, ,6.0,Empleado_Informal,14.0,14.0,0.0,4,47,1
8003,622,11,1,2,9112,8129,3.0,0.0,7,1,1.0,2,56,1,10,13,1,2,3,2,4.0,2019.0, ,5.0,Empleado_Informal,16.0,16.0,0.0,9,81,1
8003,622,11,2,2,9622,7710,3.0,0.0,7,1,1.0,1,63,1,6,13, , , ,2,4.0,2019.0, ,5.0,Empleado_Informal,11.0,11.0,0.0,9,77,1
8016,626,11,1,2,9412,5630,1.0,0.0,7,1,1.0,2,49,1,5,13, , , ,2,1.0,2021.0, ,3.0,Empleado_Informal,10.0,10.0,0.0,9,56,1
8016,626,11,2,2,8321,4922,3.0,10.0, ,1,1.0,1,42,1,6,13, , , ,2,1.0,2021.0,0,3.0,Empleado_Informal,11.0,11.0,0.0,8,49,1
8016,627,11,1,2,9549,4799,3.0,0.0, ,1,1.0,2,28,6,6,13, , , ,2,9.0,2021.0, ,3.0,Empleado_Informal,11.0,11.0,0.0,9,47,1
8016,627,11,2,2,9511,4799,2.0,0.0, ,1,1.0,2,19,6,6,13, , , ,2,3.0,2022.0, ,2.0,Empleado_Informal,11.0,11.0,0.0,9,47,1
8016,628,11,2,2,9122,4520,3.0,0.0,7,1,1.0,1,29,1,6,13, , , ,2,6.0,2019.0, ,5.0,Empleado_Informal,11.0,11.0,0.0,9,45,1
8029,635,11,1,2,5141,9602,2.0,0.0,7,1,1.0,1,27,1,5,13, , , ,1,9.0,2022.0, ,2.0,Empleado_Informal,10.0,10.0,0.0,5,96,1
8029,640,11,2,1,8322,4922,10.0,0.0, ,1,1.0,1,47,1,1,6, , ,1,,,,,,Empleado_Informal,0.0,11.0,-11.0,8,49,1
8029,651,11,1,2,9412,5610,3.0,0.0,7,1,1.0,2,27,1,8,13,1,2,3,2,11.0,2018.0, ,6.0,Empleado_Informal,14.0,14.0,0.0,9,56,1
8029,651,11,2,2,5212,4721,0.0,3.0,7,1,1.0,1,30,1,7,13, , ,3,1,7.0,2018.0, ,6.0,Empleado_Informal,12.5,12.5,0.0,5,47,1
8042,638,11,1,2,2166,7310,1.0,0.0,7,1,1.0,2,27,6,7,13, , ,3,2,7.0,2018.0, ,6.0,Empleado_Informal,12.5,12.5,0.0,2,73,1
8042,641,11,1,2,5212,4721,1.0,0.0,7,1,1.0,2,66,6,6,13, , , ,2,3.0,2022.0, ,2.0,Empleado_Informal,11.0,11.0,0.0,5,47,1
8042,641,11,2,2,5212,4721,1.0,0.0, ,1,1.0,1,36,6,5,13, , , ,2,7.0,2018.0, ,6.0,Empleado_Informal,10.0,10.0,0.0,5,47,1
8042,641,11,3,2,8322,7912,2.0,10.0,3,1,1.0,1,44,6,5,13, , , ,2,1.0,2021.0, ,3.0,Empleado_Informal,10.0,10.0,0.0,8,79,1
8042,642,11,1,1,7232,5120,0.0,3.0,2,1,2.0,1,42,1,1,6, , ,1,,,,,,Empleado_Formal,0.0,11.0,-11.0,7,51,1
8055,645,11,2,2,3314,4321,8.0,0.0,2,1,2.0,1,35,6,10,13,1,2,3,2,5.0,2012.0, ,12.0,Empleado_Formal,16.0,16.0,0.0,3,43,1
8055,649,11,2,2,7127,4322,2.0,0.0, ,1,1.0,1,67,2,5,13, , , ,2,4.0,2018.0, ,6.0,Empleado_Informal,10.0,10.0,0.0,7,43,1
8055,649,11,3,2,9622,8010,1.0,0.0, ,1,1.0,1,29,6,5,13, , , ,9,7.0,2019.0,1,5.0,Empleado_Informal,10.0,10.0,0.0,9,80,1
8055,650,11,2,2,8321,4922,1.0,8.0, ,1,1.0,1,21,2,5,13, , , ,9,5.0,2019.0, ,5.0,Empleado_Informal,10.0,10.0,0.0,8,49,1
8068,650,11,1,2,9112,8121,3.0,0.0, ,1,1.0,2,48,6,10,13,1,2,3,9,4.0,2019.0, ,5.0,Empleado_Informal,16.0,16.0,0.0,9,81,1
8068,653,11,1,2,5213,4781,0.0,1.0,2,1,1.0,2,30,1,8,13,1,2,3,9,9.0,2024.0, ,0.0,Empleado_Informal,14.0,14.0,0.0,5,47,1
8068,653,11,2,2,5213,4781,0.0,1.0,3,1,1.0,1,25,1,9,13, , ,3,9,9.0,2024.0, ,0.0,Empleado_Informal,13.5,13.5,0.0,5,47,1
8068,655,11,1,2,5213,4789,2.0,0.0,7,1,1.0,2,23,6,6,13, , , ,2,1.0,2021.0, ,3.0,Empleado_Informal,11.0,11.0,0.0,5,47,1
8133,683,11,1,2,9112,8121,3.0,0.0, ,1,1.0,1,42,1,9,13, , ,3,2,6.0,2018.0,0,6.0,Empleado_Informal,13.5,13.5,0.0,9,81,1
8133,683,11,2,2,5212,4771,5.0,0.0,1,1,1.0,2,41,1,6,13, , , ,2,4.0,2018.0, ,6.0,Empleado_Informal,11.0,11.0,0.0,5,47,1
8133,683,11,3,2,5131,5610,0.0,3.0,7,1,1.0,1,19,6,6,13, , , ,2,9.0,2022.0, ,2.0,Empleado_Informal,11.0,11.0,0.0,5,56,1
8133,687,11,1,2,7231,4540,8.0,0.0, ,1,1.0,1,30,2,5,13, , , ,2,2.0,2018.0, ,6.0,Empleado_Informal,10.0,10.0,0.0,7,45,1
8133,687,11,2,1,9621,4923,0.0,6.0,7,1,1.0,2,22,2,1,6, , ,1,,,,,,Empleado_Informal,0.0,11.0,-11.0,9,49,1
8133,687,11,4,2,9629,4630,4.0,0.0,7,1,1.0,1,22,6,5,6, , ,1,2,12.0,2018.0, ,6.0,Empleado_Informal,10.0,11.0,-1.0,9,46,1
8133,687,11,5,2,9333,4923,0.0,1.0,7,1,1.0,1,19,6,4,5, , , ,1,12.0,2018.0, ,6.0,Empleado_Informal,9.0,8.5,0.5,9,49,1
8133,692,11,1,2,9333,4630,2.0,0.0,7,1,1.0,1,25,1,6,13, , , ,1,12.0,2021.0, ,3.0,Empleado_Informal,11.0,11.0,0.0,9,46,1
8146,686,11,1,2,9313,6810,0.0,9.0,7,1,2.0,1,23,1,5,13, , , ,2,2.0,2019.0, ,5.0,Empleado_Formal,10.0,10.0,0.0,9,68,1
8146,686,11,2,2,9412,1071,2.0,0.0,7,1,1.0,2,21,1,6,13, , , ,9,7.0,2021.0, ,3.0,Empleado_Informal,11.0,11.0,0.0,9,10,1
8146,686,11,3,2,9112,8129,1.0,1.0,5,1,1.0,2,21,6,4,13, , , ,2,6.0,2022.0, ,2.0,Empleado_Informal,9.0,9.0,0.0,9,81,1
8146,686,11,4,2,9622,4100,6.0,0.0,2,1,2.0,1,40,6,6,13, , , ,2,7.0,2018.0,1,6.0,Empleado_Formal,11.0,11.0,0.0,9,41,1
8146,687,11,1,2,7519,1079,2.0,0.0,2,1,2.0,1,39,2,7,13, , ,3,2,8.0,2018.0, ,6.0,Empleado_Formal,12.5,12.5,0.0,7,10,1
8146,687,11,2,2,5230,5610,0.0,6.0,2,1,1.0,2,38,2,6,13, , , ,2,5.0,2019.0, ,5.0,Empleado_Informal,11.0,11.0,0.0,5,56,1
8146,688,11,1,2,5245,1071,0.0,1.0,7,1,1.0,1,20,1,6,13, , , ,1,2.0,2022.0, ,2.0,Empleado_Informal,11.0,11.0,0.0,5,10,1
8146,688,11,2,2,9111,9700,0.0,1.0,7,1,1.0,2,28,1,6,13, , , ,2,6.0,2019.0, ,5.0,Empleado_Informal,11.0,11.0,0.0,9,97,1
8159,696,11,1,2,7212,4330,25.0,0.0, ,1,1.0,1,57,1,4,13, , , ,2,5.0,2019.0, ,5.0,Empleado_Informal,9.0,9.0,0.0,7,43,1
8159,696,11,2,2,5245,1071,3.0,0.0,7,1,1.0,2,50,1,6,13, , , ,2,5.0,2019.0, ,5.0,Empleado_Informal,11.0,11.0,0.0,5,10,1
8159,696,11,3,2,5245,1071,1.0,0.0,7,1,1.0,1,18,6,5,6, , ,1,2,7.0,2019.0, ,5.0,Empleado_Informal,10.0,11.0,-1.0,5,10,1
8159,700,11,1,2,5212,4772,0.0,9.0,7,1,1.0,2,25,6,6,13, , , ,1,8.0,2021.0,1,3.0,Empleado_Informal,11.0,11.0,0.0,5,47,1
8159,702,11,1,2,,,0.0,0.0, ,2,,2,28,1,5,13, , , ,2,2.0,2019.0,0,5.0,Desempleado,10.0,10.0,0.0,,,0
8159,702,11,2,2,9333,4781,1.0,5.0,7,1,1.0,1,31,1,6,13, , , ,2,2.0,2019.0, ,5.0,Empleado_Informal,11.0,11.0,0.0,9,47,1
8171,702,11,1,2,4110,9311,4.0,0.0,2,1,1.0,2,33,1,10,13,1,2,3,2,11.0,2019.0, ,5.0,Empleado_Informal,16.0,16.0,0.0,4,93,1
8171,702,11,2,2,9621,4923,2.0,0.0, ,1,1.0,1,29,1,6,13, , , ,2,11.0,2019.0,1,5.0,Empleado_Informal,11.0,11.0,0.0,9,49,1
8171,702,11,3,2,5213,4781,0.0,10.0,7,1,1.0,2,18,1,6,13, , , ,9,1.0,2024.0,1,0.0,Empleado_Informal,11.0,11.0,0.0,5,47,1
8171,702,11,4,2,5213,4781,0.0,3.0,7,1,1.0,1,20,1,6,13, , , ,9,11.0,2023.0,1,1.0,Empleado_Informal,11.0,11.0,0.0,5,47,1
8171,708,11,1,2,5131,5610,6.0,6.0,7,1,1.0,2,26,1,9,13, , ,3,2,5.0,2018.0,0,6.0,Empleado_Informal,13.5,13.5,0.0,5,56,1
8171,708,11,2,2,5131,5610,0.0,5.0,2,1,1.0,1,27,1,9,13, , ,3,2,5.0,2018.0, ,6.0,Empleado_Informal,13.5,13.5,0.0,5,56,1
8171,708,11,3,2,9535,4799,0.0,5.0, ,1,1.0,2,49,4,8,13,1,2,3,1,1.0,2022.0,0,2.0,Empleado_Informal,14.0,14.0,0.0,9,47,1
8171,708,11,4,2,5131,5610,0.0,5.0,7,1,1.0,1,22,6,6,13, , , ,1,1.0,2022.0, ,2.0,Empleado_Informal,11.0,11.0,0.0,5,56,1
8171,714,11,1,2,9411,5610,3.0,0.0, ,1,1.0,1,36,1,11,13,1,2,3,2,5.0,2018.0,0,6.0,Empleado_Informal,18.0,18.0,0.0,9,56,1
8184,711,11,1,2,3439,9000,6.0,0.0, ,1,2.0,1,49,1,8,13,1,2,3,2,2.0,2018.0,0,6.0,Empleado_Formal,14.0,14.0,0.0,3,90,1
8184,711,11,3,2,5142,9602,6.0,0.0,7,1,1.0,2,32,6,10,13,2, ,3,2,1.0,2013.0, ,11.0,Empleado_Informal,16.0,16.0,0.0,5,96,1
8184,714,11,2,2,7322,3100,0.0,11.0,7,1,1.0,1,35,1,6,13, , , ,2,5.0,2018.0, ,6.0,Empleado_Informal,11.0,11.0,0.0,7,31,1
8184,715,11,1,2,3132,5610,2.0,6.0,7,1,1.0,2,42,1,10,13,1,2,3,2,5.0,2018.0,0,6.0,Empleado_Informal,16.0,16.0,0.0,3,56,1
8184,715,11,2,1,3314,5610,7.0,0.0, ,1,2.0,1,56,1,1,13, , , ,,,,,,Empleado_Formal,0.0,0.0,0.0,3,56,1
8184,715,11,3,2,5131,5610,3.0,0.0,7,1,1.0,1,25,6,6,13, , , ,2,9.0,2019.0,0,5.0,Empleado_Informal,11.0,11.0,0.0,5,56,1
8184,715,11,4,2,9412,5610,3.0,0.0,7,1,1.0,2,21,6,6,8, , ,0,2,9.0,2019.0, ,5.0,Empleado_Informal,11.0,14.0,-3.0,9,56,1
8197,717,11,1,2,4417,5229,0.0,8.0,5,1,1.0,2,28,6,8,13,1,1,3,2,6.0,2021.0, ,3.0,Empleado_Informal,14.0,14.0,0.0,4,52,1
8197,718,11,2,1,9112,8129,2.0,0.0,3,1,2.0,1,47,1,10,13,1,2,3,,,,,,Empleado_Formal,16.0,16.0,0.0,9,81,1
8197,720,11,1,2,5142,9602,1.0,6.0,7,1,1.0,2,20,6,9,13, , ,3,2,10.0,2022.0, ,2.0,Empleado_Informal,13.5,13.5,0.0,5,96,1
8210,728,11,1,2,5211,4630,0.0,1.0,2,1,1.0,2,33,1,10,13,1,1,3,2,9.0,2017.0, ,7.0,Empleado_Informal,16.0,16.0,0.0,5,46,1
8210,728,11,2,2,5222,4711,2.0,0.0,7,1,1.0,1,33,1,10,13,1,1,3,2,9.0,2017.0, ,7.0,Empleado_Informal,16.0,16.0,0.0,5,47,1
8210,730,11,1,2,3115,7729,3.0,0.0,2,1,2.0,1,39,2,9,13, , ,3,2,2.0,2018.0, ,6.0,Empleado_Formal,13.5,13.5,0.0,3,77,1
8210,730,11,2,2,4222,8220,0.0,3.0,7,1,1.0,2,34,2,8,13,1,2,3,2,2.0,2018.0,1,6.0,Empleado_Informal,14.0,14.0,0.0,4,82,1
8210,730,11,5,2,5212,4772,0.0,2.0,7,1,1.0,2,58,4,7,13, , ,3,2,4.0,2019.0, ,5.0,Empleado_Informal,12.5,12.5,0.0,5,47,1
8223,730,11,1,2,9412,5610,1.0,0.0,7,1,1.0,2,56,6,6,13, , , ,1,1.0,2022.0, ,2.0,Empleado_Informal,11.0,11.0,0.0,9,56,1
8223,730,11,2,2,,,0.0,0.0, ,2,,2,30,6,6,13, , , ,2,1.0,2022.0, ,2.0,Desempleado,11.0,11.0,0.0,,,0
8223,730,11,7,2,9622,8010,0.0,1.0,7,1,1.0,1,43,6,6,13, , , ,2,3.0,2023.0, ,1.0,Empleado_Informal,11.0,11.0,0.0,9,80,1
8223,742,11,1,2,8322,4922,2.0,0.0, ,1,1.0,1,37,2,9,13, , ,3,2,2.0,2018.0, ,6.0,Empleado_Informal,13.5,13.5,0.0,8,49,1
8223,742,11,2,2,9111,9700,0.0,1.0,7,1,1.0,2,30,2,6,13, , , ,2,10.0,2018.0, ,6.0,Empleado_Informal,11.0,11.0,0.0,9,97,1
8223,744,11,1,2,9111,9700,2.0,0.0,7,1,1.0,2,52,1,5,13, , , ,6,1.0,2020.0, ,4.0,Empleado_Informal,10.0,10.0,0.0,9,97,1
8223,744,11,2,2,5212,4752,2.0,0.0,7,1,1.0,1,52,1,4,13, , , ,6,1.0,2020.0,1,4.0,Empleado_Informal,9.0,9.0,0.0,5,47,1
8301,772,11,1,2,7212,2599,1.0,0.0,7,1,1.0,2,48,6,6,13, , , ,2,2.0,2018.0, ,6.0,Empleado_Informal,11.0,11.0,0.0,7,25,1
8301,772,11,2,2,9622,8010,0.0,1.0,2,1,2.0,1,22,6,5,13, , , ,1,1.0,2024.0,0,0.0,Empleado_Formal,10.0,10.0,0.0,9,80,1
8301,776,11,1,2,9334,4921,1.0,0.0,7,1,1.0,1,23,1,4,13, , , ,1,9.0,2020.0,1,4.0,Empleado_Informal,9.0,9.0,0.0,9,49,1
8301,776,11,4,2,8331,4921,1.0,0.0,7,1,1.0,1,44,6,4,13, , , ,2,11.0,2018.0,1,6.0,Empleado_Informal,9.0,9.0,0.0,8,49,1
8301,776,11,5,2,,,0.0,0.0, ,2,,1,20,6,4,9, , ,0,2,6.0,2021.0, ,3.0,Desempleado,9.0,13.5,-4.5,,,0
8301,779,11,1,2,9629,4781,0.0,1.0,7,1,1.0,1,30,1,3,13, , , ,9,9.0,2023.0, ,1.0,Empleado_Informal,4.5,4.5,0.0,9,47,1
8314,781,11,1,2,3118,4100,1.0,6.0,7,1,1.0,2,33,6,10,13,1,2,3,2,10.0,2018.0, ,6.0,Empleado_Informal,16.0,16.0,0.0,3,41,1
8314,790,11,1,2,3111,7110,1.0,2.0,5,1,1.0,1,34,1,7,13, , ,3,1,1.0,2020.0, ,4.0,Empleado_Informal,12.5,12.5,0.0,3,71,1
8327,785,11,1,2,7231,4540,0.0,10.0,7,1,1.0,2,26,6,6,13, , , ,1,10.0,2021.0, ,3.0,Empleado_Informal,11.0,11.0,0.0,7,45,1
8327,785,11,2,2,5131,5630,3.0,0.0,7,1,1.0,2,25,6,6,13, , , ,1,10.0,2021.0,1,3.0,Empleado_Informal,11.0,11.0,0.0,5,56,1
8327,787,11,1,2,8142,2220,0.0,3.0,7,1,1.0,1,21,1,5,13, , , ,9,7.0,2018.0, ,6.0,Empleado_Informal,10.0,10.0,0.0,8,22,1
8327,787,11,2,2,7513,1071,0.0,1.0, ,1,1.0,2,31,1,5,13, , , ,2,9.0,2023.0,0,1.0,Empleado_Informal,10.0,10.0,0.0,7,10,1
8327,788,11,1,2,5131,5630,0.0,2.0,7,1,1.0,2,25,5,9,13, , ,3,2,2.0,2019.0, ,5.0,Empleado_Informal,13.5,13.5,0.0,5,56,1
8340,794,11,1,2,7128,4330,1.0,0.0, ,1,1.0,1,28,1,6,13, , , ,2,1.0,2018.0,1,6.0,Empleado_Informal,11.0,11.0,0.0,7,43,1
8340,795,11,1,2,8322,4922,3.0,0.0, ,1,1.0,1,61,5,5,13, , , ,2,7.0,2017.0,0,7.0,Empleado_Informal,10.0,10.0,0.0,8,49,1
8340,796,11,1,1,2359,8549,3.0,11.0,7,1,2.0,1,31,2,1,6, , ,1,,,,,,Empleado_Formal,0.0,11.0,-11.0,2,85,1
8340,796,11,2,2,5142,9602,7.0,0.0, ,1,1.0,2,31,2,10,13,1,2,3,9,5.0,2022.0, ,2.0,Empleado_Informal,16.0,16.0,0.0,5,96,1
8353,808,11,1,2,8322,4922,0.0,1.0,7,1,1.0,1,54,5,6,13, , , ,9,9.0,2024.0, ,0.0,Empleado_Informal,11.0,11.0,0.0,8,49,1
8353,809,11,1,2,9121,5510,2.0,9.0,7,1,1.0,2,49,1,5,13, , , ,2,10.0,2022.0, ,2.0,Empleado_Informal,10.0,10.0,0.0,9,55,1
8353,809,11,2,2,8331,4921,0.0,1.0,7,1,1.0,1,50,1,6,13, , , ,2,10.0,2021.0, ,3.0,Empleado_Informal,11.0,11.0,0.0,8,49,1
8353,809,11,3,2,,,0.0,0.0, ,2,,2,29,6,9,13, , ,2,2,5.0,2023.0, ,1.0,Desempleado,13.5,13.5,0.0,,,0
8353,814,11,1,2,9411,5610,8.0,0.0, ,1,1.0,1,34,1,4,13, , , ,2,8.0,2017.0,1,7.0,Empleado_Informal,9.0,9.0,0.0,9,56,1
8353,814,11,2,2,9412,5610,8.0,0.0,7,1,1.0,2,37,1,6,13, , , ,2,12.0,2017.0,0,7.0,Empleado_Informal,11.0,11.0,0.0,9,56,1
8366,818,11,1,2,8322,4921,1.0,3.0, ,1,1.0,1,38,5,4,13, , , ,2,1.0,2021.0, ,3.0,Empleado_Informal,9.0,9.0,0.0,8,49,1
8379,815,11,1,2,9622,5610,0.0,1.0,7,1,1.0,1,34,1,8,13,1,2,3,9,5.0,2024.0,0,0.0,Empleado_Informal,14.0,14.0,0.0,9,56,1
8379,815,11,2,2,5131,9000,0.0,1.0,7,1,1.0,2,26,1,8,13,1,2,3,9,5.0,2024.0,0,0.0,Empleado_Informal,14.0,14.0,0.0,5,90,1
8379,816,11,1,2,5212,4741,1.0,6.0,7,1,1.0,1,27,6,6,13, , , ,1,1.0,2021.0, ,3.0,Empleado_Informal,11.0,11.0,0.0,5,47,1
8379,818,11,1,2,9411,5610,3.0,0.0, ,1,1.0,2,44,6,10,13,1,2,3,2,6.0,2019.0, ,5.0,Empleado_Informal,16.0,16.0,0.0,9,56,1
8391,821,11,1,1,2611,6910,5.0,0.0, ,1,2.0,1,42,1,1,10, , ,0,,,,,,Empleado_Formal,0.0,16.0,-16.0,2,69,1
8391,823,11,1,2,3115,1920,5.0,0.0,2,1,2.0,1,37,1,8,13,1,2,3,2,7.0,2018.0, ,6.0,Empleado_Formal,14.0,14.0,0.0,3,19,1
8391,824,11,1,2,3314,9329,7.0,0.0,7,1,1.0,1,29,1,6,13, , , ,2,10.0,2018.0, ,6.0,Empleado_Informal,11.0,11.0,0.0,3,93,1
8391,824,11,4,2,9412,5610,1.0,0.0,7,1,1.0,1,19,6,5,13, , , ,9,3.0,2023.0, ,1.0,Empleado_Informal,10.0,10.0,0.0,9,56,1
8404,828,11,1,2,5131,5610,3.0,0.0,7,1,1.0,2,44,6,6,13, , , ,2,1.0,2017.0, ,7.0,Empleado_Informal,11.0,11.0,0.0,5,56,1
8404,828,11,2,2,7129,4520,0.0,5.0,7,1,1.0,1,28,6,3,13, , , ,2,7.0,2018.0, ,6.0,Empleado_Informal,4.5,4.5,0.0,7,45,1
8404,837,11,1,2,8322,4922,1.0,11.0, ,1,1.0,1,35,1,6,6, , ,1,2,10.0,2022.0,0,2.0,Empleado_Informal,11.0,11.0,0.0,8,49,1
8404,837,11,2,2,5322,9609,0.0,3.0, ,1,1.0,2,26,1,6,6, , ,1,2,10.0,2023.0, ,1.0,Empleado_Informal,11.0,11.0,0.0,5,96,1
8404,838,11,1,2,8322,4922,3.0,0.0, ,1,1.0,1,29,1,6,13, , , ,2,9.0,2018.0,0,6.0,Empleado_Informal,11.0,11.0,0.0,8,49,1
8417,833,11,1,2,2341,8510,0.0,4.0,5,1,1.0,2,27,6,8,13,1,2,3,2,2.0,2018.0,1,6.0,Empleado_Informal,14.0,14.0,0.0,2,85,1
8417,834,11,1,2,9112,8129,0.0,1.0,7,1,1.0,2,36,1,4,5, , , ,2,7.0,2018.0, ,6.0,Empleado_Informal,9.0,8.5,0.5,9,81,1
8417,834,11,2,2,9112,8129,0.0,1.0,7,1,1.0,1,41,1,6,13, , , ,2,3.0,2019.0, ,5.0,Empleado_Informal,11.0,11.0,0.0,9,81,1
8417,834,11,3,2,9629,7500,0.0,8.0,7,1,1.0,1,17,6,4,13, , , ,1,6.0,2019.0, ,5.0,Empleado_Informal,9.0,9.0,0.0,9,75,1
8417,835,11,1,2,,,0.0,0.0, ,3,,2,38,1,4,5, , , ,2,10.0,2019.0, ,5.0,Desempleado,9.0,8.5,0.5,,,0
8417,835,11,2,1,9622,8010,0.0,3.0,7,1,1.0,1,43,1,1,6, , ,1,,,,,,Empleado_Informal,0.0,11.0,-11.0,9,80,1
8417,835,11,3,2,9629,9602,0.0,1.0,7,1,1.0,1,22,6,3,4, , , ,2,7.0,2021.0, ,3.0,Empleado_Informal,4.5,6.0,-1.5,9,96,1
8430,839,11,1,2,3322,7830,0.0,6.0,2,1,1.0,1,37,1,8,13,1,2,3,2,4.0,2018.0,1,6.0,Empleado_Informal,14.0,14.0,0.0,3,78,1
8430,839,11,2,2,5131,5610,5.0,10.0,7,1,1.0,2,29,1,6,13, , , ,2,6.0,2018.0,1,6.0,Empleado_Informal,11.0,11.0,0.0,5,56,1
8430,840,11,1,2,9629,9609,27.0,5.0, ,1,2.0,2,47,6,6,13, , , ,2,5.0,2018.0,0,6.0,Empleado_Formal,11.0,11.0,0.0,9,96,1
8430,840,11,2,2,8322,4922,1.0,3.0, ,1,2.0,1,23,6,6,13, , , ,2,5.0,2019.0, ,5.0,Empleado_Formal,11.0,11.0,0.0,8,49,1
8430,840,11,3,2,2212,8610,0.0,4.0,5,1,1.0,2,28,1,10,13,1,1,3,2,11.0,2020.0,1,4.0,Empleado_Informal,16.0,16.0,0.0,2,86,1
8430,840,11,4,2,8322,4922,0.0,4.0, ,1,1.0,1,47,1,6,13, , , ,2,11.0,2020.0,0,4.0,Empleado_Informal,11.0,11.0,0.0,8,49,1
8430,842,11,1,2,5141,9602,26.0,0.0,7,1,1.0,1,46,6,6,13, , , ,2,11.0,2016.0, ,8.0,Empleado_Informal,11.0,11.0,0.0,5,96,1
8430,842,11,2,2,5141,9602,5.0,2.0,7,1,1.0,1,23,6,6,13, , , ,2,3.0,2022.0, ,2.0,Empleado_Informal,11.0,11.0,0.0,5,96,1
8443,849,11,1,2,8322,4922,5.0,5.0, ,1,1.0,1,32,1,6,13, , , ,2,1.0,2019.0,0,5.0,Empleado_Informal,11.0,11.0,0.0,8,49,1
8443,849,11,2,2,5213,4781,0.0,1.0, ,1,1.0,2,25,1,9,13, , ,3,2,7.0,2018.0, ,6.0,Empleado_Informal,13.5,13.5,0.0,5,47,1
8443,849,11,5,2,4321,4649,2.0,0.0,7,1,1.0,1,19,6,6,13, , , ,1,10.0,2022.0,1,2.0,Empleado_Informal,11.0,11.0,0.0,4,46,1
8443,850,11,1,2,9321,7830,1.0,4.0,5,1,1.0,2,34,6,9,13, , ,3,2,1.0,2018.0, ,6.0,Empleado_Informal,13.5,13.5,0.0,9,78,1
8443,854,11,1,2,5322,9609,2.0,2.0, ,1,1.0,2,42,1,4,13, , , ,2,5.0,2021.0, ,3.0,Empleado_Informal,9.0,9.0,0.0,5,96,1
8443,854,11,2,2,7222,2592,0.0,3.0,7,1,1.0,1,37,1,5,13, , , ,2,4.0,2019.0, ,5.0,Empleado_Informal,10.0,10.0,0.0,7,25,1
8518,2,11,1,1,,,0.0,0.0, ,3,,2,42,1,6,13, , , ,,,,,,Desempleado,11.0,11.0,0.0,,,0
8518,2,11,2,2,9622,4721,1.0,3.0,7,1,1.0,1,45,1,6,13, , , ,2,2.0,2018.0, ,6.0,Empleado_Informal,11.0,11.0,0.0,9,47,1
8518,4,11,1,2,9621,5610,1.0,2.0,7,1,1.0,1,29,6,6,13, , , ,1,2.0,2019.0, ,5.0,Empleado_Informal,11.0,11.0,0.0,9,56,1
8518,5,11,1,2,9333,4773,0.0,3.0,2,1,2.0,1,27,2,7,13, , ,3,2,6.0,2019.0, ,5.0,Empleado_Formal,12.5,12.5,0.0,9,47,1
8570,11,11,1,2,5131,5610,5.0,0.0,7,1,1.0,2,33,6,10,13,2, ,3,2,12.0,2018.0, ,6.0,Empleado_Informal,16.0,16.0,0.0,5,56,1
8570,14,11,1,2,7515,1030,0.0,4.0,7,1,1.0,1,32,6,3,13, , , ,9,7.0,2024.0, ,0.0,Empleado_Informal,4.5,4.5,0.0,7,10,1
8570,20,11,1,2,8321,4923,3.0,0.0,1,1,2.0,1,36,1,6,13, , , ,2,9.0,2018.0, ,6.0,Empleado_Formal,11.0,11.0,0.0,8,49,1
8623,23,11,1,2,7111,4330,5.0,0.0, ,1,1.0,1,34,1,6,13, , , ,1,7.0,2019.0, ,5.0,Empleado_Informal,11.0,11.0,0.0,7,43,1
8623,23,11,2,2,9122,4520,1.0,0.0,7,1,1.0,2,29,1,6,13, , , ,1,6.0,2019.0, ,5.0,Empleado_Informal,11.0,11.0,0.0,9,45,1
8623,34,11,3,2,9112,5510,2.0,2.0,7,1,1.0,2,52,6,5,13, , , ,1,2.0,2017.0, ,7.0,Empleado_Informal,10.0,10.0,0.0,9,55,1
8623,34,11,4,2,9112,5510,2.0,0.0,7,1,1.0,2,24,6,3,13, , , ,1,2.0,2016.0, ,8.0,Empleado_Informal,4.5,4.5,0.0,9,55,1
8623,34,11,5,2,9122,4520,1.0,1.0,7,1,1.0,1,14,6,4,13, , , ,9,12.0,2023.0, ,1.0,Empleado_Informal,9.0,9.0,0.0,9,45,1
8623,35,11,1,2,9412,5610,1.0,0.0,7,1,1.0,2,36,1,6,13, , , ,2,11.0,2019.0, ,5.0,Empleado_Informal,11.0,11.0,0.0,9,56,1
8623,35,11,2,2,7111,4100,1.0,2.0, ,1,1.0,1,38,1,6,13, , , ,1,11.0,2019.0,1,5.0,Empleado_Informal,11.0,11.0,0.0,7,41,1
10246,210,11,1,2,9112,5629,0.0,7.0,7,1,1.0,1,22,1,5,13, , , ,1,2.0,2021.0,1,3.0,Empleado_Informal,10.0,10.0,0.0,9,56,1
10246,210,11,2,2,5142,9602,0.0,5.0,7,1,1.0,2,22,1,5,13, , , ,9,2.0,2022.0, ,2.0,Empleado_Informal,10.0,10.0,0.0,5,96,1
10246,211,11,1,2,4321,4773,8.0,0.0,7,1,1.0,1,28,1,9,13, , ,3,2,8.0,2017.0, ,7.0,Empleado_Informal,13.5,13.5,0.0,4,47,1
10246,211,11,2,2,4224,9602,0.0,6.0,7,1,1.0,2,33,1,10,13,1,2,3,2,8.0,2017.0, ,7.0,Empleado_Informal,16.0,16.0,0.0,4,96,1
10246,213,11,1,2,4321,4773,6.0,0.0,2,1,1.0,1,39,1,9,13, , ,3,2,5.0,2018.0, ,6.0,Empleado_Informal,13.5,13.5,0.0,4,47,1
10246,213,11,2,2,9112,6810,0.0,6.0,7,1,1.0,2,24,1,6,13, , , ,2,8.0,2020.0, ,4.0,Empleado_Informal,11.0,11.0,0.0,9,68,1
10298,216,11,2,2,7513,1071,0.0,4.0, ,1,1.0,2,72,6,4,13, , , ,9,5.0,2024.0, ,0.0,Empleado_Informal,9.0,9.0,0.0,7,10,1
10298,217,12,1,2,7124,4322,6.0,0.0,7,1,1.0,1,39,2,10,13,1,1,3,2,1.0,2018.0, ,6.0,Empleado_Informal,16.0,16.0,0.0,7,43,1
10298,217,22,1,2,7231,4520,3.0,0.0,7,1,1.0,1,34,1,10,13,2, ,3,2,1.0,2018.0,1,6.0,Empleado_Informal,16.0,16.0,0.0,7,45,1
10298,217,22,2,2,,,0.0,0.0, ,2,,2,26,1,6,13, , , ,2,1.0,2018.0, ,6.0,Desempleado,11.0,11.0,0.0,,,0
10298,217,22,4,2,8142,2220,1.0,3.0,7,1,1.0,1,20,6,6,13, , , ,9,6.0,2023.0, ,1.0,Empleado_Informal,11.0,11.0,0.0,8,22,1
10298,220,11,1,2,9313,4100,0.0,8.0,7,1,1.0,1,35,1,6,13, , , ,2,12.0,2018.0,1,6.0,Empleado_Informal,11.0,11.0,0.0,9,41,1
10979,299,11,1,2,9622,6810,2.0,0.0,2,1,2.0,1,42,6,6,13, , , ,1,6.0,2019.0, ,5.0,Empleado_Formal,11.0,11.0,0.0,9,68,1
10979,301,11,1,2,9621,4923,0.0,6.0, ,1,2.0,1,20,6,6,13, , , ,2,5.0,2019.0, ,5.0,Empleado_Formal,11.0,11.0,0.0,9,49,1
10979,302,11,1,2,2141,7110,5.0,0.0,1,1,1.0,1,50,2,10,13,1,1,0,2,11.0,2016.0, ,8.0,Empleado_Informal,16.0,16.0,0.0,2,71,1
10979,302,11,2,2,4417,6910,4.0,0.0,7,1,1.0,2,43,2,4,13, , , ,1,11.0,2016.0, ,8.0,Empleado_Informal,9.0,9.0,0.0,4,69,1
11032,312,11,1,2,9412,5610,0.0,1.0,7,1,1.0,2,29,6,5,13, , , ,2,11.0,2022.0, ,2.0,Empleado_Informal,10.0,10.0,0.0,9,56,1
11032,320,11,1,2,8331,4923,4.0,0.0, ,1,1.0,1,63,1,4,13, , , ,2,6.0,2018.0, ,6.0,Empleado_Informal,9.0,9.0,0.0,8,49,1
11032,320,11,2,2,9112,5510,3.0,6.0,7,1,1.0,2,54,1,5,13, , , ,2,6.0,2018.0, ,6.0,Empleado_Informal,10.0,10.0,0.0,9,55,1
11084,311,11,1,2,9411,5610,7.0,3.0, ,1,1.0,2,33,6,6,13, , , ,2,6.0,2017.0, ,7.0,Empleado_Informal,11.0,11.0,0.0,9,56,1
11084,316,11,1,2,5414,8010,1.0,10.0,2,1,1.0,1,49,5,10,13,1,2,3,2,7.0,2018.0, ,6.0,Empleado_Informal,16.0,16.0,0.0,5,80,1
11084,323,11,1,1,7221,2511,14.0,0.0, ,1,2.0,1,50,1,1,8, , ,0,,,,,,Empleado_Formal,0.0,14.0,-14.0,7,25,1
11136,315,11,1,2,5212,4510,0.0,1.0,5,1,1.0,2,43,1,8,13,1,2,3,2,8.0,2018.0, ,6.0,Empleado_Informal,14.0,14.0,0.0,5,45,1
11136,315,11,2,2,8322,4922,2.0,0.0, ,1,1.0,1,35,1,8,13,1,2,3,2,8.0,2018.0, ,6.0,Empleado_Informal,14.0,14.0,0.0,8,49,1
11136,324,11,1,2,8343,1020,6.0,0.0,2,1,2.0,1,40,1,6,13, , , ,2,2.0,2018.0, ,6.0,Empleado_Formal,11.0,11.0,0.0,8,10,1
11136,324,11,2,2,7513,1071,0.0,2.0,7,1,1.0,2,37,1,6,13, , , ,2,1.0,2019.0, ,5.0,Empleado_Informal,11.0,11.0,0.0,7,10,1
11136,328,11,1,2,8331,4921,4.0,1.0,7,1,1.0,1,35,1,6,13, , , ,2,3.0,2018.0, ,6.0,Empleado_Informal,11.0,11.0,0.0,8,49,1
11136,328,11,2,2,5142,9602,4.0,0.0,7,1,1.0,2,21,1,7,13, , ,3,2,8.0,2020.0, ,4.0,Empleado_Informal,12.5,12.5,0.0,5,96,1
11136,328,11,4,2,5131,5610,0.0,1.0,7,1,1.0,2,26,6,10,13,2, ,3,9,8.0,2024.0, ,0.0,Empleado_Informal,16.0,16.0,0.0,5,56,1
11189,326,11,1,2,9412,5610,2.0,0.0,7,1,1.0,2,37,6,8,13,1,2,3,2,12.0,2018.0, ,6.0,Empleado_Informal,14.0,14.0,0.0,9,56,1
11189,326,11,2,2,,,0.0,0.0, ,3,,2,66,4,4,13, , , ,1,10.0,2021.0, ,3.0,Desempleado,9.0,9.0,0.0,,,0
11189,329,11,1,2,3322,4630,1.0,8.0,2,1,2.0,1,31,6,8,13,1,2,3,2,10.0,2018.0, ,6.0,Empleado_Formal,14.0,14.0,0.0,3,46,1
11189,330,11,1,2,5131,5610,1.0,0.0,7,1,1.0,2,26,5,6,13, , , ,1,10.0,2021.0,0,3.0,Empleado_Informal,11.0,11.0,0.0,5,56,1
11241,328,11,1,2,3432,9602,2.0,0.0, ,1,1.0,1,30,6,8,13,1,2,3,2,11.0,2020.0, ,4.0,Empleado_Informal,14.0,14.0,0.0,3,96,1
11241,329,11,1,2,3113,4321,7.0,0.0,7,1,1.0,1,52,5,8,13,1,2,3,1,12.0,2016.0, ,8.0,Empleado_Informal,14.0,14.0,0.0,3,43,1
11241,329,11,2,2,7422,4321,1.0,0.0,7,1,1.0,1,23,5,6,13, , , ,2,8.0,2019.0, ,5.0,Empleado_Informal,11.0,11.0,0.0,7,43,1
11241,330,11,1,2,5211,4630,0.0,9.0,7,1,1.0,2,30,1,7,13, , ,3,1,5.0,2021.0, ,3.0,Empleado_Informal,12.5,12.5,0.0,5,46,1
11241,330,11,2,1,5230,4711,1.0,0.0,7,1,1.0,1,30,1,1,6, , ,1,,,,,,Empleado_Informal,0.0,11.0,-11.0,5,47,1
11293,333,11,1,2,5212,4771,1.0,0.0,7,1,1.0,2,34,6,6,13, , , ,1,6.0,2020.0,1,4.0,Empleado_Informal,11.0,11.0,0.0,5,47,1
11293,341,11,1,2,9511,4799,5.0,6.0, ,1,1.0,1,35,1,4,13, , , ,6,12.0,2018.0, ,6.0,Empleado_Informal,9.0,9.0,0.0,9,47,1
11293,341,11,2,2,9511,4799,5.0,6.0, ,1,1.0,2,32,1,6,13, , , ,6,3.0,2018.0, ,6.0,Empleado_Informal,11.0,11.0,0.0,9,47,1
11293,342,11,1,2,9629,9609,3.0,0.0, ,1,1.0,1,27,1,6,13, , , ,6,10.0,2020.0,0,4.0,Empleado_Informal,11.0,11.0,0.0,9,96,1
11346,348,11,1,2,9622,9499,0.0,3.0,7,1,1.0,1,37,6,10,13,1,2,3,9,7.0,2024.0, ,0.0,Empleado_Informal,16.0,16.0,0.0,9,94,1
11346,349,11,1,2,9621,4923,1.0,0.0, ,1,1.0,2,23,6,6,13, , , ,2,7.0,2022.0, ,2.0,Empleado_Informal,11.0,11.0,0.0,9,49,1
11346,350,11,1,2,9621,4923,2.0,0.0, ,1,1.0,1,29,1,6,13, , , ,1,2.0,2019.0, ,5.0,Empleado_Informal,11.0,11.0,0.0,9,49,1
11346,350,11,2,2,4224,9602,0.0,5.0,7,1,1.0,2,30,1,5,13, , , ,2,2.0,2019.0, ,5.0,Empleado_Informal,10.0,10.0,0.0,4,96,1
11398,345,11,1,2,2359,8549,3.0,2.0,2,1,1.0,1,48,5,10,13,1,2,3,2,2.0,2019.0, ,5.0,Empleado_Informal,16.0,16.0,0.0,2,85,1
11398,347,11,1,2,2240,7500,1.0,6.0,2,1,1.0,2,48,5,10,13,1,2,3,2,5.0,2018.0, ,6.0,Empleado_Informal,16.0,16.0,0.0,2,75,1
11398,348,11,2,2,2511,8220,1.0,0.0,2,1,1.0,1,32,6,10,13,1,2,3,2,10.0,2020.0, ,4.0,Empleado_Informal,16.0,16.0,0.0,2,82,1
11450,351,11,1,2,,,0.0,0.0, ,2,,2,38,1,4,13, , , ,2,8.0,2019.0, ,5.0,Desempleado,9.0,9.0,0.0,,,0
11450,351,11,2,2,3411,6910,1.0,8.0,2,1,1.0,1,40,1,10,13,1,2,3,2,8.0,2019.0, ,5.0,Empleado_Informal,16.0,16.0,0.0,3,69,1
11450,353,11,1,2,3221,8730,0.0,10.0,2,1,1.0,2,37,1,8,13,1,2,3,2,9.0,2021.0, ,3.0,Empleado_Informal,14.0,14.0,0.0,3,87,1
11450,353,11,2,2,5329,8730,1.0,3.0,2,1,1.0,1,36,1,7,13, , ,3,2,9.0,2021.0, ,3.0,Empleado_Informal,12.5,12.5,0.0,5,87,1
11450,354,11,1,2,,,0.0,0.0, ,2,,2,36,1,7,13, , ,3,2,8.0,2018.0, ,6.0,Desempleado,12.5,12.5,0.0,,,0
11450,354,11,2,1,3422,8541,2.0,4.0,2,1,1.0,1,40,1,9,13, , ,3,,,,,,Empleado_Informal,13.5,13.5,0.0,3,85,1
11869,417,11,1,2,7221,2511,0.0,1.0,7,1,1.0,1,37,2,6,13, , , ,2,4.0,2019.0,1,5.0,Empleado_Informal,11.0,11.0,0.0,7,25,1
11869,417,11,2,2,9411,5610,3.0,0.0, ,1,1.0,2,31,2,8,13,2, ,3,2,12.0,2019.0,1,5.0,Empleado_Informal,14.0,14.0,0.0,9,56,1
11869,421,11,1,2,7221,2511,6.0,0.0, ,1,1.0,1,42,2,8,13,2, ,3,2,7.0,2018.0,1,6.0,Empleado_Informal,14.0,14.0,0.0,7,25,1
11869,422,11,1,2,8321,4922,0.0,8.0, ,1,1.0,1,22,1,6,13, , , ,1,2.0,2023.0, ,1.0,Empleado_Informal,11.0,11.0,0.0,8,49,1
11922,413,11,1,2,9412,5610,1.0,0.0,7,1,1.0,2,61,5,4,13, , , ,6,5.0,2019.0, ,5.0,Empleado_Informal,9.0,9.0,0.0,9,56,1
11922,414,11,2,2,9313,4100,2.0,0.0,7,1,1.0,1,35,1,7,13, , ,3,1,7.0,2022.0, ,2.0,Empleado_Informal,12.5,12.5,0.0,9,41,1
11922,416,11,1,2,2146,2410,8.0,0.0,2,1,1.0,1,44,2,10,13,1,2,3,6,10.0,2016.0,1,8.0,Empleado_Informal,16.0,16.0,0.0,2,24,1
11974,420,11,2,1,7212,2511,2.0,1.0,7,1,1.0,1,37,1,1,8, , ,2,,,,,,Empleado_Informal,0.0,14.0,-14.0,7,25,1
11974,423,11,1,2,7231,4540,4.0,0.0,7,1,1.0,1,32,1,5,13, , , ,2,8.0,2017.0,0,7.0,Empleado_Informal,10.0,10.0,0.0,7,45,1
11974,425,11,1,2,9111,9700,0.0,1.0,7,1,1.0,2,25,6,6,13, , , ,9,7.0,2023.0, ,1.0,Empleado_Informal,11.0,11.0,0.0,9,97,1
12026,427,11,1,2,5120,5610,0.0,4.0,7,1,1.0,2,41,6,8,13,2, ,3,2,6.0,2019.0, ,5.0,Empleado_Informal,14.0,14.0,0.0,5,56,1
12026,427,11,2,2,9622,9329,2.0,0.0,7,1,1.0,1,22,6,6,13, , , ,2,6.0,2019.0, ,5.0,Empleado_Informal,11.0,11.0,0.0,9,93,1
12026,429,11,1,2,5212,4752,1.0,0.0,7,1,1.0,1,30,1,6,13, , , ,2,2.0,2018.0, ,6.0,Empleado_Informal,11.0,11.0,0.0,5,47,1
12026,430,11,1,2,5414,8010,0.0,1.0,7,1,1.0,2,36,6,6,13, , , ,1,1.0,2021.0, ,3.0,Empleado_Informal,11.0,11.0,0.0,5,80,1
12079,432,11,1,2,9621,4923,3.0,0.0, ,1,1.0,1,28,1,9,13, , ,3,2,6.0,2018.0, ,6.0,Empleado_Informal,13.5,13.5,0.0,9,49,1
12079,433,11,1,2,5141,9602,2.0,8.0,7,1,1.0,2,46,1,5,13, , , ,2,1.0,2022.0, ,2.0,Empleado_Informal,10.0,10.0,0.0,5,96,1
12079,433,11,2,2,9612,3811,3.0,0.0, ,1,1.0,1,42,1,5,13, , , ,2,10.0,2021.0, ,3.0,Empleado_Informal,10.0,10.0,0.0,9,38,1
12079,439,11,1,2,3322,6110,3.0,9.0,7,1,1.0,1,31,1,10,13,1,2,3,2,7.0,2018.0,1,6.0,Empleado_Informal,16.0,16.0,0.0,3,61,1
12079,439,11,2,1,5131,9200,2.0,0.0,7,1,1.0,2,32,1,1,8, , ,0,,,,,,Empleado_Informal,0.0,14.0,-14.0,5,92,1
12131,439,11,1,2,5212,4759,3.0,0.0,7,1,1.0,1,24,1,6,13, , , ,1,7.0,2021.0, ,3.0,Empleado_Informal,11.0,11.0,0.0,5,47,1
12131,439,11,2,2,5230,5610,1.0,0.0,2,1,1.0,2,22,1,7,13, , ,3,2,7.0,2021.0, ,3.0,Empleado_Informal,12.5,12.5,0.0,5,56,1
12131,440,11,1,2,3314,8620,3.0,0.0,2,1,1.0,1,38,6,9,13, , ,3,2,8.0,2019.0, ,5.0,Empleado_Informal,13.5,13.5,0.0,3,86,1
12131,442,11,1,2,9612,3811,3.0,0.0, ,1,1.0,1,23,6,5,13, , , ,9,12.0,2017.0, ,7.0,Empleado_Informal,10.0,10.0,0.0,9,38,1
12445,474,11,1,2,8321,4922,2.0,0.0, ,1,1.0,1,46,2,10,13,1,1,3,2,5.0,2018.0, ,6.0,Empleado_Informal,16.0,16.0,0.0,8,49,1
12445,474,11,2,2,9111,9700,0.0,4.0,7,1,1.0,2,49,2,11,13,1,1,3,2,5.0,2018.0,1,6.0,Empleado_Informal,18.0,18.0,0.0,9,97,1
12445,474,11,3,2,9629,9000,0.0,4.0, ,1,1.0,2,15,6,3,5, , , ,2,5.0,2018.0,0,6.0,Empleado_Informal,4.5,8.5,-4.0,9,90,1
12445,475,11,1,2,9629,7500,0.0,11.0,7,1,1.0,1,20,6,7,13, , ,3,9,11.0,2020.0, ,4.0,Empleado_Informal,12.5,12.5,0.0,9,75,1
12445,476,11,1,2,5131,5610,1.0,6.0,7,1,1.0,2,31,5,7,13, , ,3,1,9.0,2022.0, ,2.0,Empleado_Informal,12.5,12.5,0.0,5,56,1
12498,482,11,1,2,5120,5610,6.0,0.0, ,1,1.0,2,45,1,5,13, , , ,2,6.0,2017.0, ,7.0,Empleado_Informal,10.0,10.0,0.0,5,56,1
12498,482,11,2,2,9313,4100,0.0,6.0,7,1,1.0,1,56,1,5,13, , , ,1,2.0,2017.0, ,7.0,Empleado_Informal,10.0,10.0,0.0,9,41,1
12498,482,11,3,2,,,0.0,0.0, ,2,,2,26,6,9,13, , ,3,2,1.0,2020.0, ,4.0,Desempleado,13.5,13.5,0.0,,,0
12498,483,11,1,2,7513,1071,0.0,1.0, ,1,1.0,2,22,5,5,13, , , ,1,10.0,2023.0,1,1.0,Empleado_Informal,10.0,10.0,0.0,7,10,1
12498,484,11,1,2,9411,5610,0.0,3.0, ,1,1.0,2,36,1,10,13,1,2,3,2,7.0,2018.0, ,6.0,Empleado_Informal,16.0,16.0,0.0,9,56,1
12498,484,11,2,1,5213,4789,20.0,0.0, ,1,1.0,1,42,1,8,13,2, ,3,,,,,,Empleado_Informal,14.0,14.0,0.0,5,47,1
12550,491,11,1,2,9112,8121,6.0,0.0, ,1,1.0,2,41,6,6,13, , , ,2,5.0,2018.0, ,6.0,Empleado_Informal,11.0,11.0,0.0,9,81,1
12550,493,11,1,2,5312,8510,3.0,0.0,7,1,1.0,2,27,1,6,13, , , ,2,6.0,2019.0, ,5.0,Empleado_Informal,11.0,11.0,0.0,5,85,1
12550,493,11,2,2,8322,4921,1.0,0.0,7,1,1.0,1,34,1,6,13, , , ,2,6.0,2019.0,1,5.0,Empleado_Informal,11.0,11.0,0.0,8,49,1
12603,493,11,1,2,9111,9700,0.0,6.0,7,1,1.0,2,56,5,5,13, , , ,2,8.0,2018.0, ,6.0,Empleado_Informal,10.0,10.0,0.0,9,97,1
12603,494,11,1,2,3221,8690,2.0,0.0, ,1,1.0,2,35,6,8,13,1,2,3,2,6.0,2019.0, ,5.0,Empleado_Informal,14.0,14.0,0.0,3,86,1
12603,498,11,1,2,7234,4663,6.0,8.0,2,1,2.0,1,36,2,6,13, , , ,2,2.0,2018.0, ,6.0,Empleado_Formal,11.0,11.0,0.0,7,46,1
12603,498,11,2,2,5212,4773,0.0,6.0,7,1,1.0,2,39,2,10,13,1,2,3,2,2.0,2018.0, ,6.0,Empleado_Informal,16.0,16.0,0.0,5,47,1
12655,498,11,2,2,9333,4721,3.0,10.0,7,1,1.0,1,48,1,5,13, , , ,2,7.0,2018.0, ,6.0,Empleado_Informal,10.0,10.0,0.0,9,47,1
12655,499,11,1,2,9412,5610,2.0,6.0,7,1,1.0,2,44,1,5,13, , , ,2,10.0,2021.0, ,3.0,Empleado_Informal,10.0,10.0,0.0,9,56,1
12655,499,11,2,2,8322,4921,2.0,0.0,7,1,1.0,1,54,1,6,13, , , ,2,3.0,2020.0, ,4.0,Empleado_Informal,11.0,11.0,0.0,8,49,1
12655,499,11,3,2,5212,4773,2.0,0.0,7,1,1.0,2,21,6,6,13, , , ,2,7.0,2022.0, ,2.0,Empleado_Informal,11.0,11.0,0.0,5,47,1
12655,502,11,1,2,9111,9700,1.0,0.0,7,1,1.0,2,43,3,11,13,1,2,3,2,5.0,2018.0,0,6.0,Empleado_Informal,18.0,18.0,0.0,9,97,1
12655,502,11,2,2,9621,5610,0.0,7.0,7,1,1.0,1,22,1,9,13, , ,3,6,9.0,2019.0,1,5.0,Empleado_Informal,13.5,13.5,0.0,9,56,1
12655,502,11,3,2,5131,5610,2.0,0.0,7,1,1.0,2,23,1,5,13, , , ,1,8.0,2022.0,0,2.0,Empleado_Informal,10.0,10.0,0.0,5,56,1
12707,504,11,1,2,5120,5610,1.0,11.0,7,1,1.0,1,24,1,9,13, , ,3,2,2.0,2020.0, ,4.0,Empleado_Informal,13.5,13.5,0.0,5,56,1
12707,504,11,4,2,3322,4530,3.0,0.0,7,1,1.0,2,50,4,10,13,1,2,3,3,4.0,2019.0, ,5.0,Empleado_Informal,16.0,16.0,0.0,3,45,1
12707,505,11,1,2,5213,4789,2.0,10.0, ,1,2.0,2,44,3,8,13,1,2,3,2,5.0,2018.0,1,6.0,Empleado_Formal,14.0,14.0,0.0,5,47,1
12707,505,11,2,2,9621,5610,0.0,8.0,7,1,1.0,1,22,6,6,13, , , ,2,8.0,2019.0, ,5.0,Empleado_Informal,11.0,11.0,0.0,9,56,1
12707,507,11,1,2,2221,8620,3.0,0.0,7,1,1.0,2,36,5,10,13,1,2,3,2,8.0,2018.0, ,6.0,Empleado_Informal,16.0,16.0,0.0,2,86,1
12760,510,11,1,2,5245,1071,3.0,2.0,7,1,1.0,2,42,5,10,13,1,2,3,2,5.0,2018.0, ,6.0,Empleado_Informal,16.0,16.0,0.0,5,10,1
12760,511,11,1,2,5212,4721,2.0,6.0,7,1,1.0,1,50,2,6,13, , , ,2,2.0,2018.0, ,6.0,Empleado_Informal,11.0,11.0,0.0,5,47,1
12760,511,11,3,2,5212,4721,3.0,2.0,7,1,1.0,2,25,6,6,13, , , ,2,1.0,2020.0, ,4.0,Empleado_Informal,11.0,11.0,0.0,5,47,1
12760,512,11,1,2,7128,4330,1.0,6.0, ,1,1.0,1,56,2,8,13,1,2,3,2,2.0,2021.0,0,3.0,Empleado_Informal,14.0,14.0,0.0,7,43,1
12760,512,11,2,2,9112,8549,0.0,7.0,7,1,1.0,2,38,2,10,13,1,2,3,1,4.0,2022.0, ,2.0,Empleado_Informal,16.0,16.0,0.0,9,85,1
12760,512,11,3,2,9621,4923,1.0,0.0, ,1,2.0,1,21,6,6,13, , , ,1,4.0,2022.0, ,2.0,Empleado_Formal,11.0,11.0,0.0,9,49,1
12812,516,11,1,2,5212,4772,3.0,6.0,7,1,1.0,1,29,1,6,13, , , ,2,3.0,2019.0, ,5.0,Empleado_Informal,11.0,11.0,0.0,5,47,1
12812,516,11,2,2,5212,4772,3.0,4.0,7,1,1.0,2,26,1,6,13, , , ,2,3.0,2019.0, ,5.0,Empleado_Informal,11.0,11.0,0.0,5,47,1
12812,517,11,1,2,9511,4799,0.0,7.0, ,1,1.0,1,32,1,5,13, , , ,2,6.0,2019.0, ,5.0,Empleado_Informal,10.0,10.0,0.0,9,47,1
12812,517,11,2,2,9112,8121,0.0,7.0, ,1,1.0,2,32,1,5,13, , , ,2,6.0,2019.0, ,5.0,Empleado_Informal,10.0,10.0,0.0,9,81,1
12812,518,11,1,2,5120,5610,2.0,0.0,2,1,2.0,1,27,1,9,13, , ,3,2,2.0,2020.0, ,4.0,Empleado_Formal,13.5,13.5,0.0,5,56,1
12812,518,11,2,2,5230,5610,3.0,0.0,2,1,2.0,2,26,1,9,13, , ,3,2,2.0,2020.0, ,4.0,Empleado_Formal,13.5,13.5,0.0,5,56,1
12864,549,11,1,2,8322,4922,0.0,5.0, ,1,1.0,1,26,1,5,13, , , ,2,7.0,2018.0, ,6.0,Empleado_Informal,10.0,10.0,0.0,8,49,1
12864,549,11,2,1,2634,8620,0.0,1.0, ,1,1.0,2,30,1,1,10, , ,0,,,,,,Empleado_Informal,0.0,16.0,-16.0,2,86,1
12864,550,11,1,2,9629,2511,3.0,0.0,7,1,1.0,2,39,1,6,13, , , ,2,9.0,2018.0, ,6.0,Empleado_Informal,11.0,11.0,0.0,9,25,1
12864,550,11,2,2,9334,4921,5.0,0.0,7,1,1.0,1,25,1,5,13, , , ,2,8.0,2018.0, ,6.0,Empleado_Informal,10.0,10.0,0.0,9,49,1
12864,555,11,1,2,5142,9602,0.0,3.0,7,1,1.0,2,27,6,7,13, , ,3,2,7.0,2018.0,0,6.0,Empleado_Informal,12.5,12.5,0.0,5,96,1
12917,557,11,1,2,5245,1071,1.0,6.0,7,1,1.0,1,53,2,5,13, , , ,2,10.0,2018.0, ,6.0,Empleado_Informal,10.0,10.0,0.0,5,10,1
12917,557,11,2,2,5245,1071,1.0,0.0,7,1,1.0,2,49,2,6,13, , , ,2,7.0,2021.0, ,3.0,Empleado_Informal,11.0,11.0,0.0,5,10,1
12917,558,11,1,2,9122,4520,3.0,0.0,7,1,1.0,2,28,6,8,13,1,2,3,2,10.0,2018.0,0,6.0,Empleado_Informal,14.0,14.0,0.0,9,45,1
12917,560,11,1,2,9122,4520,3.0,0.0,7,1,1.0,1,32,1,5,13, , , ,2,11.0,2020.0, ,4.0,Empleado_Informal,10.0,10.0,0.0,9,45,1
12969,534,11,1,2,8331,4921,6.0,0.0,7,1,1.0,1,30,1,6,13, , , ,9,7.0,2016.0,1,8.0,Empleado_Informal,11.0,11.0,0.0,8,49,1
12969,534,11,2,1,9412,5610,1.0,9.0,7,1,1.0,2,26,1,1,6, , ,1,,,,,,Empleado_Informal,0.0,11.0,-11.0,9,56,1
12969,535,11,1,2,4222,6619,2.0,0.0,2,1,2.0,2,37,6,10,13,1,2,3,7,3.0,2018.0, ,6.0,Empleado_Formal,16.0,16.0,0.0,4,66,1
12969,536,11,1,2,2330,8521,4.0,0.0,2,1,2.0,1,46,1,11,13,1,1,3,2,6.0,2018.0, ,6.0,Empleado_Formal,18.0,18.0,0.0,2,85,1
12969,536,11,2,2,7351,1512,0.0,4.0, ,1,1.0,2,46,1,9,13, , ,3,3,12.0,2018.0, ,6.0,Empleado_Informal,13.5,13.5,0.0,7,15,1
12969,536,11,3,2,9629,9000,0.0,1.0, ,1,1.0,2,20,6,5,6, , ,1,2,12.0,2018.0, ,6.0,Empleado_Informal,10.0,11.0,-1.0,9,90,1
13021,542,11,1,2,9111,9700,2.0,8.0,7,1,1.0,2,39,6,5,13, , , ,1,6.0,2019.0,0,5.0,Empleado_Informal,10.0,10.0,0.0,9,97,1
13021,542,11,2,2,9111,9700,1.0,0.0,7,1,1.0,1,18,6,4,5, , , ,1,6.0,2019.0, ,5.0,Empleado_Informal,9.0,8.5,0.5,9,97,1
13021,543,11,1,2,5212,4771,3.0,0.0,7,1,1.0,2,40,6,5,13, , , ,1,8.0,2021.0, ,3.0,Empleado_Informal,10.0,10.0,0.0,5,47,1
13074,548,11,1,2,5212,4530,0.0,3.0,7,1,1.0,1,31,6,10,13,1,2,3,7,6.0,2018.0, ,6.0,Empleado_Informal,16.0,16.0,0.0,5,45,1
13074,549,11,1,2,5245,1071,1.0,7.0,7,1,1.0,2,24,6,6,13, , , ,9,11.0,2022.0, ,2.0,Empleado_Informal,11.0,11.0,0.0,5,10,1
13074,550,11,1,2,7123,4330,1.0,10.0,7,1,1.0,1,57,2,6,13, , , ,1,8.0,2023.0, ,1.0,Empleado_Informal,11.0,11.0,0.0,7,43,1
13074,550,11,4,2,5212,4772,1.0,1.0,7,1,1.0,2,27,6,5,13, , , ,2,6.0,2023.0, ,1.0,Empleado_Informal,10.0,10.0,0.0,5,47,1
13126,552,11,1,2,,,0.0,0.0, ,2,,1,32,1,5,13, , , ,2,4.0,2019.0, ,5.0,Desempleado,10.0,10.0,0.0,,,0
13126,552,11,2,2,7513,1071,2.0,6.0, ,1,1.0,2,27,1,6,13, , , ,2,7.0,2019.0, ,5.0,Empleado_Informal,11.0,11.0,0.0,7,10,1
13126,555,11,1,2,5142,9602,0.0,10.0, ,1,1.0,2,42,6,6,13, , , ,2,9.0,2018.0, ,6.0,Empleado_Informal,11.0,11.0,0.0,5,96,1
13126,561,11,1,2,7221,2511,5.0,2.0, ,1,2.0,1,29,1,9,13, , ,3,2,12.0,2018.0, ,6.0,Empleado_Formal,13.5,13.5,0.0,7,25,1
13179,558,11,1,2,,,0.0,0.0, ,2,,1,37,1,5,13, , , ,1,2.0,2022.0, ,2.0,Desempleado,10.0,10.0,0.0,,,0
13179,558,11,2,2,5131,5610,1.0,6.0,7,1,1.0,2,31,1,5,13, , , ,9,3.0,2021.0, ,3.0,Empleado_Informal,10.0,10.0,0.0,5,56,1
13179,558,11,3,2,5131,5610,0.0,6.0,7,1,1.0,2,17,6,5,5, , , ,9,7.0,2021.0, ,3.0,Empleado_Informal,10.0,8.5,1.5,5,56,1
13179,558,11,4,2,9122,4520,1.0,0.0,7,1,1.0,1,20,6,5,13, , , ,9,4.0,2021.0, ,3.0,Empleado_Informal,10.0,10.0,0.0,9,45,1
13179,560,11,1,2,5131,5610,0.0,3.0,7,1,1.0,2,27,6,5,13, , , ,9,2.0,2024.0, ,0.0,Empleado_Informal,10.0,10.0,0.0,5,56,1
13179,562,11,1,2,9112,8121,0.0,6.0, ,1,1.0,2,28,6,5,13, , , ,3,9.0,2018.0, ,6.0,Empleado_Informal,10.0,10.0,0.0,9,81,1
13179,562,11,4,2,5131,5610,0.0,9.0,7,1,1.0,2,24,6,5,13, , , ,9,12.0,2023.0,0,1.0,Empleado_Informal,10.0,10.0,0.0,5,56,1
13231,564,11,1,2,,,0.0,0.0, ,2,,2,37,1,6,13, , , ,1,12.0,2018.0,0,6.0,Desempleado,11.0,11.0,0.0,,,0
13231,564,11,2,2,7128,4330,2.0,6.0,7,1,1.0,1,26,1,5,13, , , ,2,12.0,2021.0, ,3.0,Empleado_Informal,10.0,10.0,0.0,7,43,1
13231,564,11,3,2,,,0.0,0.0, ,3,,2,16,6,5,5, , , ,9,12.0,2018.0, ,6.0,Desempleado,10.0,8.5,1.5,,,0
13231,569,11,1,2,9621,1104,0.0,2.0,7,1,1.0,1,31,1,7,13, , ,3,2,8.0,2018.0, ,6.0,Empleado_Informal,12.5,12.5,0.0,9,11,1
13231,570,11,1,2,5141,9602,2.0,0.0,7,1,1.0,2,36,6,6,13, , , ,2,9.0,2021.0, ,3.0,Empleado_Informal,11.0,11.0,0.0,5,96,1
13283,575,11,1,2,5414,8010,3.0,0.0,2,1,2.0,1,39,1,7,13, , ,3,2,10.0,2020.0,1,4.0,Empleado_Formal,12.5,12.5,0.0,5,80,1
13283,575,11,2,2,5120,5610,3.0,0.0, ,1,1.0,2,40,1,10,13,1,2,3,2,10.0,2020.0,0,4.0,Empleado_Informal,16.0,16.0,0.0,5,56,1
13283,576,11,1,2,5211,4630,2.0,0.0,7,1,1.0,2,30,6,6,13, , , ,6,4.0,2022.0, ,2.0,Empleado_Informal,11.0,11.0,0.0,5,46,1
13283,577,11,2,2,3322,4741,1.0,0.0,2,1,1.0,1,33,1,8,13,2, ,3,2,2.0,2017.0, ,7.0,Empleado_Informal,14.0,14.0,0.0,3,47,1
13336,578,11,1,2,9621,4923,2.0,0.0, ,1,1.0,1,35,2,8,13,2, ,3,2,4.0,2017.0, ,7.0,Empleado_Informal,14.0,14.0,0.0,9,49,1
13336,578,11,2,2,7513,1071,1.0,0.0,7,1,1.0,2,35,2,6,13, , , ,2,5.0,2017.0, ,7.0,Empleado_Informal,11.0,11.0,0.0,7,10,1
13336,579,11,1,2,5120,5610,0.0,2.0,7,1,1.0,1,23,1,6,13, , , ,2,5.0,2022.0,0,2.0,Empleado_Informal,11.0,11.0,0.0,5,56,1
13336,579,11,2,2,5131,5610,0.0,1.0,7,1,1.0,2,25,1,6,13, , , ,1,1.0,2023.0, ,1.0,Empleado_Informal,11.0,11.0,0.0,5,56,1
13336,581,11,1,2,8322,4922,3.0,0.0, ,1,1.0,1,39,1,8,13,2, ,3,2,2.0,2018.0, ,6.0,Empleado_Informal,14.0,14.0,0.0,8,49,1
13388,583,11,1,2,4224,8620,6.0,4.0,7,1,1.0,1,54,6,5,13, , , ,2,5.0,2018.0, ,6.0,Empleado_Informal,10.0,10.0,0.0,4,86,1
13388,583,11,2,2,9629,8620,4.0,0.0,7,1,1.0,1,31,6,4,13, , , ,2,9.0,2020.0, ,4.0,Empleado_Informal,9.0,9.0,0.0,9,86,1
13388,583,11,4,2,9112,5510,2.0,0.0,7,1,1.0,1,52,6,3,13, , , ,2,9.0,2022.0, ,2.0,Empleado_Informal,4.5,4.5,0.0,9,55,1
13388,584,11,2,2,3113,6110,2.0,9.0,7,1,1.0,1,40,1,10,13,1,2,3,2,9.0,2019.0,1,5.0,Empleado_Informal,16.0,16.0,0.0,3,61,1
13388,584,11,5,2,9122,4921,1.0,6.0,7,1,1.0,1,24,6,6,13, , , ,2,10.0,2022.0, ,2.0,Empleado_Informal,11.0,11.0,0.0,9,49,1
13388,587,11,1,2,9333,4923,0.0,4.0,2,1,2.0,1,33,1,5,13, , , ,2,1.0,2022.0, ,2.0,Empleado_Formal,10.0,10.0,0.0,9,49,1
13388,587,11,2,2,,,0.0,0.0, ,2,,2,28,1,5,13, , , ,1,12.0,2022.0,1,2.0,Desempleado,10.0,10.0,0.0,,,0
13440,590,11,1,2,8322,4922,2.0,6.0, ,1,1.0,1,28,6,9,13, , ,3,2,6.0,2018.0, ,6.0,Empleado_Informal,13.5,13.5,0.0,8,49,1
13440,591,11,1,2,8322,4922,0.0,1.0, ,1,1.0,1,40,6,10,13,1,2,3,1,9.0,2022.0, ,2.0,Empleado_Informal,16.0,16.0,0.0,8,49,1
13440,592,11,1,2,3322,6110,0.0,7.0,2,1,1.0,2,48,4,8,13,1,2,3,2,2.0,2018.0,1,6.0,Empleado_Informal,14.0,14.0,0.0,3,61,1
13493,599,11,1,2,7127,4322,0.0,8.0,7,1,1.0,1,33,2,9,13, , ,3,2,1.0,2018.0, ,6.0,Empleado_Informal,13.5,13.5,0.0,7,43,1
13493,600,11,1,2,7127,4322,1.0,0.0,7,1,1.0,1,29,1,6,13, , , ,2,1.0,2018.0, ,6.0,Empleado_Informal,11.0,11.0,0.0,7,43,1
13493,600,11,2,2,5131,5610,0.0,3.0,7,1,1.0,2,31,1,6,13, , , ,2,1.0,2018.0, ,6.0,Empleado_Informal,11.0,11.0,0.0,5,56,1
13493,605,11,1,2,8322,4923,6.0,0.0,7,1,1.0,1,50,1,6,13, , , ,2,4.0,2018.0,1,6.0,Empleado_Informal,11.0,11.0,0.0,8,49,1
13493,605,11,2,2,5212,4752,5.0,0.0,7,1,1.0,2,43,1,6,13, , , ,2,10.0,2018.0, ,6.0,Empleado_Informal,11.0,11.0,0.0,5,47,1
13493,605,11,3,2,9333,4630,5.0,0.0,7,1,1.0,1,22,6,5,13, , , ,2,5.0,2018.0, ,6.0,Empleado_Informal,10.0,10.0,0.0,9,46,1
13545,605,11,1,2,5120,5610,4.0,1.0,7,1,1.0,2,29,1,6,13, , , ,2,2.0,2020.0,1,4.0,Empleado_Informal,11.0,11.0,0.0,5,56,1
13545,605,11,2,2,7513,1071,0.0,5.0,7,1,1.0,1,33,1,9,13, , ,3,6,7.0,2023.0, ,1.0,Empleado_Informal,13.5,13.5,0.0,7,10,1
13545,605,11,5,2,,,0.0,0.0, ,2,,1,63,5,4,13, , , ,9,7.0,2021.0, ,3.0,Desempleado,9.0,9.0,0.0,,,0
13545,606,11,1,2,5212,4759,0.0,6.0, ,1,1.0,2,42,5,10,13,2, ,3,2,9.0,2018.0, ,6.0,Empleado_Informal,16.0,16.0,0.0,5,47,1
13545,610,11,1,2,3322,8549,0.0,8.0,2,1,1.0,2,49,1,10,13,1,2,3,2,12.0,2021.0, ,3.0,Empleado_Informal,16.0,16.0,0.0,3,85,1
13545,610,11,2,2,8322,4922,3.0,0.0, ,1,1.0,1,49,1,4,13, , , ,2,12.0,2021.0, ,3.0,Empleado_Informal,9.0,9.0,0.0,8,49,1
13545,610,11,3,2,5230,9200,0.0,3.0,7,1,1.0,2,33,6,8,13,1,2,3,2,10.0,2018.0, ,6.0,Empleado_Informal,14.0,14.0,0.0,5,92,1
13545,610,11,5,2,5213,4782,4.0,0.0,7,1,1.0,2,22,1,5,13, , , ,2,1.0,2020.0, ,4.0,Empleado_Informal,10.0,10.0,0.0,5,47,1
13597,616,11,1,2,2311,8530,6.0,7.0,1,1,2.0,1,66,1,11,13,1,1,3,2,2.0,2018.0, ,6.0,Empleado_Formal,18.0,18.0,0.0,2,85,1
13597,618,11,1,2,5245,1071,0.0,5.0,7,1,1.0,2,35,1,5,13, , , ,6,1.0,2023.0, ,1.0,Empleado_Informal,10.0,10.0,0.0,5,10,1
13597,618,11,2,2,7212,4520,1.0,0.0,7,1,1.0,1,38,1,6,13, , , ,9,1.0,2023.0, ,1.0,Empleado_Informal,11.0,11.0,0.0,7,45,1
13597,618,11,3,2,9535,4799,1.0,1.0,7,1,1.0,2,17,6,5,13, , , ,1,1.0,2023.0, ,1.0,Empleado_Informal,10.0,10.0,0.0,9,47,1
13597,620,11,1,2,,,0.0,0.0, ,2,,2,53,4,6,13, , , ,2,5.0,2018.0,1,6.0,Desempleado,11.0,11.0,0.0,,,0
13597,620,11,2,2,9621,4923,5.0,0.0, ,1,1.0,1,37,6,6,13, , , ,2,9.0,2019.0, ,5.0,Empleado_Informal,11.0,11.0,0.0,9,49,1
13597,620,11,3,2,9621,4923,6.0,0.0, ,1,1.0,1,33,6,6,13, , , ,2,8.0,2015.0, ,9.0,Empleado_Informal,11.0,11.0,0.0,9,49,1
13650,624,11,1,2,7422,6110,0.0,2.0,2,1,1.0,1,49,2,6,13, , , ,2,5.0,2020.0, ,4.0,Empleado_Informal,11.0,11.0,0.0,7,61,1
13650,624,11,2,2,,,0.0,0.0, ,2,,2,49,2,6,13, , , ,2,12.0,2020.0, ,4.0,Desempleado,11.0,11.0,0.0,,,0
13650,625,11,1,2,4132,6201,5.0,3.0,2,1,2.0,2,37,1,8,13,1,2,3,2,3.0,2019.0, ,5.0,Empleado_Formal,14.0,14.0,0.0,4,62,1
13650,625,11,2,2,9629,9609,6.0,3.0, ,1,1.0,1,32,1,9,13, , ,3,2,10.0,2018.0, ,6.0,Empleado_Informal,13.5,13.5,0.0,9,96,1
13702,633,11,1,2,5141,9602,6.0,0.0,7,1,1.0,1,33,1,8,13,1,2,3,2,5.0,2018.0, ,6.0,Empleado_Informal,14.0,14.0,0.0,5,96,1
13702,639,11,1,2,8321,4922,6.0,0.0, ,1,2.0,1,38,1,6,13, , , ,2,1.0,2018.0,1,6.0,Empleado_Formal,11.0,11.0,0.0,8,49,1
13702,639,11,2,2,2341,8510,5.0,0.0,7,1,1.0,2,40,1,10,13,1,2,3,2,3.0,2018.0,0,6.0,Empleado_Informal,16.0,16.0,0.0,2,85,1
13755,635,11,1,2,5212,4771,5.0,0.0,7,1,1.0,2,29,6,7,13, , ,3,2,6.0,2019.0,1,5.0,Empleado_Informal,12.5,12.5,0.0,5,47,1
13755,636,11,1,2,8332,3811,4.0,0.0,7,1,1.0,1,21,1,5,13, , , ,2,6.0,2018.0, ,6.0,Empleado_Informal,10.0,10.0,0.0,8,38,1
13755,636,11,2,2,5212,4741,0.0,7.0,7,1,1.0,2,20,1,6,13, , , ,1,3.0,2023.0, ,1.0,Empleado_Informal,11.0,11.0,0.0,5,47,1
13755,637,12,1,2,7322,3100,5.0,0.0,7,1,1.0,1,41,1,6,13, , , ,2,3.0,2019.0, ,5.0,Empleado_Informal,11.0,11.0,0.0,7,31,1
13755,637,22,1,2,,,0.0,0.0, ,2,,2,21,1,6,13, , , ,9,5.0,2024.0, ,0.0,Desempleado,11.0,11.0,0.0,,,0
13755,637,22,2,2,7519,1080,0.0,6.0,7,1,1.0,1,25,1,6,13, , , ,9,5.0,2024.0, ,0.0,Empleado_Informal,11.0,11.0,0.0,7,10,1
13807,635,11,1,2,7322,3100,3.0,4.0,2,1,2.0,1,33,2,6,6, , ,1,2,2.0,2018.0, ,6.0,Empleado_Formal,11.0,11.0,0.0,7,31,1
13807,635,11,2,2,9111,9700,2.0,6.0,7,1,1.0,2,34,2,8,13,1,2,3,2,7.0,2018.0, ,6.0,Empleado_Informal,14.0,14.0,0.0,9,97,1
13807,636,11,2,1,7111,4100,8.0,6.0, ,1,1.0,1,42,2,1,6, , ,1,,,,,,Empleado_Informal,0.0,11.0,-11.0,7,41,1
13807,637,11,1,2,9412,5610,1.0,3.0,7,1,1.0,1,45,6,6,13, , , ,9,6.0,2023.0, ,1.0,Empleado_Informal,11.0,11.0,0.0,9,56,1
13859,649,11,1,2,9629,5229,2.0,0.0,2,1,2.0,1,32,1,9,13, , ,3,2,7.0,2018.0,0,6.0,Empleado_Formal,13.5,13.5,0.0,9,52,1
13859,649,11,2,1,9629,5229,6.0,0.0,2,1,2.0,1,30,1,1,10, , ,0,,,,,,Empleado_Formal,0.0,16.0,-16.0,9,52,1
13859,650,11,1,2,9541,4799,1.0,8.0, ,1,1.0,1,32,1,9,13, , ,3,2,2.0,2023.0, ,1.0,Empleado_Informal,13.5,13.5,0.0,9,47,1
13859,651,11,1,2,9621,4630,3.0,9.0,2,1,1.0,1,37,1,6,13, , , ,2,1.0,2019.0,0,5.0,Empleado_Informal,11.0,11.0,0.0,9,46,1
13859,651,11,2,2,9629,4630,0.0,1.0,2,1,1.0,2,27,1,6,13, , , ,2,1.0,2019.0,0,5.0,Empleado_Informal,11.0,11.0,0.0,9,46,1
13912,651,11,1,2,8322,4922,8.0,2.0, ,1,1.0,1,54,1,5,13, , , ,2,2.0,2019.0, ,5.0,Empleado_Informal,10.0,10.0,0.0,8,49,1
13912,651,11,2,2,9411,5610,2.0,6.0, ,1,1.0,2,36,1,10,13,1,2,3,2,2.0,2016.0,0,8.0,Empleado_Informal,16.0,16.0,0.0,9,56,1
13912,651,11,3,2,8321,4922,2.0,6.0, ,1,1.0,1,17,6,5,5, , , ,2,2.0,2019.0, ,5.0,Empleado_Informal,10.0,8.5,1.5,8,49,1
13912,651,11,4,2,7422,4321,0.0,1.0,7,1,1.0,1,27,6,6,13, , , ,2,2.0,2019.0, ,5.0,Empleado_Informal,11.0,11.0,0.0,7,43,1
13912,652,11,1,2,7356,1313,0.0,3.0,7,1,1.0,2,22,1,6,13, , , ,9,10.0,2020.0, ,4.0,Empleado_Informal,11.0,11.0,0.0,7,13,1
13912,652,11,2,2,8321,4922,6.0,3.0, ,1,1.0,1,26,1,6,13, , , ,9,2.0,2019.0,0,5.0,Empleado_Informal,11.0,11.0,0.0,8,49,1
13912,653,11,1,2,9411,5610,1.0,1.0, ,1,1.0,2,41,1,5,13, , , ,2,10.0,2018.0,0,6.0,Empleado_Informal,10.0,10.0,0.0,9,56,1
13912,653,11,2,2,8321,4922,4.0,2.0, ,1,1.0,1,43,1,6,13, , , ,4,7.0,2018.0, ,6.0,Empleado_Informal,11.0,11.0,0.0,8,49,1
13912,653,11,4,2,9412,5610,0.0,2.0,7,1,1.0,2,19,1,6,6, , ,1,4,10.0,2018.0, ,6.0,Empleado_Informal,11.0,11.0,0.0,9,56,1
13912,653,11,5,1,3113,4321,0.0,1.0,7,1,1.0,1,29,1,8,13,1,2,3,,,,,,Empleado_Informal,14.0,14.0,0.0,3,43,1
13964,658,11,1,2,9622,8530,1.0,6.0,5,1,1.0,1,44,2,10,13,1,2,3,2,2.0,2018.0, ,6.0,Empleado_Informal,16.0,16.0,0.0,9,85,1
13964,658,11,2,2,9112,8530,0.0,10.0,5,1,1.0,2,42,2,9,13, , ,3,2,10.0,2018.0,0,6.0,Empleado_Informal,13.5,13.5,0.0,9,85,1
13964,663,11,2,2,9622,8010,0.0,8.0,7,1,1.0,1,30,6,6,13, , , ,4,12.0,2018.0, ,6.0,Empleado_Informal,11.0,11.0,0.0,9,80,1
13964,675,11,1,2,8322,4922,2.0,7.0, ,1,1.0,1,26,1,8,13,1,2,3,2,11.0,2017.0,0,7.0,Empleado_Informal,14.0,14.0,0.0,8,49,1
13964,675,11,2,2,3212,8690,1.0,5.0,2,1,2.0,2,29,1,10,13,1,1,3,2,5.0,2019.0, ,5.0,Empleado_Formal,16.0,16.0,0.0,3,86,1
14226,687,11,1,2,5212,4752,4.0,0.0,2,1,1.0,1,36,6,6,13, , , ,1,12.0,2018.0,1,6.0,Empleado_Informal,11.0,11.0,0.0,5,47,1
14226,689,11,1,2,5212,4752,4.0,6.0,2,1,1.0,2,29,6,7,13, , ,3,1,3.0,2018.0, ,6.0,Empleado_Informal,12.5,12.5,0.0,5,47,1
14226,690,11,1,2,5212,4741,1.0,0.0,7,1,1.0,2,21,6,8,13,2, ,3,1,12.0,2020.0,1,4.0,Empleado_Informal,14.0,14.0,0.0,5,47,1
14278,696,11,1,2,5131,5610,0.0,6.0,7,1,1.0,2,21,1,10,13,1,2,3,1,6.0,2023.0, ,1.0,Empleado_Informal,16.0,16.0,0.0,5,56,1
14278,696,11,2,2,5213,4781,1.0,0.0,7,1,1.0,1,25,1,6,13, , , ,1,6.0,2023.0,0,1.0,Empleado_Informal,11.0,11.0,0.0,5,47,1
14278,698,11,1,2,9412,5610,0.0,6.0,7,1,1.0,2,20,6,6,13, , , ,1,2.0,2023.0, ,1.0,Empleado_Informal,11.0,11.0,0.0,9,56,1
14278,699,11,1,2,5212,4771,0.0,3.0,3,1,1.0,2,28,6,6,13, , , ,1,9.0,2021.0, ,3.0,Empleado_Informal,11.0,11.0,0.0,5,47,1
14435,711,11,1,4,2211,8610,0.0,1.0,7,1,1.0,1,45,2,10,13,1,1,3,2,4.0,2023.0, ,1.0,Empleado_Informal,16.0,16.0,0.0,2,86,1
14435,711,11,2,2,5141,9602,0.0,11.0,7,1,1.0,2,41,2,6,13, , , ,2,4.0,2023.0,1,1.0,Empleado_Informal,11.0,11.0,0.0,5,96,1
14435,716,11,1,2,5120,5610,4.0,0.0, ,1,1.0,2,40,1,6,13, , , ,2,11.0,2018.0, ,6.0,Empleado_Informal,11.0,11.0,0.0,5,56,1
14435,716,11,2,1,8322,4922,15.0,0.0, ,1,1.0,1,51,1,1,5, , , ,,,,,,Empleado_Informal,0.0,8.5,-8.5,8,49,1
14435,716,11,4,2,9621,4923,0.0,1.0, ,1,1.0,2,19,6,5,13, , , ,2,11.0,2018.0, ,6.0,Empleado_Informal,10.0,10.0,0.0,9,49,1
14435,719,11,1,2,5212,4721,6.0,0.0,7,1,1.0,1,31,1,6,13, , , ,2,12.0,2016.0, ,8.0,Empleado_Informal,11.0,11.0,0.0,5,47,1
14435,719,11,2,2,5120,5610,1.0,0.0,7,1,1.0,2,47,1,4,13, , , ,2,2.0,2017.0,0,7.0,Empleado_Informal,9.0,9.0,0.0,5,56,1
14488,721,11,1,2,9512,4799,0.0,6.0,7,1,1.0,1,33,6,5,13, , , ,2,8.0,2023.0, ,1.0,Empleado_Informal,10.0,10.0,0.0,9,47,1
14488,723,11,1,2,7352,1410,4.0,0.0, ,1,1.0,2,55,1,4,13, , , ,2,9.0,2015.0, ,9.0,Empleado_Informal,9.0,9.0,0.0,7,14,1
14488,723,11,2,1,7233,3315,6.0,0.0,7,1,1.0,1,60,1,1,8, , ,0,,,,,,Empleado_Informal,0.0,14.0,-14.0,7,33,1
14488,724,11,1,2,9122,4520,0.0,11.0,7,1,1.0,1,41,6,8,13,1,2,3,1,7.0,2020.0,0,4.0,Empleado_Informal,14.0,14.0,0.0,9,45,1
14540,723,11,1,2,9111,9700,4.0,0.0,7,1,1.0,2,49,6,9,13, , ,3,2,5.0,2019.0, ,5.0,Empleado_Informal,13.5,13.5,0.0,9,97,1
14540,723,11,2,2,4321,9511,0.0,3.0,7,1,1.0,1,33,6,10,13,1,2,3,2,3.0,2024.0, ,0.0,Empleado_Informal,16.0,16.0,0.0,4,95,1
14540,723,11,3,2,5212,4741,4.0,0.0,7,1,1.0,2,30,6,6,13, , , ,2,9.0,2018.0, ,6.0,Empleado_Informal,11.0,11.0,0.0,5,47,1
14540,723,11,5,2,9621,4923,2.0,0.0, ,1,1.0,1,23,6,6,13, , , ,2,8.0,2021.0, ,3.0,Empleado_Informal,11.0,11.0,0.0,9,49,1
14540,724,11,1,2,9122,4520,2.0,3.0,7,1,1.0,1,30,2,6,13, , , ,2,7.0,2018.0, ,6.0,Empleado_Informal,11.0,11.0,0.0,9,45,1
14540,724,11,2,1,5212,4771,1.0,3.0,7,1,1.0,2,25,2,1,6, , ,1,,,,,,Empleado_Informal,0.0,11.0,-11.0,5,47,1
14540,726,11,1,2,7128,4330,8.0,0.0, ,1,1.0,1,48,6,7,13, , ,3,2,9.0,2015.0, ,9.0,Empleado_Informal,12.5,12.5,0.0,7,43,1
14592,729,11,1,2,4214,8010,1.0,8.0,2,1,2.0,1,25,1,10,13,1,2,3,2,2.0,2019.0, ,5.0,Empleado_Formal,16.0,16.0,0.0,4,80,1
14592,729,11,2,2,4214,8010,3.0,0.0,2,1,2.0,2,30,1,10,13,1,2,3,2,7.0,2018.0, ,6.0,Empleado_Formal,16.0,16.0,0.0,4,80,1
14592,730,11,1,1,3113,1040,3.0,0.0,2,1,2.0,1,50,1,1,8, , ,0,,,,,,Empleado_Formal,0.0,14.0,-14.0,3,10,1
14592,738,11,1,1,9536,4799,3.0,0.0, ,1,1.0,1,50,1,1,6, , ,1,,,,,,Empleado_Informal,0.0,11.0,-11.0,9,47,1
14592,738,11,2,2,9536,4799,5.0,0.0, ,1,1.0,2,32,1,6,13, , , ,2,10.0,2018.0, ,6.0,Empleado_Informal,11.0,11.0,0.0,9,47,1
14645,739,11,1,2,,,0.0,0.0, ,2,,2,36,6,5,13, , , ,4,10.0,2021.0, ,3.0,Desempleado,10.0,10.0,0.0,,,0
14645,739,11,5,1,9112,8129,2.0,11.0,1,1,2.0,2,61,6,1,6, , ,1,,,,,,Empleado_Formal,0.0,11.0,-11.0,9,81,1
14645,740,11,1,2,5212,4741,1.0,2.0,7,1,1.0,2,29,1,6,13, , , ,2,8.0,2019.0, ,5.0,Empleado_Informal,11.0,11.0,0.0,5,47,1
14645,740,11,2,2,9535,4799,2.0,6.0, ,1,1.0,1,43,1,6,13, , , ,2,5.0,2018.0, ,6.0,Empleado_Informal,11.0,11.0,0.0,9,47,1
14645,740,11,3,2,,,0.0,0.0, ,2,,2,18,6,5,6, , ,1,2,10.0,2023.0, ,1.0,Desempleado,10.0,11.0,-1.0,,,0
14645,756,11,1,2,7513,1073,0.0,6.0,2,1,2.0,1,36,6,10,13,1,2,3,2,3.0,2018.0, ,6.0,Empleado_Formal,16.0,16.0,0.0,7,10,1
14697,741,11,1,2,5120,5610,2.0,10.0,7,1,1.0,1,24,6,6,13, , , ,2,7.0,2021.0, ,3.0,Empleado_Informal,11.0,11.0,0.0,5,56,1
14697,742,11,1,2,9412,5610,2.0,10.0,7,1,1.0,1,20,6,6,13, , , ,3,2.0,2021.0, ,3.0,Empleado_Informal,11.0,11.0,0.0,9,56,1
14697,745,11,1,2,5414,8010,8.0,6.0,1,1,2.0,1,42,1,6,13, , , ,2,1.0,2018.0, ,6.0,Empleado_Formal,11.0,11.0,0.0,5,80,1
14750,747,11,1,2,8321,4922,3.0,0.0, ,1,1.0,1,43,1,6,13, , , ,2,5.0,2020.0, ,4.0,Empleado_Informal,11.0,11.0,0.0,8,49,1
14750,748,11,1,2,9621,4923,1.0,0.0, ,1,1.0,1,30,1,6,13, , , ,1,8.0,2022.0, ,2.0,Empleado_Informal,11.0,11.0,0.0,9,49,1
14750,749,11,1,2,8322,4922,4.0,0.0, ,1,1.0,1,32,1,5,13, , , ,2,6.0,2019.0, ,5.0,Empleado_Informal,10.0,10.0,0.0,8,49,1
14802,753,11,1,2,5230,5610,2.0,0.0,7,1,1.0,1,50,1,6,13, , , ,2,5.0,2018.0, ,6.0,Empleado_Informal,11.0,11.0,0.0,5,56,1
14802,754,11,1,2,5141,9602,2.0,0.0,7,1,1.0,2,30,6,6,13, , , ,1,5.0,2022.0, ,2.0,Empleado_Informal,11.0,11.0,0.0,5,96,1
14802,755,11,1,2,5141,9602,2.0,0.0,7,1,1.0,1,28,6,5,13, , , ,1,10.0,2022.0, ,2.0,Empleado_Informal,10.0,10.0,0.0,5,96,1
14854,759,11,1,2,9411,5630,1.0,6.0, ,1,1.0,2,26,6,8,13,1,2,3,2,1.0,2019.0, ,5.0,Empleado_Informal,14.0,14.0,0.0,9,56,1
14854,759,11,3,2,7513,1071,0.0,1.0,7,1,1.0,1,25,6,6,13, , , ,9,9.0,2024.0, ,0.0,Empleado_Informal,11.0,11.0,0.0,7,10,1
14854,762,11,1,2,7212,2592,0.0,5.0,7,1,1.0,1,28,6,7,13, , ,3,2,6.0,2018.0, ,6.0,Empleado_Informal,12.5,12.5,0.0,7,25,1
14854,765,11,1,2,7111,4100,2.0,6.0,7,1,1.0,1,38,1,4,13, , , ,2,2.0,2021.0, ,3.0,Empleado_Informal,9.0,9.0,0.0,7,41,1
14854,765,11,2,2,9411,5610,2.0,0.0, ,1,1.0,2,38,1,10,13,1,2,3,2,2.0,2021.0, ,3.0,Empleado_Informal,16.0,16.0,0.0,9,56,1
14854,765,11,3,2,2166,7410,0.0,1.0,7,1,1.0,1,19,6,6,13, , , ,9,2.0,2021.0, ,3.0,Empleado_Informal,11.0,11.0,0.0,2,74,1
14907,765,11,1,2,5142,9602,6.0,0.0, ,1,2.0,2,31,1,8,13,1,2,3,2,10.0,2018.0, ,6.0,Empleado_Formal,14.0,14.0,0.0,5,96,1
14907,765,11,2,2,8322,4922,2.0,0.0,7,1,1.0,1,34,1,6,13, , , ,2,2.0,2018.0, ,6.0,Empleado_Informal,11.0,11.0,0.0,8,49,1
14907,765,11,3,2,9629,9000,0.0,5.0, ,1,1.0,2,16,6,4,5, , , ,1,11.0,2019.0, ,5.0,Empleado_Informal,9.0,8.5,0.5,9,90,1
14907,767,11,1,2,8322,4922,1.0,0.0, ,1,1.0,1,22,1,6,13, , , ,1,11.0,2021.0, ,3.0,Empleado_Informal,11.0,11.0,0.0,8,49,1
14907,767,11,2,2,5213,4782,1.0,0.0,7,1,1.0,2,22,1,6,13, , , ,1,11.0,2021.0, ,3.0,Empleado_Informal,11.0,11.0,0.0,5,47,1
14907,767,11,3,2,9111,9700,1.0,0.0,7,1,1.0,2,53,5,6,13, , , ,1,11.0,2021.0, ,3.0,Empleado_Informal,11.0,11.0,0.0,9,97,1
14907,768,11,1,2,3314,5610,5.0,0.0, ,1,2.0,2,34,6,9,13, , ,3,2,6.0,2019.0, ,5.0,Empleado_Formal,13.5,13.5,0.0,3,56,1
14907,768,11,2,2,5131,5610,2.0,10.0,7,1,1.0,2,67,6,6,13, , , ,2,12.0,2021.0, ,3.0,Empleado_Informal,11.0,11.0,0.0,5,56,1
14959,771,11,1,1,9313,4100,2.0,0.0,7,1,1.0,1,73,3,3,13, , , ,,,,,,Empleado_Informal,4.5,4.5,0.0,9,41,1
14959,771,11,3,2,,,0.0,0.0, ,3,,2,17,6,4,13, , , ,4,6.0,2019.0, ,5.0,Desempleado,9.0,9.0,0.0,,,0
14959,773,11,2,2,9313,4100,1.0,0.0,7,1,1.0,1,33,1,4,13, , , ,1,3.0,2018.0, ,6.0,Empleado_Informal,9.0,9.0,0.0,9,41,1
15011,785,11,1,2,9313,4100,1.0,0.0,7,1,1.0,1,37,1,10,13,1,2,3,1,2.0,2018.0, ,6.0,Empleado_Informal,16.0,16.0,0.0,9,41,1
15011,786,11,1,2,5212,4721,1.0,0.0,7,1,1.0,1,35,6,4,13, , , ,1,8.0,2022.0, ,2.0,Empleado_Informal,9.0,9.0,0.0,5,47,1
15011,787,11,1,2,7421,4741,2.0,0.0,7,1,1.0,2,23,6,4,13, , , ,1,6.0,2023.0,0,1.0,Empleado_Informal,9.0,9.0,0.0,7,47,1
15536,4,11,1,1,5212,4721,3.0,0.0, ,1,2.0,1,31,1,1,6, , ,1,,,,,,Empleado_Formal,0.0,11.0,-11.0,5,47,1
15536,4,11,2,2,7513,1071,1.0,6.0, ,1,1.0,2,27,1,6,13, , , ,2,6.0,2021.0,0,3.0,Empleado_Informal,11.0,11.0,0.0,7,10,1
15536,8,11,1,2,9122,4520,5.0,2.0, ,1,1.0,1,38,1,10,13,1,2,3,2,6.0,2019.0, ,5.0,Empleado_Informal,16.0,16.0,0.0,9,45,1
15536,8,11,2,2,5212,4759,3.0,0.0,2,1,1.0,2,39,1,10,13,1,2,3,2,6.0,2021.0, ,3.0,Empleado_Informal,16.0,16.0,0.0,5,47,1
15536,18,11,1,2,5213,4781,0.0,6.0, ,1,1.0,2,66,3,8,13,1,2,3,2,9.0,2022.0, ,2.0,Empleado_Informal,14.0,14.0,0.0,5,47,1
15536,18,11,2,2,5131,5610,0.0,2.0,7,1,1.0,2,34,6,10,13,1,2,3,2,10.0,2017.0, ,7.0,Empleado_Informal,16.0,16.0,0.0,5,56,1
15536,18,11,3,2,9621,4923,4.0,7.0, ,1,2.0,1,30,6,7,7, , ,3,2,12.0,2017.0,1,7.0,Empleado_Formal,12.5,12.5,0.0,9,49,1
15579,10,11,1,2,5131,5610,2.0,6.0,2,1,2.0,2,26,6,9,13, , ,3,2,7.0,2019.0,0,5.0,Empleado_Formal,13.5,13.5,0.0,5,56,1
15579,11,11,1,2,9412,5610,1.0,8.0,7,1,1.0,1,49,1,5,5, , , ,2,6.0,2021.0, ,3.0,Empleado_Informal,10.0,8.5,1.5,9,56,1
15579,11,11,2,2,5131,5610,3.0,10.0,7,1,1.0,2,40,1,10,10, , ,3,2,6.0,2021.0,1,3.0,Empleado_Informal,16.0,16.0,0.0,5,56,1
15579,12,11,1,2,8322,4922,1.0,5.0, ,1,1.0,1,30,1,5,13, , , ,2,4.0,2019.0, ,5.0,Empleado_Informal,10.0,10.0,0.0,8,49,1
15579,12,11,2,2,5131,5610,2.0,5.0,7,1,1.0,2,26,1,9,13, , ,3,1,5.0,2019.0,1,5.0,Empleado_Informal,13.5,13.5,0.0,5,56,1
16097,79,11,1,2,9612,3811,4.0,0.0, ,1,1.0,1,25,1,5,13, , , ,1,12.0,2018.0, ,6.0,Empleado_Informal,10.0,10.0,0.0,9,38,1
16097,79,11,2,2,9112,8121,3.0,0.0, ,1,1.0,2,22,1,5,13, , , ,1,12.0,2018.0,0,6.0,Empleado_Informal,10.0,10.0,0.0,9,81,1
16097,85,11,1,2,5120,5610,0.0,9.0, ,1,1.0,1,58,1,6,13, , , ,2,8.0,2018.0, ,6.0,Empleado_Informal,11.0,11.0,0.0,5,56,1
16097,85,11,2,2,5212,4721,3.0,0.0,2,1,1.0,2,52,1,6,13, , , ,2,5.0,2018.0, ,6.0,Empleado_Informal,11.0,11.0,0.0,5,47,1
16097,85,11,4,2,9629,2410,0.0,1.0,2,1,1.0,1,17,6,6,13, , , ,9,8.0,2024.0, ,0.0,Empleado_Informal,11.0,11.0,0.0,9,24,1
16097,85,11,5,2,9621,4923,1.0,2.0,7,1,1.0,1,25,1,6,13, , , ,2,5.0,2019.0, ,5.0,Empleado_Informal,11.0,11.0,0.0,9,49,1
16140,85,11,1,2,9111,9700,0.0,11.0,7,1,1.0,2,58,6,5,13, , , ,2,2.0,2023.0,0,1.0,Empleado_Informal,10.0,10.0,0.0,9,97,1
16140,85,11,2,2,5142,9602,0.0,9.0,7,1,1.0,2,31,6,10,13,1,2,3,1,2.0,2023.0, ,1.0,Empleado_Informal,16.0,16.0,0.0,5,96,1
16140,85,11,5,2,3125,4923,2.0,0.0,2,1,2.0,1,29,6,6,13, , , ,2,11.0,2019.0, ,5.0,Empleado_Formal,11.0,11.0,0.0,3,49,1
16140,86,11,1,2,4222,8220,1.0,0.0,2,1,2.0,2,25,1,6,13, , , ,2,5.0,2021.0,1,3.0,Empleado_Formal,11.0,11.0,0.0,4,82,1
16140,86,11,2,1,3124,8220,2.0,0.0,2,1,2.0,1,31,1,1,8, , ,0,,,,,,Empleado_Formal,0.0,14.0,-14.0,3,82,1
16183,92,11,1,2,4412,5320,0.0,3.0,7,1,1.0,1,30,6,9,13, , ,3,2,4.0,2019.0,0,5.0,Empleado_Informal,13.5,13.5,0.0,4,53,1
16183,93,11,1,2,9622,6810,2.0,0.0,7,1,1.0,1,48,1,6,13, , , ,2,2.0,2019.0,0,5.0,Empleado_Informal,11.0,11.0,0.0,9,68,1
16183,93,11,2,2,5212,4721,1.0,0.0,7,1,1.0,2,48,1,7,13, , ,3,2,2.0,2019.0, ,5.0,Empleado_Informal,12.5,12.5,0.0,5,47,1
16183,94,11,1,1,9549,4799,10.0,11.0, ,1,1.0,1,40,1,6,13, , , ,,,,,,Empleado_Informal,11.0,11.0,0.0,9,47,1
16226,97,11,1,2,9333,5224,1.0,10.0, ,1,1.0,1,32,6,6,13, , , ,9,12.0,2022.0, ,2.0,Empleado_Informal,11.0,11.0,0.0,9,52,1
16226,98,11,1,2,9549,4799,2.0,0.0, ,1,1.0,1,36,1,6,13, , , ,2,6.0,2021.0,1,3.0,Empleado_Informal,11.0,11.0,0.0,9,47,1
16226,98,11,2,2,5131,5610,0.0,3.0,7,1,1.0,2,36,1,6,13, , , ,1,6.0,2021.0, ,3.0,Empleado_Informal,11.0,11.0,0.0,5,56,1
16226,99,11,1,2,7322,3100,2.0,1.0, ,1,1.0,1,44,5,10,13,2, ,3,2,7.0,2017.0,1,7.0,Empleado_Informal,16.0,16.0,0.0,7,31,1
16269,103,11,1,2,9411,5610,5.0,0.0, ,1,1.0,1,60,6,11,13,1,2,3,2,8.0,2018.0, ,6.0,Empleado_Informal,18.0,18.0,0.0,9,56,1
16269,108,11,1,2,5212,4741,1.0,8.0,7,1,1.0,1,30,1,6,13, , , ,2,2.0,2018.0, ,6.0,Empleado_Informal,11.0,11.0,0.0,5,47,1
16269,108,11,2,2,5212,4741,0.0,3.0, ,1,1.0,2,28,1,9,13, , ,3,2,6.0,2019.0, ,5.0,Empleado_Informal,13.5,13.5,0.0,5,47,1
16269,109,11,1,2,8153,1410,1.0,8.0,7,1,1.0,2,48,1,8,13,2, ,3,1,9.0,2020.0,0,4.0,Empleado_Informal,14.0,14.0,0.0,8,14,1
16269,109,11,2,2,7111,4100,0.0,3.0, ,1,1.0,1,37,1,10,13,1,2,3,9,2.0,2020.0,0,4.0,Empleado_Informal,16.0,16.0,0.0,7,41,1
16485,133,11,1,2,7322,3100,1.0,2.0,7,1,1.0,1,43,2,4,13, , , ,2,7.0,2023.0, ,1.0,Empleado_Informal,9.0,9.0,0.0,7,31,1
16485,133,11,2,2,,,0.0,0.0, ,2,,2,35,2,5,13, , , ,6,3.0,2023.0,0,1.0,Desempleado,10.0,10.0,0.0,,,0
16485,136,11,1,2,9535,4799,2.0,0.0, ,1,1.0,2,30,6,6,13, , , ,2,2.0,2020.0, ,4.0,Empleado_Informal,11.0,11.0,0.0,9,47,1
16485,137,11,1,2,9612,3811,0.0,8.0, ,1,1.0,2,39,1,6,13, , , ,2,11.0,2021.0, ,3.0,Empleado_Informal,11.0,11.0,0.0,9,38,1
16485,137,11,2,2,9612,3811,0.0,8.0, ,1,1.0,1,26,1,6,13, , , ,2,8.0,2021.0, ,3.0,Empleado_Informal,11.0,11.0,0.0,9,38,1
16485,137,11,6,2,9333,5224,6.0,0.0, ,1,1.0,1,26,1,6,13, , , ,2,2.0,2019.0, ,5.0,Empleado_Informal,11.0,11.0,0.0,9,52,1
16571,145,11,1,2,8153,1410,0.0,1.0,7,1,1.0,2,20,1,5,13, , , ,9,12.0,2022.0,1,2.0,Empleado_Informal,10.0,10.0,0.0,8,14,1
16571,145,11,2,2,9621,4923,0.0,7.0, ,1,1.0,2,30,1,5,13, , , ,9,6.0,2022.0,1,2.0,Empleado_Informal,10.0,10.0,0.0,9,49,1
16571,145,11,4,2,9333,4752,0.0,3.0,2,1,1.0,1,25,6,5,13, , , ,1,5.0,2022.0, ,2.0,Empleado_Informal,10.0,10.0,0.0,9,47,1
16571,145,11,5,2,9621,4641,0.0,1.0,7,1,1.0,1,22,6,6,13, , , ,1,9.0,2018.0,0,6.0,Empleado_Informal,11.0,11.0,0.0,9,46,1
16571,146,11,1,2,7513,1071,0.0,2.0,7,1,1.0,1,26,1,3,13, , , ,1,3.0,2019.0, ,5.0,Empleado_Informal,4.5,4.5,0.0,7,10,1
16571,150,11,1,2,9333,5224,7.0,0.0, ,1,1.0,1,23,1,6,13, , , ,1,2.0,2017.0, ,7.0,Empleado_Informal,11.0,11.0,0.0,9,52,1
16700,164,11,1,2,3314,4641,2.0,0.0,7,1,1.0,2,35,1,8,13,1,2,3,2,6.0,2019.0,1,5.0,Empleado_Informal,14.0,14.0,0.0,3,46,1
16700,164,11,2,2,4419,4651,1.0,0.0,7,1,1.0,1,39,1,8,13,1,2,3,2,6.0,2019.0,1,5.0,Empleado_Informal,14.0,14.0,0.0,4,46,1
16700,165,11,1,2,5120,5610,1.0,0.0,7,1,1.0,1,27,1,9,13, , ,3,2,6.0,2018.0,1,6.0,Empleado_Informal,13.5,13.5,0.0,5,56,1
16700,165,11,2,1,8321,4922,3.0,0.0, ,1,1.0,2,32,1,1,6, , ,1,,,,,,Empleado_Informal,0.0,11.0,-11.0,8,49,1
16916,205,11,1,2,,,0.0,0.0, ,3,,2,19,1,3,13, , , ,1,6.0,2024.0,0,0.0,Desempleado,4.5,4.5,0.0,,,0
16916,205,11,2,2,7231,4520,1.0,0.0,7,1,1.0,1,23,1,3,13, , , ,1,5.0,2022.0,1,2.0,Empleado_Informal,4.5,4.5,0.0,7,45,1
16916,207,11,1,2,5211,4649,0.0,4.0,7,1,1.0,2,38,6,9,13, , ,3,2,2.0,2019.0, ,5.0,Empleado_Informal,13.5,13.5,0.0,5,46,1
16959,206,11,1,2,5212,4721,1.0,0.0,7,1,1.0,2,39,2,8,13,1,2,3,2,6.0,2019.0, ,5.0,Empleado_Informal,14.0,14.0,0.0,5,47,1
16959,214,11,1,2,4222,8220,0.0,4.0,2,1,1.0,1,68,3,8,13,1,2,3,2,8.0,2023.0, ,1.0,Empleado_Informal,14.0,14.0,0.0,4,82,1
17304,250,11,1,2,8332,4923,2.0,6.0,2,1,2.0,1,43,2,5,13, , , ,2,6.0,2017.0, ,7.0,Empleado_Formal,10.0,10.0,0.0,8,49,1
17304,250,11,2,2,5212,4721,2.0,11.0,7,1,1.0,2,43,2,9,13, , ,3,1,1.0,2021.0,1,3.0,Empleado_Informal,13.5,13.5,0.0,5,47,1
17304,251,11,1,2,9621,4923,4.0,0.0, ,1,2.0,1,38,1,8,13,1,2,3,2,7.0,2019.0,1,5.0,Empleado_Formal,14.0,14.0,0.0,9,49,1
17304,251,11,2,2,5131,5610,0.0,1.0,7,1,1.0,2,36,1,6,6, , ,1,2,1.0,2022.0,1,2.0,Empleado_Informal,11.0,11.0,0.0,5,56,1
17304,251,11,3,2,9511,4799,0.0,1.0, ,1,1.0,1,15,6,3,5, , , ,1,9.0,2021.0,0,3.0,Empleado_Informal,4.5,8.5,-4.0,9,47,1
17304,254,11,1,2,8332,4923,0.0,1.0, ,1,1.0,1,46,5,6,13, , , ,2,1.0,2018.0, ,6.0,Empleado_Informal,11.0,11.0,0.0,8,49,1
17304,254,11,2,2,9629,4773,2.0,11.0,7,1,1.0,1,21,6,5,6, , ,1,9,8.0,2018.0, ,6.0,Empleado_Informal,10.0,11.0,-1.0,9,47,1
17347,255,11,1,2,3113,4321,1.0,4.0,2,1,2.0,1,35,2,8,13,1,1,3,2,5.0,2018.0, ,6.0,Empleado_Formal,14.0,14.0,0.0,3,43,1
17347,258,11,1,2,9412,5610,0.0,3.0,7,1,1.0,2,40,1,7,13, , ,3,1,3.0,2023.0, ,1.0,Empleado_Informal,12.5,12.5,0.0,9,56,1
17347,258,11,2,2,9211,161,0.0,1.0,7,1,1.0,1,34,1,10,13,1,2,3,6,3.0,2023.0, ,1.0,Empleado_Informal,16.0,16.0,0.0,9,01,1
17347,259,11,1,2,2212,8620,2.0,0.0, ,1,1.0,2,34,4,10,13,1,1,3,2,5.0,2019.0, ,5.0,Empleado_Informal,16.0,16.0,0.0,2,86,1
17390,261,11,1,2,7355,3100,4.0,6.0,7,1,1.0,2,27,1,6,13, , , ,2,4.0,2019.0, ,5.0,Empleado_Informal,11.0,11.0,0.0,7,31,1
17390,261,11,2,2,7355,3100,1.0,6.0,7,1,1.0,1,24,1,6,13, , , ,9,11.0,2022.0, ,2.0,Empleado_Informal,11.0,11.0,0.0,7,31,1
17390,262,11,2,2,9621,4923,1.0,6.0, ,1,1.0,1,22,1,5,13, , , ,2,12.0,2021.0, ,3.0,Empleado_Informal,10.0,10.0,0.0,9,49,1
17390,263,11,1,2,7513,1071,1.0,0.0, ,1,1.0,2,52,1,5,13, , , ,1,3.0,2023.0, ,1.0,Empleado_Informal,10.0,10.0,0.0,7,10,1
17390,263,11,2,2,7212,2511,1.0,2.0,7,1,1.0,1,51,1,4,13, , , ,1,3.0,2023.0,1,1.0,Empleado_Informal,9.0,9.0,0.0,7,25,1
17434,267,11,1,2,8181,2310,0.0,2.0,7,1,1.0,2,44,5,6,13, , , ,2,10.0,2021.0, ,3.0,Empleado_Informal,11.0,11.0,0.0,8,23,1
17434,268,11,1,2,9112,4721,1.0,6.0,7,1,1.0,2,20,1,5,13, , , ,2,11.0,2022.0,1,2.0,Empleado_Informal,10.0,10.0,0.0,9,47,1
17434,268,11,2,2,9122,4520,0.0,6.0,7,1,1.0,1,20,1,9,13, , ,3,1,11.0,2022.0, ,2.0,Empleado_Informal,13.5,13.5,0.0,9,45,1
17434,269,11,1,2,7513,1071,1.0,0.0, ,1,1.0,2,57,5,4,13, , , ,2,2.0,2020.0, ,4.0,Empleado_Informal,9.0,9.0,0.0,7,10,1
17434,269,11,2,2,5212,4752,2.0,8.0,1,1,2.0,1,23,6,6,13, , , ,3,3.0,2020.0, ,4.0,Empleado_Formal,11.0,11.0,0.0,5,47,1
17649,300,11,1,2,9112,9499,3.0,5.0,1,1,2.0,1,54,6,7,13, , ,3,2,4.0,2019.0,1,5.0,Empleado_Formal,12.5,12.5,0.0,9,94,1
17649,301,11,1,2,5212,4741,6.0,1.0,7,1,1.0,2,30,6,10,13,1,2,3,2,12.0,2018.0, ,6.0,Empleado_Informal,16.0,16.0,0.0,5,47,1
17649,302,11,1,2,5212,4741,8.0,3.0,7,1,1.0,1,26,1,6,13, , , ,2,10.0,2017.0,0,7.0,Empleado_Informal,11.0,11.0,0.0,5,47,1
17649,302,11,2,2,5212,4741,4.0,1.0,7,1,1.0,2,32,1,10,13,1,2,3,2,3.0,2018.0,0,6.0,Empleado_Informal,16.0,16.0,0.0,5,47,1
17865,331,11,1,2,9511,4799,1.0,0.0, ,1,1.0,2,28,6,5,13, , , ,2,11.0,2018.0,1,6.0,Empleado_Informal,10.0,10.0,0.0,9,47,1
17865,332,11,1,2,5212,4741,3.0,1.0,7,1,1.0,2,32,6,7,13, , ,3,2,1.0,2019.0, ,5.0,Empleado_Informal,12.5,12.5,0.0,5,47,1
17865,332,11,4,2,9111,9700,1.0,1.0,7,1,1.0,2,26,3,5,13, , , ,2,1.0,2021.0, ,3.0,Empleado_Informal,10.0,10.0,0.0,9,97,1
17865,333,11,1,2,2166,7310,1.0,2.0, ,1,1.0,1,45,5,8,13,1,2,3,2,10.0,2018.0, ,6.0,Empleado_Informal,14.0,14.0,0.0,2,73,1
18943,482,11,1,2,3314,5610,1.0,1.0,7,1,1.0,1,34,1,10,13,1,2,3,2,11.0,2017.0, ,7.0,Empleado_Informal,16.0,16.0,0.0,3,56,1
18943,482,11,2,2,5132,5610,4.0,0.0,7,1,2.0,1,38,1,9,13, , ,3,2,4.0,2018.0, ,6.0,Empleado_Formal,13.5,13.5,0.0,5,56,1
18943,483,11,1,2,8322,4922,5.0,0.0, ,1,1.0,1,36,1,10,13,1,2,3,2,4.0,2018.0, ,6.0,Empleado_Informal,16.0,16.0,0.0,8,49,1
18943,483,11,2,2,3322,6419,0.0,3.0,2,1,1.0,2,32,1,10,13,1,2,3,2,10.0,2018.0, ,6.0,Empleado_Informal,16.0,16.0,0.0,3,64,1
18943,484,11,1,2,5212,4752,0.0,3.0,2,1,1.0,1,35,6,8,13,1,2,3,2,11.0,2017.0,0,7.0,Empleado_Informal,14.0,14.0,0.0,5,47,1
18986,488,11,1,2,4224,5510,2.0,0.0,2,1,1.0,2,39,1,9,13, , ,3,2,10.0,2021.0,0,3.0,Empleado_Informal,13.5,13.5,0.0,4,55,1
18986,488,11,2,2,4224,5510,2.0,0.0,2,1,1.0,1,37,1,11,13,1,2,3,1,4.0,2018.0,1,6.0,Empleado_Informal,18.0,18.0,0.0,4,55,1
18986,497,11,1,2,5131,5610,1.0,3.0,2,1,2.0,2,45,3,5,13, , , ,2,2.0,2019.0, ,5.0,Empleado_Formal,10.0,10.0,0.0,5,56,1
19547,566,11,1,2,8322,4922,3.0,8.0, ,1,1.0,1,39,2,6,13, , , ,2,4.0,2018.0, ,6.0,Empleado_Informal,11.0,11.0,0.0,8,49,1
19547,566,11,2,2,5131,5610,0.0,5.0,7,1,1.0,2,33,2,6,13, , , ,2,8.0,2019.0, ,5.0,Empleado_Informal,11.0,11.0,0.0,5,56,1
19547,568,11,1,2,8322,4922,2.0,5.0, ,1,1.0,1,47,2,6,13, , , ,2,12.0,2018.0,0,6.0,Empleado_Informal,11.0,11.0,0.0,8,49,1
19547,569,11,1,2,5120,5610,1.0,2.0, ,1,1.0,2,28,1,4,13, , , ,2,6.0,2022.0,0,2.0,Empleado_Informal,9.0,9.0,0.0,5,56,1
19547,569,11,2,2,8322,4922,1.0,0.0, ,1,1.0,1,38,1,4,13, , , ,2,5.0,2016.0,0,8.0,Empleado_Informal,9.0,9.0,0.0,8,49,1
19590,574,11,1,2,5141,9602,3.0,2.0,2,1,1.0,2,34,2,9,13, , ,3,2,9.0,2018.0, ,6.0,Empleado_Informal,13.5,13.5,0.0,5,96,1
19590,574,11,2,2,8322,5510,2.0,4.0,2,1,1.0,1,39,2,9,13, , ,3,2,7.0,2018.0, ,6.0,Empleado_Informal,13.5,13.5,0.0,8,55,1
19590,574,11,3,2,5131,5610,1.0,9.0,7,1,1.0,1,34,6,7,13, , ,3,2,9.0,2021.0, ,3.0,Empleado_Informal,12.5,12.5,0.0,5,56,1
19590,577,11,1,2,5212,4771,1.0,8.0,7,1,1.0,2,28,2,6,13, , , ,2,8.0,2020.0,1,4.0,Empleado_Informal,11.0,11.0,0.0,5,47,1
19590,577,11,2,2,9621,5610,0.0,9.0,7,1,1.0,1,29,2,7,13, , ,3,2,1.0,2019.0,1,5.0,Empleado_Informal,12.5,12.5,0.0,9,56,1
19590,579,11,1,2,8153,1410,2.0,0.0,7,1,1.0,2,29,2,9,13, , ,3,2,11.0,2019.0, ,5.0,Empleado_Informal,13.5,13.5,0.0,8,14,1
19590,579,11,2,2,7332,1811,3.0,1.0,7,1,1.0,1,33,2,6,13, , , ,2,6.0,2019.0, ,5.0,Empleado_Informal,11.0,11.0,0.0,7,18,1
20107,649,11,1,2,9621,4923,3.0,3.0, ,1,1.0,1,32,1,6,13, , , ,2,6.0,2018.0,1,6.0,Empleado_Informal,11.0,11.0,0.0,9,49,1
20107,650,11,1,2,9412,5621,0.0,9.0,2,1,2.0,1,32,2,6,13, , , ,2,6.0,2021.0, ,3.0,Empleado_Formal,11.0,11.0,0.0,9,56,1
20107,650,11,2,2,5131,5610,0.0,1.0,7,1,1.0,2,29,2,6,13, , , ,2,3.0,2021.0, ,3.0,Empleado_Informal,11.0,11.0,0.0,5,56,1
20107,654,11,2,2,9621,4923,1.0,1.0, ,1,1.0,2,22,6,9,13, , ,3,2,8.0,2021.0, ,3.0,Empleado_Informal,13.5,13.5,0.0,9,49,1
20107,654,11,3,2,5245,1071,5.0,2.0,7,1,1.0,2,25,6,8,13,1,2,3,2,7.0,2018.0, ,6.0,Empleado_Informal,14.0,14.0,0.0,5,10,1
20151,656,11,1,2,7128,4330,3.0,6.0, ,1,1.0,1,47,2,6,13, , , ,2,11.0,2018.0, ,6.0,Empleado_Informal,11.0,11.0,0.0,7,43,1
20151,659,11,1,2,5321,8730,1.0,2.0,2,1,1.0,1,40,6,4,13, , , ,6,5.0,2023.0, ,1.0,Empleado_Informal,9.0,9.0,0.0,5,87,1
20151,668,11,1,2,9111,9700,2.0,7.0,7,1,1.0,2,47,2,7,13, , ,3,2,12.0,2018.0,1,6.0,Empleado_Informal,12.5,12.5,0.0,9,97,1
20194,669,11,1,2,9112,9499,6.0,6.0,7,1,1.0,1,48,4,11,13,1,2,3,2,2.0,2018.0,0,6.0,Empleado_Informal,18.0,18.0,0.0,9,94,1
20194,673,11,2,2,9621,4923,0.0,1.0,2,1,1.0,2,35,1,7,13, , ,3,2,11.0,2018.0, ,6.0,Empleado_Informal,12.5,12.5,0.0,9,49,1
20194,674,11,2,1,4110,8010,11.0,0.0,1,1,2.0,1,51,1,1,9, , ,0,,,,,,Empleado_Formal,0.0,13.5,-13.5,4,80,1
20194,674,11,6,2,4419,8010,3.0,0.0,2,1,2.0,1,59,1,6,13, , , ,2,5.0,2013.0, ,11.0,Empleado_Formal,11.0,11.0,0.0,4,80,1
20237,666,11,1,2,3334,6810,4.0,0.0,2,1,1.0,2,32,6,9,13, , ,3,2,6.0,2018.0, ,6.0,Empleado_Informal,13.5,13.5,0.0,3,68,1
20237,667,11,1,2,3240,7500,3.0,3.0,2,1,2.0,1,28,1,9,9, , ,3,2,8.0,2019.0, ,5.0,Empleado_Formal,13.5,13.5,0.0,3,75,1
20237,667,11,2,2,2212,8620,1.0,0.0,2,1,2.0,2,33,1,10,13,1,1,3,2,8.0,2019.0, ,5.0,Empleado_Formal,16.0,16.0,0.0,2,86,1
20237,667,11,4,2,2411,6920,6.0,0.0, ,1,1.0,1,55,2,10,13,1,1,3,2,10.0,2024.0, ,0.0,Empleado_Informal,16.0,16.0,0.0,2,69,1
20237,667,11,5,2,5120,5610,0.0,5.0, ,1,1.0,2,53,2,10,13,1,2,3,2,10.0,2021.0, ,3.0,Empleado_Informal,16.0,16.0,0.0,5,56,1
20237,668,11,1,2,3314,9499,1.0,6.0,2,1,1.0,1,53,2,8,13,1,2,3,2,2.0,2018.0, ,6.0,Empleado_Informal,14.0,14.0,0.0,3,94,1
20237,668,11,2,2,9111,9700,2.0,3.0,7,1,1.0,2,49,2,6,13, , , ,2,3.0,2018.0, ,6.0,Empleado_Informal,11.0,11.0,0.0,9,97,1
20280,674,11,1,2,4321,4773,3.0,0.0,7,1,1.0,1,43,1,6,13, , , ,2,6.0,2019.0, ,5.0,Empleado_Informal,11.0,11.0,0.0,4,47,1
20280,674,11,2,2,4311,6920,3.0,0.0,7,1,1.0,2,37,1,10,13,1,2,3,2,11.0,2018.0, ,6.0,Empleado_Informal,16.0,16.0,0.0,4,69,1
20280,681,11,1,1,4321,1079,25.0,0.0,1,1,1.0,1,53,1,1,8, , ,0,,,,,,Empleado_Informal,0.0,14.0,-14.0,4,10,1
20280,681,11,2,2,2166,7410,4.0,0.0, ,1,1.0,2,37,1,8,13,1,2,3,2,9.0,2018.0,0,6.0,Empleado_Informal,14.0,14.0,0.0,2,74,1
20280,696,11,1,2,5120,5610,4.0,6.0,7,1,1.0,1,37,6,10,13,1,2,3,2,8.0,2018.0, ,6.0,Empleado_Informal,16.0,16.0,0.0,5,56,1
20323,679,11,1,2,9411,5610,5.0,0.0, ,1,1.0,1,48,1,4,13, , , ,2,1.0,2018.0,1,6.0,Empleado_Informal,9.0,9.0,0.0,9,56,1
20323,679,11,2,2,9411,5610,5.0,0.0, ,1,1.0,2,40,1,5,13, , , ,2,6.0,2019.0,1,5.0,Empleado_Informal,10.0,10.0,0.0,9,56,1
20323,680,11,1,2,9412,5610,1.0,1.0,7,1,1.0,2,22,6,7,13, , ,3,1,9.0,2023.0, ,1.0,Empleado_Informal,12.5,12.5,0.0,9,56,1
20323,680,11,2,2,5230,5610,5.0,0.0,2,1,2.0,2,36,6,6,13, , , ,2,3.0,2018.0, ,6.0,Empleado_Formal,11.0,11.0,0.0,5,56,1
20323,681,11,1,2,9629,4772,0.0,6.0,7,1,1.0,1,24,1,6,13, , , ,2,7.0,2020.0, ,4.0,Empleado_Informal,11.0,11.0,0.0,9,47,1
20323,681,11,2,2,5131,5610,0.0,1.0,7,1,1.0,2,26,1,6,13, , , ,2,7.0,2020.0, ,4.0,Empleado_Informal,11.0,11.0,0.0,5,56,1
20366,685,11,1,2,5212,4771,0.0,4.0,7,1,1.0,2,29,1,7,13, , ,3,2,9.0,2018.0, ,6.0,Empleado_Informal,12.5,12.5,0.0,5,47,1
20366,685,11,2,2,5120,5610,3.0,0.0,2,1,2.0,1,29,1,8,13,2, ,3,2,10.0,2018.0, ,6.0,Empleado_Formal,14.0,14.0,0.0,5,56,1
20366,685,11,4,2,5213,4782,0.0,5.0,7,1,1.0,2,37,5,10,13,1,2,3,9,12.0,2023.0, ,1.0,Empleado_Informal,16.0,16.0,0.0,5,47,1
20366,687,11,1,2,8322,4922,4.0,6.0, ,1,2.0,1,42,6,10,13,1,2,3,2,5.0,2019.0, ,5.0,Empleado_Formal,16.0,16.0,0.0,8,49,1
20366,688,11,1,2,9621,4922,2.0,0.0, ,1,1.0,1,33,1,10,13,1,2,3,2,11.0,2018.0, ,6.0,Empleado_Informal,16.0,16.0,0.0,9,49,1
20366,688,11,2,2,3213,8610,3.0,0.0,2,1,2.0,2,35,1,9,13, , ,3,2,7.0,2019.0, ,5.0,Empleado_Formal,13.5,13.5,0.0,3,86,1
20409,690,11,1,2,9621,4630,2.0,0.0,2,1,2.0,1,30,2,9,13, , ,3,2,3.0,2018.0,1,6.0,Empleado_Formal,13.5,13.5,0.0,9,46,1
20409,690,11,2,2,,,0.0,0.0, ,2,,2,24,2,6,13, , , ,2,5.0,2019.0, ,5.0,Desempleado,11.0,11.0,0.0,,,0
20409,702,11,1,2,9621,4922,0.0,2.0, ,1,2.0,1,39,1,5,5, , , ,2,8.0,2018.0, ,6.0,Empleado_Formal,10.0,8.5,1.5,9,49,1
20409,702,11,2,2,9112,4520,0.0,2.0,2,1,1.0,2,29,1,6,13, , , ,2,9.0,2019.0, ,5.0,Empleado_Informal,11.0,11.0,0.0,9,45,1
20409,703,11,1,2,7421,4321,0.0,6.0,7,1,1.0,1,30,1,6,13, , , ,2,2.0,2024.0, ,0.0,Empleado_Informal,11.0,11.0,0.0,7,43,1
20539,708,11,1,2,5212,4741,1.0,7.0,7,1,1.0,1,31,1,6,13, , , ,1,7.0,2021.0, ,3.0,Empleado_Informal,11.0,11.0,0.0,5,47,1
20539,708,11,2,2,,,0.0,0.0, ,2,,2,26,1,6,13, , , ,1,7.0,2021.0, ,3.0,Desempleado,11.0,11.0,0.0,,,0
20539,712,11,1,2,5142,9602,1.0,2.0,7,1,1.0,2,30,6,8,13,1,2,3,2,2.0,2021.0, ,3.0,Empleado_Informal,14.0,14.0,0.0,5,96,1
20539,712,11,2,2,5131,5610,0.0,9.0,7,1,1.0,2,27,6,6,13, , , ,1,1.0,2021.0, ,3.0,Empleado_Informal,11.0,11.0,0.0,5,56,1
20539,716,11,1,2,7231,4520,0.0,8.0,7,1,1.0,1,26,6,6,13, , , ,1,8.0,2021.0, ,3.0,Empleado_Informal,11.0,11.0,0.0,7,45,1
20582,714,11,1,2,3115,4520,1.0,2.0,2,1,1.0,1,32,1,8,13,1,2,3,2,8.0,2022.0, ,2.0,Empleado_Informal,14.0,14.0,0.0,3,45,1
20582,714,11,2,2,,,0.0,0.0, ,2,,2,29,1,6,13, , , ,2,8.0,2022.0, ,2.0,Desempleado,11.0,11.0,0.0,,,0
20582,724,11,1,2,,,0.0,0.0, ,2,,2,29,1,7,13, , ,3,2,2.0,2021.0, ,3.0,Desempleado,12.5,12.5,0.0,,,0
20582,724,11,2,2,2251,8620,1.0,4.0,2,1,1.0,1,32,1,10,13,1,1,3,2,7.0,2021.0, ,3.0,Empleado_Informal,16.0,16.0,0.0,2,86,1
21318,2,11,1,2,5141,9602,0.0,8.0, ,1,1.0,1,25,1,6,13, , , ,4,8.0,2018.0, ,6.0,Empleado_Informal,11.0,11.0,0.0,5,96,1
21318,2,11,2,2,9622,8010,0.0,2.0,7,1,1.0,2,22,1,6,13, , , ,6,10.0,2019.0, ,5.0,Empleado_Informal,11.0,11.0,0.0,9,80,1
21318,3,11,1,2,5213,4789,6.0,0.0, ,1,2.0,1,28,2,10,13,1,2,3,2,2.0,2018.0, ,6.0,Empleado_Formal,16.0,16.0,0.0,5,47,1
21318,12,11,1,2,5141,9602,7.0,0.0, ,1,2.0,1,28,1,9,13, , ,3,2,10.0,2017.0, ,7.0,Empleado_Formal,13.5,13.5,0.0,5,96,1
21318,12,11,2,1,5141,9602,0.0,6.0,7,1,1.0,2,35,1,1,6, , ,1,,,,,,Empleado_Informal,0.0,11.0,-11.0,5,96,1
21407,19,11,1,2,7513,1071,1.0,0.0,7,1,1.0,2,30,1,9,13, , ,3,2,12.0,2017.0, ,7.0,Empleado_Informal,13.5,13.5,0.0,7,10,1
21407,19,11,2,2,8322,4922,7.0,0.0, ,1,1.0,1,51,1,8,13,1,2,3,2,1.0,2017.0,1,7.0,Empleado_Informal,14.0,14.0,0.0,8,49,1
21407,19,11,3,2,9111,9700,0.0,3.0,7,1,1.0,2,58,6,8,13,1,2,3,1,9.0,2019.0, ,5.0,Empleado_Informal,14.0,14.0,0.0,9,97,1
21407,20,11,1,2,4222,8220,0.0,6.0,2,1,2.0,2,28,6,10,13,1,2,3,2,4.0,2017.0, ,7.0,Empleado_Formal,16.0,16.0,0.0,4,82,1
21407,21,11,1,2,9621,4922,2.0,6.0, ,1,2.0,1,34,1,5,13, , , ,2,3.0,2018.0,1,6.0,Empleado_Formal,10.0,10.0,0.0,9,49,1
21437,27,11,1,2,9622,2391,5.0,0.0,2,1,2.0,2,35,1,6,13, , , ,3,3.0,2018.0, ,6.0,Empleado_Formal,11.0,11.0,0.0,9,23,1
21437,27,11,2,2,3132,5610,2.0,6.0,7,1,1.0,1,48,1,10,13,1,2,3,2,2.0,2018.0, ,6.0,Empleado_Informal,16.0,16.0,0.0,3,56,1
21437,27,11,3,2,9412,5610,0.0,5.0,7,1,1.0,1,18,6,4,6, , ,1,2,1.0,2019.0, ,5.0,Empleado_Informal,9.0,11.0,-2.0,9,56,1
21437,27,11,4,2,5131,5610,1.0,0.0,7,1,1.0,2,26,6,10,13,1,2,3,2,1.0,2019.0, ,5.0,Empleado_Informal,16.0,16.0,0.0,5,56,1
21437,41,11,1,2,9511,4799,0.0,2.0, ,1,1.0,1,63,2,6,13, , , ,2,5.0,2022.0, ,2.0,Empleado_Informal,11.0,11.0,0.0,9,47,1
21437,41,11,2,2,5212,4721,0.0,4.0,7,1,1.0,2,54,2,10,13,1,2,3,2,9.0,2021.0, ,3.0,Empleado_Informal,16.0,16.0,0.0,5,47,1
21467,31,11,1,2,2511,6201,7.0,0.0,1,1,2.0,1,37,2,10,13,1,2,3,2,6.0,2017.0, ,7.0,Empleado_Formal,16.0,16.0,0.0,2,62,1
21467,34,11,1,1,8322,4922,4.0,0.0, ,1,1.0,1,58,2,1,5, , , ,,,,,,Empleado_Informal,0.0,8.5,-8.5,8,49,1
21467,34,11,2,2,5212,4772,3.0,0.0,7,1,1.0,2,54,2,4,13, , , ,2,9.0,2016.0, ,8.0,Empleado_Informal,9.0,9.0,0.0,5,47,1
21467,34,11,3,2,9621,4922,3.0,0.0, ,1,2.0,1,37,1,9,13, , ,3,2,9.0,2018.0, ,6.0,Empleado_Formal,13.5,13.5,0.0,9,49,1
21467,34,11,4,2,7399,3290,2.0,0.0, ,1,1.0,2,35,1,6,13, , , ,2,8.0,2019.0,0,5.0,Empleado_Informal,11.0,11.0,0.0,7,32,1
21467,35,11,1,2,7125,4322,5.0,0.0, ,1,2.0,1,53,2,10,13,1,1,3,2,5.0,2019.0, ,5.0,Empleado_Formal,16.0,16.0,0.0,7,43,1
21467,35,11,2,2,3314,4321,5.0,0.0,7,1,1.0,2,47,2,9,13, , ,3,2,5.0,2019.0, ,5.0,Empleado_Informal,13.5,13.5,0.0,3,43,1
21467,35,11,3,2,7421,4321,4.0,0.0,7,1,1.0,1,24,6,6,9, , ,0,2,5.0,2019.0,0,5.0,Empleado_Informal,11.0,13.5,-2.5,7,43,1
21467,35,11,5,2,7421,4321,4.0,0.0,7,1,1.0,1,25,2,9,13, , ,3,2,12.0,2021.0, ,3.0,Empleado_Informal,13.5,13.5,0.0,7,43,1
21467,35,11,6,2,5212,4741,3.0,0.0,2,1,1.0,2,26,2,9,13, , ,3,2,12.0,2020.0, ,4.0,Empleado_Informal,13.5,13.5,0.0,5,47,1
21497,48,11,1,2,9112,8121,0.0,5.0,2,1,1.0,2,40,2,10,13,1,2,3,2,6.0,2019.0, ,5.0,Empleado_Informal,16.0,16.0,0.0,9,81,1
21497,48,11,2,2,9333,4100,0.0,2.0,7,1,1.0,1,40,2,10,13,1,2,3,2,6.0,2019.0, ,5.0,Empleado_Informal,16.0,16.0,0.0,9,41,1
21497,50,11,1,2,5412,8411,1.0,11.0,2,1,2.0,1,44,6,8,13,1,2,3,2,5.0,2015.0, ,9.0,Empleado_Formal,14.0,14.0,0.0,5,84,1
21497,54,11,1,2,9111,9700,2.0,4.0,7,1,1.0,2,54,5,4,13, , , ,2,7.0,2017.0, ,7.0,Empleado_Informal,9.0,9.0,0.0,9,97,1
21526,43,11,1,2,5212,4761,2.0,0.0,7,1,1.0,2,48,2,10,13,1,2,3,2,10.0,2018.0, ,6.0,Empleado_Informal,16.0,16.0,0.0,5,47,1
21526,43,11,2,2,3126,6110,6.0,4.0,2,1,2.0,1,46,2,10,13,1,2,3,2,6.0,2018.0,1,6.0,Empleado_Formal,16.0,16.0,0.0,3,61,1
21526,43,11,3,2,5212,4761,2.0,0.0,7,1,1.0,2,15,6,5,5, , , ,2,10.0,2018.0, ,6.0,Empleado_Informal,10.0,8.5,1.5,5,47,1
21526,44,11,1,2,9112,8121,3.0,4.0,2,1,1.0,1,54,1,8,13,1,2,3,2,5.0,2019.0, ,5.0,Empleado_Informal,14.0,14.0,0.0,9,81,1
21526,44,11,2,1,3317,7310,0.0,10.0,2,1,1.0,2,45,1,8,8, , ,0,,,,,,Empleado_Informal,14.0,14.0,0.0,3,73,1
21526,44,11,3,2,9122,4520,1.0,8.0,7,1,1.0,1,30,6,7,13, , ,3,2,8.0,2020.0, ,4.0,Empleado_Informal,12.5,12.5,0.0,9,45,1
21526,48,11,1,2,3513,9511,8.0,1.0, ,1,2.0,2,39,6,10,13,1,2,3,2,1.0,2016.0, ,8.0,Empleado_Formal,16.0,16.0,0.0,3,95,1
21556,49,11,1,2,5213,4789,6.0,0.0, ,1,2.0,1,29,1,8,13,1,2,3,2,10.0,2017.0, ,7.0,Empleado_Formal,14.0,14.0,0.0,5,47,1
21556,49,11,2,2,5211,4649,6.0,0.0,2,1,1.0,2,31,1,10,13,1,2,3,2,9.0,2016.0, ,8.0,Empleado_Informal,16.0,16.0,0.0,5,46,1
21556,50,11,1,2,2221,8610,1.0,5.0,2,1,2.0,2,42,1,10,13,1,1,3,2,10.0,2018.0,1,6.0,Empleado_Formal,16.0,16.0,0.0,2,86,1
21556,50,11,2,2,,,0.0,0.0, ,2,,1,42,1,6,13, , , ,2,11.0,2019.0,0,5.0,Desempleado,11.0,11.0,0.0,,,0
21556,51,11,1,2,9112,8121,1.0,6.0, ,1,1.0,2,33,1,9,13, , ,3,2,12.0,2017.0,1,7.0,Empleado_Informal,13.5,13.5,0.0,9,81,1
21556,51,11,2,2,5141,9602,3.0,0.0, ,1,1.0,1,35,1,9,13, , ,3,2,9.0,2017.0,0,7.0,Empleado_Informal,13.5,13.5,0.0,5,96,1
21586,55,11,1,2,3221,8690,2.0,0.0, ,1,1.0,2,37,6,8,13,1,2,3,2,10.0,2018.0, ,6.0,Empleado_Informal,14.0,14.0,0.0,3,86,1
21586,59,11,1,2,5213,4781,2.0,5.0,7,1,1.0,2,27,1,7,13, , ,3,2,6.0,2020.0, ,4.0,Empleado_Informal,12.5,12.5,0.0,5,47,1
21586,59,11,2,2,9621,4923,1.0,6.0,2,1,1.0,1,30,1,7,13, , ,3,2,5.0,2018.0, ,6.0,Empleado_Informal,12.5,12.5,0.0,9,49,1
21586,59,11,6,2,9622,2829,2.0,8.0,2,1,2.0,1,28,6,6,13, , , ,2,5.0,2018.0, ,6.0,Empleado_Formal,11.0,11.0,0.0,9,28,1
21586,60,11,1,2,9112,8121,2.0,1.0, ,1,2.0,2,31,6,9,13, , ,3,2,10.0,2018.0, ,6.0,Empleado_Formal,13.5,13.5,0.0,9,81,1
21616,62,11,1,2,9112,5610,2.0,1.0,7,1,1.0,2,28,5,6,13, , , ,2,9.0,2015.0, ,9.0,Empleado_Informal,11.0,11.0,0.0,9,56,1
21616,63,11,1,2,9122,4520,1.0,0.0,7,1,1.0,1,34,1,4,13, , , ,2,7.0,2018.0, ,6.0,Empleado_Informal,9.0,9.0,0.0,9,45,1
21616,63,11,3,2,7231,4520,1.0,0.0,7,1,1.0,1,14,6,5,5, , , ,1,7.0,2018.0,1,6.0,Empleado_Informal,10.0,8.5,1.5,7,45,1
21616,64,11,1,2,5212,4721,1.0,2.0,7,1,1.0,2,27,5,6,13, , , ,1,5.0,2020.0, ,4.0,Empleado_Informal,11.0,11.0,0.0,5,47,1
21645,67,11,1,2,7231,4520,0.0,3.0,7,1,1.0,1,46,1,1,13, , , ,2,3.0,2019.0, ,5.0,Empleado_Informal,0.0,0.0,0.0,7,45,1
21645,67,11,2,2,,,0.0,0.0, ,2,,2,45,1,5,13, , , ,2,9.0,2022.0, ,2.0,Desempleado,10.0,10.0,0.0,,,0
21645,67,11,3,2,9112,5510,0.0,2.0,2,1,1.0,2,19,1,5,13, , , ,2,9.0,2022.0, ,2.0,Empleado_Informal,10.0,10.0,0.0,9,55,1
21645,67,11,4,2,5212,4721,0.0,5.0,7,1,1.0,1,24,1,3,13, , , ,2,2.0,2023.0,0,1.0,Empleado_Informal,4.5,4.5,0.0,5,47,1
21645,69,11,1,2,8321,4922,0.0,6.0, ,1,1.0,1,35,1,6,13, , , ,2,5.0,2018.0, ,6.0,Empleado_Informal,11.0,11.0,0.0,8,49,1
21645,69,11,3,2,5241,4721,0.0,1.0,7,1,1.0,1,18,6,5,5, , , ,9,5.0,2019.0, ,5.0,Empleado_Informal,10.0,8.5,1.5,5,47,1
21645,69,11,5,2,9122,4520,1.0,2.0,7,1,1.0,1,27,6,6,13, , , ,1,8.0,2019.0, ,5.0,Empleado_Informal,11.0,11.0,0.0,9,45,1
21645,73,11,1,2,5142,9602,3.0,0.0,7,1,1.0,2,26,5,6,13, , , ,2,12.0,2020.0,1,4.0,Empleado_Informal,11.0,11.0,0.0,5,96,1
21735,86,11,1,2,9622,8010,0.0,2.0,7,1,1.0,1,51,1,6,13, , , ,1,3.0,2020.0, ,4.0,Empleado_Informal,11.0,11.0,0.0,9,80,1
21735,86,11,2,2,,,0.0,0.0, ,2,,2,47,1,6,13, , , ,1,9.0,2022.0, ,2.0,Desempleado,11.0,11.0,0.0,,,0
21735,92,11,1,2,4224,4661,5.0,5.0,7,1,1.0,2,33,6,8,13,1,2,3,2,5.0,2018.0, ,6.0,Empleado_Informal,14.0,14.0,0.0,4,46,1
21735,97,11,1,2,7421,9522,6.0,1.0, ,1,1.0,1,62,2,7,13, , ,3,2,7.0,2017.0, ,7.0,Empleado_Informal,12.5,12.5,0.0,7,95,1
21735,97,11,2,2,9112,8121,5.0,2.0,7,1,1.0,2,38,2,6,13, , , ,2,6.0,2018.0, ,6.0,Empleado_Informal,11.0,11.0,0.0,9,81,1
21764,91,11,1,2,9412,5610,0.0,5.0,7,1,1.0,2,26,6,10,13,1,2,3,2,12.0,2018.0, ,6.0,Empleado_Informal,16.0,16.0,0.0,9,56,1
21764,92,11,1,2,8322,4922,3.0,6.0,7,1,1.0,1,57,5,8,13,1,2,3,2,6.0,2019.0,0,5.0,Empleado_Informal,14.0,14.0,0.0,8,49,1
21764,93,11,1,2,3514,6201,0.0,10.0, ,1,1.0,1,36,6,9,13, , ,3,2,10.0,2017.0, ,7.0,Empleado_Informal,13.5,13.5,0.0,3,62,1
21794,99,11,1,2,9621,4923,6.0,0.0, ,1,1.0,1,23,1,6,13, , , ,2,3.0,2018.0, ,6.0,Empleado_Informal,11.0,11.0,0.0,9,49,1
21794,100,11,2,2,8322,4922,0.0,3.0, ,1,1.0,1,31,1,10,13,1,2,3,2,10.0,2018.0,1,6.0,Empleado_Informal,16.0,16.0,0.0,8,49,1
21794,101,11,1,2,5211,4649,6.0,0.0,2,1,2.0,1,38,2,10,13,2, ,3,2,10.0,2017.0, ,7.0,Empleado_Formal,16.0,16.0,0.0,5,46,1
21794,101,11,2,2,5142,9602,2.0,0.0, ,1,1.0,2,43,2,10,13,1,2,3,2,10.0,2019.0, ,5.0,Empleado_Informal,16.0,16.0,0.0,5,96,1
21824,103,11,1,2,9622,9499,2.0,0.0,7,1,1.0,1,36,6,6,13, , , ,2,1.0,2019.0,0,5.0,Empleado_Informal,11.0,11.0,0.0,9,94,1
21824,104,11,1,2,9122,4520,0.0,1.0,7,1,1.0,1,41,1,6,13, , , ,9,7.0,2024.0, ,0.0,Empleado_Informal,11.0,11.0,0.0,9,45,1
21824,104,11,2,2,,,0.0,0.0, ,2,,2,47,1,8,13,1,2,3,9,10.0,2024.0, ,0.0,Desempleado,14.0,14.0,0.0,,,0
21824,105,11,1,2,9511,4799,0.0,1.0, ,1,1.0,2,20,1,5,13, , , ,9,9.0,2024.0,0,0.0,Empleado_Informal,10.0,10.0,0.0,9,47,1
21824,105,11,2,2,9511,4799,0.0,1.0, ,1,1.0,1,25,1,6,13, , , ,9,9.0,2024.0,0,0.0,Empleado_Informal,11.0,11.0,0.0,9,47,1
21854,109,11,1,2,9112,8121,2.0,0.0, ,1,1.0,2,51,6,6,13, , , ,2,8.0,2020.0,1,4.0,Empleado_Informal,11.0,11.0,0.0,9,81,1
21854,109,11,2,2,8321,4922,2.0,0.0, ,1,1.0,1,32,6,6,13, , , ,1,5.0,2022.0,0,2.0,Empleado_Informal,11.0,11.0,0.0,8,49,1
21854,109,11,3,2,5243,4791,0.0,10.0, ,1,1.0,2,22,6,6,13, , , ,2,8.0,2020.0,0,4.0,Empleado_Informal,11.0,11.0,0.0,5,47,1
21854,110,11,1,2,9621,4923,1.0,0.0, ,1,1.0,1,23,1,6,13, , , ,1,4.0,2021.0,0,3.0,Empleado_Informal,11.0,11.0,0.0,9,49,1
21854,111,12,1,2,8322,4922,1.0,2.0, ,1,1.0,1,47,2,5,13, , , ,2,8.0,2022.0, ,2.0,Empleado_Informal,10.0,10.0,0.0,8,49,1
21854,111,12,2,2,9412,5610,0.0,9.0,7,1,1.0,2,38,2,10,13,1,2,3,2,8.0,2022.0, ,2.0,Empleado_Informal,16.0,16.0,0.0,9,56,1
21854,111,12,3,2,5131,5610,0.0,6.0,7,1,1.0,1,17,6,5,6, , ,1,2,8.0,2022.0, ,2.0,Empleado_Informal,10.0,11.0,-1.0,5,56,1
21854,111,22,1,2,8322,4922,2.0,0.0, ,1,1.0,1,40,1,6,13, , , ,7,1.0,2018.0, ,6.0,Empleado_Informal,11.0,11.0,0.0,8,49,1
21854,111,22,2,2,,,0.0,0.0, ,2,,2,38,1,6,13, , , ,2,8.0,2018.0, ,6.0,Desempleado,11.0,11.0,0.0,,,0
21883,116,11,1,2,5211,4630,0.0,8.0,2,1,2.0,1,30,2,6,13, , , ,9,2.0,2024.0, ,0.0,Empleado_Formal,11.0,11.0,0.0,5,46,1
21883,118,11,1,2,9112,8121,0.0,3.0,7,1,1.0,2,43,6,6,13, , , ,2,5.0,2018.0, ,6.0,Empleado_Informal,11.0,11.0,0.0,9,81,1
21883,119,11,1,2,9621,4630,1.0,0.0,2,1,2.0,1,42,1,6,13, , , ,2,9.0,2018.0, ,6.0,Empleado_Formal,11.0,11.0,0.0,9,46,1
21883,119,11,2,2,5211,4630,0.0,3.0,2,1,1.0,2,39,1,6,13, , , ,2,8.0,2019.0, ,5.0,Empleado_Informal,11.0,11.0,0.0,5,46,1
21883,119,11,3,2,9122,4520,0.0,3.0,7,1,1.0,1,19,6,5,6, , ,1,1,8.0,2016.0, ,8.0,Empleado_Informal,10.0,11.0,-1.0,9,45,1
21913,121,11,1,2,2359,8549,2.0,6.0, ,1,2.0,2,39,6,6,13, , , ,2,7.0,2018.0, ,6.0,Empleado_Formal,11.0,11.0,0.0,2,85,1
21913,121,11,2,2,9629,9609,0.0,8.0, ,1,1.0,2,19,6,5,6, , ,1,2,9.0,2019.0, ,5.0,Empleado_Informal,10.0,11.0,-1.0,9,96,1
21913,122,11,1,2,9535,4799,0.0,3.0, ,1,2.0,2,45,6,8,13,1,2,3,2,7.0,2017.0,0,7.0,Empleado_Formal,14.0,14.0,0.0,9,47,1
21913,123,11,1,2,7322,3100,0.0,2.0,7,1,1.0,1,28,1,9,13, , ,3,1,7.0,2022.0, ,2.0,Empleado_Informal,13.5,13.5,0.0,7,31,1
21943,127,11,1,2,9621,4923,2.0,6.0,7,1,1.0,1,28,1,6,13, , , ,2,4.0,2018.0, ,6.0,Empleado_Informal,11.0,11.0,0.0,9,49,1
21943,127,11,2,1,5312,8510,3.0,6.0,7,1,1.0,2,33,1,1,8, , ,0,,,,,,Empleado_Informal,0.0,14.0,-14.0,5,85,1
21943,128,11,1,2,5212,4721,2.0,10.0,7,1,1.0,1,22,1,6,13, , , ,4,3.0,2021.0, ,3.0,Empleado_Informal,11.0,11.0,0.0,5,47,1
21943,133,11,1,2,8331,4759,0.0,4.0,2,1,1.0,1,32,2,9,13, , ,3,2,1.0,2018.0,1,6.0,Empleado_Informal,13.5,13.5,0.0,8,47,1
21973,133,11,1,2,5212,4721,0.0,6.0, ,1,1.0,2,46,5,10,11, , ,3,2,8.0,2018.0, ,6.0,Empleado_Informal,16.0,19.0,-3.0,5,47,1
21973,133,11,2,2,9411,5610,0.0,1.0, ,1,1.0,2,26,2,6,13, , , ,2,8.0,2018.0, ,6.0,Empleado_Informal,11.0,11.0,0.0,9,56,1
21973,133,11,3,2,7111,4100,1.0,0.0, ,1,1.0,1,31,2,6,13, , , ,2,8.0,2018.0, ,6.0,Empleado_Informal,11.0,11.0,0.0,7,41,1
21973,134,11,1,2,9621,4630,2.0,10.0,2,1,2.0,1,33,2,9,13, , ,3,2,1.0,2018.0, ,6.0,Empleado_Formal,13.5,13.5,0.0,9,46,1
21973,134,11,2,2,3321,6512,5.0,0.0,2,1,2.0,2,27,2,9,13, , ,3,2,2.0,2018.0, ,6.0,Empleado_Formal,13.5,13.5,0.0,3,65,1
21973,134,11,4,2,9621,4630,0.0,4.0,7,1,1.0,1,28,6,9,13, , ,3,1,1.0,2018.0, ,6.0,Empleado_Informal,13.5,13.5,0.0,9,46,1
21973,136,11,1,2,9112,8121,1.0,10.0,7,1,1.0,2,47,5,6,13, , , ,1,11.0,2023.0,0,1.0,Empleado_Informal,11.0,11.0,0.0,9,81,1
21973,136,11,4,2,9612,3811,4.0,0.0, ,1,1.0,1,26,1,6,13, , , ,2,5.0,2019.0, ,5.0,Empleado_Informal,11.0,11.0,0.0,9,38,1
22002,139,11,1,2,9122,4520,1.0,4.0,7,1,1.0,1,29,6,6,13, , , ,1,11.0,2021.0,0,3.0,Empleado_Informal,11.0,11.0,0.0,9,45,1
22002,140,11,1,2,,,0.0,0.0, ,2,,2,32,1,6,13, , , ,2,8.0,2016.0,0,8.0,Desempleado,11.0,11.0,0.0,,,0
22002,140,11,2,2,4222,8220,0.0,9.0,2,1,2.0,1,35,1,6,13, , , ,2,8.0,2019.0,1,5.0,Empleado_Formal,11.0,11.0,0.0,4,82,1
22002,141,11,1,2,9621,1071,2.0,0.0,7,1,1.0,2,45,1,10,13,1,2,3,2,3.0,2020.0, ,4.0,Empleado_Informal,16.0,16.0,0.0,9,10,1
22002,141,11,2,1,9621,1071,4.0,0.0,7,1,1.0,1,37,1,1,6, , ,1,,,,,,Empleado_Informal,0.0,11.0,-11.0,9,10,1
22151,172,11,1,2,5131,5610,1.0,3.0,7,1,1.0,2,29,5,4,13, , , ,2,2.0,2021.0, ,3.0,Empleado_Informal,9.0,9.0,0.0,5,56,1
22151,182,11,1,2,7513,1071,0.0,1.0, ,1,1.0,2,76,4,8,13,1,2,3,2,2.0,2018.0, ,6.0,Empleado_Informal,14.0,14.0,0.0,7,10,1
22151,182,11,2,2,4224,5510,1.0,2.0,7,1,1.0,2,34,6,8,13,1,2,3,2,7.0,2020.0,0,4.0,Empleado_Informal,14.0,14.0,0.0,4,55,1
22151,182,11,3,2,,,0.0,0.0, ,2,,2,39,6,9,13, , ,3,1,6.0,2023.0, ,1.0,Desempleado,13.5,13.5,0.0,,,0
22151,187,11,1,2,3434,5610,3.0,6.0,2,1,1.0,1,36,1,8,13,1,1,3,2,1.0,2020.0, ,4.0,Empleado_Informal,14.0,14.0,0.0,3,56,1
22151,187,11,2,2,3332,9000,2.0,0.0,7,1,1.0,2,26,1,10,13,1,2,3,2,6.0,2021.0, ,3.0,Empleado_Informal,16.0,16.0,0.0,3,90,1
22181,176,11,1,2,5120,5610,4.0,10.0,7,1,1.0,1,27,6,6,13, , , ,2,1.0,2020.0, ,4.0,Empleado_Informal,11.0,11.0,0.0,5,56,1
22181,177,11,1,2,9111,9700,2.0,1.0,7,1,1.0,2,54,1,5,13, , , ,2,6.0,2022.0, ,2.0,Empleado_Informal,10.0,10.0,0.0,9,97,1
22181,177,11,2,3,9622,8010,2.0,0.0,7,1,1.0,1,68,1,8,13,1,2,3,2,7.0,2022.0, ,2.0,Empleado_Informal,14.0,14.0,0.0,9,80,1
22181,182,11,1,2,4321,9000,1.0,0.0,7,1,1.0,1,23,6,8,13,1,2,3,2,2.0,2022.0, ,2.0,Empleado_Informal,14.0,14.0,0.0,4,90,1
22211,181,11,1,2,5212,4721,2.0,0.0, ,1,1.0,2,37,1,6,13, , , ,2,8.0,2021.0, ,3.0,Empleado_Informal,11.0,11.0,0.0,5,47,1
22211,181,11,2,2,7513,1071,2.0,0.0,7,1,1.0,1,32,1,6,13, , , ,1,8.0,2022.0, ,2.0,Empleado_Informal,11.0,11.0,0.0,7,10,1
22211,182,11,1,2,7513,1071,0.0,1.0, ,1,1.0,2,27,1,9,13, , ,3,2,5.0,2019.0, ,5.0,Empleado_Informal,13.5,13.5,0.0,7,10,1
22211,182,11,2,2,7231,4520,4.0,0.0,7,1,1.0,1,29,1,5,13, , , ,2,3.0,2018.0, ,6.0,Empleado_Informal,10.0,10.0,0.0,7,45,1
22211,183,11,1,2,9112,8121,6.0,0.0, ,1,1.0,2,41,2,6,13, , , ,2,5.0,2018.0, ,6.0,Empleado_Informal,11.0,11.0,0.0,9,81,1
22211,183,11,2,2,9629,4721,1.0,0.0,2,1,1.0,1,44,2,4,13, , , ,2,5.0,2018.0, ,6.0,Empleado_Informal,9.0,9.0,0.0,9,47,1
22240,187,11,1,2,7352,1410,0.0,3.0, ,1,1.0,2,42,6,10,13,1,2,3,2,9.0,2019.0, ,5.0,Empleado_Informal,16.0,16.0,0.0,7,14,1
22240,188,11,1,2,9112,9329,0.0,1.0,2,1,1.0,2,59,6,6,13, , , ,9,5.0,2021.0,1,3.0,Empleado_Informal,11.0,11.0,0.0,9,93,1
22240,190,11,1,2,5212,4721,1.0,6.0,7,1,1.0,2,28,6,6,13, , , ,9,6.0,2018.0,1,6.0,Empleado_Informal,11.0,11.0,0.0,5,47,1
22449,243,11,1,2,7212,4630,0.0,9.0,7,1,1.0,1,29,6,9,13, , ,3,1,8.0,2021.0, ,3.0,Empleado_Informal,13.5,13.5,0.0,7,46,1
22449,244,11,1,2,9412,5610,3.0,0.0,7,1,1.0,2,59,6,10,13,1,2,3,1,2.0,2020.0, ,4.0,Empleado_Informal,16.0,16.0,0.0,9,56,1
22449,244,11,2,2,9112,5610,0.0,2.0,7,1,1.0,1,18,6,5,6, , ,1,1,2.0,2020.0, ,4.0,Empleado_Informal,10.0,11.0,-1.0,9,56,1
22449,251,11,1,2,9321,2023,0.0,1.0,2,1,1.0,2,39,6,10,13,1,2,3,2,5.0,2022.0, ,2.0,Empleado_Informal,16.0,16.0,0.0,9,20,1
22449,251,11,4,2,4419,4630,0.0,6.0,2,1,2.0,2,35,6,8,13,1,2,3,2,7.0,2018.0,1,6.0,Empleado_Formal,14.0,14.0,0.0,4,46,1
22449,251,11,6,2,9411,5610,0.0,2.0, ,1,1.0,2,59,6,6,13, , , , ,,, ,,Empleado_Informal,11.0,11.0,0.0,9,56,1
22478,252,11,1,2,9411,5610,1.0,6.0, ,1,1.0,2,19,6,4,6, , ,1,9,9.0,2017.0, ,7.0,Empleado_Informal,9.0,11.0,-2.0,9,56,1
22478,252,11,3,2,9112,4730,1.0,0.0,2,1,1.0,2,44,3,4,13, , , ,2,9.0,2017.0, ,7.0,Empleado_Informal,9.0,9.0,0.0,9,47,1
22478,253,11,1,2,9412,5610,0.0,3.0,7,1,1.0,2,26,6,5,13, , , ,9,9.0,2020.0, ,4.0,Empleado_Informal,10.0,10.0,0.0,9,56,1
22478,257,11,1,2,9411,5610,4.0,0.0, ,1,1.0,2,24,1,5,13, , , ,2,6.0,2019.0, ,5.0,Empleado_Informal,10.0,10.0,0.0,9,56,1
22478,257,11,2,2,9333,1080,5.0,0.0,7,1,1.0,1,43,1,3,13, , , ,2,12.0,2018.0, ,6.0,Empleado_Informal,4.5,4.5,0.0,9,10,1
22508,258,11,1,2,5131,5610,0.0,6.0,7,1,1.0,2,25,6,6,13, , , ,1,9.0,2022.0, ,2.0,Empleado_Informal,11.0,11.0,0.0,5,56,1
22508,262,11,2,2,7111,4100,1.0,3.0,7,1,1.0,1,36,1,7,13, , ,3,1,2.0,2021.0, ,3.0,Empleado_Informal,12.5,12.5,0.0,7,41,1
22508,265,11,1,2,8322,4922,1.0,2.0,7,1,1.0,1,28,6,7,13, , ,3,1,10.0,2019.0, ,5.0,Empleado_Informal,12.5,12.5,0.0,8,49,1
22508,265,11,2,2,5131,5610,0.0,8.0,7,1,1.0,2,26,6,6,13, , , ,1,10.0,2019.0, ,5.0,Empleado_Informal,11.0,11.0,0.0,5,56,1
22538,263,11,1,2,5131,5610,1.0,4.0,7,1,1.0,2,27,6,7,13, , ,3,2,11.0,2020.0, ,4.0,Empleado_Informal,12.5,12.5,0.0,5,56,1
22538,267,11,1,2,,,0.0,0.0, ,2,,2,24,1,6,13, , , ,1,6.0,2021.0,0,3.0,Desempleado,11.0,11.0,0.0,,,0
22538,267,11,2,2,5141,9602,0.0,11.0,7,1,1.0,1,27,1,7,13, , ,3,1,4.0,2021.0, ,3.0,Empleado_Informal,12.5,12.5,0.0,5,96,1
22538,274,11,1,2,4224,9311,0.0,8.0,7,1,1.0,2,32,5,8,13,1,2,3,1,8.0,2020.0, ,4.0,Empleado_Informal,14.0,14.0,0.0,4,93,1
22568,269,11,1,2,9122,4520,6.0,0.0,7,1,1.0,1,32,1,3,13, , , ,2,7.0,2020.0,1,4.0,Empleado_Informal,4.5,4.5,0.0,9,45,1
22568,269,11,2,2,9122,4520,0.0,3.0,7,1,1.0,2,26,1,5,13, , , ,6,7.0,2022.0, ,2.0,Empleado_Informal,10.0,10.0,0.0,9,45,1
22568,270,11,1,2,7421,9522,2.0,0.0, ,1,1.0,1,35,1,6,13, , , ,7,5.0,2019.0, ,5.0,Empleado_Informal,11.0,11.0,0.0,7,95,1
22568,270,11,2,2,5131,5610,0.0,4.0,7,1,1.0,2,25,1,6,13, , , ,2,8.0,2019.0, ,5.0,Empleado_Informal,11.0,11.0,0.0,5,56,1
22568,271,11,1,2,7231,4923,6.0,0.0,2,1,2.0,1,34,1,4,13, , , ,2,9.0,2018.0, ,6.0,Empleado_Formal,9.0,9.0,0.0,7,49,1
22568,271,11,2,2,,,0.0,0.0, ,2,,2,35,1,9,9, , ,3,2,6.0,2022.0, ,2.0,Desempleado,13.5,13.5,0.0,,,0
22597,280,11,1,1,3122,1079,1.0,0.0,2,1,1.0,1,25,1,1,6, , ,1,,,,,,Empleado_Informal,0.0,11.0,-11.0,3,10,1
22597,283,11,1,2,8321,4922,4.0,0.0, ,1,1.0,1,25,1,5,13, , , ,9,9.0,2019.0,1,5.0,Empleado_Informal,10.0,10.0,0.0,8,49,1
22597,284,11,1,2,8321,4922,5.0,0.0, ,1,1.0,1,25,1,5,13, , , ,2,10.0,2018.0, ,6.0,Empleado_Informal,10.0,10.0,0.0,8,49,1
22746,311,11,1,2,8321,4922,4.0,2.0, ,1,1.0,1,33,1,10,13,1,2,3,2,12.0,2017.0,1,7.0,Empleado_Informal,16.0,16.0,0.0,8,49,1
22746,312,11,1,2,8321,4922,6.0,0.0, ,1,1.0,1,40,2,10,13,1,2,3,2,9.0,2017.0,1,7.0,Empleado_Informal,16.0,16.0,0.0,8,49,1
22746,313,11,1,2,7231,4520,0.0,3.0,7,1,1.0,1,33,1,5,13, , , ,2,2.0,2019.0, ,5.0,Empleado_Informal,10.0,10.0,0.0,7,45,1
22746,313,11,2,2,5131,5610,0.0,1.0,7,1,1.0,2,20,1,5,13, , , ,1,12.0,2020.0, ,4.0,Empleado_Informal,10.0,10.0,0.0,5,56,1
22776,317,11,1,2,9333,4752,2.0,7.0,7,1,1.0,1,27,6,6,13, , , ,2,8.0,2018.0, ,6.0,Empleado_Informal,11.0,11.0,0.0,9,47,1
22776,317,11,2,2,9313,4100,1.0,9.0,7,1,1.0,1,31,6,5,13, , , ,1,4.0,2022.0, ,2.0,Empleado_Informal,10.0,10.0,0.0,9,41,1
22776,318,11,1,2,9622,5221,1.0,2.0,7,1,1.0,1,35,5,5,13, , , ,9,11.0,2021.0,0,3.0,Empleado_Informal,10.0,10.0,0.0,9,52,1
22776,322,11,2,1,8322,4922,1.0,2.0, ,1,1.0,1,34,1,1,6, , ,1,,,,,,Empleado_Informal,0.0,11.0,-11.0,8,49,1
22806,324,11,1,2,8331,4921,3.0,0.0, ,1,1.0,1,39,6,10,13,1,2,3,2,8.0,2019.0, ,5.0,Empleado_Informal,16.0,16.0,0.0,8,49,1
22806,327,11,1,2,7231,4520,0.0,1.0,7,1,1.0,1,26,1,10,13,1,2,3,2,2.0,2023.0, ,1.0,Empleado_Informal,16.0,16.0,0.0,7,45,1
22806,327,11,2,2,7352,1410,0.0,4.0,7,1,1.0,2,24,1,6,13, , , ,1,2.0,2024.0, ,0.0,Empleado_Informal,11.0,11.0,0.0,7,14,1
22806,328,11,1,2,5141,9602,0.0,4.0,7,1,1.0,1,28,1,6,13, , , ,1,11.0,2022.0,0,2.0,Empleado_Informal,11.0,11.0,0.0,5,96,1
22835,330,11,1,2,9621,4923,0.0,2.0, ,1,1.0,1,25,6,5,13, , , ,2,2.0,2023.0, ,1.0,Empleado_Informal,10.0,10.0,0.0,9,49,1
22835,331,11,1,2,9122,4520,0.0,3.0,7,1,1.0,1,32,1,5,13, , , ,1,3.0,2021.0, ,3.0,Empleado_Informal,10.0,10.0,0.0,9,45,1
22835,331,11,2,2,5131,5610,0.0,1.0,7,1,1.0,2,26,1,9,13, , ,3,1,3.0,2021.0, ,3.0,Empleado_Informal,13.5,13.5,0.0,5,56,1
22835,332,11,1,2,5212,4752,3.0,0.0,2,1,1.0,1,51,2,10,13,1,2,3,2,8.0,2018.0, ,6.0,Empleado_Informal,16.0,16.0,0.0,5,47,1
22835,332,11,2,2,2341,8510,6.0,0.0,2,1,1.0,2,40,2,10,13,1,2,3,2,3.0,2017.0, ,7.0,Empleado_Informal,16.0,16.0,0.0,2,85,1
22984,364,11,1,2,5213,4781,5.0,0.0,7,1,1.0,1,26,1,6,13, , , ,2,4.0,2018.0,1,6.0,Empleado_Informal,11.0,11.0,0.0,5,47,1
22984,364,11,2,1,5211,4630,10.0,0.0,7,1,1.0,2,24,1,1,8, , ,0,,,,,,Empleado_Informal,0.0,14.0,-14.0,5,46,1
22984,365,11,1,2,9622,9312,1.0,0.0,2,1,2.0,1,33,1,3,13, , , ,2,12.0,2021.0, ,3.0,Empleado_Formal,4.5,4.5,0.0,9,93,1
22984,366,11,1,2,9629,8130,2.0,0.0,2,1,1.0,1,49,1,4,13, , , ,2,11.0,2022.0, ,2.0,Empleado_Informal,9.0,9.0,0.0,9,81,1
23014,366,11,1,1,5212,4771,2.0,0.0,7,1,1.0,1,33,1,1,7, , ,0,,,,,,Empleado_Informal,0.0,12.5,-12.5,5,47,1
23014,366,11,2,2,5142,9602,5.0,0.0, ,1,1.0,2,38,1,6,13, , , ,2,8.0,2018.0, ,6.0,Empleado_Informal,11.0,11.0,0.0,5,96,1
23014,366,11,3,2,3521,7310,2.0,0.0,7,1,1.0,1,20,6,5,13, , , ,2,1.0,2020.0, ,4.0,Empleado_Informal,10.0,10.0,0.0,3,73,1
23014,366,11,4,2,3521,7310,1.0,6.0,7,1,1.0,1,18,6,5,5, , , ,2,1.0,2020.0, ,4.0,Empleado_Informal,10.0,8.5,1.5,3,73,1
23014,368,11,1,2,9629,8130,0.0,1.0,7,1,1.0,1,53,2,6,13, , , ,9,11.0,2023.0, ,1.0,Empleado_Informal,11.0,11.0,0.0,9,81,1
23014,368,11,2,2,,,0.0,0.0, ,3,,2,55,2,5,13, , , ,9,5.0,2023.0, ,1.0,Desempleado,10.0,10.0,0.0,,,0
23014,368,11,3,2,9321,8292,0.0,6.0,2,1,1.0,1,31,2,6,13, , , ,2,1.0,2022.0,0,2.0,Empleado_Informal,11.0,11.0,0.0,9,82,1
23014,370,11,1,2,7111,4100,7.0,0.0, ,1,2.0,1,42,1,8,13,1,2,3,2,4.0,2018.0, ,6.0,Empleado_Formal,14.0,14.0,0.0,7,41,1
23014,370,11,2,2,5311,8890,1.0,0.0,5,1,1.0,2,37,1,8,13,1,2,3,2,9.0,2019.0, ,5.0,Empleado_Informal,14.0,14.0,0.0,5,88,1
23044,372,11,2,2,5211,4630,1.0,6.0,7,1,1.0,1,26,1,9,13, , ,3,9,1.0,2022.0,1,2.0,Empleado_Informal,13.5,13.5,0.0,5,46,1
23044,377,11,1,2,7231,4540,2.0,0.0,7,1,1.0,1,37,1,6,13, , , ,2,11.0,2021.0, ,3.0,Empleado_Informal,11.0,11.0,0.0,7,45,1
23044,377,11,2,2,7354,1410,1.0,6.0,7,1,1.0,2,35,1,5,13, , , ,2,11.0,2021.0, ,3.0,Empleado_Informal,10.0,10.0,0.0,7,14,1
23192,403,11,1,2,5131,5610,0.0,10.0,7,1,1.0,2,26,6,5,13, , , ,9,11.0,2019.0, ,5.0,Empleado_Informal,10.0,10.0,0.0,5,56,1
23192,404,11,1,2,5142,9602,2.0,8.0,7,1,1.0,2,30,6,6,13, , , ,1,9.0,2021.0,0,3.0,Empleado_Informal,11.0,11.0,0.0,5,96,1
23192,404,11,2,2,5212,4752,1.0,4.0,7,1,1.0,1,27,6,6,13, , , ,1,9.0,2021.0, ,3.0,Empleado_Informal,11.0,11.0,0.0,5,47,1
23192,405,11,1,2,3215,3250,6.0,0.0, ,1,1.0,1,43,1,5,13, , , ,2,1.0,2018.0,1,6.0,Empleado_Informal,10.0,10.0,0.0,3,32,1
23192,405,11,2,2,9111,9700,1.0,6.0,7,1,1.0,2,36,1,10,13,1,2,3,2,9.0,2018.0,1,6.0,Empleado_Informal,16.0,16.0,0.0,9,97,1
23222,409,11,1,2,9621,4923,2.0,0.0, ,1,1.0,1,27,1,6,13, , , ,2,1.0,2020.0,1,4.0,Empleado_Informal,11.0,11.0,0.0,9,49,1
23222,409,11,2,2,5131,5610,0.0,7.0,7,1,1.0,2,27,1,6,13, , , ,2,6.0,2021.0, ,3.0,Empleado_Informal,11.0,11.0,0.0,5,56,1
23222,410,11,1,2,5211,4663,4.0,0.0,7,1,1.0,1,43,4,5,13, , , ,6,7.0,2018.0,1,6.0,Empleado_Informal,10.0,10.0,0.0,5,46,1
23222,410,11,2,2,5212,4752,1.0,0.0,7,1,1.0,1,19,6,5,13, , , ,1,6.0,2018.0, ,6.0,Empleado_Informal,10.0,10.0,0.0,5,47,1
23222,410,11,3,2,5212,4771,0.0,6.0,7,1,1.0,1,36,6,6,13, , , ,1,6.0,2018.0, ,6.0,Empleado_Informal,11.0,11.0,0.0,5,47,1
23222,410,11,4,2,9333,4752,2.0,0.0,7,1,1.0,1,20,6,6,13, , , ,1,6.0,2018.0, ,6.0,Empleado_Informal,11.0,11.0,0.0,9,47,1
23222,412,11,1,2,3259,8620,3.0,0.0,7,1,1.0,2,30,5,9,13, , ,3,2,2.0,2018.0, ,6.0,Empleado_Informal,13.5,13.5,0.0,3,86,1
23222,412,11,3,2,5213,4789,0.0,10.0,7,1,1.0,2,22,5,6,13, , , ,1,6.0,2021.0, ,3.0,Empleado_Informal,11.0,11.0,0.0,5,47,1
23312,426,11,1,2,9621,4923,4.0,0.0, ,1,1.0,1,28,6,10,13,1,2,3,2,6.0,2019.0, ,5.0,Empleado_Informal,16.0,16.0,0.0,9,49,1
23312,427,11,1,2,3322,1010,5.0,6.0,7,1,1.0,2,43,6,8,13,2, ,3,2,4.0,2018.0,0,6.0,Empleado_Informal,14.0,14.0,0.0,3,10,1
23312,427,11,2,2,9112,4100,4.0,0.0,7,1,1.0,2,35,5,6,13, , , ,2,4.0,2018.0,0,6.0,Empleado_Informal,11.0,11.0,0.0,9,41,1
23312,435,11,1,2,2221,8610,5.0,0.0,7,1,1.0,2,37,6,10,13,1,2,3,2,3.0,2018.0, ,6.0,Empleado_Informal,16.0,16.0,0.0,2,86,1
23312,435,11,2,2,5329,8610,4.0,0.0,7,1,1.0,2,39,6,10,13,1,2,3,2,12.0,2019.0, ,5.0,Empleado_Informal,16.0,16.0,0.0,5,86,1
23579,486,11,1,2,4110,7500,5.0,0.0,2,1,2.0,1,45,2,8,13,1,2,3,2,10.0,2008.0,1,16.0,Empleado_Formal,14.0,14.0,0.0,4,75,1
23579,490,11,2,2,3126,8220,0.0,8.0,2,1,1.0,2,34,6,10,13,1,2,3,2,6.0,2019.0, ,5.0,Empleado_Informal,16.0,16.0,0.0,3,82,1
23579,491,11,1,2,5142,9602,5.0,6.0, ,1,1.0,2,33,6,7,13, , ,3,2,9.0,2018.0,0,6.0,Empleado_Informal,12.5,12.5,0.0,5,96,1
23579,491,11,2,2,9621,4772,1.0,0.0,7,1,1.0,1,37,6,7,13, , ,3,2,9.0,2018.0,0,6.0,Empleado_Informal,12.5,12.5,0.0,9,47,1
23609,494,11,1,2,9622,6810,3.0,0.0,2,1,1.0,1,37,1,8,13,2, ,3,2,,2018.0,0,6.0,Empleado_Informal,14.0,14.0,0.0,9,68,1
23609,494,11,2,2,2341,8510,2.0,0.0,2,1,1.0,2,36,1,10,13,1,1,3,2,5.0,2019.0,1,5.0,Empleado_Informal,16.0,16.0,0.0,2,85,1
23609,495,11,1,2,9621,4923,0.0,7.0, ,1,1.0,1,38,1,6,13, , , ,2,4.0,2016.0,1,8.0,Empleado_Informal,11.0,11.0,0.0,9,49,1
23609,497,11,1,2,9111,9700,1.0,10.0,7,1,1.0,2,42,1,5,13, , , ,2,8.0,2018.0,0,6.0,Empleado_Informal,10.0,10.0,0.0,9,97,1
23609,497,11,2,2,9621,4923,1.0,1.0, ,1,1.0,1,47,1,6,13, , , ,2,8.0,2018.0, ,6.0,Empleado_Informal,11.0,11.0,0.0,9,49,1
23609,497,11,3,2,9111,9700,1.0,0.0,7,1,1.0,2,22,6,5,13, , , ,2,11.0,2018.0, ,6.0,Empleado_Informal,10.0,10.0,0.0,9,97,1
23639,497,11,1,2,5131,5610,2.0,0.0,7,1,1.0,2,42,6,6,13, , , ,1,8.0,2021.0, ,3.0,Empleado_Informal,11.0,11.0,0.0,5,56,1
23639,504,11,1,2,8321,4922,1.0,0.0, ,1,1.0,1,27,6,6,13, , , ,1,8.0,2021.0,1,3.0,Empleado_Informal,11.0,11.0,0.0,8,49,1
23639,509,11,1,2,8321,4922,1.0,0.0, ,1,1.0,1,22,1,6,13, , , ,2,11.0,2022.0, ,2.0,Empleado_Informal,11.0,11.0,0.0,8,49,1
23639,509,11,2,2,5212,4722,0.0,3.0,7,1,1.0,2,21,1,6,13, , , ,2,10.0,2023.0, ,1.0,Empleado_Informal,11.0,11.0,0.0,5,47,1
23669,503,11,1,2,5142,9602,1.0,0.0, ,1,1.0,2,32,1,6,13, , , ,9,11.0,2023.0, ,1.0,Empleado_Informal,11.0,11.0,0.0,5,96,1
23669,503,11,2,2,9313,4100,1.0,5.0,7,1,1.0,1,39,1,6,13, , , ,2,5.0,2023.0, ,1.0,Empleado_Informal,11.0,11.0,0.0,9,41,1
23669,505,11,1,2,5211,4641,1.0,0.0,7,1,1.0,2,34,6,8,13,1,2,3,2,2.0,2022.0, ,2.0,Empleado_Informal,14.0,14.0,0.0,5,46,1
23669,505,11,3,1,9535,4799,2.0,0.0, ,1,1.0,2,57,6,3,3, , , ,,,,,,Empleado_Informal,4.5,3.0,1.5,9,47,1
24055,588,11,1,2,7111,4100,3.0,0.0, ,1,1.0,1,53,1,5,13, , , ,2,6.0,2018.0,0,6.0,Empleado_Informal,10.0,10.0,0.0,7,41,1
24055,588,11,2,2,9111,9700,0.0,2.0,7,1,1.0,2,50,1,10,13,1,2,3,2,7.0,2019.0, ,5.0,Empleado_Informal,16.0,16.0,0.0,9,97,1
24055,589,11,1,2,8160,1079,4.0,9.0,2,1,2.0,1,32,6,6,13, , , ,2,6.0,2018.0, ,6.0,Empleado_Formal,11.0,11.0,0.0,8,10,1
24055,605,11,1,2,5141,9602,4.0,0.0, ,1,1.0,1,33,1,6,13, , , ,2,8.0,2020.0, ,4.0,Empleado_Informal,11.0,11.0,0.0,5,96,1
24085,601,11,1,2,5120,5610,2.0,10.0,7,1,1.0,1,51,2,4,13, , , ,2,7.0,2018.0, ,6.0,Empleado_Informal,9.0,9.0,0.0,5,56,1
24085,601,11,2,2,9112,8121,0.0,11.0, ,1,1.0,2,42,2,9,13, , ,3,2,11.0,2021.0, ,3.0,Empleado_Informal,13.5,13.5,0.0,9,81,1
24085,601,11,3,2,9622,9499,0.0,2.0,2,1,1.0,1,20,6,6,13, , , ,2,11.0,2021.0, ,3.0,Empleado_Informal,11.0,11.0,0.0,9,94,1
24085,602,11,1,2,5211,4630,4.0,3.0,2,1,2.0,1,35,6,6,13, , , ,2,3.0,2022.0, ,2.0,Empleado_Formal,11.0,11.0,0.0,5,46,1
24085,603,11,1,2,7127,4322,0.0,8.0,7,1,1.0,1,26,2,6,13, , , ,2,3.0,2023.0, ,1.0,Empleado_Informal,11.0,11.0,0.0,7,43,1
24085,603,11,2,2,5212,4771,0.0,4.0, ,1,1.0,2,21,2,8,13,1,2,3,2,3.0,2023.0,0,1.0,Empleado_Informal,14.0,14.0,0.0,5,47,1
24174,619,11,1,2,8322,4922,2.0,0.0, ,1,1.0,1,40,6,10,13,1,2,3,2,12.0,2017.0, ,7.0,Empleado_Informal,16.0,16.0,0.0,8,49,1
24174,620,11,1,2,5312,8890,2.0,2.0,7,1,1.0,2,44,6,10,13,1,2,3,1,10.0,2019.0, ,5.0,Empleado_Informal,16.0,16.0,0.0,5,88,1
24174,627,11,1,2,9411,5610,0.0,8.0,7,1,1.0,2,22,6,5,13, , , ,2,12.0,2019.0, ,5.0,Empleado_Informal,10.0,10.0,0.0,9,56,1
24174,627,11,2,2,9411,5610,6.0,2.0, ,1,1.0,2,50,6,10,13,1,2,3,2,3.0,2017.0, ,7.0,Empleado_Informal,16.0,16.0,0.0,9,56,1
24204,624,11,1,2,9411,5610,2.0,2.0, ,1,2.0,2,31,1,10,13,1,2,3,2,9.0,2021.0, ,3.0,Empleado_Formal,16.0,16.0,0.0,9,56,1
24204,624,11,2,2,5212,4741,0.0,11.0,7,1,1.0,1,35,1,6,13, , , ,1,9.0,2021.0,1,3.0,Empleado_Informal,11.0,11.0,0.0,5,47,1
24204,625,11,1,2,7212,4100,7.0,0.0,7,1,1.0,1,47,1,5,13, , , ,2,2.0,2018.0, ,6.0,Empleado_Informal,10.0,10.0,0.0,7,41,1
24204,625,11,2,2,2221,8620,2.0,3.0,7,1,1.0,2,44,1,10,13,1,1,3,2,12.0,2017.0,1,7.0,Empleado_Informal,16.0,16.0,0.0,2,86,1
24204,626,11,1,2,3124,9499,5.0,2.0,1,1,2.0,1,42,2,10,13,1,1,3,2,8.0,2017.0, ,7.0,Empleado_Formal,16.0,16.0,0.0,3,94,1
24204,626,11,2,2,,,0.0,0.0, ,2,,2,42,2,10,13,2, ,3,2,4.0,2018.0, ,6.0,Desempleado,16.0,16.0,0.0,,,0
24204,626,11,3,2,9622,8010,3.0,0.0,7,1,1.0,1,23,6,5,6, , ,1,2,4.0,2018.0, ,6.0,Empleado_Informal,10.0,11.0,-1.0,9,80,1
24234,631,11,1,2,9535,4799,0.0,2.0,7,1,1.0,2,39,1,6,13, , , ,9,5.0,2024.0,1,0.0,Empleado_Informal,11.0,11.0,0.0,9,47,1
24234,631,11,2,2,4321,2220,0.0,1.0,7,1,1.0,1,31,1,6,13, , , ,9,5.0,2024.0,0,0.0,Empleado_Informal,11.0,11.0,0.0,4,22,1
24234,631,11,3,2,4321,2220,0.0,1.0,7,1,1.0,1,24,6,5,13, , , ,9,3.0,2024.0,1,0.0,Empleado_Informal,10.0,10.0,0.0,4,22,1
24234,631,11,4,2,9535,4799,0.0,2.0,7,1,1.0,2,17,6,5,13, , , ,9,5.0,2024.0,1,0.0,Empleado_Informal,10.0,10.0,0.0,9,47,1
24234,632,11,1,2,9629,9609,0.0,1.0,7,1,1.0,2,32,1,3,13, , , ,2,10.0,2022.0,0,2.0,Empleado_Informal,4.5,4.5,0.0,9,96,1
24234,632,11,2,1,8322,4922,2.0,3.0,2,1,2.0,1,34,1,1,6, , ,1,,,,,,Empleado_Formal,0.0,11.0,-11.0,8,49,1
24234,632,11,3,2,9313,4100,5.0,0.0,7,1,1.0,1,15,6,3,13, , , ,2,12.0,2019.0, ,5.0,Empleado_Informal,4.5,4.5,0.0,9,41,1
24234,632,11,7,2,7212,4100,0.0,1.0,7,1,1.0,1,21,6,5,13, , , ,9,10.0,2024.0, ,0.0,Empleado_Informal,10.0,10.0,0.0,7,41,1
24234,633,11,1,2,5212,4721,0.0,2.0,7,1,1.0,1,48,3,10,13,1,2,3,2,3.0,2022.0,1,2.0,Empleado_Informal,16.0,16.0,0.0,5,47,1
24234,633,11,2,2,,,0.0,0.0, ,3,,1,15,6,4,13, , , ,1,8.0,2023.0, ,1.0,Desempleado,9.0,9.0,0.0,,,0
24264,639,11,1,2,9411,5610,3.0,0.0, ,1,1.0,2,52,6,5,13, , , ,2,2.0,2019.0, ,5.0,Empleado_Informal,10.0,10.0,0.0,9,56,1
24264,643,11,1,2,8343,1030,0.0,4.0,2,1,2.0,1,40,1,6,13, , , ,2,9.0,2017.0,0,7.0,Empleado_Formal,11.0,11.0,0.0,8,10,1
24264,644,11,1,2,9112,5610,0.0,8.0,7,1,1.0,2,31,1,8,13,1,2,3,2,2.0,2019.0,0,5.0,Empleado_Informal,14.0,14.0,0.0,9,56,1
24264,644,11,2,2,9412,5610,0.0,1.0,7,1,1.0,1,31,1,9,13, , ,3,2,9.0,2018.0,0,6.0,Empleado_Informal,13.5,13.5,0.0,9,56,1
24293,644,11,1,2,8331,4921,2.0,0.0,7,1,1.0,1,41,1,6,13, , , ,2,8.0,2018.0,0,6.0,Empleado_Informal,11.0,11.0,0.0,8,49,1
24293,644,11,2,2,9411,5610,0.0,4.0, ,1,1.0,2,39,1,8,13,1,2,3,2,6.0,2019.0,1,5.0,Empleado_Informal,14.0,14.0,0.0,9,56,1
24293,644,11,3,2,9411,5610,0.0,6.0, ,1,1.0,1,22,6,6,13, , , ,2,9.0,2021.0, ,3.0,Empleado_Informal,11.0,11.0,0.0,9,56,1
24293,644,11,4,2,7513,1071,0.0,4.0, ,1,1.0,2,15,6,3,5, , , ,2,6.0,2019.0,0,5.0,Empleado_Informal,4.5,8.5,-4.0,7,10,1
24293,649,11,1,2,3322,4759,2.0,0.0,7,1,1.0,1,26,1,6,13, , , ,2,11.0,2017.0, ,7.0,Empleado_Informal,11.0,11.0,0.0,3,47,1
24293,649,11,4,2,3322,4759,2.0,0.0,7,1,1.0,1,26,1,6,13, , , ,2,2.0,2023.0, ,1.0,Empleado_Informal,11.0,11.0,0.0,3,47,1
24293,658,11,1,2,3322,4791,2.0,0.0,2,1,2.0,2,38,2,10,13,2, ,3,2,4.0,2018.0, ,6.0,Empleado_Formal,16.0,16.0,0.0,3,47,1
24323,656,11,1,2,9411,5610,5.0,0.0, ,1,1.0,2,44,6,9,13, , ,3,2,12.0,2018.0,0,6.0,Empleado_Informal,13.5,13.5,0.0,9,56,1
24323,662,11,1,2,2341,8510,3.0,0.0,2,1,1.0,1,33,1,8,13,2, ,3,2,3.0,2017.0, ,7.0,Empleado_Informal,14.0,14.0,0.0,2,85,1
24323,662,11,2,2,2341,8510,1.0,0.0,2,1,1.0,2,39,1,10,13,1,2,3,2,3.0,2017.0, ,7.0,Empleado_Informal,16.0,16.0,0.0,2,85,1
24323,663,11,1,2,8331,4663,2.0,0.0,7,1,1.0,1,33,6,6,13, , , ,2,7.0,2018.0,0,6.0,Empleado_Informal,11.0,11.0,0.0,8,46,1
24353,656,11,1,2,9122,4520,0.0,1.0,7,1,1.0,1,26,1,6,13, , , ,1,3.0,2023.0,0,1.0,Empleado_Informal,11.0,11.0,0.0,9,45,1
24353,656,11,2,2,9412,5610,0.0,3.0,7,1,1.0,2,24,1,5,13, , , ,1,3.0,2023.0,1,1.0,Empleado_Informal,10.0,10.0,0.0,9,56,1
24353,657,11,2,2,9629,4100,0.0,1.0,2,1,2.0,1,33,1,4,13, , , ,2,7.0,2021.0,1,3.0,Empleado_Formal,9.0,9.0,0.0,9,41,1
24353,658,11,1,2,7212,2592,3.0,0.0, ,1,1.0,1,61,2,4,13, , , ,2,8.0,2018.0, ,6.0,Empleado_Informal,9.0,9.0,0.0,7,25,1
24353,658,11,3,2,5131,5610,1.0,9.0,2,1,1.0,2,20,6,3,6, , ,1,2,8.0,2018.0, ,6.0,Empleado_Informal,4.5,11.0,-6.5,5,56,1
24383,662,11,1,2,8321,4922,1.0,3.0, ,1,1.0,1,51,5,7,13, , ,3,2,4.0,2021.0, ,3.0,Empleado_Informal,12.5,12.5,0.0,8,49,1
24383,665,11,1,2,3314,6910,1.0,3.0,2,1,1.0,1,38,6,8,13,1,2,3,2,4.0,2022.0, ,2.0,Empleado_Informal,14.0,14.0,0.0,3,69,1
24383,666,11,1,2,5131,5610,0.0,10.0,2,1,1.0,2,30,1,8,13,1,2,3,2,2.0,2018.0, ,6.0,Empleado_Informal,14.0,14.0,0.0,5,56,1
24383,666,11,2,2,5120,5610,2.0,0.0,2,1,1.0,1,32,1,8,13,1,2,3,2,2.0,2018.0, ,6.0,Empleado_Informal,14.0,14.0,0.0,5,56,1
24412,668,11,1,2,5131,5610,1.0,7.0,7,1,1.0,2,25,6,7,13, , ,3,1,8.0,2022.0, ,2.0,Empleado_Informal,12.5,12.5,0.0,5,56,1
24412,669,11,1,2,5212,4772,0.0,10.0,7,1,1.0,2,23,1,6,13, , , ,1,1.0,2021.0,0,3.0,Empleado_Informal,11.0,11.0,0.0,5,47,1
24412,669,11,2,2,9122,4520,1.0,2.0,7,1,1.0,1,25,1,6,13, , , ,1,1.0,2021.0, ,3.0,Empleado_Informal,11.0,11.0,0.0,9,45,1
24412,673,11,2,2,5212,4752,1.0,8.0,7,1,1.0,1,34,6,7,13, , ,3,1,6.0,2019.0, ,5.0,Empleado_Informal,12.5,12.5,0.0,5,47,1
24442,675,11,1,2,,,0.0,0.0, ,2,,2,27,1,6,13, , , ,2,6.0,2021.0,0,3.0,Desempleado,11.0,11.0,0.0,,,0
24442,675,11,2,2,7212,2511,1.0,2.0,7,1,1.0,1,34,1,8,13,1,2,3,2,6.0,2021.0, ,3.0,Empleado_Informal,14.0,14.0,0.0,7,25,1
24442,676,11,1,2,7111,4100,1.0,4.0,7,1,1.0,1,42,1,7,13, , ,3,1,4.0,2019.0, ,5.0,Empleado_Informal,12.5,12.5,0.0,7,41,1
24442,677,11,1,2,7231,4520,0.0,8.0,7,1,1.0,1,28,6,6,13, , , ,1,10.0,2021.0, ,3.0,Empleado_Informal,11.0,11.0,0.0,7,45,1
24472,681,11,1,2,5212,4772,5.0,6.0,7,1,1.0,2,41,2,6,13, , , ,2,5.0,2019.0, ,5.0,Empleado_Informal,11.0,11.0,0.0,5,47,1
24472,681,11,2,2,8332,4630,5.0,0.0,7,1,1.0,1,47,2,3,13, , , ,2,5.0,2022.0, ,2.0,Empleado_Informal,4.5,4.5,0.0,8,46,1
24472,681,11,3,2,9621,4630,1.0,6.0,7,1,1.0,1,28,1,4,13, , , ,2,4.0,2023.0, ,1.0,Empleado_Informal,9.0,9.0,0.0,9,46,1
24472,681,11,4,2,7354,1410,0.0,6.0,7,1,1.0,2,24,1,5,13, , , ,2,1.0,2024.0, ,0.0,Empleado_Informal,10.0,10.0,0.0,7,14,1
24472,682,11,1,2,,,0.0,0.0, ,2,,1,31,2,6,13, , , ,2,10.0,2018.0, ,6.0,Desempleado,11.0,11.0,0.0,,,0
24472,683,11,1,2,7111,4100,17.0,0.0, ,1,1.0,1,39,1,5,13, , , ,6,9.0,2018.0, ,6.0,Empleado_Informal,10.0,10.0,0.0,7,41,1
24502,686,11,1,2,7128,4330,2.0,6.0, ,1,1.0,1,34,6,10,13,1,2,3,9,8.0,2021.0, ,3.0,Empleado_Informal,16.0,16.0,0.0,7,43,1
24502,687,11,1,2,5311,8790,2.0,0.0,2,1,1.0,2,32,2,10,13,1,2,3,9,5.0,2023.0, ,1.0,Empleado_Informal,16.0,16.0,0.0,5,87,1
24502,689,11,1,2,7354,1410,0.0,3.0,7,1,1.0,2,38,6,6,13, , , ,1,2.0,2023.0, ,1.0,Empleado_Informal,11.0,11.0,0.0,7,14,1
24502,689,11,2,2,7322,3100,0.0,9.0,7,1,1.0,1,19,6,5,5, , , ,9,2.0,2023.0, ,1.0,Empleado_Informal,10.0,8.5,1.5,7,31,1
24502,689,11,3,2,7128,4330,0.0,11.0,7,1,1.0,1,18,6,5,13, , , ,9,7.0,2022.0, ,2.0,Empleado_Informal,10.0,10.0,0.0,7,43,1
24502,689,11,4,2,4321,2592,0.0,2.0,7,1,1.0,1,16,6,4,13, , , ,9,6.0,2021.0,1,3.0,Empleado_Informal,9.0,9.0,0.0,4,25,1
24531,692,11,1,2,7231,4520,2.0,0.0,7,1,1.0,1,32,6,9,13, , ,3,1,8.0,2022.0, ,2.0,Empleado_Informal,13.5,13.5,0.0,7,45,1
24531,692,11,2,2,9112,8121,0.0,2.0, ,1,1.0,2,53,6,4,4, , , ,9,7.0,2023.0, ,1.0,Empleado_Informal,9.0,6.0,3.0,9,81,1
24531,692,11,3,2,9511,4799,6.0,0.0, ,1,1.0,2,32,6,9,9, , ,3,2,6.0,2018.0, ,6.0,Empleado_Informal,13.5,13.5,0.0,9,47,1
24531,698,11,1,2,4321,4752,1.0,7.0,2,1,1.0,1,24,1,5,5, , , ,9,6.0,2023.0, ,1.0,Empleado_Informal,10.0,8.5,1.5,4,47,1
24531,698,11,2,2,9111,9700,0.0,4.0,7,1,1.0,2,22,1,5,5, , , ,9,5.0,2023.0, ,1.0,Empleado_Informal,10.0,8.5,1.5,9,97,1
24531,701,11,1,2,3332,9000,4.0,0.0, ,1,1.0,1,41,2,10,13,1,2,3,2,6.0,2018.0,0,6.0,Empleado_Informal,16.0,16.0,0.0,3,90,1
24531,701,11,2,2,3332,9000,4.0,0.0, ,1,1.0,2,37,2,10,13,1,2,3,2,6.0,2018.0, ,6.0,Empleado_Informal,16.0,16.0,0.0,3,90,1
24531,701,11,3,2,9629,9000,0.0,6.0,7,1,1.0,2,19,6,5,6, , ,1,2,3.0,2017.0,0,7.0,Empleado_Informal,10.0,11.0,-1.0,9,90,1
24561,700,11,1,2,9411,5610,0.0,1.0, ,1,1.0,2,55,2,5,13, , , ,2,12.0,2020.0, ,4.0,Empleado_Informal,10.0,10.0,0.0,9,56,1
24561,700,11,2,2,9629,7500,4.0,0.0,7,1,1.0,1,27,6,10,13,2, ,3,2,5.0,2021.0, ,3.0,Empleado_Informal,16.0,16.0,0.0,9,75,1
24561,704,11,1,3,7129,3100,7.0,0.0,7,1,1.0,1,24,1,6,13, , , ,9,9.0,2018.0, ,6.0,Empleado_Informal,11.0,11.0,0.0,7,31,1
24561,704,11,2,2,5142,9602,0.0,1.0, ,1,1.0,2,25,1,6,13, , , ,2,10.0,2018.0, ,6.0,Empleado_Informal,11.0,11.0,0.0,5,96,1
24591,704,11,1,2,5212,4721,1.0,9.0,7,1,1.0,2,36,2,7,13, , ,3,9,2.0,2021.0, ,3.0,Empleado_Informal,12.5,12.5,0.0,5,47,1
24591,704,11,2,2,9622,9499,3.0,7.0,7,1,1.0,1,39,2,7,13, , ,3,1,6.0,2020.0, ,4.0,Empleado_Informal,12.5,12.5,0.0,9,94,1
24591,705,11,2,1,7231,4520,2.0,9.0,7,1,1.0,1,32,1,1,8, , ,0,,,,,,Empleado_Informal,0.0,14.0,-14.0,7,45,1
24591,706,11,1,2,7322,3100,3.0,0.0,7,1,1.0,1,28,6,3,3, , , ,2,2.0,2019.0, ,5.0,Empleado_Informal,4.5,3.0,1.5,7,31,1
24621,710,11,1,2,9334,4921,0.0,3.0,7,1,1.0,2,42,1,5,13, , , ,2,9.0,2019.0,0,5.0,Empleado_Informal,10.0,10.0,0.0,9,49,1
24621,710,11,2,2,3258,8610,3.0,3.0,2,1,2.0,1,42,1,8,13,2, ,3,2,12.0,2019.0, ,5.0,Empleado_Formal,14.0,14.0,0.0,3,86,1
24621,711,11,1,2,9111,9700,1.0,0.0,7,1,1.0,2,34,1,9,13, , ,3,2,1.0,2019.0, ,5.0,Empleado_Informal,13.5,13.5,0.0,9,97,1
24621,711,11,2,2,5131,5610,1.0,4.0,7,1,1.0,1,36,1,6,13, , , ,2,8.0,2018.0, ,6.0,Empleado_Informal,11.0,11.0,0.0,5,56,1
24621,712,11,1,1,9112,8610,4.0,2.0,2,1,1.0,2,31,1,1,6, , ,1,,,,,,Empleado_Informal,0.0,11.0,-11.0,9,86,1
24621,712,11,2,2,9621,4630,0.0,9.0,7,1,1.0,1,29,1,5,13, , , ,9,2.0,2023.0,0,1.0,Empleado_Informal,10.0,10.0,0.0,9,46,1
24740,736,11,1,2,8322,4922,4.0,0.0, ,1,1.0,1,37,2,6,13, , , ,2,8.0,2018.0, ,6.0,Empleado_Informal,11.0,11.0,0.0,8,49,1
24740,736,11,2,2,9111,9700,6.0,0.0,7,1,1.0,2,36,2,10,13,1,2,3,2,10.0,2018.0, ,6.0,Empleado_Informal,16.0,16.0,0.0,9,97,1
24740,737,11,1,2,8331,4921,0.0,6.0,7,1,1.0,1,50,2,6,13, , , ,2,3.0,2023.0,0,1.0,Empleado_Informal,11.0,11.0,0.0,8,49,1
24740,737,11,2,2,9411,5610,1.0,0.0, ,1,1.0,2,57,2,6,13, , , ,2,6.0,2023.0,0,1.0,Empleado_Informal,11.0,11.0,0.0,9,56,1
24740,739,11,1,2,9411,5610,1.0,0.0, ,1,1.0,2,41,1,6,13, , , ,2,3.0,2018.0, ,6.0,Empleado_Informal,11.0,11.0,0.0,9,56,1
24740,739,11,2,2,9549,4799,3.0,0.0, ,1,1.0,1,42,1,8,13,1,2,3,2,10.0,2017.0, ,7.0,Empleado_Informal,14.0,14.0,0.0,9,47,1
24769,746,11,1,2,5312,8510,2.0,0.0,2,1,2.0,2,50,4,10,13,1,2,3,2,7.0,2018.0,0,6.0,Empleado_Formal,16.0,16.0,0.0,5,85,1
24769,746,11,2,2,4224,9602,1.0,0.0,7,1,1.0,2,26,6,8,13,1,2,3,2,6.0,2018.0, ,6.0,Empleado_Informal,14.0,14.0,0.0,4,96,1
24769,747,11,1,1,220,8423,8.0,0.0, ,1,2.0,1,31,1,1,6, , ,0,,,,,,Empleado_Formal,0.0,11.0,-11.0,2,84,1
24769,747,11,2,2,5245,1410,2.0,0.0,7,1,1.0,2,30,1,6,13, , , ,2,5.0,2018.0,0,6.0,Empleado_Informal,11.0,11.0,0.0,5,14,1
24769,749,11,1,2,9412,5630,0.0,2.0,7,1,1.0,2,31,1,6,13, , , ,2,2.0,2019.0, ,5.0,Empleado_Informal,11.0,11.0,0.0,9,56,1
24769,749,11,2,1,8331,4921,7.0,0.0,7,1,1.0,1,49,1,4,6, , ,1,,,,,,Empleado_Informal,9.0,11.0,-2.0,8,49,1
24799,749,11,1,2,5211,4630,0.0,10.0,2,1,1.0,1,25,6,7,13, , ,3,1,2.0,2021.0, ,3.0,Empleado_Informal,12.5,12.5,0.0,5,46,1
24799,750,11,2,2,7231,4520,1.0,10.0,7,1,1.0,1,33,1,8,13,1,2,3,1,7.0,2021.0, ,3.0,Empleado_Informal,14.0,14.0,0.0,7,45,1
24799,751,11,2,2,5245,1071,0.0,6.0,7,1,1.0,2,27,6,7,13, , ,3,1,9.0,2022.0, ,2.0,Empleado_Informal,12.5,12.5,0.0,5,10,1
24829,757,11,1,2,9121,1410,1.0,0.0,7,1,1.0,2,34,6,6,13, , , ,1,3.0,2020.0,1,4.0,Empleado_Informal,11.0,11.0,0.0,9,14,1
24829,758,11,1,2,9122,4520,0.0,8.0,7,1,1.0,1,23,6,6,13, , , ,1,2.0,2021.0, ,3.0,Empleado_Informal,11.0,11.0,0.0,9,45,1
24829,766,11,1,2,9111,9700,2.0,2.0,7,1,1.0,2,71,1,7,13, , ,3,2,11.0,2019.0, ,5.0,Empleado_Informal,12.5,12.5,0.0,9,97,1
24829,766,11,3,2,9629,4630,2.0,0.0,7,1,1.0,2,34,6,6,7, , ,0,2,2.0,2018.0, ,6.0,Empleado_Informal,11.0,12.5,-1.5,9,46,1
24859,760,11,1,2,,,0.0,0.0, ,2,,2,35,1,4,13, , , ,2,8.0,2018.0, ,6.0,Desempleado,9.0,9.0,0.0,,,0
24859,760,11,2,2,7231,4520,1.0,2.0,2,1,1.0,1,35,1,7,13, , ,3,2,8.0,2018.0, ,6.0,Empleado_Informal,12.5,12.5,0.0,7,45,1
24859,761,11,1,2,5311,8730,3.0,2.0,2,1,1.0,2,31,6,8,13,1,2,3,2,6.0,2018.0, ,6.0,Empleado_Informal,14.0,14.0,0.0,5,87,1
24859,762,11,1,2,7411,4520,0.0,6.0,2,1,1.0,1,43,6,10,13,1,2,3,9,6.0,2023.0, ,1.0,Empleado_Informal,16.0,16.0,0.0,7,45,1
24888,766,11,1,2,2342,8510,3.0,5.0,2,1,1.0,2,36,5,10,13,1,2,3,2,2.0,2018.0, ,6.0,Empleado_Informal,16.0,16.0,0.0,2,85,1
24888,767,11,1,2,3221,8690,3.0,0.0, ,1,1.0,2,32,5,8,13,1,2,3,2,1.0,2018.0, ,6.0,Empleado_Informal,14.0,14.0,0.0,3,86,1
24888,769,11,1,2,7421,9522,0.0,11.0,2,1,1.0,1,29,1,7,13, , ,3,2,3.0,2019.0, ,5.0,Empleado_Informal,12.5,12.5,0.0,7,95,1
24888,769,11,2,2,5131,5610,2.0,1.0,2,1,1.0,2,24,1,4,13, , , ,2,3.0,2019.0, ,5.0,Empleado_Informal,9.0,9.0,0.0,5,56,1
24918,772,11,1,2,8321,4922,6.0,0.0, ,1,1.0,1,45,1,4,13, , , ,2,2.0,2018.0, ,6.0,Empleado_Informal,9.0,9.0,0.0,8,49,1
24918,772,11,2,2,5212,4773,1.0,0.0, ,1,1.0,2,33,1,6,13, , , ,2,8.0,2018.0, ,6.0,Empleado_Informal,11.0,11.0,0.0,5,47,1
24918,776,11,1,2,8322,4630,4.0,0.0,2,1,2.0,1,26,1,6,13, , , ,2,11.0,2020.0,0,4.0,Empleado_Formal,11.0,11.0,0.0,8,46,1
24918,776,11,2,2,5120,5610,2.0,0.0,7,1,1.0,2,26,1,6,13, , , ,2,11.0,2020.0, ,4.0,Empleado_Informal,11.0,11.0,0.0,5,56,1
24918,780,11,1,2,5141,9602,0.0,6.0,7,1,1.0,1,31,6,6,13, , , ,9,4.0,2024.0,0,0.0,Empleado_Informal,11.0,11.0,0.0,5,96,1
24948,779,11,1,2,4120,1610,1.0,4.0,7,1,1.0,2,44,6,10,13,1,2,3,1,1.0,2022.0, ,2.0,Empleado_Informal,16.0,16.0,0.0,4,16,1
24948,779,11,2,2,9313,4100,0.0,7.0,7,1,1.0,1,19,6,5,13, , , ,9,3.0,2024.0, ,0.0,Empleado_Informal,10.0,10.0,0.0,9,41,1
24948,780,11,1,2,9333,4752,5.0,0.0,7,1,1.0,1,47,6,4,13, , , ,9,3.0,2019.0, ,5.0,Empleado_Informal,9.0,9.0,0.0,9,47,1
24948,783,11,1,2,,,0.0,0.0, ,2,,1,31,1,7,13, , ,3,2,12.0,2018.0, ,6.0,Desempleado,12.5,12.5,0.0,,,0
24948,783,11,2,2,5212,4773,3.0,0.0,7,1,1.0,2,36,1,8,13,1,2,3,2,9.0,2017.0, ,7.0,Empleado_Informal,14.0,14.0,0.0,5,47,1
24948,783,11,4,2,9112,8541,0.0,8.0,7,1,1.0,2,54,6,6,13, , , ,2,10.0,2022.0, ,2.0,Empleado_Informal,11.0,11.0,0.0,9,85,1
24948,783,11,5,2,9621,4923,1.0,0.0, ,1,1.0,2,32,6,9,13, , ,3,2,10.0,2022.0, ,2.0,Empleado_Informal,13.5,13.5,0.0,9,49,1
24978,784,11,2,2,9622,9499,1.0,3.0,2,1,1.0,1,42,2,10,13,1,2,3,2,2.0,2021.0, ,3.0,Empleado_Informal,16.0,16.0,0.0,9,94,1
24978,786,11,1,2,3113,9522,1.0,3.0,2,1,1.0,1,48,4,8,13,1,2,3,1,8.0,2022.0, ,2.0,Empleado_Informal,14.0,14.0,0.0,3,95,1
24978,786,11,2,2,7411,9522,1.0,0.0,2,1,1.0,1,24,6,4,13, , , ,1,8.0,2022.0, ,2.0,Empleado_Informal,9.0,9.0,0.0,7,95,1
24978,787,11,1,2,3431,9000,1.0,8.0,2,1,1.0,1,40,5,8,13,2, ,3,2,3.0,2021.0, ,3.0,Empleado_Informal,14.0,14.0,0.0,3,90,1
25007,791,11,1,2,7231,4520,1.0,1.0,2,1,1.0,1,37,5,7,13, , ,3,1,12.0,2022.0, ,2.0,Empleado_Informal,12.5,12.5,0.0,7,45,1
25007,793,11,1,2,3221,8790,0.0,11.0,2,1,1.0,2,38,5,8,13,2, ,3,2,8.0,2021.0, ,3.0,Empleado_Informal,14.0,14.0,0.0,3,87,1
25007,794,11,2,2,4222,8220,2.0,8.0,2,1,1.0,1,39,1,8,13,1,2,3,2,2.0,2019.0, ,5.0,Empleado_Informal,14.0,14.0,0.0,4,82,1
25037,797,11,1,2,8321,4922,3.0,0.0, ,1,1.0,1,35,1,6,13, , , ,2,10.0,2018.0, ,6.0,Empleado_Informal,11.0,11.0,0.0,8,49,1
25037,797,11,2,1,8321,4922,1.0,0.0, ,1,1.0,2,26,1,1,6, , ,1,,,,,,Empleado_Informal,0.0,11.0,-11.0,8,49,1
25037,801,11,1,2,5211,4630,6.0,0.0,7,1,1.0,2,33,3,8,13,1,2,3,2,4.0,2019.0, ,5.0,Empleado_Informal,14.0,14.0,0.0,5,46,1
25037,802,11,1,2,8321,4922,1.0,0.0, ,1,1.0,1,32,2,7,13, , ,3,9,9.0,2019.0, ,5.0,Empleado_Informal,12.5,12.5,0.0,8,49,1
25037,802,11,2,2,5131,5610,1.0,6.0,7,1,1.0,2,29,2,6,13, , , ,9,9.0,2019.0, ,5.0,Empleado_Informal,11.0,11.0,0.0,5,56,1
25067,803,11,1,1,9511,4799,4.0,0.0, ,1,1.0,1,34,1,1,8, , ,0,,,,,,Empleado_Informal,0.0,14.0,-14.0,9,47,1
25067,803,11,2,2,5322,9609,0.0,1.0, ,1,1.0,2,28,1,10,13,1,2,3,2,8.0,2018.0,0,6.0,Empleado_Informal,16.0,16.0,0.0,5,96,1
25067,805,11,1,2,9621,4923,1.0,6.0, ,1,1.0,1,24,1,6,13, , , ,2,4.0,2019.0, ,5.0,Empleado_Informal,11.0,11.0,0.0,9,49,1
25067,805,11,2,2,9511,4799,2.0,0.0, ,1,1.0,2,26,1,5,13, , , ,2,4.0,2019.0, ,5.0,Empleado_Informal,10.0,10.0,0.0,9,47,1
25067,807,11,1,2,9622,9329,1.0,5.0,2,1,2.0,1,41,1,6,13, , , ,2,2.0,2019.0,1,5.0,Empleado_Formal,11.0,11.0,0.0,9,93,1
25067,807,11,2,2,5322,9609,3.0,0.0, ,1,1.0,2,42,1,10,13,1,1,3,2,2.0,2019.0, ,5.0,Empleado_Informal,16.0,16.0,0.0,5,96,1
25640,37,11,1,2,7513,1071,1.0,0.0, ,1,1.0,2,36,1,4,13, , , ,2,10.0,2019.0, ,5.0,Empleado_Informal,9.0,9.0,0.0,7,10,1
25640,37,11,2,2,8321,4922,2.0,0.0, ,1,1.0,1,28,1,6,13, , , ,2,10.0,2019.0, ,5.0,Empleado_Informal,11.0,11.0,0.0,8,49,1
25640,38,11,1,2,5131,5610,0.0,5.0,7,1,1.0,2,53,6,4,13, , , ,6,11.0,2023.0, ,1.0,Empleado_Informal,9.0,9.0,0.0,5,56,1
25640,39,11,1,2,9411,5610,2.0,0.0, ,1,1.0,2,34,6,6,13, , , ,2,2.0,2018.0, ,6.0,Empleado_Informal,11.0,11.0,0.0,9,56,1
25692,43,11,1,2,5211,4630,0.0,4.0,7,1,2.0,1,52,4,9,13, , ,3,2,5.0,2018.0, ,6.0,Empleado_Formal,13.5,13.5,0.0,5,46,1
25692,43,11,2,2,4321,2023,1.0,6.0,7,1,1.0,1,19,6,6,13, , , ,1,11.0,2019.0, ,5.0,Empleado_Informal,11.0,11.0,0.0,4,20,1
25692,44,11,1,2,9321,1312,2.0,0.0,2,1,2.0,1,41,1,8,13,1,2,3,2,10.0,2018.0, ,6.0,Empleado_Formal,14.0,14.0,0.0,9,13,1
25692,44,11,2,2,5131,5610,1.0,0.0,7,1,1.0,2,39,1,5,13, , , ,1,10.0,2023.0, ,1.0,Empleado_Informal,10.0,10.0,0.0,5,56,1
25692,45,11,2,2,5142,9602,0.0,10.0,7,1,1.0,1,27,1,5,13, , , ,1,3.0,2022.0,0,2.0,Empleado_Informal,10.0,10.0,0.0,5,96,1
27775,293,11,1,2,,,0.0,0.0, ,3,,2,34,1,9,13, , ,3,1,2.0,2021.0,0,3.0,Desempleado,13.5,13.5,0.0,,,0
27775,293,11,2,2,9313,4100,2.0,1.0,7,1,1.0,1,39,1,6,13, , , ,1,2.0,2021.0, ,3.0,Empleado_Informal,11.0,11.0,0.0,9,41,1
27775,295,11,1,2,9629,4752,0.0,8.0,7,1,1.0,1,24,1,7,13, , ,3,1,9.0,2019.0,0,5.0,Empleado_Informal,12.5,12.5,0.0,9,47,1
27775,295,11,2,2,,,0.0,0.0, ,2,,2,26,1,6,13, , , ,1,9.0,2019.0, ,5.0,Desempleado,11.0,11.0,0.0,,,0
27775,296,11,1,2,5131,5610,0.0,8.0,7,1,1.0,2,26,6,7,13, , ,3,1,7.0,2018.0, ,6.0,Empleado_Informal,12.5,12.5,0.0,5,56,1
27827,296,11,1,2,5212,4722,1.0,6.0,7,1,1.0,2,26,6,7,13, , ,3,1,10.0,2018.0, ,6.0,Empleado_Informal,12.5,12.5,0.0,5,47,1
27827,296,11,2,2,7128,4330,0.0,7.0,7,1,1.0,1,31,6,6,13, , , ,1,10.0,2018.0, ,6.0,Empleado_Informal,11.0,11.0,0.0,7,43,1
27827,299,11,1,2,5244,4730,1.0,3.0,2,1,1.0,1,27,6,6,13, , , ,1,6.0,2021.0,1,3.0,Empleado_Informal,11.0,11.0,0.0,5,47,1
27827,302,11,1,2,9121,9601,1.0,4.0,7,1,1.0,2,31,6,7,13, , ,3,1,10.0,2021.0, ,3.0,Empleado_Informal,12.5,12.5,0.0,9,96,1
27984,314,11,1,2,4419,4921,2.0,7.0,2,1,1.0,2,41,1,7,13, , ,3,2,6.0,2018.0, ,6.0,Empleado_Informal,12.5,12.5,0.0,4,49,1
27984,314,11,2,2,4321,5210,3.0,4.0,2,1,1.0,1,42,1,8,13,1,2,3,2,6.0,2018.0, ,6.0,Empleado_Informal,14.0,14.0,0.0,4,52,1
27984,316,11,1,2,9621,5610,2.0,9.0,2,1,1.0,1,39,6,7,13, , ,3,1,1.0,2019.0, ,5.0,Empleado_Informal,12.5,12.5,0.0,9,56,1
27984,317,11,1,2,3314,8541,1.0,6.0,2,1,1.0,2,42,5,8,13,1,2,3,2,4.0,2019.0, ,5.0,Empleado_Informal,14.0,14.0,0.0,3,85,1
28036,320,11,1,2,5212,4772,3.0,0.0,2,1,1.0,2,31,1,8,13,1,2,3,1,6.0,2017.0, ,7.0,Empleado_Informal,14.0,14.0,0.0,5,47,1
28036,320,11,2,2,8331,4921,1.0,6.0,2,1,1.0,1,35,1,4,13, , , ,1,6.0,2017.0, ,7.0,Empleado_Informal,9.0,9.0,0.0,8,49,1
28036,321,11,2,2,5230,5610,3.0,0.0,2,1,1.0,1,41,1,4,13, , , ,1,4.0,2018.0, ,6.0,Empleado_Informal,9.0,9.0,0.0,5,56,1
28036,322,11,1,2,3314,9311,2.0,1.0,2,1,1.0,2,40,1,8,13,1,2,3,2,3.0,2017.0, ,7.0,Empleado_Informal,14.0,14.0,0.0,3,93,1
28036,322,11,2,2,3422,9311,4.0,2.0,2,1,1.0,1,44,1,10,13,1,2,3,2,3.0,2017.0, ,7.0,Empleado_Informal,16.0,16.0,0.0,3,93,1
28296,352,11,1,2,5245,1071,0.0,6.0,7,1,1.0,2,27,6,6,13, , , ,2,2.0,2019.0, ,5.0,Empleado_Informal,11.0,11.0,0.0,5,10,1
28296,353,11,1,2,5131,5610,0.0,11.0,7,1,1.0,1,31,6,6,13, , , ,1,5.0,2021.0, ,3.0,Empleado_Informal,11.0,11.0,0.0,5,56,1
28296,354,11,1,2,9122,4520,0.0,9.0,7,1,1.0,1,30,6,7,13, , ,3,1,2.0,2021.0, ,3.0,Empleado_Informal,12.5,12.5,0.0,9,45,1
28296,354,11,2,2,,,0.0,0.0, ,2,,1,22,6,6,13, , , ,1,2.0,2021.0, ,3.0,Desempleado,11.0,11.0,0.0,,,0
28348,360,11,1,2,,,0.0,0.0, ,2,,2,26,1,6,13, , , ,2,5.0,2019.0, ,5.0,Desempleado,11.0,11.0,0.0,,,0
28348,360,11,2,2,8322,4922,1.0,0.0, ,1,1.0,1,31,1,6,13, , , ,2,5.0,2019.0, ,5.0,Empleado_Informal,11.0,11.0,0.0,8,49,1
28348,361,11,1,2,3322,6810,2.0,8.0,7,1,1.0,1,33,6,9,13, , ,3,2,7.0,2021.0, ,3.0,Empleado_Informal,13.5,13.5,0.0,3,68,1
28348,364,11,1,2,4321,4721,1.0,4.0,7,1,1.0,1,34,6,7,13, , ,3,2,8.0,2019.0, ,5.0,Empleado_Informal,12.5,12.5,0.0,4,47,1
29338,483,11,1,2,,,0.0,0.0, ,3,,2,24,1,6,13, , , ,9,3.0,2024.0, ,0.0,Desempleado,11.0,11.0,0.0,,,0
29338,483,11,2,2,9629,4773,0.0,7.0,7,1,1.0,1,25,1,6,13, , , ,9,3.0,2024.0, ,0.0,Empleado_Informal,11.0,11.0,0.0,9,47,1
29338,483,11,4,2,9612,3811,1.0,0.0,2,1,2.0,1,30,6,6,13, , , ,1,7.0,2018.0, ,6.0,Empleado_Formal,11.0,11.0,0.0,9,38,1
29338,485,11,1,2,9313,4100,5.0,0.0,7,1,1.0,1,39,1,6,13, , , ,2,7.0,2018.0,0,6.0,Empleado_Informal,11.0,11.0,0.0,9,41,1
29338,485,11,2,1,9112,8121,0.0,5.0,7,1,1.0,2,29,1,1,6, , ,1,,,,,,Empleado_Informal,0.0,11.0,-11.0,9,81,1
29338,486,11,1,2,9511,4799,0.0,5.0, ,1,1.0,2,42,6,3,13, , , ,9,2.0,2024.0,1,0.0,Empleado_Informal,4.5,4.5,0.0,9,47,1
29390,492,11,1,2,9621,4923,0.0,6.0, ,1,1.0,1,20,6,6,13, , , ,1,10.0,2021.0, ,3.0,Empleado_Informal,11.0,11.0,0.0,9,49,1
29390,493,11,1,2,4321,4641,0.0,7.0,7,1,1.0,2,24,1,9,13, , ,3,2,12.0,2018.0,0,6.0,Empleado_Informal,13.5,13.5,0.0,4,46,1
29390,493,11,2,2,9621,4530,2.0,0.0,7,1,1.0,1,27,1,5,13, , , ,2,12.0,2018.0,0,6.0,Empleado_Informal,10.0,10.0,0.0,9,45,1
29390,495,11,1,2,5322,9609,2.0,0.0, ,1,1.0,2,57,6,10,13,1,2,3,2,4.0,2019.0, ,5.0,Empleado_Informal,16.0,16.0,0.0,5,96,1
29390,495,11,2,2,,,0.0,0.0, ,2,,1,20,1,5,13, , , ,2,4.0,2019.0, ,5.0,Desempleado,10.0,10.0,0.0,,,0
31265,722,11,1,2,9621,4923,3.0,0.0, ,1,1.0,1,31,6,9,13, , ,3,2,7.0,2020.0, ,4.0,Empleado_Informal,13.5,13.5,0.0,9,49,1
31265,723,11,1,2,9621,4923,6.0,0.0,7,1,1.0,1,30,1,4,13, , , ,2,5.0,2021.0, ,3.0,Empleado_Informal,9.0,9.0,0.0,9,49,1
31265,723,11,2,2,5212,4771,2.0,0.0,7,1,1.0,2,29,1,10,13,1,2,3,2,10.0,2021.0, ,3.0,Empleado_Informal,16.0,16.0,0.0,5,47,1
31317,720,11,1,2,5131,5610,1.0,6.0,7,1,1.0,2,35,5,6,13, , , ,1,5.0,2022.0,1,2.0,Empleado_Informal,11.0,11.0,0.0,5,56,1
31317,720,11,2,1,9333,4100,0.0,1.0,7,1,1.0,1,15,6,5,13, , , ,,,,,,Empleado_Informal,10.0,10.0,0.0,9,41,1
31317,721,11,1,2,3119,7020,1.0,0.0, ,1,2.0,1,30,1,9,13, , ,3,2,5.0,2018.0,0,6.0,Empleado_Formal,13.5,13.5,0.0,3,70,1
31317,721,11,2,1,4312,6419,1.0,4.0,1,1,2.0,1,33,1,1,8, , ,0,,,,,,Empleado_Formal,0.0,14.0,-14.0,4,64,1
31317,724,11,1,1,3322,2395,0.0,4.0,7,1,1.0,1,40,1,1,10, , ,0,,,,,,Empleado_Informal,0.0,16.0,-16.0,3,23,1
31317,724,11,2,2,5120,5630,0.0,3.0, ,1,1.0,2,37,1,10,13,1,1,3,2,4.0,2018.0,1,6.0,Empleado_Informal,16.0,16.0,0.0,5,56,1
31317,724,11,5,2,2251,8620,1.0,0.0,2,1,1.0,2,63,4,10,11, , ,3,2,4.0,2019.0, ,5.0,Empleado_Informal,16.0,19.0,-3.0,2,86,1
32203,826,11,1,2,,,0.0,0.0, ,2,,2,31,2,9,13, , ,3,2,8.0,2018.0, ,6.0,Desempleado,13.5,13.5,0.0,,,0
32203,826,11,2,2,8322,4922,1.0,0.0,7,1,1.0,1,39,2,5,13, , , ,2,5.0,2018.0, ,6.0,Empleado_Informal,10.0,10.0,0.0,8,49,1
32203,827,13,1,2,9333,5224,0.0,9.0,7,1,1.0,1,37,1,10,13,1,2,3,2,2.0,2019.0, ,5.0,Empleado_Informal,16.0,16.0,0.0,9,52,1
32203,827,13,2,2,,,0.0,0.0, ,3,,2,31,1,8,13,1,2,3,2,2.0,2019.0,1,5.0,Desempleado,14.0,14.0,0.0,,,0
32203,827,23,1,2,5213,4781,6.0,0.0,7,1,1.0,1,39,6,8,13,1,2,3,2,2.0,2019.0, ,5.0,Empleado_Informal,14.0,14.0,0.0,5,47,1
32203,827,33,1,2,5213,4781,4.0,10.0,7,1,1.0,2,35,1,10,13,2, ,3,2,6.0,2019.0, ,5.0,Empleado_Informal,16.0,16.0,0.0,5,47,1
32203,827,33,2,2,5213,4781,4.0,10.0,7,1,1.0,1,34,1,9,13, , ,3,2,8.0,2018.0, ,6.0,Empleado_Informal,13.5,13.5,0.0,5,47,1
32203,828,13,1,2,9112,9329,0.0,2.0,7,1,1.0,2,44,1,6,13, , , ,2,8.0,2022.0, ,2.0,Empleado_Informal,11.0,11.0,0.0,9,93,1
32203,828,13,2,2,5414,8010,0.0,2.0,7,1,1.0,1,48,1,6,13, , , ,2,5.0,2022.0, ,2.0,Empleado_Informal,11.0,11.0,0.0,5,80,1
32203,828,23,1,2,5213,4781,4.0,0.0,7,1,1.0,1,29,6,4,13, , , ,2,12.0,2020.0, ,4.0,Empleado_Informal,9.0,9.0,0.0,5,47,1
32203,828,33,1,2,5322,9609,0.0,5.0, ,1,1.0,2,38,5,5,13, , , ,2,6.0,2019.0, ,5.0,Empleado_Informal,10.0,10.0,0.0,5,96,1
32255,832,13,1,2,2342,8510,5.0,0.0,7,1,2.0,2,43,2,10,13,1,2,3,2,12.0,2019.0,0,5.0,Empleado_Formal,16.0,16.0,0.0,2,85,1
32255,832,13,2,2,8321,4922,3.0,0.0,7,1,2.0,1,42,2,10,13,1,2,3,2,7.0,2019.0,0,5.0,Empleado_Formal,16.0,16.0,0.0,8,49,1
32255,832,23,1,2,7231,4540,3.0,0.0,7,1,1.0,1,34,1,5,13, , , ,2,12.0,2021.0, ,3.0,Empleado_Informal,10.0,10.0,0.0,7,45,1
32255,832,23,2,2,9329,3290,0.0,4.0,7,1,1.0,2,32,1,6,13, , , ,2,2.0,2022.0, ,2.0,Empleado_Informal,11.0,11.0,0.0,9,32,1
32255,832,33,1,2,8181,2310,1.0,7.0,7,1,1.0,1,43,6,6,13, , , ,2,10.0,2022.0, ,2.0,Empleado_Informal,11.0,11.0,0.0,8,23,1
32255,833,11,1,2,5212,4759,0.0,3.0,7,1,1.0,2,38,6,4,13, , , ,6,2.0,2023.0, ,1.0,Empleado_Informal,9.0,9.0,0.0,5,47,1
32255,833,11,2,2,5142,9602,0.0,2.0, ,1,1.0,2,19,6,4,13, , , ,1,8.0,2023.0, ,1.0,Empleado_Informal,9.0,9.0,0.0,5,96,1
32255,834,11,1,2,5212,4771,1.0,0.0,7,1,1.0,2,27,1,7,13, , ,3,2,5.0,2018.0,1,6.0,Empleado_Informal,12.5,12.5,0.0,5,47,1
32255,834,11,2,2,8173,1702,5.0,0.0,7,1,1.0,1,24,1,5,13, , , ,2,5.0,2018.0, ,6.0,Empleado_Informal,10.0,10.0,0.0,8,17,1
524,94,11,1,2,9535,4799,2.0,0.0, ,1,1.0,2,32,1,8,13,1,2,3,2,9.0,2018.0,0,6.0,Empleado_Informal,14.0,14.0,0.0,9,47,1
524,94,11,2,2,9535,4799,1.0,0.0, ,1,1.0,1,34,1,6,13, , , ,2,7.0,2018.0, ,6.0,Empleado_Informal,11.0,11.0,0.0,9,47,1
524,96,11,1,2,8321,4922,0.0,2.0, ,1,1.0,1,43,6,6,13, , , ,1,9.0,2021.0, ,3.0,Empleado_Informal,11.0,11.0,0.0,8,49,1
524,97,11,1,2,9411,5610,0.0,1.0, ,1,1.0,1,20,6,5,13, , , ,9,9.0,2021.0,0,3.0,Empleado_Informal,10.0,10.0,0.0,9,56,1
572,113,11,1,2,7511,1020,2.0,0.0,2,1,1.0,1,33,6,8,13,1,2,3,2,1.0,2019.0, ,5.0,Empleado_Informal,14.0,14.0,0.0,7,10,1
572,122,11,1,2,5141,9602,4.0,0.0,7,1,1.0,2,56,1,6,13, , , ,2,11.0,2019.0,1,5.0,Empleado_Informal,11.0,11.0,0.0,5,96,1
572,122,11,2,2,8141,4540,2.0,0.0, ,1,1.0,1,62,1,3,13, , , ,2,10.0,2020.0, ,4.0,Empleado_Informal,4.5,4.5,0.0,8,45,1
572,123,11,1,2,9511,4799,3.0,0.0, ,1,1.0,1,53,1,5,13, , , ,2,9.0,2020.0, ,4.0,Empleado_Informal,10.0,10.0,0.0,9,47,1
572,123,11,2,2,9511,4799,3.0,6.0, ,1,1.0,2,41,1,6,13, , , ,2,9.0,2020.0, ,4.0,Empleado_Informal,11.0,11.0,0.0,9,47,1
863,298,11,1,2,5120,5610,2.0,7.0,7,1,1.0,1,28,1,8,13,1,2,3,2,5.0,2019.0, ,5.0,Empleado_Informal,14.0,14.0,0.0,5,56,1
863,298,11,2,2,9629,1410,3.0,0.0,7,1,1.0,2,30,1,10,13,1,2,3,2,5.0,2019.0,1,5.0,Empleado_Informal,16.0,16.0,0.0,9,14,1
863,300,11,1,2,5131,5610,0.0,5.0,7,1,1.0,2,39,6,5,13, , , ,2,1.0,2020.0,0,4.0,Empleado_Informal,10.0,10.0,0.0,5,56,1
863,300,11,2,2,,,0.0,0.0, ,2,,1,21,6,6,13, , , ,1,1.0,2020.0,1,4.0,Desempleado,11.0,11.0,0.0,,,0
863,305,11,1,2,5131,5610,4.0,0.0,7,1,1.0,2,30,6,6,13, , , ,2,7.0,2018.0, ,6.0,Empleado_Informal,11.0,11.0,0.0,5,56,1
863,305,11,6,2,,,0.0,0.0, ,2,,2,46,6,8,13,1,2,3,2,2.0,2020.0, ,4.0,Desempleado,14.0,14.0,0.0,,,0
872,304,11,1,2,9512,4799,6.0,0.0, ,1,1.0,2,27,6,5,13, , , ,2,6.0,2018.0, ,6.0,Empleado_Informal,10.0,10.0,0.0,9,47,1
872,306,11,1,2,9629,5610,2.0,0.0,7,1,1.0,2,27,1,5,13, , , ,1,12.0,2015.0, ,9.0,Empleado_Informal,10.0,10.0,0.0,9,56,1
872,306,11,2,2,8321,4922,2.0,6.0, ,1,1.0,1,26,1,6,13, , , ,1,10.0,2018.0, ,6.0,Empleado_Informal,11.0,11.0,0.0,8,49,1
872,308,11,1,2,9112,8121,0.0,2.0, ,1,1.0,2,54,1,8,13,1,2,3,2,8.0,2019.0, ,5.0,Empleado_Informal,14.0,14.0,0.0,9,81,1
872,308,11,2,2,7411,4321,5.0,0.0, ,1,1.0,1,62,1,7,13, , ,3,2,2.0,2020.0,0,4.0,Empleado_Informal,12.5,12.5,0.0,7,43,1
872,308,11,3,2,7411,4321,5.0,0.0,7,1,1.0,1,33,6,9,13, , ,3,2,2.0,2020.0, ,4.0,Empleado_Informal,13.5,13.5,0.0,7,43,1
872,308,11,4,2,2211,8620,3.0,11.0,2,1,1.0,1,31,6,10,13,1,1,3,2,8.0,2019.0, ,5.0,Empleado_Informal,16.0,16.0,0.0,2,86,1
882,315,11,1,2,9313,4100,5.0,0.0,7,1,1.0,1,38,1,8,13,1,2,3,2,8.0,2018.0, ,6.0,Empleado_Informal,14.0,14.0,0.0,9,41,1
882,315,11,2,2,9112,8620,0.0,6.0,2,1,1.0,2,37,1,8,13,1,2,3,2,10.0,2018.0, ,6.0,Empleado_Informal,14.0,14.0,0.0,9,86,1
882,316,11,1,2,4110,1102,5.0,11.0,2,1,2.0,1,27,1,10,13,1,2,3,2,5.0,2018.0,0,6.0,Empleado_Formal,16.0,16.0,0.0,4,11,1
882,322,11,2,2,7231,4540,1.0,6.0,7,1,1.0,1,30,1,6,13, , , ,2,3.0,2018.0, ,6.0,Empleado_Informal,11.0,11.0,0.0,7,45,1
892,316,11,1,2,5120,5610,0.0,8.0,7,1,1.0,1,31,6,6,13, , , ,2,10.0,2021.0,0,3.0,Empleado_Informal,11.0,11.0,0.0,5,56,1
892,317,11,1,2,8321,4922,2.0,0.0, ,1,1.0,1,43,1,6,13, , , ,2,11.0,2017.0, ,7.0,Empleado_Informal,11.0,11.0,0.0,8,49,1
892,317,11,2,2,9112,9329,0.0,2.0,7,1,1.0,2,37,1,10,13,1,2,3,2,9.0,2018.0, ,6.0,Empleado_Informal,16.0,16.0,0.0,9,93,1
892,318,11,1,2,9321,1030,0.0,1.0,7,1,1.0,2,58,6,4,13, , , ,2,7.0,2018.0,1,6.0,Empleado_Informal,9.0,9.0,0.0,9,10,1
902,329,11,1,2,,,0.0,0.0, ,2,,2,24,6,6,13, , , ,6,11.0,2021.0,1,3.0,Desempleado,11.0,11.0,0.0,,,0
902,330,11,1,2,9549,4799,5.0,0.0, ,1,1.0,1,23,1,5,13, , , ,1,3.0,2022.0, ,2.0,Empleado_Informal,10.0,10.0,0.0,9,47,1
902,333,11,1,2,5131,5610,0.0,1.0,7,1,1.0,2,22,6,6,13, , , ,2,8.0,2020.0, ,4.0,Empleado_Informal,11.0,11.0,0.0,5,56,1
911,330,11,1,2,4224,5510,2.0,6.0,7,1,1.0,2,32,6,10,13,1,2,3,1,12.0,2021.0, ,3.0,Empleado_Informal,16.0,16.0,0.0,4,55,1
911,330,11,4,2,9112,5510,1.0,0.0,7,1,1.0,2,30,6,6,13, , , ,9,9.0,2022.0, ,2.0,Empleado_Informal,11.0,11.0,0.0,9,55,1
911,332,11,1,2,8321,4922,2.0,0.0, ,1,1.0,1,33,1,6,13, , , ,1,11.0,2021.0, ,3.0,Empleado_Informal,11.0,11.0,0.0,8,49,1
911,334,11,1,2,5322,9609,0.0,9.0, ,1,1.0,2,45,1,6,13, , , ,2,1.0,2019.0,0,5.0,Empleado_Informal,11.0,11.0,0.0,5,96,1
911,334,11,2,2,7421,9522,6.0,4.0, ,1,1.0,1,43,1,5,13, , , ,2,7.0,2018.0,0,6.0,Empleado_Informal,10.0,10.0,0.0,7,95,1
911,334,11,3,2,5131,5610,0.0,3.0,7,1,1.0,2,20,6,5,6, , ,1,2,1.0,2019.0, ,5.0,Empleado_Informal,10.0,11.0,-1.0,5,56,1
1493,229,11,1,2,9112,9000,0.0,2.0,7,1,1.0,2,33,5,6,13, , , ,2,10.0,2019.0, ,5.0,Empleado_Informal,11.0,11.0,0.0,9,90,1
1493,230,11,1,2,8321,4922,0.0,6.0, ,1,1.0,1,32,1,5,13, , , ,2,2.0,2020.0,1,4.0,Empleado_Informal,10.0,10.0,0.0,8,49,1
1493,231,11,2,2,7511,1010,1.0,0.0,7,1,1.0,1,42,1,3,13, , , ,1,4.0,2022.0, ,2.0,Empleado_Informal,4.5,4.5,0.0,7,10,1
1506,223,11,1,2,7322,3100,0.0,1.0,7,1,1.0,1,36,6,4,13, , , ,1,6.0,2022.0, ,2.0,Empleado_Informal,9.0,9.0,0.0,7,31,1
1506,235,11,1,1,9511,4799,3.0,0.0, ,1,1.0,1,61,2,1,6, , ,1,,,,,,Empleado_Informal,0.0,11.0,-11.0,9,47,1
1506,235,11,3,2,9333,4773,0.0,4.0,7,1,1.0,1,30,6,9,13, , ,3,1,12.0,2018.0, ,6.0,Empleado_Informal,13.5,13.5,0.0,9,47,1
1506,248,11,1,2,7222,9529,6.0,0.0, ,1,1.0,1,31,1,9,13, , ,3,2,7.0,2018.0, ,6.0,Empleado_Informal,13.5,13.5,0.0,7,95,1
1885,409,11,1,2,4214,6492,0.0,2.0,7,1,1.0,1,35,1,6,13, , , ,2,4.0,2018.0, ,6.0,Empleado_Informal,11.0,11.0,0.0,4,64,1
1885,409,11,2,2,4214,6492,2.0,0.0,7,1,1.0,2,28,1,9,13, , ,3,2,6.0,2018.0, ,6.0,Empleado_Informal,13.5,13.5,0.0,4,64,1
1885,412,11,1,2,5131,9329,1.0,1.0,7,1,1.0,2,36,6,6,13, , , ,2,10.0,2018.0, ,6.0,Empleado_Informal,11.0,11.0,0.0,5,93,1
1885,412,11,4,2,9629,8292,0.0,5.0,2,1,2.0,1,30,6,6,13, , , ,2,3.0,2021.0, ,3.0,Empleado_Formal,11.0,11.0,0.0,9,82,1
1885,415,13,1,2,9621,4923,0.0,2.0,7,1,1.0,1,21,1,6,13, , , ,1,2.0,2021.0,0,3.0,Empleado_Informal,11.0,11.0,0.0,9,49,1
1885,415,13,2,2,,,0.0,0.0, ,2,,2,26,1,5,13, , , ,2,3.0,2018.0,0,6.0,Desempleado,10.0,10.0,0.0,,,0
1885,415,23,1,2,5211,4630,1.0,6.0,1,1,1.0,2,46,6,9,13, , ,3,2,2.0,2023.0,1,1.0,Empleado_Informal,13.5,13.5,0.0,5,46,1
1885,415,33,2,2,9629,5610,0.0,1.0,7,1,1.0,1,34,6,5,13, , , ,2,11.0,2022.0, ,2.0,Empleado_Informal,10.0,10.0,0.0,9,56,1
1898,416,11,1,2,4321,6110,2.0,0.0,2,1,2.0,2,30,1,10,13,1,2,3,2,6.0,2020.0, ,4.0,Empleado_Formal,16.0,16.0,0.0,4,61,1
1898,416,11,2,2,3126,6110,2.0,0.0,2,1,2.0,1,35,1,10,13,1,2,3,2,2.0,2018.0, ,6.0,Empleado_Formal,16.0,16.0,0.0,3,61,1
1898,427,11,1,2,9621,4923,0.0,6.0, ,1,1.0,1,27,6,5,13, , , ,2,11.0,2023.0,1,1.0,Empleado_Informal,10.0,10.0,0.0,9,49,1
1898,429,11,1,2,4214,8291,0.0,6.0, ,1,1.0,1,26,6,6,13, , , ,2,11.0,2019.0,1,5.0,Empleado_Informal,11.0,11.0,0.0,4,82,1
1912,422,11,1,2,5212,4721,1.0,0.0,7,1,1.0,2,35,6,7,13, , ,3,2,6.0,2017.0,0,7.0,Empleado_Informal,12.5,12.5,0.0,5,47,1
1912,422,11,3,2,9412,5610,0.0,3.0,7,1,1.0,2,53,6,3,13, , , ,9,6.0,2017.0, ,7.0,Empleado_Informal,4.5,4.5,0.0,9,56,1
1912,423,11,1,2,7111,4100,0.0,1.0,7,1,1.0,1,45,1,6,13, , , ,2,4.0,2018.0, ,6.0,Empleado_Informal,11.0,11.0,0.0,7,41,1
1912,423,11,2,2,,,0.0,0.0, ,2,,2,42,1,6,13, , , ,2,4.0,2018.0, ,6.0,Desempleado,11.0,11.0,0.0,,,0
1912,424,11,1,2,4214,6492,0.0,11.0,7,1,1.0,1,23,1,3,13, , , ,9,11.0,2022.0,0,2.0,Empleado_Informal,4.5,4.5,0.0,4,64,1
1912,424,11,2,1,7513,1073,7.0,0.0, ,1,1.0,2,28,1,1,7, , ,0,,,,,,Empleado_Informal,0.0,12.5,-12.5,7,10,1
1925,435,11,1,2,7127,4322,0.0,8.0,7,1,1.0,1,23,6,9,13, , ,3,2,7.0,2019.0,1,5.0,Empleado_Informal,13.5,13.5,0.0,7,43,1
1925,436,11,1,2,5141,9602,3.0,0.0, ,1,1.0,1,27,6,6,13, , , ,1,10.0,2020.0, ,4.0,Empleado_Informal,11.0,11.0,0.0,5,96,1
1925,440,11,1,1,9411,5610,6.0,1.0, ,1,1.0,2,40,1,1,6, , ,1,,,,,,Empleado_Informal,0.0,11.0,-11.0,9,56,1
1925,440,11,2,2,5120,5610,2.0,11.0, ,1,1.0,1,39,1,5,13, , , ,1,7.0,2019.0, ,5.0,Empleado_Informal,10.0,10.0,0.0,5,56,1
1925,440,11,3,1,9629,5610,1.0,1.0,7,1,1.0,1,20,6,1,6, , ,1,,,,,,Empleado_Informal,0.0,11.0,-11.0,9,56,1
1925,440,11,5,2,9412,5610,1.0,0.0,7,1,1.0,1,32,6,5,13, , , ,1,11.0,2023.0, ,1.0,Empleado_Informal,10.0,10.0,0.0,9,56,1
1938,435,11,1,2,,,0.0,0.0, ,2,,2,24,1,6,13, , , ,1,11.0,2018.0,0,6.0,Desempleado,11.0,11.0,0.0,,,0
1938,435,11,2,2,9313,4100,0.0,3.0,7,1,1.0,1,23,1,6,13, , , ,2,5.0,2019.0,0,5.0,Empleado_Informal,11.0,11.0,0.0,9,41,1
1938,439,11,2,2,9629,9609,3.0,0.0, ,1,1.0,2,25,6,6,13, , , ,1,12.0,2019.0, ,5.0,Empleado_Informal,11.0,11.0,0.0,9,96,1
1938,439,11,5,2,9333,5224,0.0,1.0, ,1,1.0,1,29,6,6,13, , , ,1,12.0,2019.0, ,5.0,Empleado_Informal,11.0,11.0,0.0,9,52,1
1938,458,11,1,2,5131,5610,0.0,1.0,7,1,1.0,2,27,5,9,13, , ,3,2,5.0,2021.0,1,3.0,Empleado_Informal,13.5,13.5,0.0,5,56,1
1951,440,11,1,2,3322,6110,0.0,9.0,2,1,1.0,2,34,5,6,13, , , ,2,2.0,2020.0, ,4.0,Empleado_Informal,11.0,11.0,0.0,3,61,1
1951,440,11,5,2,9629,2599,1.0,0.0,7,1,1.0,1,19,1,5,13, , , ,1,2.0,2023.0, ,1.0,Empleado_Informal,10.0,10.0,0.0,9,25,1
1951,447,11,1,2,7422,6110,0.0,7.0,2,1,2.0,1,37,2,6,13, , , ,2,8.0,2018.0,1,6.0,Empleado_Formal,11.0,11.0,0.0,7,61,1
1951,447,11,2,2,5212,4764,6.0,0.0,2,1,1.0,2,30,2,3,13, , , ,2,4.0,2018.0,1,6.0,Empleado_Informal,4.5,4.5,0.0,5,47,1
1951,450,11,1,2,9121,5510,4.0,0.0,7,1,1.0,2,24,1,10,13,1,2,3,2,3.0,2020.0, ,4.0,Empleado_Informal,16.0,16.0,0.0,9,55,1
1951,450,11,2,2,9112,5510,4.0,0.0,7,1,1.0,1,33,1,6,13, , , ,2,2.0,2020.0, ,4.0,Empleado_Informal,11.0,11.0,0.0,9,55,1
1951,450,11,4,2,,,0.0,0.0, ,3,,2,63,5,5,13, , , ,1,10.0,2021.0,0,3.0,Desempleado,10.0,10.0,0.0,,,0
1964,450,11,1,2,8332,1010,4.0,0.0,1,1,1.0,1,29,1,6,13, , , ,2,12.0,2018.0, ,6.0,Empleado_Informal,11.0,11.0,0.0,8,10,1
1964,450,11,2,1,7352,1410,0.0,3.0, ,1,1.0,2,29,1,1,5, , , ,,,,,,Empleado_Informal,0.0,8.5,-8.5,7,14,1
1964,452,11,1,2,8322,4921,0.0,2.0, ,1,1.0,1,35,2,9,13, , ,3,2,11.0,2020.0,1,4.0,Empleado_Informal,13.5,13.5,0.0,8,49,1
1964,453,11,1,2,9629,4773,2.0,0.0,7,1,1.0,1,36,2,6,13, , , ,1,10.0,2022.0,1,2.0,Empleado_Informal,11.0,11.0,0.0,9,47,1
1977,452,11,1,2,9112,5510,2.0,0.0,7,1,1.0,2,30,1,5,13, , , ,1,6.0,2018.0, ,6.0,Empleado_Informal,10.0,10.0,0.0,9,55,1
1977,452,11,2,2,9622,1410,0.0,6.0,2,1,1.0,1,38,1,8,13,1,2,3,2,8.0,2018.0, ,6.0,Empleado_Informal,14.0,14.0,0.0,9,14,1
1977,453,11,1,2,9121,9601,0.0,6.0,7,1,1.0,2,42,6,4,13, , , ,7,6.0,2018.0, ,6.0,Empleado_Informal,9.0,9.0,0.0,9,96,1
1977,457,11,1,2,8331,4921,4.0,1.0,7,1,1.0,1,48,1,6,13, , , ,2,12.0,2019.0, ,5.0,Empleado_Informal,11.0,11.0,0.0,8,49,1
3972,758,11,1,2,7421,9512,3.0,0.0,7,1,1.0,1,25,1,6,13, , , ,2,1.0,2019.0, ,5.0,Empleado_Informal,11.0,11.0,0.0,7,95,1
3972,758,11,2,2,5212,4741,3.0,0.0,7,1,1.0,2,22,1,6,13, , , ,2,12.0,2021.0, ,3.0,Empleado_Informal,11.0,11.0,0.0,5,47,1
3972,759,11,1,2,9112,8121,4.0,0.0, ,1,1.0,2,47,5,4,13, , , ,2,2.0,2021.0, ,3.0,Empleado_Informal,9.0,9.0,0.0,9,81,1
3972,759,11,2,2,9122,4520,2.0,0.0,7,1,1.0,1,20,6,5,5, , , ,2,2.0,2021.0, ,3.0,Empleado_Informal,10.0,8.5,1.5,9,45,1
3972,760,11,1,2,5142,9602,5.0,0.0, ,1,1.0,2,50,5,6,13, , , ,2,1.0,2019.0, ,5.0,Empleado_Informal,11.0,11.0,0.0,5,96,1
3972,760,11,2,2,5142,9602,2.0,0.0, ,1,1.0,2,18,6,4,6, , ,1,2,1.0,2019.0, ,5.0,Empleado_Informal,9.0,11.0,-2.0,5,96,1
3988,758,11,1,2,5120,5610,7.0,0.0,2,1,2.0,1,32,1,8,13,1,2,3,2,3.0,2018.0, ,6.0,Empleado_Formal,14.0,14.0,0.0,5,56,1
3988,758,11,2,2,,,0.0,0.0, ,2,,2,30,1,10,13,1,2,3,2,1.0,2018.0, ,6.0,Desempleado,16.0,16.0,0.0,,,0
3988,758,11,4,2,9621,4923,4.0,0.0, ,1,1.0,1,30,1,8,13,1,2,3,2,5.0,2018.0,1,6.0,Empleado_Informal,14.0,14.0,0.0,9,49,1
3988,765,11,1,2,4110,8412,4.0,0.0,1,1,2.0,1,46,4,11,11, , ,0,2,2.0,2016.0, ,8.0,Empleado_Formal,18.0,19.0,-1.0,4,84,1
3988,765,11,3,2,5222,4759,3.0,0.0,2,1,2.0,1,38,6,8,13,1,2,3,2,11.0,2018.0, ,6.0,Empleado_Formal,14.0,14.0,0.0,5,47,1
3988,766,11,1,2,8322,4922,0.0,5.0, ,1,1.0,1,37,1,10,13,1,2,3,2,11.0,2018.0, ,6.0,Empleado_Informal,16.0,16.0,0.0,8,49,1
3988,766,11,2,2,,,0.0,0.0, ,2,,2,38,1,10,13,1,2,3,2,9.0,2018.0, ,6.0,Desempleado,16.0,16.0,0.0,,,0
4004,765,11,1,2,5211,4663,1.0,0.0,7,1,1.0,2,31,5,8,13,1,2,3,2,11.0,2021.0,1,3.0,Empleado_Informal,14.0,14.0,0.0,5,46,1
4004,766,11,1,2,9121,9601,0.0,10.0,7,1,1.0,2,31,1,10,13,1,2,3,2,10.0,2019.0, ,5.0,Empleado_Informal,16.0,16.0,0.0,9,96,1
4004,766,11,2,2,9333,4752,2.0,0.0,7,1,1.0,1,34,1,6,13, , , ,9,7.0,2021.0,0,3.0,Empleado_Informal,11.0,11.0,0.0,9,47,1
4021,769,11,1,2,9412,5610,5.0,0.0,7,1,1.0,2,26,6,6,13, , , ,1,6.0,2019.0, ,5.0,Empleado_Informal,11.0,11.0,0.0,9,56,1
4021,772,11,1,2,9111,9700,0.0,2.0,7,1,1.0,2,26,6,3,13, , , ,1,5.0,2019.0,1,5.0,Empleado_Informal,4.5,4.5,0.0,9,97,1
4021,775,11,1,2,5120,5610,1.0,6.0,7,1,1.0,2,23,6,5,13, , , ,2,10.0,2019.0, ,5.0,Empleado_Informal,10.0,10.0,0.0,5,56,1
4037,784,11,1,1,5212,4773,4.0,0.0, ,1,2.0,1,46,2,1,6, , ,1,,,,,,Empleado_Formal,0.0,11.0,-11.0,5,47,1
4037,784,11,2,2,5212,4773,3.0,0.0,1,1,2.0,2,49,2,10,13,1,1,3,2,3.0,2019.0, ,5.0,Empleado_Formal,16.0,16.0,0.0,5,47,1
4037,788,11,1,2,5212,4772,0.0,1.0,3,1,1.0,2,27,5,6,13, , , ,2,4.0,2019.0,0,5.0,Empleado_Informal,11.0,11.0,0.0,5,47,1
4037,789,11,1,2,9411,5610,1.0,0.0, ,1,1.0,1,26,1,6,13, , , ,2,8.0,2023.0, ,1.0,Empleado_Informal,11.0,11.0,0.0,9,56,1
4037,789,11,2,2,9111,9700,0.0,1.0,7,1,1.0,2,28,1,6,13, , , ,2,8.0,2023.0, ,1.0,Empleado_Informal,11.0,11.0,0.0,9,97,1
4054,790,11,1,2,9511,4799,1.0,0.0, ,1,1.0,2,47,5,9,13, , ,3,2,12.0,2019.0, ,5.0,Empleado_Informal,13.5,13.5,0.0,9,47,1
4054,798,11,1,2,7111,4100,4.0,0.0, ,1,1.0,1,28,1,6,13, , , ,2,1.0,2019.0,1,5.0,Empleado_Informal,11.0,11.0,0.0,7,41,1
4054,798,11,2,1,5142,9602,2.0,0.0, ,1,1.0,2,25,1,1,7, , ,0,,,,,,Empleado_Informal,0.0,12.5,-12.5,5,96,1
4054,803,11,1,2,7513,1071,1.0,0.0, ,1,1.0,2,28,5,6,13, , , ,2,7.0,2019.0,0,5.0,Empleado_Informal,11.0,11.0,0.0,7,10,1
4070,791,11,1,2,9629,4781,0.0,1.0,7,1,1.0,2,30,6,5,13, , , ,1,12.0,2015.0, ,9.0,Empleado_Informal,10.0,10.0,0.0,9,47,1
4070,796,11,1,2,8322,4921,0.0,4.0, ,1,1.0,1,64,2,7,13, , ,3,2,9.0,2018.0, ,6.0,Empleado_Informal,12.5,12.5,0.0,8,49,1
4070,797,11,1,2,9112,8121,1.0,0.0, ,1,1.0,2,37,1,5,13, , , ,2,5.0,2019.0, ,5.0,Empleado_Informal,10.0,10.0,0.0,9,81,1
4070,797,11,2,2,9122,4520,1.0,0.0,7,1,1.0,1,27,1,4,13, , , ,9,12.0,2018.0, ,6.0,Empleado_Informal,9.0,9.0,0.0,9,45,1
4070,797,11,3,2,9333,5224,1.0,0.0, ,1,1.0,1,16,6,3,5, , , ,2,5.0,2019.0, ,5.0,Empleado_Informal,4.5,8.5,-4.0,9,52,1
4087,800,11,1,2,5131,5610,0.0,10.0,7,1,1.0,1,32,1,6,13, , , ,2,5.0,2018.0, ,6.0,Empleado_Informal,11.0,11.0,0.0,5,56,1
4087,802,11,1,2,,,0.0,0.0, ,2,,2,21,1,4,13, , , ,2,7.0,2023.0,1,1.0,Desempleado,9.0,9.0,0.0,,,0
4087,802,11,2,2,9313,4100,0.0,3.0,7,1,1.0,1,24,1,6,13, , , ,2,7.0,2023.0, ,1.0,Empleado_Informal,11.0,11.0,0.0,9,41,1
4087,809,11,1,2,9111,9700,3.0,4.0,7,1,1.0,2,48,5,6,13, , , ,2,9.0,2021.0, ,3.0,Empleado_Informal,11.0,11.0,0.0,9,97,1
4087,809,11,2,2,,,0.0,0.0, ,2,,2,23,5,6,13, , , ,2,9.0,2021.0, ,3.0,Desempleado,11.0,11.0,0.0,,,0
4103,807,11,1,2,3322,4659,3.0,0.0,7,1,1.0,1,30,1,6,13, , , ,2,8.0,2019.0, ,5.0,Empleado_Informal,11.0,11.0,0.0,3,46,1
4103,807,11,2,2,5142,9602,2.0,0.0, ,1,1.0,2,29,1,6,13, , , ,2,8.0,2019.0, ,5.0,Empleado_Informal,11.0,11.0,0.0,5,96,1
4103,809,11,1,2,5120,5610,2.0,0.0,2,1,1.0,1,34,1,9,13, , ,3,2,7.0,2017.0, ,7.0,Empleado_Informal,13.5,13.5,0.0,5,56,1
4103,812,11,1,2,5212,4741,1.0,0.0,2,1,2.0,1,24,6,9,13, , ,3,2,12.0,2020.0, ,4.0,Empleado_Formal,13.5,13.5,0.0,5,47,1
4103,812,11,2,2,9412,5610,2.0,2.0,2,1,1.0,2,33,5,6,13, , , ,2,7.0,2018.0, ,6.0,Empleado_Informal,11.0,11.0,0.0,9,56,1
4120,812,11,1,2,2221,8690,2.0,0.0, ,1,1.0,2,38,1,10,13,1,1,3,2,8.0,2019.0, ,5.0,Empleado_Informal,16.0,16.0,0.0,2,86,1
4120,812,11,2,2,5141,9602,0.0,4.0,7,1,1.0,1,27,1,6,13, , , ,2,8.0,2019.0,0,5.0,Empleado_Informal,11.0,11.0,0.0,5,96,1
4120,812,11,5,2,9333,4649,3.0,3.0,7,1,1.0,1,46,5,5,13, , , ,2,7.0,2021.0, ,3.0,Empleado_Informal,10.0,10.0,0.0,9,46,1
4120,813,11,1,2,5120,5610,3.0,0.0, ,1,1.0,1,74,2,8,13,1,2,3,2,6.0,2019.0, ,5.0,Empleado_Informal,14.0,14.0,0.0,5,56,1
4120,813,11,2,2,9511,4799,5.0,0.0, ,1,1.0,2,71,2,4,13, , , ,2,6.0,2019.0, ,5.0,Empleado_Informal,9.0,9.0,0.0,9,47,1
4120,814,11,1,2,9122,4520,0.0,8.0, ,1,1.0,2,33,6,6,13, , , ,2,7.0,2023.0,0,1.0,Empleado_Informal,11.0,11.0,0.0,9,45,1
5392,451,11,1,2,7231,4520,2.0,0.0,7,1,1.0,1,53,1,6,13, , , ,2,10.0,2017.0, ,7.0,Empleado_Informal,11.0,11.0,0.0,7,45,1
5392,451,11,2,2,5141,9602,0.0,5.0,7,1,1.0,2,55,1,6,13, , , ,2,10.0,2018.0, ,6.0,Empleado_Informal,11.0,11.0,0.0,5,96,1
5392,451,11,3,2,5311,8790,0.0,1.0,7,1,1.0,2,30,5,5,13, , , ,1,10.0,2017.0, ,7.0,Empleado_Informal,10.0,10.0,0.0,5,87,1
5392,451,11,5,2,5141,9602,0.0,5.0,7,1,1.0,1,21,6,5,6, , ,1,2,10.0,2018.0, ,6.0,Empleado_Informal,10.0,11.0,-1.0,5,96,1
5392,455,11,1,2,7221,2511,5.0,0.0, ,1,1.0,1,45,5,6,13, , , ,2,2.0,2018.0,1,6.0,Empleado_Informal,11.0,11.0,0.0,7,25,1
5392,455,11,2,2,9313,4100,0.0,2.0,7,1,1.0,1,20,1,5,13, , , ,9,6.0,2023.0, ,1.0,Empleado_Informal,10.0,10.0,0.0,9,41,1
5392,455,11,3,1,9211,121,0.0,2.0,2,1,1.0,2,23,1,1,9, , ,0,,,,,,Empleado_Informal,0.0,13.5,-13.5,9,01,1
5392,481,11,1,2,9333,4721,0.0,11.0,7,1,1.0,1,25,6,6,13, , , ,2,2.0,2023.0,0,1.0,Empleado_Informal,11.0,11.0,0.0,9,47,1
5392,481,11,2,2,5213,4781,1.0,6.0,7,1,1.0,1,18,6,6,13, , , ,9,11.0,2022.0, ,2.0,Empleado_Informal,11.0,11.0,0.0,5,47,1
5392,481,11,4,2,5212,4721,0.0,7.0,7,1,1.0,1,25,6,7,13, , ,3,2,9.0,2022.0, ,2.0,Empleado_Informal,12.5,12.5,0.0,5,47,1
5398,468,11,1,2,8322,4922,0.0,6.0, ,1,1.0,1,28,1,6,13, , , ,2,12.0,2019.0,0,5.0,Empleado_Informal,11.0,11.0,0.0,8,49,1
5398,468,11,2,1,4419,8411,0.0,5.0,5,1,1.0,2,25,1,1,10, , ,0,,,,,,Empleado_Informal,0.0,16.0,-16.0,4,84,1
5398,470,11,1,2,9411,5610,2.0,0.0, ,1,1.0,1,41,1,6,13, , , ,2,3.0,2018.0,0,6.0,Empleado_Informal,11.0,11.0,0.0,9,56,1
5398,470,11,2,2,9411,5610,0.0,3.0, ,1,1.0,2,36,1,4,13, , , ,2,4.0,2018.0,1,6.0,Empleado_Informal,9.0,9.0,0.0,9,56,1
5398,474,11,1,2,7513,1071,5.0,0.0, ,1,2.0,2,42,6,9,13, , ,3,2,10.0,2018.0,0,6.0,Empleado_Formal,13.5,13.5,0.0,7,10,1
5403,466,11,1,2,8343,4663,5.0,3.0,7,1,1.0,1,45,1,4,13, , , ,2,7.0,2019.0, ,5.0,Empleado_Informal,9.0,9.0,0.0,8,46,1
5403,466,11,2,2,5142,9602,3.0,0.0, ,1,1.0,2,46,1,5,13, , , ,2,1.0,2020.0, ,4.0,Empleado_Informal,10.0,10.0,0.0,5,96,1
5403,466,11,4,2,9412,5610,0.0,7.0,7,1,1.0,2,26,5,6,13, , , ,2,1.0,2020.0, ,4.0,Empleado_Informal,11.0,11.0,0.0,9,56,1
5403,467,11,1,2,9412,5610,0.0,9.0,7,1,1.0,2,23,1,6,13, , , ,2,1.0,2020.0, ,4.0,Empleado_Informal,11.0,11.0,0.0,9,56,1
5403,467,11,2,2,9313,4100,0.0,1.0,7,1,1.0,1,28,1,5,13, , , ,2,8.0,2018.0,1,6.0,Empleado_Informal,10.0,10.0,0.0,9,41,1
5403,469,11,1,2,9111,9700,0.0,4.0,7,1,1.0,2,39,5,6,13, , , ,1,2.0,2021.0,0,3.0,Empleado_Informal,11.0,11.0,0.0,9,97,1
5409,472,11,2,2,9112,5610,0.0,3.0,7,1,1.0,2,35,1,6,13, , , ,1,6.0,2022.0, ,2.0,Empleado_Informal,11.0,11.0,0.0,9,56,1
5409,472,11,3,2,9112,9499,0.0,6.0,7,1,1.0,1,26,1,6,13, , , ,1,11.0,2022.0, ,2.0,Empleado_Informal,11.0,11.0,0.0,9,94,1
5409,472,11,6,2,9412,5610,0.0,3.0,7,1,1.0,2,30,5,6,13, , , ,9,9.0,2022.0, ,2.0,Empleado_Informal,11.0,11.0,0.0,9,56,1
5409,472,11,9,2,9333,5610,1.0,7.0,7,1,1.0,1,36,5,5,13, , , ,2,2.0,2019.0, ,5.0,Empleado_Informal,10.0,10.0,0.0,9,56,1
5409,473,11,1,2,9333,1080,1.0,7.0,7,1,1.0,1,60,1,4,13, , , ,2,6.0,2019.0, ,5.0,Empleado_Informal,9.0,9.0,0.0,9,10,1
5409,473,11,2,2,9411,5630,1.0,4.0, ,1,1.0,2,52,1,5,13, , , ,6,6.0,2019.0, ,5.0,Empleado_Informal,10.0,10.0,0.0,9,56,1
5409,479,11,1,2,8331,4921,3.0,10.0, ,1,1.0,1,43,1,8,13,1,2,3,2,3.0,2018.0,1,6.0,Empleado_Informal,14.0,14.0,0.0,8,49,1
5409,479,11,2,2,7513,1071,4.0,0.0,7,1,1.0,2,44,1,10,13,1,2,3,2,6.0,2018.0,1,6.0,Empleado_Informal,16.0,16.0,0.0,7,10,1
5415,478,11,1,2,9412,5610,0.0,2.0,7,1,1.0,2,37,1,5,13, , , ,1,10.0,2022.0,0,2.0,Empleado_Informal,10.0,10.0,0.0,9,56,1
5415,478,11,2,1,8322,4921,20.0,0.0, ,1,1.0,1,52,1,1,9, , ,0,,,,,,Empleado_Informal,0.0,13.5,-13.5,8,49,1
5415,485,11,1,2,7231,4520,0.0,6.0,7,1,1.0,1,32,1,5,13, , , ,9,2.0,2020.0, ,4.0,Empleado_Informal,10.0,10.0,0.0,7,45,1
5415,485,11,4,2,7231,4540,0.0,5.0,7,1,1.0,1,29,5,6,13, , , ,9,1.0,2022.0,1,2.0,Empleado_Informal,11.0,11.0,0.0,7,45,1
5415,491,11,1,2,9313,4100,3.0,2.0,7,1,1.0,1,46,1,6,13, , , ,9,6.0,2018.0, ,6.0,Empleado_Informal,11.0,11.0,0.0,9,41,1
5415,491,11,2,2,,,0.0,0.0, ,3,,2,39,1,9,13, , ,3,2,4.0,2019.0, ,5.0,Desempleado,13.5,13.5,0.0,,,0
5415,491,11,3,2,9313,4100,0.0,2.0,7,1,1.0,1,21,6,5,6, , ,1,2,4.0,2019.0,0,5.0,Empleado_Informal,10.0,11.0,-1.0,9,41,1
5415,491,11,4,2,5230,9311,0.0,3.0,7,1,1.0,2,19,6,5,6, , ,1,2,4.0,2019.0, ,5.0,Empleado_Informal,10.0,11.0,-1.0,5,93,1
5421,484,11,1,2,9612,3811,2.0,0.0, ,1,1.0,2,45,1,10,13,1,2,3,1,11.0,2018.0, ,6.0,Empleado_Informal,16.0,16.0,0.0,9,38,1
5421,484,11,2,2,,,0.0,0.0, ,3,,1,51,1,6,13, , , ,2,11.0,2018.0, ,6.0,Desempleado,11.0,11.0,0.0,,,0
5421,492,11,1,2,7231,4520,2.0,2.0, ,1,1.0,1,42,1,10,13,1,2,3,1,9.0,2022.0, ,2.0,Empleado_Informal,16.0,16.0,0.0,7,45,1
5421,492,11,2,2,,,0.0,0.0, ,3,,2,36,1,10,13,1,2,3,1,10.0,2022.0, ,2.0,Desempleado,16.0,16.0,0.0,,,0
5421,494,11,3,2,9629,5610,2.0,3.0,7,1,1.0,2,23,5,5,13, , , ,1,6.0,2021.0, ,3.0,Empleado_Informal,10.0,10.0,0.0,9,56,1
5421,494,11,5,3,9629,5610,2.0,4.0,7,1,1.0,1,52,5,1,13, , , ,1,5.0,2019.0, ,5.0,Empleado_Informal,0.0,0.0,0.0,9,56,1
5426,491,13,1,2,9411,5610,3.0,0.0, ,1,1.0,2,31,3,9,13, , ,3,2,8.0,2021.0,0,3.0,Empleado_Informal,13.5,13.5,0.0,9,56,1
5426,491,23,1,2,5212,4759,3.0,0.0,7,1,1.0,1,25,1,6,13, , , ,6,9.0,2020.0, ,4.0,Empleado_Informal,11.0,11.0,0.0,5,47,1
5426,491,23,2,2,9411,5630,6.0,0.0, ,1,1.0,2,36,1,9,13, , ,3,6,4.0,2019.0, ,5.0,Empleado_Informal,13.5,13.5,0.0,9,56,1
5426,491,33,1,2,5213,4782,0.0,1.0,7,1,1.0,1,27,5,6,13, , , ,1,8.0,2021.0, ,3.0,Empleado_Informal,11.0,11.0,0.0,5,47,1
5426,494,11,1,2,7399,3290,4.0,0.0, ,1,1.0,1,48,1,10,13,1,2,3,6,9.0,2018.0, ,6.0,Empleado_Informal,16.0,16.0,0.0,7,32,1
5426,494,11,2,1,7513,1071,2.0,0.0, ,1,1.0,2,46,1,1,8, , ,0,,,,,,Empleado_Informal,0.0,14.0,-14.0,7,10,1
5426,497,11,1,1,9411,5610,3.0,0.0, ,1,1.0,2,27,1,1,7, , ,0,,,,,,Empleado_Informal,0.0,12.5,-12.5,9,56,1
5426,497,11,2,2,8321,4922,1.0,0.0, ,1,1.0,1,28,1,6,13, , , ,1,7.0,2017.0, ,7.0,Empleado_Informal,11.0,11.0,0.0,8,49,1
5432,511,11,1,2,7421,9522,5.0,0.0, ,1,2.0,1,35,1,5,13, , , ,2,7.0,2018.0, ,6.0,Empleado_Formal,10.0,10.0,0.0,7,95,1
5432,511,11,2,2,9411,5610,2.0,0.0, ,1,1.0,2,36,1,10,13,1,2,3,2,12.0,2018.0, ,6.0,Empleado_Informal,16.0,16.0,0.0,9,56,1
5432,511,11,5,2,,,0.0,0.0, ,2,,2,44,5,6,13, , , ,2,5.0,2019.0,1,5.0,Desempleado,11.0,11.0,0.0,,,0
5432,513,11,1,2,8332,4773,4.0,0.0,7,1,1.0,1,39,2,10,13,2, ,3,1,5.0,2018.0, ,6.0,Empleado_Informal,16.0,16.0,0.0,8,47,1
5432,513,11,7,2,9111,9700,4.0,0.0,7,1,1.0,2,53,2,8,13,1,2,3,2,7.0,2018.0,0,6.0,Empleado_Informal,14.0,14.0,0.0,9,97,1
5432,514,13,1,2,9411,5610,3.0,0.0, ,1,1.0,2,39,6,7,13, , ,3,2,12.0,2020.0, ,4.0,Empleado_Informal,12.5,12.5,0.0,9,56,1
5432,514,23,1,2,9411,5610,3.0,0.0, ,1,1.0,2,27,1,9,13, , ,3,2,6.0,2019.0, ,5.0,Empleado_Informal,13.5,13.5,0.0,9,56,1
5432,514,23,2,2,8322,4922,4.0,0.0,7,1,1.0,1,33,1,6,13, , , ,2,9.0,2018.0, ,6.0,Empleado_Informal,11.0,11.0,0.0,8,49,1
5432,514,33,1,2,9411,5610,4.0,0.0, ,1,1.0,2,35,5,6,13, , , ,2,5.0,2019.0, ,5.0,Empleado_Informal,11.0,11.0,0.0,9,56,1
5432,514,33,2,2,9411,5610,2.0,0.0, ,1,1.0,2,21,6,5,6, , ,1,2,5.0,2019.0, ,5.0,Empleado_Informal,10.0,11.0,-1.0,9,56,1
6145,230,11,1,2,9412,5610,0.0,1.0,7,1,1.0,2,30,6,6,9, , ,0,2,11.0,2018.0,0,6.0,Empleado_Informal,11.0,13.5,-2.5,9,56,1
6145,231,11,1,2,5120,5610,0.0,1.0, ,1,1.0,2,41,1,8,13,1,2,3,2,12.0,2018.0, ,6.0,Empleado_Informal,14.0,14.0,0.0,5,56,1
6145,231,11,2,2,9333,5224,2.0,0.0, ,1,1.0,1,41,1,5,13, , , ,2,6.0,2018.0,1,6.0,Empleado_Informal,10.0,10.0,0.0,9,52,1
6145,231,11,3,2,9333,5224,2.0,0.0,7,1,1.0,1,19,6,5,6, , ,1,2,12.0,2018.0, ,6.0,Empleado_Informal,10.0,11.0,-1.0,9,52,1
6145,231,11,5,2,9333,5224,0.0,1.0,7,1,1.0,1,26,6,6,13, , , ,2,6.0,2018.0,0,6.0,Empleado_Informal,11.0,11.0,0.0,9,52,1
6145,233,11,1,2,9629,8129,0.0,2.0,7,1,1.0,1,33,1,8,13,1,2,3,2,11.0,2019.0, ,5.0,Empleado_Informal,14.0,14.0,0.0,9,81,1
6145,233,11,2,2,,,0.0,0.0, ,3,,2,32,1,6,13, , , ,2,4.0,2019.0, ,5.0,Desempleado,11.0,11.0,0.0,,,0
6164,242,11,1,2,,,0.0,0.0, ,3,,2,27,1,5,13, , , ,2,10.0,2022.0, ,2.0,Desempleado,10.0,10.0,0.0,,,0
6164,242,11,2,2,9313,4100,0.0,2.0,7,1,1.0,1,29,1,5,13, , , ,2,10.0,2022.0, ,2.0,Empleado_Informal,10.0,10.0,0.0,9,41,1
6164,244,11,1,2,9313,4100,3.0,0.0,7,1,1.0,1,34,1,5,13, , , ,2,10.0,2021.0, ,3.0,Empleado_Informal,10.0,10.0,0.0,9,41,1
6164,246,11,1,2,5142,9602,0.0,1.0, ,1,1.0,2,31,1,9,13, , ,3,2,1.0,2021.0, ,3.0,Empleado_Informal,13.5,13.5,0.0,5,96,1
6164,246,11,2,2,8141,4520,3.0,0.0,7,1,1.0,1,35,1,10,13,1,2,3,1,6.0,2021.0, ,3.0,Empleado_Informal,16.0,16.0,0.0,8,45,1
6164,246,11,6,2,5142,9602,2.0,0.0, ,1,1.0,2,21,6,6,13, , , ,3,1.0,2021.0, ,3.0,Empleado_Informal,11.0,11.0,0.0,5,96,1
6183,242,11,1,2,3322,6110,1.0,6.0,7,1,1.0,1,29,1,9,13, , ,3,2,8.0,2018.0,0,6.0,Empleado_Informal,13.5,13.5,0.0,3,61,1
6183,242,11,2,1,3322,4741,1.0,0.0,7,1,1.0,2,22,1,1,6, , ,1,,,,,,Empleado_Informal,0.0,11.0,-11.0,3,47,1
6183,243,11,1,2,9121,9601,0.0,1.0, ,1,1.0,2,24,1,5,13, , , ,2,12.0,2021.0,0,3.0,Empleado_Informal,10.0,10.0,0.0,9,96,1
6183,243,11,2,2,7422,6110,1.0,0.0,2,1,1.0,1,25,1,6,13, , , ,2,12.0,2021.0,0,3.0,Empleado_Informal,11.0,11.0,0.0,7,61,1
6202,247,11,1,2,8322,4922,3.0,0.0, ,1,1.0,2,56,6,4,13, , , ,2,5.0,2018.0,0,6.0,Empleado_Informal,9.0,9.0,0.0,8,49,1
6202,247,11,2,2,5212,4752,0.0,2.0,7,1,1.0,1,25,6,6,13, , , ,2,9.0,2019.0,1,5.0,Empleado_Informal,11.0,11.0,0.0,5,47,1
6202,248,11,1,2,5230,9200,2.0,6.0,2,1,1.0,2,34,1,9,13, , ,3,2,11.0,2021.0, ,3.0,Empleado_Informal,13.5,13.5,0.0,5,92,1
6202,248,11,2,2,5212,4752,3.0,0.0,2,1,1.0,1,41,1,6,13, , , ,2,5.0,2021.0, ,3.0,Empleado_Informal,11.0,11.0,0.0,5,47,1
6202,249,11,1,2,5212,4741,4.0,0.0,7,1,1.0,1,36,6,10,13,1,2,3,2,1.0,2017.0, ,7.0,Empleado_Informal,16.0,16.0,0.0,5,47,1
6221,259,11,1,2,9313,4100,8.0,1.0,7,1,1.0,1,43,5,6,13, , , ,2,4.0,2019.0, ,5.0,Empleado_Informal,11.0,11.0,0.0,9,41,1
6221,277,11,1,2,5211,4630,4.0,10.0,7,1,1.0,1,30,6,9,13, , ,3,2,6.0,2019.0, ,5.0,Empleado_Informal,13.5,13.5,0.0,5,46,1
6221,278,11,1,2,7513,1071,0.0,1.0, ,1,1.0,2,26,6,6,13, , , ,9,6.0,2023.0, ,1.0,Empleado_Informal,11.0,11.0,0.0,7,10,1
6240,259,11,1,1,9313,4100,0.0,1.0,7,1,1.0,1,32,1,5,13, , , ,,,,,,Empleado_Informal,10.0,10.0,0.0,9,41,1
6240,263,11,1,2,9313,4100,2.0,0.0,7,1,1.0,1,27,1,5,13, , , ,2,12.0,2021.0, ,3.0,Empleado_Informal,10.0,10.0,0.0,9,41,1
6240,265,11,1,2,8156,1520,0.0,1.0,7,1,1.0,1,33,5,5,13, , , ,1,10.0,2024.0, ,0.0,Empleado_Informal,10.0,10.0,0.0,8,15,1
6240,265,11,2,2,9111,9700,0.0,8.0,7,1,1.0,2,68,2,6,13, , , ,2,7.0,2022.0, ,2.0,Empleado_Informal,11.0,11.0,0.0,9,97,1
6297,295,11,1,2,7513,1071,0.0,1.0,2,1,1.0,2,54,5,6,13, , , ,2,3.0,2018.0, ,6.0,Empleado_Informal,11.0,11.0,0.0,7,10,1
6297,295,11,2,2,7212,7830,0.0,5.0,2,1,1.0,1,30,6,8,13,1,2,3,2,10.0,2021.0,0,3.0,Empleado_Informal,14.0,14.0,0.0,7,78,1
6297,298,11,1,2,9629,9609,1.0,6.0, ,1,1.0,1,37,1,10,13,1,2,3,2,8.0,2018.0, ,6.0,Empleado_Informal,16.0,16.0,0.0,9,96,1
6297,298,11,2,2,9112,8121,5.0,1.0, ,1,1.0,2,40,1,6,13, , , ,4,6.0,2016.0,1,8.0,Empleado_Informal,11.0,11.0,0.0,9,81,1
6297,298,11,3,2,,,0.0,0.0, ,2,,2,16,6,4,5, , , ,4,8.0,2018.0, ,6.0,Desempleado,9.0,8.5,0.5,,,0
6297,298,11,5,2,5243,4791,3.0,2.0, ,1,1.0,2,22,1,6,13, , , ,4,8.0,2018.0,1,6.0,Empleado_Informal,11.0,11.0,0.0,5,47,1
6297,298,11,6,1,8322,4630,0.0,10.0,7,1,1.0,1,28,1,1,5, , , ,,,,,,Empleado_Informal,0.0,8.5,-8.5,8,46,1
6297,298,11,7,2,5241,4630,0.0,1.0,7,1,1.0,2,19,1,5,13, , , ,4,8.0,2018.0,1,6.0,Empleado_Informal,10.0,10.0,0.0,5,46,1
6297,298,11,8,1,5245,4711,0.0,6.0,2,1,2.0,1,19,1,1,7, , ,0,,,,,,Empleado_Formal,0.0,12.5,-12.5,5,47,1
6297,302,11,1,2,3132,5610,7.0,0.0,7,1,1.0,2,25,6,9,13, , ,3,2,2.0,2018.0,1,6.0,Empleado_Informal,13.5,13.5,0.0,3,56,1
6316,283,11,2,2,5131,9200,0.0,1.0,2,1,1.0,2,21,6,5,13, , , ,2,2.0,2022.0,1,2.0,Empleado_Informal,10.0,10.0,0.0,5,92,1
6316,284,11,1,2,5131,9329,0.0,1.0,7,1,1.0,2,27,1,5,13, , , ,1,11.0,2023.0, ,1.0,Empleado_Informal,10.0,10.0,0.0,5,93,1
6316,284,11,2,2,9333,5224,0.0,7.0, ,1,1.0,1,30,1,5,13, , , ,2,11.0,2023.0, ,1.0,Empleado_Informal,10.0,10.0,0.0,9,52,1
6316,285,11,1,2,9111,9700,0.0,1.0,7,1,1.0,2,32,1,8,13,1,2,3,2,8.0,2019.0, ,5.0,Empleado_Informal,14.0,14.0,0.0,9,97,1
6316,285,11,2,2,5141,9602,0.0,2.0,7,1,1.0,1,33,1,8,13,1,2,3,2,7.0,2019.0, ,5.0,Empleado_Informal,14.0,14.0,0.0,5,96,1
6335,289,11,1,2,9333,4630,3.0,0.0,7,1,1.0,1,23,1,4,13, , , ,9,11.0,2021.0, ,3.0,Empleado_Informal,9.0,9.0,0.0,9,46,1
6335,290,11,1,2,9621,5610,0.0,6.0,7,1,1.0,1,35,1,10,13,1,2,3,2,8.0,2023.0, ,1.0,Empleado_Informal,16.0,16.0,0.0,9,56,1
6335,290,11,2,2,5212,4771,1.0,0.0,7,1,1.0,2,31,1,8,13,1,2,3,1,11.0,2023.0, ,1.0,Empleado_Informal,14.0,14.0,0.0,5,47,1
6335,292,11,1,2,5213,4781,4.0,0.0,7,1,1.0,1,42,5,5,13, , , ,1,2.0,2019.0, ,5.0,Empleado_Informal,10.0,10.0,0.0,5,47,1
6430,320,11,1,1,9621,4923,0.0,9.0, ,1,1.0,2,32,1,1,10, , ,0,,,,,,Empleado_Informal,0.0,16.0,-16.0,9,49,1
6430,320,11,2,2,9313,4100,2.0,1.0,7,1,1.0,1,34,1,6,13, , , ,2,1.0,2019.0,1,5.0,Empleado_Informal,11.0,11.0,0.0,9,41,1
6430,324,11,1,2,2145,2023,6.0,2.0,1,1,2.0,1,55,2,10,13,1,2,3,2,1.0,2018.0,0,6.0,Empleado_Formal,16.0,16.0,0.0,2,20,1
6430,324,11,2,2,3213,4772,0.0,1.0,7,1,1.0,2,50,2,8,13,1,2,3,2,12.0,2021.0,1,3.0,Empleado_Informal,14.0,14.0,0.0,3,47,1
6430,324,11,3,2,,,0.0,0.0, ,2,,1,23,6,6,13, , , ,2,12.0,2020.0,1,4.0,Desempleado,11.0,11.0,0.0,,,0
6430,327,11,1,2,7513,1071,1.0,1.0, ,1,1.0,1,57,1,6,13, , , ,2,9.0,2020.0, ,4.0,Empleado_Informal,11.0,11.0,0.0,7,10,1
6430,327,11,2,2,7513,1071,2.0,0.0, ,1,1.0,2,55,1,9,13, , ,3,2,7.0,2021.0, ,3.0,Empleado_Informal,13.5,13.5,0.0,7,10,1
6839,37,11,1,2,9621,4923,4.0,0.0, ,1,2.0,1,34,6,9,13, , ,3,2,4.0,2018.0,1,6.0,Empleado_Formal,13.5,13.5,0.0,9,49,1
6839,39,11,2,2,9612,3811,2.0,0.0, ,1,1.0,1,32,1,5,13, , , ,1,3.0,2021.0, ,3.0,Empleado_Informal,10.0,10.0,0.0,9,38,1
6839,40,11,2,1,8331,4923,1.0,6.0,7,1,2.0,1,52,1,1,6, , ,1,,,,,,Empleado_Formal,0.0,11.0,-11.0,8,49,1
6839,40,11,3,2,9629,4721,0.0,4.0,7,1,1.0,1,20,6,6,13, , , ,2,11.0,2018.0, ,6.0,Empleado_Informal,11.0,11.0,0.0,9,47,1
6852,44,11,1,2,9621,4923,2.0,6.0, ,1,1.0,1,28,6,9,13, , ,3,2,11.0,2018.0, ,6.0,Empleado_Informal,13.5,13.5,0.0,9,49,1
6852,50,11,1,2,9412,5610,1.0,0.0,7,1,1.0,1,22,6,9,13, , ,3,9,10.0,2023.0, ,1.0,Empleado_Informal,13.5,13.5,0.0,9,56,1
6852,50,11,2,2,7111,4100,0.0,7.0,7,1,1.0,1,63,6,5,13, , , ,9,4.0,2024.0, ,0.0,Empleado_Informal,10.0,10.0,0.0,7,41,1
6852,50,11,3,2,7231,4520,0.0,2.0,7,1,1.0,1,21,6,7,13, , ,3,9,9.0,2024.0, ,0.0,Empleado_Informal,12.5,12.5,0.0,7,45,1
6852,51,11,1,2,9622,9499,2.0,5.0,7,1,1.0,1,37,2,6,13, , , ,2,7.0,2021.0, ,3.0,Empleado_Informal,11.0,11.0,0.0,9,94,1
6852,51,11,2,2,7513,1071,2.0,2.0, ,1,1.0,2,32,2,6,13, , , ,2,7.0,2021.0, ,3.0,Empleado_Informal,11.0,11.0,0.0,7,10,1
6865,53,11,1,2,9621,4923,1.0,0.0, ,1,2.0,1,26,1,6,13, , , ,2,2.0,2021.0, ,3.0,Empleado_Formal,11.0,11.0,0.0,9,49,1
6865,54,11,1,2,9622,9329,0.0,5.0,3,1,1.0,1,35,1,7,13, , ,3,2,9.0,2021.0, ,3.0,Empleado_Informal,12.5,12.5,0.0,9,93,1
6865,55,11,1,2,7354,1410,1.0,3.0,2,1,1.0,1,35,6,5,13, , , ,2,2.0,2018.0, ,6.0,Empleado_Informal,10.0,10.0,0.0,7,14,1
6877,60,11,1,2,2211,8610,1.0,6.0,5,1,1.0,2,32,1,10,13,1,1,3,2,3.0,2018.0,1,6.0,Empleado_Informal,16.0,16.0,0.0,2,86,1
6877,60,11,2,1,8331,8610,5.0,0.0,5,1,1.0,1,33,1,1,6, , ,1,,,,,,Empleado_Informal,0.0,11.0,-11.0,8,86,1
6877,64,11,1,2,9621,4923,2.0,0.0, ,1,1.0,1,31,1,10,13,1,2,3,1,2.0,2019.0,1,5.0,Empleado_Informal,16.0,16.0,0.0,9,49,1
6877,64,11,2,1,,,0.0,0.0, ,2,,2,29,1,1,8, , ,0,,,,,,Desempleado,0.0,14.0,-14.0,,,0
6877,69,11,1,2,8343,5210,3.0,2.0,2,1,2.0,1,28,1,9,13, , ,3,2,5.0,2021.0, ,3.0,Empleado_Formal,13.5,13.5,0.0,8,52,1
6877,69,11,2,2,4419,7830,2.0,0.0,2,1,2.0,2,29,1,10,13,1,2,3,2,5.0,2021.0, ,3.0,Empleado_Formal,16.0,16.0,0.0,4,78,1
6890,65,11,1,2,5142,9602,2.0,0.0,7,1,1.0,2,31,6,8,13,1,2,3,2,6.0,2019.0,1,5.0,Empleado_Informal,14.0,14.0,0.0,5,96,1
6890,67,11,1,2,3314,4771,2.0,0.0,7,1,1.0,2,42,6,8,13,1,2,3,2,8.0,2019.0, ,5.0,Empleado_Informal,14.0,14.0,0.0,3,47,1
6890,67,11,3,2,9621,4771,1.0,0.0,7,1,1.0,1,27,6,8,13,1,2,3,1,8.0,2023.0, ,1.0,Empleado_Informal,14.0,14.0,0.0,9,47,1
6890,81,11,1,2,5212,4721,1.0,1.0, ,1,1.0,1,54,1,6,13, , , ,2,6.0,2019.0,0,5.0,Empleado_Informal,11.0,11.0,0.0,5,47,1
6890,81,11,2,2,5212,4721,1.0,9.0,7,1,1.0,2,50,1,6,13, , , ,2,6.0,2019.0,0,5.0,Empleado_Informal,11.0,11.0,0.0,5,47,1
6890,81,11,4,2,9629,9000,0.0,6.0,7,1,1.0,2,28,6,6,13, , , ,2,10.0,2018.0,0,6.0,Empleado_Informal,11.0,11.0,0.0,9,90,1
7447,345,11,1,2,9313,4100,1.0,3.0,7,1,1.0,1,23,1,6,13, , , ,9,7.0,2023.0, ,1.0,Empleado_Informal,11.0,11.0,0.0,9,41,1
7447,345,11,2,2,5211,4649,0.0,2.0,7,1,1.0,2,19,1,5,13, , , ,9,6.0,2024.0, ,0.0,Empleado_Informal,10.0,10.0,0.0,5,46,1
7447,345,11,4,2,5212,4752,0.0,3.0,7,1,1.0,2,33,6,6,13, , , ,9,7.0,2024.0, ,0.0,Empleado_Informal,11.0,11.0,0.0,5,47,1
7447,345,11,5,2,9122,4520,0.0,3.0,7,1,1.0,1,17,6,6,13, , , ,9,7.0,2024.0, ,0.0,Empleado_Informal,11.0,11.0,0.0,9,45,1
7447,348,11,1,2,9622,8010,3.0,6.0,2,1,1.0,1,36,1,7,13, , ,3,2,1.0,2019.0,1,5.0,Empleado_Informal,12.5,12.5,0.0,9,80,1
7447,348,11,2,2,9111,9700,1.0,1.0,7,1,2.0,2,24,1,9,13, , ,3,2,1.0,2020.0,0,4.0,Empleado_Formal,13.5,13.5,0.0,9,97,1
7447,351,11,1,2,3322,3520,1.0,11.0,7,1,1.0,1,40,6,9,13, , ,3,2,6.0,2017.0, ,7.0,Empleado_Informal,13.5,13.5,0.0,3,35,1
7460,350,11,1,2,5141,9602,0.0,1.0,7,1,1.0,1,22,6,6,13, , , , ,,, ,,Empleado_Informal,11.0,11.0,0.0,5,96,1
7460,357,11,1,2,3221,8790,0.0,6.0,5,1,1.0,2,32,1,8,13,1,1,3,2,10.0,2018.0,1,6.0,Empleado_Informal,14.0,14.0,0.0,3,87,1
7460,357,11,2,2,3124,5610,2.0,0.0,7,1,1.0,1,39,1,6,13, , , ,2,7.0,2018.0,1,6.0,Empleado_Informal,11.0,11.0,0.0,3,56,1
7460,358,11,1,2,8322,4922,1.0,11.0, ,1,1.0,1,32,1,6,13, , , ,2,1.0,2018.0, ,6.0,Empleado_Informal,11.0,11.0,0.0,8,49,1
7460,358,11,2,2,9629,1061,1.0,7.0,2,1,2.0,2,23,1,6,13, , , ,2,1.0,2019.0, ,5.0,Empleado_Formal,11.0,11.0,0.0,9,10,1
7602,416,11,1,2,5212,4721,7.0,0.0,7,1,1.0,1,38,1,5,13, , , ,2,12.0,2017.0, ,7.0,Empleado_Informal,10.0,10.0,0.0,5,47,1
7602,417,11,1,2,5131,5610,2.0,0.0,7,1,1.0,2,34,6,8,13,1,2,3,2,11.0,2018.0, ,6.0,Empleado_Informal,14.0,14.0,0.0,5,56,1
7602,431,11,1,2,7111,4100,0.0,5.0, ,1,1.0,1,50,1,5,13, , , ,2,9.0,2018.0, ,6.0,Empleado_Informal,10.0,10.0,0.0,7,41,1
7602,431,11,2,2,9629,6810,0.0,6.0,2,1,1.0,2,50,1,6,13, , , ,2,10.0,2018.0,0,6.0,Empleado_Informal,11.0,11.0,0.0,9,68,1
7615,422,11,1,1,5241,7830,0.0,2.0,2,1,1.0,2,19,1,1,6, , ,1,,,,,,Empleado_Informal,0.0,11.0,-11.0,5,78,1
7615,422,11,2,2,9621,4923,1.0,4.0, ,1,1.0,1,19,1,6,9, , ,0,2,11.0,2020.0,0,4.0,Empleado_Informal,11.0,13.5,-2.5,9,49,1
7615,423,11,1,2,9621,4923,2.0,0.0, ,1,2.0,1,45,2,8,13,1,2,3,2,6.0,2018.0, ,6.0,Empleado_Formal,14.0,14.0,0.0,9,49,1
7615,423,11,2,2,3322,1079,1.0,0.0,7,1,1.0,2,43,2,8,13,1,2,3,2,11.0,2018.0,1,6.0,Empleado_Informal,14.0,14.0,0.0,3,10,1
7615,424,11,2,2,8332,4630,5.0,0.0,5,1,1.0,1,31,1,5,13, , , ,2,5.0,2019.0,1,5.0,Empleado_Informal,10.0,10.0,0.0,8,46,1
7809,525,11,1,2,9412,5610,0.0,2.0,7,1,1.0,2,45,5,6,13, , , ,5,6.0,2018.0,1,6.0,Empleado_Informal,11.0,11.0,0.0,9,56,1
7809,525,11,2,2,9412,5610,0.0,2.0,7,1,1.0,2,16,6,4,4, , , ,9,6.0,2018.0, ,6.0,Empleado_Informal,9.0,6.0,3.0,9,56,1
7809,525,11,3,2,9629,9329,0.0,2.0,7,1,1.0,2,22,6,5,13, , , ,9,6.0,2015.0, ,9.0,Empleado_Informal,10.0,10.0,0.0,9,93,1
7809,526,11,2,2,5212,4721,1.0,9.0,7,1,1.0,1,28,1,10,13,1,2,3,2,2.0,2023.0, ,1.0,Empleado_Informal,16.0,16.0,0.0,5,47,1
7809,526,11,5,2,9313,4100,0.0,9.0,7,1,1.0,1,18,6,6,13, , , ,1,3.0,2023.0, ,1.0,Empleado_Informal,11.0,11.0,0.0,9,41,1
7809,527,11,1,2,5131,5610,0.0,5.0,7,1,1.0,1,30,2,8,13,2, ,3,9,6.0,2022.0, ,2.0,Empleado_Informal,14.0,14.0,0.0,5,56,1
7809,527,11,2,2,5131,5610,0.0,9.0,7,1,1.0,2,28,2,6,13, , , ,1,10.0,2023.0,1,1.0,Empleado_Informal,11.0,11.0,0.0,5,56,1
7822,551,11,1,2,8322,4922,1.0,7.0, ,1,1.0,1,25,6,9,13, , ,3,2,12.0,2019.0,1,5.0,Empleado_Informal,13.5,13.5,0.0,8,49,1
7822,558,11,1,2,7231,4520,2.0,4.0,7,1,1.0,1,24,6,5,13, , , ,2,1.0,2021.0, ,3.0,Empleado_Informal,10.0,10.0,0.0,7,45,1
7835,538,11,1,2,9511,4799,6.0,1.0, ,1,1.0,2,46,5,8,13,2, ,3,2,7.0,2018.0, ,6.0,Empleado_Informal,14.0,14.0,0.0,9,47,1
7835,540,11,1,2,8322,4922,5.0,1.0, ,1,1.0,1,42,2,6,13, , , ,2,8.0,2018.0,1,6.0,Empleado_Informal,11.0,11.0,0.0,8,49,1
7835,541,11,1,1,9112,8510,0.0,8.0,2,1,1.0,1,45,1,1,9, , ,0,,,,,,Empleado_Informal,0.0,13.5,-13.5,9,85,1
7848,545,11,1,2,5213,4789,1.0,3.0,7,1,1.0,1,32,1,6,13, , , ,2,8.0,2022.0, ,2.0,Empleado_Informal,11.0,11.0,0.0,5,47,1
7848,545,11,2,2,9411,5610,0.0,8.0, ,1,1.0,2,28,1,6,13, , , ,2,8.0,2022.0,1,2.0,Empleado_Informal,11.0,11.0,0.0,9,56,1
7848,546,11,1,2,4321,2220,2.0,1.0,7,1,1.0,1,25,6,6,13, , , ,2,1.0,2022.0, ,2.0,Empleado_Informal,11.0,11.0,0.0,4,22,1
7848,547,11,1,2,7312,2393,2.0,0.0,2,1,2.0,1,33,2,6,13, , , ,2,11.0,2019.0, ,5.0,Empleado_Formal,11.0,11.0,0.0,7,23,1
7848,547,11,2,2,5222,4773,2.0,0.0,7,1,1.0,2,32,2,10,13,2, ,3,2,2.0,2020.0,1,4.0,Empleado_Informal,16.0,16.0,0.0,5,47,1
7861,551,11,1,2,5245,1071,3.0,0.0,7,1,1.0,2,30,1,10,13,1,2,3,2,3.0,2019.0,1,5.0,Empleado_Informal,16.0,16.0,0.0,5,10,1
7861,551,11,2,2,8332,5229,1.0,6.0,2,1,2.0,1,34,1,6,13, , , ,2,5.0,2019.0, ,5.0,Empleado_Formal,11.0,11.0,0.0,8,52,1
7861,552,11,1,2,8331,4923,1.0,0.0,2,1,2.0,1,29,1,9,13, , ,3,2,10.0,2022.0, ,2.0,Empleado_Formal,13.5,13.5,0.0,8,49,1
7861,556,11,1,2,9313,4100,2.0,0.0,7,1,1.0,1,30,6,5,13, , , ,2,5.0,2022.0, ,2.0,Empleado_Informal,10.0,10.0,0.0,9,41,1
7874,557,11,1,2,5245,1071,0.0,5.0,7,1,1.0,2,29,2,8,13,1,2,3,2,2.0,2023.0, ,1.0,Empleado_Informal,14.0,14.0,0.0,5,10,1
7874,557,11,2,2,8322,4922,0.0,3.0, ,1,1.0,1,30,2,10,13,2, ,3,1,2.0,2023.0, ,1.0,Empleado_Informal,16.0,16.0,0.0,8,49,1
7874,558,11,1,2,4120,4659,3.0,6.0,2,1,2.0,2,36,6,8,13,1,2,3,2,5.0,2016.0, ,8.0,Empleado_Formal,14.0,14.0,0.0,4,46,1
7874,558,11,4,2,8189,4321,4.0,4.0,2,1,2.0,1,33,1,4,13, , , ,2,12.0,2016.0, ,8.0,Empleado_Formal,9.0,9.0,0.0,8,43,1
7874,558,11,5,2,2342,8510,2.0,0.0,5,1,1.0,2,32,1,9,13, , ,3,2,8.0,2016.0, ,8.0,Empleado_Informal,13.5,13.5,0.0,2,85,1
7874,559,11,1,2,9629,9609,6.0,0.0, ,1,1.0,2,65,5,10,13,1,2,3,2,8.0,2019.0, ,5.0,Empleado_Informal,16.0,16.0,0.0,9,96,1
7874,559,11,2,2,7511,1010,2.0,4.0,2,1,1.0,1,42,6,9,13, , ,3,7,7.0,2021.0, ,3.0,Empleado_Informal,13.5,13.5,0.0,7,10,1
7887,563,11,1,2,2342,8510,2.0,0.0,2,1,2.0,2,31,4,8,13,1,2,3,2,5.0,2019.0, ,5.0,Empleado_Formal,14.0,14.0,0.0,2,85,1
7887,567,11,1,2,9621,4923,1.0,8.0, ,1,1.0,1,27,6,6,13, , , ,1,8.0,2019.0,0,5.0,Empleado_Informal,11.0,11.0,0.0,9,49,1
7887,569,11,1,2,9112,6810,0.0,4.0,7,1,1.0,2,42,1,5,13, , , ,1,11.0,2018.0, ,6.0,Empleado_Informal,10.0,10.0,0.0,9,68,1
7887,569,11,2,1,9622,6810,0.0,5.0,7,1,1.0,1,35,1,1,5, , , ,,,,,,Empleado_Informal,0.0,8.5,-8.5,9,68,1
7900,569,11,1,2,9622,8730,0.0,5.0,7,1,1.0,1,50,2,6,13, , , ,2,10.0,2023.0, ,1.0,Empleado_Informal,11.0,11.0,0.0,9,87,1
7900,569,11,3,2,9412,5610,0.0,3.0,7,1,1.0,2,30,6,9,13, , ,3,9,7.0,2024.0, ,0.0,Empleado_Informal,13.5,13.5,0.0,9,56,1
7900,570,11,1,2,8321,4922,0.0,10.0, ,1,1.0,1,33,2,7,13, , ,3,2,4.0,2019.0, ,5.0,Empleado_Informal,12.5,12.5,0.0,8,49,1
7900,575,11,1,2,5120,5610,1.0,0.0, ,1,1.0,2,42,2,6,13, , , ,2,5.0,2019.0, ,5.0,Empleado_Informal,11.0,11.0,0.0,5,56,1
7900,575,11,2,2,8321,4922,3.0,0.0, ,1,1.0,1,57,2,6,13, , , ,2,5.0,2018.0, ,6.0,Empleado_Informal,11.0,11.0,0.0,8,49,1
7900,575,11,4,2,4110,9499,3.0,0.0,7,1,1.0,1,67,3,4,13, , , ,2,5.0,2019.0, ,5.0,Empleado_Informal,9.0,9.0,0.0,4,94,1
7913,577,11,1,2,3124,8129,5.0,0.0,2,1,2.0,1,50,1,6,13, , , ,2,2.0,2018.0, ,6.0,Empleado_Formal,11.0,11.0,0.0,3,81,1
7913,577,11,2,2,9112,8129,2.0,6.0,2,1,2.0,2,50,1,5,13, , , ,2,8.0,2018.0, ,6.0,Empleado_Formal,10.0,10.0,0.0,9,81,1
7913,579,11,1,2,7234,7830,2.0,3.0,2,1,2.0,1,31,2,10,13,1,2,3,2,4.0,2018.0,1,6.0,Empleado_Formal,16.0,16.0,0.0,7,78,1
7913,579,11,2,2,5131,5610,1.0,8.0,2,1,2.0,2,34,2,9,13, , ,3,2,12.0,2018.0,0,6.0,Empleado_Formal,13.5,13.5,0.0,5,56,1
7913,579,11,5,2,7322,3100,3.0,3.0,7,1,1.0,1,29,1,6,13, , , ,2,7.0,2018.0, ,6.0,Empleado_Informal,11.0,11.0,0.0,7,31,1
7913,579,11,6,2,4321,1104,4.0,0.0,7,1,1.0,2,27,1,6,13, , , ,2,10.0,2018.0,0,6.0,Empleado_Informal,11.0,11.0,0.0,4,11,1
7913,580,11,1,2,8331,4923,0.0,2.0,7,1,1.0,1,47,6,10,13,1,2,3,2,7.0,2017.0,1,7.0,Empleado_Informal,16.0,16.0,0.0,8,49,1
7926,590,11,1,2,7111,4100,2.0,6.0, ,1,1.0,1,23,1,5,13, , , ,2,3.0,2019.0,0,5.0,Empleado_Informal,10.0,10.0,0.0,7,41,1
7926,590,11,2,1,,,0.0,0.0, ,2,,2,20,1,1,6, , ,1,,,,,,Desempleado,0.0,11.0,-11.0,,,0
7926,591,11,1,2,8321,4922,5.0,0.0, ,1,1.0,1,44,2,6,13, , , ,2,5.0,2018.0,0,6.0,Empleado_Informal,11.0,11.0,0.0,8,49,1
7926,591,11,2,2,,,0.0,0.0, ,2,,2,42,2,6,13, , , ,2,11.0,2019.0, ,5.0,Desempleado,11.0,11.0,0.0,,,0
7926,591,11,4,2,,,0.0,0.0, ,2,,1,23,1,6,13, , , ,1,11.0,2019.0, ,5.0,Desempleado,11.0,11.0,0.0,,,0
7939,593,11,1,2,7231,4520,0.0,11.0,2,1,2.0,1,34,1,5,13, , , ,2,6.0,2019.0, ,5.0,Empleado_Formal,10.0,10.0,0.0,7,45,1
7939,602,11,1,2,5141,9602,6.0,0.0,7,1,1.0,1,29,1,9,13, , ,3,2,10.0,2018.0, ,6.0,Empleado_Informal,13.5,13.5,0.0,5,96,1
7939,602,11,4,2,5131,5610,0.0,5.0,7,1,1.0,2,40,6,8,13,1,2,3,2,9.0,2015.0, ,9.0,Empleado_Informal,14.0,14.0,0.0,5,56,1
7939,602,11,6,2,5212,4773,3.0,6.0,7,1,1.0,2,37,6,9,13, , ,3,2,9.0,2018.0,1,6.0,Empleado_Informal,13.5,13.5,0.0,5,47,1
7939,603,11,1,2,7111,4100,0.0,6.0, ,1,1.0,1,43,1,3,13, , , ,1,11.0,2023.0, ,1.0,Empleado_Informal,4.5,4.5,0.0,7,41,1
7939,603,11,3,2,9122,4520,0.0,8.0,7,1,1.0,1,18,6,5,13, , , ,9,11.0,2023.0,0,1.0,Empleado_Informal,10.0,10.0,0.0,9,45,1
7952,607,11,2,2,8322,4922,3.0,2.0, ,1,1.0,1,33,1,6,13, , , ,2,10.0,2020.0, ,4.0,Empleado_Informal,11.0,11.0,0.0,8,49,1
7952,608,11,1,2,5414,8010,3.0,0.0,2,1,1.0,1,51,2,10,13,1,2,3,2,5.0,2018.0, ,6.0,Empleado_Informal,16.0,16.0,0.0,5,80,1
7952,608,11,2,2,7513,1071,1.0,1.0, ,1,1.0,2,45,2,10,13,1,2,3,2,10.0,2018.0,0,6.0,Empleado_Informal,16.0,16.0,0.0,7,10,1
7952,610,11,1,2,5142,9602,1.0,0.0,2,1,1.0,2,34,1,10,13,1,1,3,2,4.0,2019.0, ,5.0,Empleado_Informal,16.0,16.0,0.0,5,96,1
7952,610,11,2,2,3122,2011,2.0,0.0,2,1,2.0,1,37,1,10,13,1,1,3,2,10.0,2018.0, ,6.0,Empleado_Formal,16.0,16.0,0.0,3,20,1
7964,604,11,1,2,8322,4922,2.0,0.0, ,1,1.0,1,35,2,6,13, , , ,2,4.0,2018.0, ,6.0,Empleado_Informal,11.0,11.0,0.0,8,49,1
7964,604,11,2,2,5141,9602,2.0,0.0,2,1,1.0,2,39,2,10,13,1,2,3,2,1.0,2019.0, ,5.0,Empleado_Informal,16.0,16.0,0.0,5,96,1
7964,604,11,3,2,4321,4641,1.0,0.0,5,1,1.0,1,23,6,6,13, , , ,2,4.0,2019.0, ,5.0,Empleado_Informal,11.0,11.0,0.0,4,46,1
7964,606,11,1,2,8322,4922,2.0,6.0, ,1,1.0,1,32,1,6,13, , , ,2,11.0,2017.0, ,7.0,Empleado_Informal,11.0,11.0,0.0,8,49,1
7964,606,11,2,2,9412,5610,2.0,0.0,7,1,1.0,2,30,1,6,13, , , ,9,4.0,2018.0, ,6.0,Empleado_Informal,11.0,11.0,0.0,9,56,1
7964,607,11,1,2,9313,4100,3.0,0.0,7,1,1.0,1,29,1,5,13, , , ,2,6.0,2018.0, ,6.0,Empleado_Informal,10.0,10.0,0.0,9,41,1
7964,607,11,2,2,7519,1010,3.0,0.0,7,1,1.0,2,30,1,6,13, , , ,2,6.0,2018.0, ,6.0,Empleado_Informal,11.0,11.0,0.0,7,10,1
8081,657,11,2,2,7411,4321,5.0,0.0, ,1,1.0,1,53,2,6,13, , , ,2,2.0,2019.0, ,5.0,Empleado_Informal,11.0,11.0,0.0,7,43,1
8081,657,11,4,2,5120,5610,1.0,0.0,7,1,1.0,2,26,1,7,13, , ,3,2,11.0,2019.0, ,5.0,Empleado_Informal,12.5,12.5,0.0,5,56,1
8081,657,11,5,2,7513,1061,0.0,6.0,2,1,2.0,1,29,1,7,13, , ,3,2,11.0,2019.0, ,5.0,Empleado_Formal,12.5,12.5,0.0,7,10,1
8081,657,11,8,2,5131,5610,0.0,3.0,7,1,1.0,2,22,1,6,13, , , ,2,11.0,2019.0,1,5.0,Empleado_Informal,11.0,11.0,0.0,5,56,1
8081,657,11,9,2,9621,4923,1.0,0.0, ,1,1.0,1,23,1,6,13, , , ,2,11.0,2019.0, ,5.0,Empleado_Informal,11.0,11.0,0.0,9,49,1
8081,657,11,11,2,,,0.0,0.0, ,3,,1,49,6,6,13, , , ,2,6.0,2020.0, ,4.0,Desempleado,11.0,11.0,0.0,,,0
8081,657,11,12,2,9621,4923,1.0,0.0, ,1,1.0,1,33,6,6,13, , , ,2,11.0,2020.0, ,4.0,Empleado_Informal,11.0,11.0,0.0,9,49,1
8081,660,11,1,1,9622,8010,5.0,0.0,2,1,2.0,1,40,1,1,6, , ,1,,,,,,Empleado_Formal,0.0,11.0,-11.0,9,80,1
8081,660,11,2,2,5212,4721,3.0,0.0, ,1,2.0,2,36,1,6,13, , , ,2,5.0,2018.0, ,6.0,Empleado_Formal,11.0,11.0,0.0,5,47,1
8081,670,11,1,2,7513,1071,2.0,0.0,7,1,1.0,1,29,1,6,13, , , ,2,2.0,2018.0, ,6.0,Empleado_Informal,11.0,11.0,0.0,7,10,1
8081,670,11,4,2,5245,1071,0.0,10.0,7,1,1.0,2,54,3,10,13,1,2,3,9,10.0,2023.0, ,1.0,Empleado_Informal,16.0,16.0,0.0,5,10,1
8094,662,11,1,2,4419,4923,3.0,5.0,7,1,1.0,1,45,6,8,13,1,2,3,2,6.0,2018.0, ,6.0,Empleado_Informal,14.0,14.0,0.0,4,49,1
8094,662,11,2,2,,,0.0,0.0, ,2,,1,75,4,8,13,1,2,3,2,4.0,2021.0, ,3.0,Desempleado,14.0,14.0,0.0,,,0
8094,664,11,1,1,3432,4663,7.0,6.0,2,1,2.0,1,30,1,9,10, , ,3,,,,,,Empleado_Formal,13.5,16.0,-2.5,3,46,1
8094,664,11,2,2,9629,4663,1.0,7.0,2,1,2.0,2,29,1,9,10, , ,3,2,1.0,2017.0,0,7.0,Empleado_Formal,13.5,16.0,-2.5,9,46,1
8094,665,11,1,2,5245,1071,1.0,0.0,7,1,1.0,2,27,1,6,13, , , ,2,7.0,2021.0,1,3.0,Empleado_Informal,11.0,11.0,0.0,5,10,1
8094,665,11,2,2,3322,4663,2.0,0.0,2,1,2.0,1,36,1,6,13, , , ,2,5.0,2022.0, ,2.0,Empleado_Formal,11.0,11.0,0.0,3,46,1
8107,674,11,1,2,9412,5610,0.0,3.0,7,1,1.0,2,43,1,6,13, , , ,9,3.0,2024.0, ,0.0,Empleado_Informal,11.0,11.0,0.0,9,56,1
8107,674,11,2,2,4110,4630,5.0,0.0,2,1,2.0,1,43,1,10,13,1,2,3,2,10.0,2017.0, ,7.0,Empleado_Formal,16.0,16.0,0.0,4,46,1
8107,675,11,1,2,9629,146,5.0,0.0,7,1,1.0,1,23,1,6,13, , , ,9,10.0,2019.0, ,5.0,Empleado_Informal,11.0,11.0,0.0,9,01,1
8107,676,11,1,2,9411,5610,4.0,0.0, ,1,2.0,1,41,5,10,13,1,2,3,2,4.0,2017.0,0,7.0,Empleado_Formal,16.0,16.0,0.0,9,56,1
8120,674,11,1,2,9112,2220,0.0,10.0,7,1,1.0,2,28,6,5,13, , , ,9,2.0,2023.0,1,1.0,Empleado_Informal,10.0,10.0,0.0,9,22,1
8120,674,11,2,2,9629,9609,0.0,6.0,7,1,1.0,2,26,6,6,13, , , ,9,4.0,2023.0,0,1.0,Empleado_Informal,11.0,11.0,0.0,9,96,1
8120,676,11,1,2,7515,1030,0.0,2.0,7,1,1.0,2,53,1,5,13, , , ,2,7.0,2022.0, ,2.0,Empleado_Informal,10.0,10.0,0.0,7,10,1
8120,676,11,2,1,5120,5610,1.0,0.0,7,1,1.0,1,31,1,1,6, , ,1,,,,,,Empleado_Informal,0.0,11.0,-11.0,5,56,1
8120,676,11,3,2,7515,1030,0.0,1.0,7,1,1.0,1,17,6,5,13, , , ,2,7.0,2022.0, ,2.0,Empleado_Informal,10.0,10.0,0.0,7,10,1
8120,688,11,2,2,8331,4921,1.0,0.0,2,1,2.0,1,30,1,10,13,1,2,3,2,8.0,2018.0,1,6.0,Empleado_Formal,16.0,16.0,0.0,8,49,1
8236,736,11,1,2,,,0.0,0.0, ,2,,2,28,1,6,13, , , ,1,4.0,2021.0,0,3.0,Desempleado,11.0,11.0,0.0,,,0
8236,736,11,2,2,3215,8620,1.0,2.0,2,1,1.0,1,34,1,8,13,1,2,3,2,4.0,2021.0, ,3.0,Empleado_Informal,14.0,14.0,0.0,3,86,1
8236,740,11,1,2,,,0.0,0.0, ,2,,2,26,1,7,13, , ,3,2,4.0,2022.0, ,2.0,Desempleado,12.5,12.5,0.0,,,0
8236,740,11,2,2,9313,4100,0.0,11.0,7,1,1.0,1,29,1,6,13, , , ,2,4.0,2022.0, ,2.0,Empleado_Informal,11.0,11.0,0.0,9,41,1
8236,744,11,1,2,9122,4520,1.0,2.0,7,1,1.0,1,26,1,6,13, , , ,1,9.0,2022.0, ,2.0,Empleado_Informal,11.0,11.0,0.0,9,45,1
8249,751,11,1,2,9622,8010,5.0,0.0,2,1,1.0,1,51,2,8,13,1,2,3,6,11.0,2018.0, ,6.0,Empleado_Informal,14.0,14.0,0.0,9,80,1
8249,751,11,2,2,5245,1071,4.0,0.0,7,1,1.0,2,40,2,10,13,1,2,3,1,6.0,2019.0,1,5.0,Empleado_Informal,16.0,16.0,0.0,5,10,1
8249,751,11,3,2,5245,1071,0.0,1.0,7,1,1.0,1,19,6,5,13, , , ,1,9.0,2021.0, ,3.0,Empleado_Informal,10.0,10.0,0.0,5,10,1
8249,752,11,1,2,5142,9602,7.0,0.0,7,1,1.0,2,34,1,6,13, , , ,2,6.0,2018.0, ,6.0,Empleado_Informal,11.0,11.0,0.0,5,96,1
8249,752,11,2,2,9621,4923,4.0,0.0, ,1,1.0,1,42,1,6,13, , , ,2,3.0,2018.0, ,6.0,Empleado_Informal,11.0,11.0,0.0,9,49,1
8249,757,11,1,2,5131,5610,0.0,6.0,7,1,1.0,2,22,1,5,13, , , ,2,6.0,2019.0, ,5.0,Empleado_Informal,10.0,10.0,0.0,5,56,1
8249,757,11,2,2,7231,4520,8.0,0.0,7,1,1.0,1,35,1,6,13, , , ,2,9.0,2016.0, ,8.0,Empleado_Informal,11.0,11.0,0.0,7,45,1
8262,750,11,2,2,8322,4922,1.0,0.0, ,1,1.0,1,34,1,4,13, , , ,2,2.0,2022.0, ,2.0,Empleado_Informal,9.0,9.0,0.0,8,49,1
8262,761,11,1,2,9112,8010,3.0,6.0,2,1,2.0,1,38,1,9,13, , ,3,2,3.0,2018.0,1,6.0,Empleado_Formal,13.5,13.5,0.0,9,80,1
8262,761,11,2,1,2421,9499,4.0,0.0,2,1,2.0,2,40,1,1,10, , ,0,,,,,,Empleado_Formal,0.0,16.0,-16.0,2,94,1
8262,766,11,1,2,5141,9602,5.0,0.0, ,1,2.0,1,30,6,9,13, , ,3,2,8.0,2018.0, ,6.0,Empleado_Formal,13.5,13.5,0.0,5,96,1
8275,761,11,1,2,5212,4721,0.0,2.0,7,1,1.0,2,30,1,8,13,1,2,3,2,7.0,2018.0,0,6.0,Empleado_Informal,14.0,14.0,0.0,5,47,1
8275,761,11,2,2,8322,4922,2.0,3.0, ,1,1.0,1,32,1,6,13, , , ,1,2.0,2018.0, ,6.0,Empleado_Informal,11.0,11.0,0.0,8,49,1
8275,761,11,3,2,5212,4721,0.0,5.0,7,1,1.0,2,20,6,6,13, , , ,2,4.0,2019.0, ,5.0,Empleado_Informal,11.0,11.0,0.0,5,47,1
8275,763,11,1,2,9333,4752,3.0,7.0,7,1,2.0,1,38,2,6,13, , , ,2,7.0,2017.0,1,7.0,Empleado_Formal,11.0,11.0,0.0,9,47,1
8275,763,11,2,2,9111,9700,0.0,2.0,7,1,1.0,2,38,2,6,13, , , ,2,3.0,2018.0,0,6.0,Empleado_Informal,11.0,11.0,0.0,9,97,1
8288,767,11,1,1,8322,4922,3.0,2.0, ,1,2.0,1,56,2,1,9, , ,0,,,,,,Empleado_Formal,0.0,13.5,-13.5,8,49,1
8288,767,11,2,2,9112,8810,0.0,3.0,2,1,1.0,2,47,2,6,13, , , ,2,12.0,2019.0,0,5.0,Empleado_Informal,11.0,11.0,0.0,9,88,1
8288,767,11,3,2,9112,9499,0.0,2.0,7,1,1.0,2,22,6,9,13, , ,3,2,12.0,2019.0, ,5.0,Empleado_Informal,13.5,13.5,0.0,9,94,1
8288,775,11,2,1,2529,9511,1.0,6.0, ,1,2.0,1,42,1,10,13,1,1,3,,,,,,Empleado_Formal,16.0,16.0,0.0,2,95,1
8288,775,11,6,1,5213,4782,7.0,0.0, ,1,2.0,1,54,3,10,13,2, ,3,,,,,,Empleado_Formal,16.0,16.0,0.0,5,47,1
8288,776,11,1,2,9533,4799,2.0,0.0, ,1,1.0,2,45,1,4,13, , , ,2,1.0,2019.0,1,5.0,Empleado_Informal,9.0,9.0,0.0,9,47,1
8288,776,11,2,2,8331,4921,2.0,0.0, ,1,1.0,1,52,1,6,13, , , ,2,9.0,2018.0,1,6.0,Empleado_Informal,11.0,11.0,0.0,8,49,1
8456,861,11,1,1,5213,4781,6.0,0.0, ,1,2.0,2,53,1,1,9, , ,0,,,,,,Empleado_Formal,0.0,13.5,-13.5,5,47,1
8456,861,11,2,2,9321,1030,4.0,0.0,7,1,1.0,1,41,1,5,13, , , ,2,1.0,2021.0, ,3.0,Empleado_Informal,10.0,10.0,0.0,9,10,1
8456,863,11,1,2,5312,8510,11.0,0.0,7,1,1.0,2,44,6,6,13, , , ,2,2.0,2018.0, ,6.0,Empleado_Informal,11.0,11.0,0.0,5,85,1
8456,863,11,2,2,9629,9609,0.0,4.0, ,1,1.0,2,19,6,4,6, , ,1,2,2.0,2018.0,0,6.0,Empleado_Informal,9.0,11.0,-2.0,9,96,1
8456,864,11,1,2,3213,4772,2.0,5.0,7,1,1.0,2,34,1,10,13,1,2,3,2,11.0,2018.0, ,6.0,Empleado_Informal,16.0,16.0,0.0,3,47,1
8456,864,11,2,2,8321,4922,5.0,11.0, ,1,2.0,1,42,1,6,13, , , ,2,11.0,2018.0, ,6.0,Empleado_Formal,11.0,11.0,0.0,8,49,1
8469,876,11,2,2,7513,1071,0.0,8.0,7,1,1.0,1,28,1,4,13, , , ,1,6.0,2021.0, ,3.0,Empleado_Informal,9.0,9.0,0.0,7,10,1
8469,877,11,1,2,5212,4721,1.0,0.0,7,1,1.0,1,24,1,4,13, , , ,1,6.0,2021.0, ,3.0,Empleado_Informal,9.0,9.0,0.0,5,47,1
8469,879,11,1,2,3257,7490,4.0,2.0,7,1,1.0,1,37,1,10,13,2, ,3,2,6.0,2019.0, ,5.0,Empleado_Informal,16.0,16.0,0.0,3,74,1
8482,879,11,1,2,9112,5610,3.0,0.0,7,1,1.0,2,37,2,7,13, , ,3,1,2.0,2019.0, ,5.0,Empleado_Informal,12.5,12.5,0.0,9,56,1
8482,879,11,2,2,9412,5610,0.0,11.0,7,1,1.0,1,42,2,6,13, , , ,1,1.0,2019.0, ,5.0,Empleado_Informal,11.0,11.0,0.0,9,56,1
8482,879,11,3,2,5120,5610,1.0,0.0,7,1,1.0,1,21,6,6,13, , , ,1,5.0,2021.0, ,3.0,Empleado_Informal,11.0,11.0,0.0,5,56,1
8482,886,11,1,2,9313,4100,1.0,1.0,7,1,1.0,1,24,1,4,13, , , ,1,11.0,2022.0, ,2.0,Empleado_Informal,9.0,9.0,0.0,9,41,1
8482,887,11,1,2,3221,8610,2.0,0.0,7,1,1.0,2,37,6,8,13,2, ,3,1,4.0,2021.0, ,3.0,Empleado_Informal,14.0,14.0,0.0,3,86,1
11503,357,11,1,2,5142,9602,3.0,1.0,7,1,1.0,2,30,6,10,13,2, ,3,2,12.0,2017.0, ,7.0,Empleado_Informal,16.0,16.0,0.0,5,96,1
11503,359,11,1,2,5212,4772,4.0,2.0,7,1,1.0,1,32,1,7,13, , ,3,2,9.0,2018.0, ,6.0,Empleado_Informal,12.5,12.5,0.0,5,47,1
11503,359,11,2,2,5142,9602,2.0,5.0,7,1,1.0,2,34,1,9,9, , ,3,2,7.0,2018.0, ,6.0,Empleado_Informal,13.5,13.5,0.0,5,96,1
11555,363,11,1,2,9122,4520,1.0,6.0,7,1,1.0,1,28,1,4,13, , , ,2,12.0,2018.0, ,6.0,Empleado_Informal,9.0,9.0,0.0,9,45,1
11555,364,11,1,2,9621,4923,0.0,4.0, ,1,1.0,1,34,1,7,13, , ,3,2,2.0,2015.0, ,9.0,Empleado_Informal,12.5,12.5,0.0,9,49,1
11555,366,11,1,1,5212,4772,2.0,0.0,2,1,2.0,1,56,2,6,13, , , ,,,,,,Empleado_Formal,11.0,11.0,0.0,5,47,1
11555,366,11,2,2,7352,1410,0.0,2.0, ,1,1.0,2,51,2,10,13,1,2,3,2,1.0,2023.0, ,1.0,Empleado_Informal,16.0,16.0,0.0,7,14,1
11608,374,11,1,2,9629,8292,2.0,6.0,7,1,1.0,2,34,6,7,13, , ,3,1,11.0,2020.0, ,4.0,Empleado_Informal,12.5,12.5,0.0,9,82,1
11608,378,11,1,2,3314,5610,3.0,6.0, ,1,2.0,1,37,1,6,13, , , ,2,12.0,2017.0, ,7.0,Empleado_Formal,11.0,11.0,0.0,3,56,1
11608,378,11,2,2,5131,5610,2.0,6.0,7,1,1.0,2,37,1,8,13,1,2,3,2,12.0,2017.0,0,7.0,Empleado_Informal,14.0,14.0,0.0,5,56,1
11608,378,11,7,2,5211,4649,0.0,1.0,7,1,1.0,1,27,6,8,13,1,2,3,9,9.0,2024.0, ,0.0,Empleado_Informal,14.0,14.0,0.0,5,46,1
11608,382,11,1,2,5212,4771,6.0,2.0,7,1,1.0,2,52,6,8,13,1,2,3,2,7.0,2018.0, ,6.0,Empleado_Informal,14.0,14.0,0.0,5,47,1
11660,385,11,1,2,7322,3100,5.0,3.0,7,1,1.0,1,30,2,8,13,1,2,3,2,8.0,2018.0, ,6.0,Empleado_Informal,14.0,14.0,0.0,7,31,1
11660,387,11,1,2,9629,9609,0.0,2.0, ,1,1.0,2,27,5,6,13, , , ,1,8.0,2018.0, ,6.0,Empleado_Informal,11.0,11.0,0.0,9,96,1
11660,387,11,3,2,5131,5610,0.0,6.0,7,1,1.0,1,34,6,6,13, , , ,1,7.0,2022.0, ,2.0,Empleado_Informal,11.0,11.0,0.0,5,56,1
11660,388,11,1,2,8321,4922,0.0,1.0, ,1,1.0,1,45,5,10,13,1,2,3,2,3.0,2017.0, ,7.0,Empleado_Informal,16.0,16.0,0.0,8,49,1
11712,388,11,1,2,,,0.0,0.0, ,2,,2,47,1,5,13, , , ,2,7.0,2022.0, ,2.0,Desempleado,10.0,10.0,0.0,,,0
11712,388,11,2,2,8322,4922,0.0,6.0, ,1,1.0,1,30,1,6,13, , , ,2,7.0,2022.0, ,2.0,Empleado_Informal,11.0,11.0,0.0,8,49,1
11712,389,11,1,2,9621,4923,2.0,0.0, ,1,1.0,1,28,1,6,13, , , ,2,6.0,2019.0, ,5.0,Empleado_Informal,11.0,11.0,0.0,9,49,1
11712,389,11,2,1,5213,4789,0.0,1.0, ,1,1.0,2,27,1,1,6, , ,1,,,,,,Empleado_Informal,0.0,11.0,-11.0,5,47,1
11712,390,11,1,2,4224,8620,0.0,1.0,7,1,1.0,2,33,1,5,13, , , ,2,11.0,2023.0,1,1.0,Empleado_Informal,10.0,10.0,0.0,4,86,1
11712,390,11,2,2,,,0.0,0.0, ,2,,1,27,1,5,13, , , ,1,11.0,2023.0, ,1.0,Desempleado,10.0,10.0,0.0,,,0
11765,394,11,1,2,9412,5610,1.0,0.0,7,1,1.0,1,30,6,5,13, , , ,1,6.0,2022.0, ,2.0,Empleado_Informal,10.0,10.0,0.0,9,56,1
11765,395,11,1,2,5142,9602,3.0,0.0,7,1,1.0,2,28,6,7,13, , ,3,2,5.0,2020.0, ,4.0,Empleado_Informal,12.5,12.5,0.0,5,96,1
11765,396,11,1,2,5213,4782,1.0,0.0,7,1,1.0,2,28,6,6,13, , , ,2,11.0,2021.0, ,3.0,Empleado_Informal,11.0,11.0,0.0,5,47,1
11817,400,11,1,2,9629,8620,1.0,0.0,7,1,1.0,2,34,6,6,13, , , ,2,6.0,2018.0, ,6.0,Empleado_Informal,11.0,11.0,0.0,9,86,1
11817,400,11,4,2,3322,6810,0.0,4.0,7,1,1.0,2,39,6,10,13,1,2,3,2,12.0,2023.0, ,1.0,Empleado_Informal,16.0,16.0,0.0,3,68,1
11817,401,11,1,2,9511,4799,2.0,0.0, ,1,1.0,1,21,6,5,13, , , , ,,, ,,Empleado_Informal,10.0,10.0,0.0,9,47,1
11817,401,11,2,2,9313,4100,0.0,8.0,7,1,1.0,1,30,6,5,13, , , ,6,2.0,2019.0,1,5.0,Empleado_Informal,10.0,10.0,0.0,9,41,1
11817,402,11,1,2,5120,5610,0.0,1.0,7,1,1.0,1,31,6,4,13, , , ,1,5.0,2017.0, ,7.0,Empleado_Informal,9.0,9.0,0.0,5,56,1
12184,449,11,1,2,9333,3811,1.0,0.0,7,1,1.0,1,24,1,4,13, , , ,2,8.0,2023.0, ,1.0,Empleado_Informal,9.0,9.0,0.0,9,38,1
12184,450,11,1,2,9629,3811,1.0,0.0,7,1,1.0,1,33,1,4,13, , , ,2,5.0,2020.0, ,4.0,Empleado_Informal,9.0,9.0,0.0,9,38,1
12236,450,11,1,2,5120,5610,0.0,3.0, ,1,1.0,2,42,1,5,13, , , ,2,10.0,2021.0,1,3.0,Empleado_Informal,10.0,10.0,0.0,5,56,1
12236,450,11,3,2,7113,4330,0.0,3.0,3,1,1.0,2,18,6,6,13, , , ,1,10.0,2022.0,0,2.0,Empleado_Informal,11.0,11.0,0.0,7,43,1
12236,451,11,1,2,7513,1071,0.0,1.0, ,1,1.0,2,42,6,8,13,1,2,3,1,11.0,2021.0,1,3.0,Empleado_Informal,14.0,14.0,0.0,7,10,1
12236,451,11,2,2,,,0.0,0.0, ,2,,2,20,6,6,13, , , ,1,9.0,2023.0, ,1.0,Desempleado,11.0,11.0,0.0,,,0
12236,457,11,1,2,5131,5610,0.0,7.0,7,1,1.0,2,31,1,9,13, , ,3,2,5.0,2018.0, ,6.0,Empleado_Informal,13.5,13.5,0.0,5,56,1
12236,457,11,2,1,2512,8411,4.0,5.0,5,1,1.0,1,30,1,1,10, , ,0,,,,,,Empleado_Informal,0.0,16.0,-16.0,2,84,1
12288,459,11,1,2,8322,4921,6.0,2.0, ,1,1.0,1,49,5,5,13, , , ,2,6.0,2018.0,0,6.0,Empleado_Informal,10.0,10.0,0.0,8,49,1
12288,461,11,1,2,8321,4922,4.0,0.0, ,1,1.0,1,39,1,6,13, , , ,1,2.0,2018.0, ,6.0,Empleado_Informal,11.0,11.0,0.0,8,49,1
12341,462,11,1,2,7231,4540,0.0,6.0,7,1,1.0,1,31,6,6,13, , , ,2,3.0,2021.0, ,3.0,Empleado_Informal,11.0,11.0,0.0,7,45,1
12341,463,11,1,2,9412,5610,1.0,6.0,7,1,1.0,1,36,1,5,13, , , ,1,8.0,2021.0,1,3.0,Empleado_Informal,10.0,10.0,0.0,9,56,1
12341,463,11,2,2,7515,1030,0.0,3.0,7,1,1.0,2,34,1,9,13, , ,3,1,12.0,2021.0, ,3.0,Empleado_Informal,13.5,13.5,0.0,7,10,1
12341,463,11,8,2,7515,1030,0.0,2.0,2,1,1.0,1,32,2,3,13, , , ,2,11.0,2023.0, ,1.0,Empleado_Informal,4.5,4.5,0.0,7,10,1
12341,463,11,9,2,7515,1030,0.0,3.0,7,1,1.0,2,38,2,9,13, , ,3,9,8.0,2024.0, ,0.0,Empleado_Informal,13.5,13.5,0.0,7,10,1
12341,463,11,10,2,9621,5610,0.0,1.0,7,1,1.0,1,19,6,5,5, , , ,2,8.0,2021.0,0,3.0,Empleado_Informal,10.0,8.5,1.5,9,56,1
12341,463,11,11,2,9629,1030,0.0,2.0,7,1,1.0,1,39,6,10,13,1,2,3,9,11.0,2023.0, ,1.0,Empleado_Informal,16.0,16.0,0.0,9,10,1
12341,464,11,1,1,9621,3091,1.0,6.0,7,1,1.0,1,33,1,1,4, , , ,,,,,,Empleado_Informal,0.0,6.0,-6.0,9,30,1
12341,464,11,2,2,8153,3091,2.0,3.0,7,1,1.0,2,35,1,10,13,1,2,3,6,10.0,2020.0,0,4.0,Empleado_Informal,16.0,16.0,0.0,8,30,1
12393,468,11,1,2,8321,4922,0.0,6.0, ,1,1.0,2,28,6,6,13, , , ,2,10.0,2018.0, ,6.0,Empleado_Informal,11.0,11.0,0.0,8,49,1
12393,469,11,1,2,5212,4773,1.0,2.0,7,1,1.0,2,27,6,6,13, , , ,1,1.0,2023.0,1,1.0,Empleado_Informal,11.0,11.0,0.0,5,47,1
12393,470,11,1,2,8173,1709,1.0,10.0,2,1,2.0,1,31,2,9,13, , ,3,2,6.0,2018.0, ,6.0,Empleado_Formal,13.5,13.5,0.0,8,17,1
14016,665,11,1,2,5212,4773,1.0,5.0,7,1,1.0,1,35,1,6,13, , , ,2,8.0,2018.0, ,6.0,Empleado_Informal,11.0,11.0,0.0,5,47,1
14016,666,11,1,2,9621,4923,0.0,8.0,7,1,1.0,1,44,1,10,13,1,2,3,2,6.0,2017.0,0,7.0,Empleado_Informal,16.0,16.0,0.0,9,49,1
14016,666,11,2,2,9121,9601,0.0,6.0, ,1,1.0,2,46,1,6,13, , , ,2,9.0,2017.0, ,7.0,Empleado_Informal,11.0,11.0,0.0,9,96,1
14016,667,11,1,2,9111,9700,3.0,2.0,7,1,1.0,2,47,5,10,13,1,2,3,2,5.0,2019.0, ,5.0,Empleado_Informal,16.0,16.0,0.0,9,97,1
14016,667,11,2,2,9621,4923,5.0,6.0, ,1,1.0,1,23,6,6,13, , , ,2,10.0,2018.0, ,6.0,Empleado_Informal,11.0,11.0,0.0,9,49,1
14016,667,11,3,2,9621,4923,1.0,3.0, ,1,1.0,1,25,1,6,13, , , ,2,8.0,2018.0, ,6.0,Empleado_Informal,11.0,11.0,0.0,9,49,1
14016,667,11,4,2,5212,1811,0.0,2.0,7,1,1.0,2,20,1,6,6, , ,1,2,8.0,2018.0, ,6.0,Empleado_Informal,11.0,11.0,0.0,5,18,1
14069,672,11,1,2,3334,6820,2.0,0.0, ,1,2.0,2,32,6,10,13,1,2,3,2,3.0,2018.0, ,6.0,Empleado_Formal,16.0,16.0,0.0,3,68,1
14069,673,11,1,2,4110,1030,5.0,11.0,2,1,2.0,1,35,1,10,13,1,2,3,2,7.0,2018.0, ,6.0,Empleado_Formal,16.0,16.0,0.0,4,10,1
14069,673,11,2,2,2221,1030,1.0,9.0,2,1,2.0,2,33,1,10,13,1,1,3,2,12.0,2018.0, ,6.0,Empleado_Formal,16.0,16.0,0.0,2,10,1
14069,674,11,1,2,7128,4330,0.0,3.0, ,1,1.0,1,46,6,5,13, , , ,2,9.0,2022.0,1,2.0,Empleado_Informal,10.0,10.0,0.0,7,43,1
14121,675,11,1,2,9412,5610,0.0,11.0,7,1,1.0,2,30,1,9,13, , ,3,9,1.0,2020.0, ,4.0,Empleado_Informal,13.5,13.5,0.0,9,56,1
14121,675,11,2,2,5213,4781,0.0,1.0,7,1,1.0,1,29,1,5,13, , , ,9,1.0,2020.0, ,4.0,Empleado_Informal,10.0,10.0,0.0,5,47,1
14121,676,11,1,2,4120,4520,2.0,6.0,7,1,1.0,2,45,1,10,13,1,2,3,2,9.0,2020.0, ,4.0,Empleado_Informal,16.0,16.0,0.0,4,45,1
14121,676,11,2,2,8181,2310,3.0,0.0,7,1,1.0,1,46,1,5,13, , , ,2,5.0,2020.0, ,4.0,Empleado_Informal,10.0,10.0,0.0,8,23,1
14121,677,11,1,2,3132,5610,0.0,4.0,7,1,1.0,2,41,1,10,13,1,2,3,2,11.0,2017.0, ,7.0,Empleado_Informal,16.0,16.0,0.0,3,56,1
14121,677,11,2,1,9622,8010,0.0,8.0,7,1,1.0,1,39,1,1,6, , ,1,,,,,,Empleado_Informal,0.0,11.0,-11.0,9,80,1
14121,677,11,3,2,5212,4773,0.0,7.0,2,1,1.0,1,23,6,8,13,1,2,3,2,6.0,2023.0, ,1.0,Empleado_Informal,14.0,14.0,0.0,5,47,1
14173,681,11,1,2,9511,4799,0.0,2.0, ,1,1.0,2,27,1,5,13, , , ,9,9.0,2024.0,0,0.0,Empleado_Informal,10.0,10.0,0.0,9,47,1
14173,681,11,2,2,9629,9609,0.0,2.0, ,1,1.0,1,29,1,10,13,1,2,3,9,9.0,2024.0,1,0.0,Empleado_Informal,16.0,16.0,0.0,9,96,1
14173,682,11,1,2,3322,4649,2.0,0.0,7,1,1.0,2,28,2,9,13, , ,3,9,10.0,2022.0, ,2.0,Empleado_Informal,13.5,13.5,0.0,3,46,1
14173,682,11,2,2,9333,4630,2.0,0.0,7,1,1.0,1,28,2,4,13, , , ,2,7.0,2022.0, ,2.0,Empleado_Informal,9.0,9.0,0.0,9,46,1
14173,685,11,1,2,9412,5610,1.0,0.0,7,1,1.0,2,22,6,6,13, , , ,2,5.0,2023.0, ,1.0,Empleado_Informal,11.0,11.0,0.0,9,56,1
14331,699,11,1,2,9621,4923,2.0,0.0, ,1,2.0,1,35,1,6,13, , , ,2,2.0,2018.0, ,6.0,Empleado_Formal,11.0,11.0,0.0,9,49,1
14331,699,11,2,2,5212,4752,2.0,0.0,7,1,1.0,2,31,1,6,13, , , ,2,12.0,2018.0, ,6.0,Empleado_Informal,11.0,11.0,0.0,5,47,1
14331,703,11,1,2,2359,8549,0.0,11.0, ,1,2.0,2,41,2,10,13,1,2,3,2,3.0,2018.0, ,6.0,Empleado_Formal,16.0,16.0,0.0,2,85,1
14331,703,11,2,2,9313,4100,3.0,6.0,7,1,1.0,1,50,2,4,13, , , ,2,3.0,2018.0, ,6.0,Empleado_Informal,9.0,9.0,0.0,9,41,1
14331,704,11,1,2,5212,4772,1.0,0.0,2,1,1.0,2,37,1,10,13,1,2,3,2,12.0,2018.0, ,6.0,Empleado_Informal,16.0,16.0,0.0,5,47,1
14331,704,11,2,2,9333,4752,0.0,1.0,7,1,1.0,1,41,1,6,13, , , ,2,12.0,2017.0, ,7.0,Empleado_Informal,11.0,11.0,0.0,9,47,1
14383,705,11,1,2,5131,5610,1.0,6.0,7,1,1.0,2,38,6,5,13, , , ,2,6.0,2020.0, ,4.0,Empleado_Informal,10.0,10.0,0.0,5,56,1
14383,719,11,1,2,7231,4540,0.0,11.0,7,1,1.0,1,28,1,4,13, , , ,2,11.0,2019.0, ,5.0,Empleado_Informal,9.0,9.0,0.0,7,45,1
14383,721,11,1,2,5213,4781,0.0,8.0,7,1,1.0,1,25,1,4,13, , , ,6,7.0,2019.0, ,5.0,Empleado_Informal,9.0,9.0,0.0,5,47,1
14383,721,11,2,2,5213,4781,1.0,6.0,7,1,1.0,2,39,1,6,13, , , ,2,4.0,2019.0, ,5.0,Empleado_Informal,11.0,11.0,0.0,5,47,1
14383,721,11,4,2,9629,4781,0.0,8.0,7,1,1.0,1,17,6,3,5, , , ,1,4.0,2019.0, ,5.0,Empleado_Informal,4.5,8.5,-4.0,9,47,1
14383,721,11,6,2,9629,4781,0.0,3.0,7,1,1.0,2,17,6,5,5, , , ,1,10.0,2020.0, ,4.0,Empleado_Informal,10.0,8.5,1.5,9,47,1
15064,787,11,1,2,5131,5610,6.0,6.0,7,1,1.0,1,36,1,11,13,1,2,3,2,2.0,2018.0,1,6.0,Empleado_Informal,18.0,18.0,0.0,5,56,1
15064,787,11,2,2,5131,5610,3.0,6.0,7,1,1.0,2,32,1,6,13, , , ,2,3.0,2019.0, ,5.0,Empleado_Informal,11.0,11.0,0.0,5,56,1
15064,794,11,1,2,5120,5610,7.0,0.0,7,1,1.0,1,37,2,6,13, , , ,2,1.0,2018.0, ,6.0,Empleado_Informal,11.0,11.0,0.0,5,56,1
15064,794,11,2,2,5120,5610,2.0,0.0,7,1,1.0,2,38,2,6,13, , , ,2,6.0,2018.0, ,6.0,Empleado_Informal,11.0,11.0,0.0,5,56,1
15064,796,11,1,2,5212,4752,6.0,6.0,7,1,1.0,1,40,1,10,13,1,2,3,2,1.0,2018.0, ,6.0,Empleado_Informal,16.0,16.0,0.0,5,47,1
15064,796,11,2,2,5230,4752,0.0,7.0,7,1,1.0,2,39,1,8,13,1,2,3,2,6.0,2019.0, ,5.0,Empleado_Informal,14.0,14.0,0.0,5,47,1
15116,789,11,1,2,7513,1071,3.0,6.0, ,1,1.0,2,38,1,10,13,1,2,3,2,6.0,2019.0,1,5.0,Empleado_Informal,16.0,16.0,0.0,7,10,1
15116,789,11,2,2,9313,4100,2.0,6.0,7,1,2.0,1,42,1,6,13, , , ,2,4.0,2018.0, ,6.0,Empleado_Formal,11.0,11.0,0.0,9,41,1
15116,791,11,1,2,9549,4799,3.0,0.0, ,1,1.0,2,32,5,9,13, , ,3,2,10.0,2014.0,1,10.0,Empleado_Informal,13.5,13.5,0.0,9,47,1
15116,792,11,2,2,9622,4721,2.0,6.0,7,1,1.0,1,26,6,6,13, , , ,2,3.0,2018.0, ,6.0,Empleado_Informal,11.0,11.0,0.0,9,47,1
15168,795,11,1,2,9112,4772,2.0,7.0,7,1,1.0,2,25,6,9,13, , ,3,2,8.0,2019.0, ,5.0,Empleado_Informal,13.5,13.5,0.0,9,47,1
15168,797,11,1,2,7354,1410,1.0,1.0,7,1,1.0,1,30,2,9,13, , ,3,2,10.0,2022.0, ,2.0,Empleado_Informal,13.5,13.5,0.0,7,14,1
15168,798,11,1,2,7354,1410,1.0,2.0,7,1,1.0,1,26,6,6,13, , , ,2,10.0,2022.0, ,2.0,Empleado_Informal,11.0,11.0,0.0,7,14,1
15221,801,11,1,2,9334,4921,1.0,6.0,7,1,1.0,1,35,1,9,13, , ,3,2,11.0,2014.0,1,10.0,Empleado_Informal,13.5,13.5,0.0,9,49,1
15221,803,11,1,2,7354,1410,2.0,0.0,7,1,1.0,2,20,1,5,13, , , ,2,1.0,2019.0, ,5.0,Empleado_Informal,10.0,10.0,0.0,7,14,1
15221,803,11,2,2,7322,3100,4.0,0.0,7,1,1.0,1,21,1,5,13, , , ,2,1.0,2019.0, ,5.0,Empleado_Informal,10.0,10.0,0.0,7,31,1
15221,806,11,1,2,9621,4923,2.0,0.0, ,1,1.0,1,27,1,6,13, , , ,2,6.0,2018.0, ,6.0,Empleado_Informal,11.0,11.0,0.0,9,49,1
15221,806,11,2,2,5131,5610,4.0,0.0,2,1,2.0,2,31,1,8,13,1,2,3,2,7.0,2017.0, ,7.0,Empleado_Formal,14.0,14.0,0.0,5,56,1
15221,806,11,4,2,4224,5510,2.0,0.0,7,1,1.0,2,50,5,8,13,1,2,3,2,6.0,2018.0, ,6.0,Empleado_Informal,14.0,14.0,0.0,4,55,1
15273,812,11,1,1,7111,4330,10.0,0.0, ,1,1.0,1,58,2,1,6, , ,1,,,,,,Empleado_Informal,0.0,11.0,-11.0,7,43,1
15273,812,11,2,2,9111,9700,0.0,9.0,7,1,1.0,2,45,2,5,13, , , ,9,12.0,2023.0, ,1.0,Empleado_Informal,10.0,10.0,0.0,9,97,1
15273,825,11,1,2,3251,8620,2.0,0.0,7,1,1.0,2,52,6,9,13, , ,3,2,9.0,2019.0, ,5.0,Empleado_Informal,13.5,13.5,0.0,3,86,1
15273,830,11,1,2,9621,4923,1.0,0.0, ,1,1.0,1,30,1,8,13,2, ,3,2,6.0,2018.0,1,6.0,Empleado_Informal,14.0,14.0,0.0,9,49,1
15273,830,11,2,2,5131,9329,0.0,2.0,7,1,1.0,2,22,1,6,13, , , ,2,11.0,2020.0,1,4.0,Empleado_Informal,11.0,11.0,0.0,5,93,1
15326,813,11,1,2,3314,4773,3.0,0.0, ,1,2.0,1,29,6,6,13, , , ,2,5.0,2019.0, ,5.0,Empleado_Formal,11.0,11.0,0.0,3,47,1
15326,814,11,1,1,3129,4210,1.0,5.0,2,1,2.0,1,38,1,1,8, , ,0,,,,,,Empleado_Formal,0.0,14.0,-14.0,3,42,1
15326,815,11,1,2,2163,7310,6.0,6.0, ,1,2.0,1,40,1,8,13,1,2,3,2,3.0,2018.0, ,6.0,Empleado_Formal,14.0,14.0,0.0,2,73,1
15378,819,11,1,2,9122,4520,2.0,6.0,7,1,1.0,1,30,1,6,13, , , ,2,3.0,2022.0,0,2.0,Empleado_Informal,11.0,11.0,0.0,9,45,1
15378,819,11,2,4,8131,2100,1.0,10.0,7,1,1.0,2,22,1,1,13, , , ,2,8.0,2022.0, ,2.0,Empleado_Informal,0.0,0.0,0.0,8,21,1
15378,820,11,1,2,7231,4520,6.0,2.0, ,1,1.0,1,35,6,7,13, , ,3,2,9.0,2019.0, ,5.0,Empleado_Informal,12.5,12.5,0.0,7,45,1
15378,821,11,1,2,8156,1520,6.0,3.0,7,1,1.0,1,38,6,6,13, , , ,2,8.0,2018.0, ,6.0,Empleado_Informal,11.0,11.0,0.0,8,15,1
15378,821,11,2,2,8156,1520,5.0,3.0,7,1,1.0,1,33,6,6,13, , , ,2,12.0,2017.0, ,7.0,Empleado_Informal,11.0,11.0,0.0,8,15,1
15430,825,11,1,2,5120,5610,3.0,0.0, ,1,1.0,2,39,4,6,13, , , ,2,7.0,2018.0, ,6.0,Empleado_Informal,11.0,11.0,0.0,5,56,1
15430,825,11,2,2,5230,5610,0.0,8.0,7,1,1.0,2,22,6,8,13,1,2,3,2,4.0,2023.0, ,1.0,Empleado_Informal,14.0,14.0,0.0,5,56,1
15430,825,11,3,2,9622,9499,1.0,0.0,7,1,1.0,1,19,6,6,13, , , ,1,3.0,2023.0, ,1.0,Empleado_Informal,11.0,11.0,0.0,9,94,1
15430,826,11,1,2,5212,4752,2.0,0.0,7,1,1.0,2,33,1,7,13, , ,3,2,3.0,2018.0, ,6.0,Empleado_Informal,12.5,12.5,0.0,5,47,1
15430,826,11,2,2,9621,4752,3.0,0.0,7,1,1.0,1,24,1,6,13, , , ,2,3.0,2018.0, ,6.0,Empleado_Informal,11.0,11.0,0.0,9,47,1
15430,826,11,3,2,,,0.0,0.0, ,3,,2,50,6,10,13,1,2,3,1,11.0,2023.0, ,1.0,Desempleado,16.0,16.0,0.0,,,0
15430,826,11,5,2,9621,5610,3.0,6.0,7,1,1.0,1,23,6,6,13, , , ,2,5.0,2016.0, ,8.0,Empleado_Informal,11.0,11.0,0.0,9,56,1
15430,826,11,6,2,9622,9499,2.0,0.0,7,1,1.0,1,28,6,6,13, , , ,2,8.0,2021.0, ,3.0,Empleado_Informal,11.0,11.0,0.0,9,94,1
15430,827,11,2,2,8322,4922,3.0,0.0, ,1,1.0,1,29,1,6,13, , , ,2,12.0,2017.0,0,7.0,Empleado_Informal,11.0,11.0,0.0,8,49,1
15483,831,11,1,2,5212,4773,0.0,1.0,7,1,1.0,2,24,6,9,13, , ,3,1,9.0,2021.0, ,3.0,Empleado_Informal,13.5,13.5,0.0,5,47,1
15483,831,11,3,2,5131,5610,0.0,3.0,7,1,1.0,2,26,6,6,13, , , ,6,9.0,2021.0, ,3.0,Empleado_Informal,11.0,11.0,0.0,5,56,1
15483,832,11,1,2,5120,5610,4.0,0.0, ,1,1.0,2,33,6,6,13, , , ,9,10.0,2019.0, ,5.0,Empleado_Informal,11.0,11.0,0.0,5,56,1
15483,833,11,1,2,5131,5610,3.0,0.0,7,1,1.0,2,32,5,6,13, , , ,2,4.0,2019.0, ,5.0,Empleado_Informal,11.0,11.0,0.0,5,56,1
18814,467,11,1,1,1411,5510,3.0,11.0,2,1,2.0,2,32,1,1,10, , ,0,,,,,,Empleado_Formal,0.0,16.0,-16.0,1,55,1
18814,474,11,1,2,9111,9700,1.0,8.0,7,1,1.0,2,31,1,6,13, , , ,2,5.0,2019.0, ,5.0,Empleado_Informal,11.0,11.0,0.0,9,97,1
18814,474,11,2,2,4419,2023,1.0,2.0,2,1,1.0,1,35,1,10,13,1,2,3,2,5.0,2019.0, ,5.0,Empleado_Informal,16.0,16.0,0.0,4,20,1
18857,474,11,1,1,4312,6419,10.0,0.0,2,1,2.0,1,54,1,1,10, , ,0,,,,,,Empleado_Formal,0.0,16.0,-16.0,4,64,1
18857,481,11,1,2,9112,8129,5.0,0.0,7,1,1.0,2,33,6,8,13,1,2,3,2,9.0,2019.0, ,5.0,Empleado_Informal,14.0,14.0,0.0,9,81,1
18900,487,11,1,2,3431,7420,18.0,0.0, ,1,1.0,1,36,6,11,13,1,1,3,2,10.0,2018.0, ,6.0,Empleado_Informal,18.0,18.0,0.0,3,74,1
18900,490,11,1,2,7235,4540,0.0,2.0,7,1,1.0,1,34,6,8,13,1,2,3,2,1.0,2017.0, ,7.0,Empleado_Informal,14.0,14.0,0.0,7,45,1
18900,492,11,1,2,9621,4923,3.0,0.0, ,1,2.0,1,37,6,8,13,1,2,3,4,7.0,2019.0,1,5.0,Empleado_Formal,14.0,14.0,0.0,9,49,1
20452,696,11,1,2,4416,6201,1.0,1.0,2,1,2.0,2,48,6,10,13,1,2,3,2,9.0,2019.0, ,5.0,Empleado_Formal,16.0,16.0,0.0,4,62,1
20452,697,11,1,2,9621,4923,7.0,0.0, ,1,1.0,1,33,1,8,13,1,2,3,2,3.0,2018.0,0,6.0,Empleado_Informal,14.0,14.0,0.0,9,49,1
20452,697,11,2,2,9111,9700,2.0,0.0,7,1,1.0,2,32,1,9,13, , ,3,2,11.0,2017.0, ,7.0,Empleado_Informal,13.5,13.5,0.0,9,97,1
20452,698,11,1,2,7231,4520,5.0,0.0,7,1,1.0,1,25,1,6,13, , , ,2,5.0,2019.0, ,5.0,Empleado_Informal,11.0,11.0,0.0,7,45,1
20496,702,11,1,2,9621,4923,3.0,0.0, ,1,1.0,1,34,6,7,13, , ,3,2,4.0,2018.0, ,6.0,Empleado_Informal,12.5,12.5,0.0,9,49,1
20496,703,11,1,2,3124,8220,2.0,0.0,2,1,2.0,1,25,6,10,13,1,2,3,2,8.0,2019.0, ,5.0,Empleado_Formal,16.0,16.0,0.0,3,82,1
20496,706,11,1,2,2634,8620,1.0,5.0,2,1,2.0,2,33,1,10,13,1,1,3,2,8.0,2019.0, ,5.0,Empleado_Formal,16.0,16.0,0.0,2,86,1
20496,706,11,2,2,3114,2219,2.0,8.0,2,1,2.0,1,38,1,8,13,1,1,3,2,5.0,2019.0, ,5.0,Empleado_Formal,14.0,14.0,0.0,3,22,1
20625,720,11,1,2,,,0.0,0.0, ,2,,2,39,1,10,13,1,2,3,2,8.0,2019.0,0,5.0,Desempleado,16.0,16.0,0.0,,,0
20625,720,11,2,2,9621,5610,5.0,0.0,7,1,1.0,1,32,1,10,13,1,2,3,2,2.0,2018.0,0,6.0,Empleado_Informal,16.0,16.0,0.0,9,56,1
20625,721,11,1,2,8331,4923,0.0,4.0,7,1,1.0,1,30,6,6,13, , , ,2,11.0,2018.0,0,6.0,Empleado_Informal,11.0,11.0,0.0,8,49,1
20625,722,11,1,2,9112,8121,2.0,0.0,7,1,1.0,2,41,6,6,13, , , ,2,11.0,2021.0, ,3.0,Empleado_Informal,11.0,11.0,0.0,9,81,1
20625,722,11,2,2,5212,4772,2.0,0.0,7,1,1.0,1,20,6,6,13, , , ,1,11.0,2021.0, ,3.0,Empleado_Informal,11.0,11.0,0.0,5,47,1
20625,722,11,4,2,4321,1071,1.0,0.0,7,1,1.0,2,37,1,10,13,1,2,3,2,2.0,2017.0,0,7.0,Empleado_Informal,16.0,16.0,0.0,4,10,1
20625,722,11,5,2,4321,4649,1.0,0.0,2,1,1.0,1,37,1,9,13, , ,3,2,2.0,2017.0,0,7.0,Empleado_Informal,13.5,13.5,0.0,4,46,1
20668,727,11,1,2,3255,8690,2.0,2.0,7,1,1.0,2,34,6,6,13, , , ,2,12.0,2019.0, ,5.0,Empleado_Informal,11.0,11.0,0.0,3,86,1
20668,728,11,1,2,2142,9321,6.0,0.0,7,1,1.0,1,35,1,10,13,1,2,3,2,5.0,2017.0, ,7.0,Empleado_Informal,16.0,16.0,0.0,2,93,1
20668,728,11,2,2,9112,8121,3.0,0.0,7,1,1.0,2,32,1,10,13,1,2,3,2,6.0,2018.0, ,6.0,Empleado_Informal,16.0,16.0,0.0,9,81,1
20668,729,11,1,2,5142,9602,3.0,0.0,7,1,1.0,2,40,1,7,13, , ,3,2,5.0,2022.0, ,2.0,Empleado_Informal,12.5,12.5,0.0,5,96,1
20668,729,11,2,2,8321,4922,1.0,0.0, ,1,1.0,1,40,1,4,13, , , ,2,11.0,2018.0, ,6.0,Empleado_Informal,9.0,9.0,0.0,8,49,1
20711,732,11,1,2,2342,8510,2.0,0.0,2,1,1.0,2,34,1,10,13,1,2,3,2,3.0,2019.0, ,5.0,Empleado_Informal,16.0,16.0,0.0,2,85,1
20711,732,11,2,2,2359,8549,1.0,7.0,2,1,1.0,1,39,1,8,13,1,2,3,2,3.0,2019.0, ,5.0,Empleado_Informal,14.0,14.0,0.0,2,85,1
20711,733,11,2,2,3422,9311,1.0,11.0,2,1,1.0,1,36,2,10,13,1,2,3,2,5.0,2021.0, ,3.0,Empleado_Informal,16.0,16.0,0.0,3,93,1
20711,735,11,1,2,7231,4520,0.0,8.0,7,1,1.0,1,44,4,8,13,1,2,3,1,11.0,2023.0, ,1.0,Empleado_Informal,14.0,14.0,0.0,7,45,1
20754,739,11,1,2,5142,9602,2.0,0.0, ,1,1.0,2,25,2,6,13, , , ,2,4.0,2019.0, ,5.0,Empleado_Informal,11.0,11.0,0.0,5,96,1
20754,739,11,2,2,2359,8549,6.0,0.0,2,1,2.0,1,31,2,10,13,1,2,3,2,4.0,2019.0, ,5.0,Empleado_Formal,16.0,16.0,0.0,2,85,1
20754,739,11,3,2,5329,8610,2.0,0.0,2,1,2.0,2,60,6,10,13,1,2,3,2,10.0,2017.0, ,7.0,Empleado_Formal,16.0,16.0,0.0,5,86,1
20797,747,11,1,2,3313,6920,0.0,5.0,2,1,2.0,2,31,1,8,13,1,2,3,2,7.0,2021.0, ,3.0,Empleado_Formal,14.0,14.0,0.0,3,69,1
20797,747,11,2,2,9122,4520,0.0,5.0,7,1,1.0,1,29,1,6,13, , , ,1,7.0,2021.0, ,3.0,Empleado_Informal,11.0,11.0,0.0,9,45,1
20797,750,11,1,2,,,0.0,0.0, ,2,,2,28,1,7,13, , ,3,2,3.0,2021.0, ,3.0,Desempleado,12.5,12.5,0.0,,,0
20797,750,11,2,2,3115,3312,1.0,2.0,2,1,1.0,1,35,1,8,13,1,2,3,2,3.0,2021.0, ,3.0,Empleado_Informal,14.0,14.0,0.0,3,33,1
20797,751,11,1,2,3115,4520,1.0,5.0,7,1,1.0,1,29,6,8,13,1,2,3,2,8.0,2021.0, ,3.0,Empleado_Informal,14.0,14.0,0.0,3,45,1
20841,752,11,1,2,,,0.0,0.0, ,2,,2,32,1,7,13, , ,3,2,4.0,2018.0, ,6.0,Desempleado,12.5,12.5,0.0,,,0
20841,752,11,2,2,3115,4520,1.0,7.0,7,1,1.0,1,35,1,8,13,1,2,3,2,4.0,2018.0, ,6.0,Empleado_Informal,14.0,14.0,0.0,3,45,1
20841,755,11,1,2,4222,8220,0.0,6.0,2,1,2.0,2,43,6,6,13, , , ,4,12.0,2018.0, ,6.0,Empleado_Formal,11.0,11.0,0.0,4,82,1
20841,755,11,2,2,3511,6201,3.0,0.0,2,1,1.0,1,25,6,8,13,1,2,3,4,12.0,2018.0, ,6.0,Empleado_Informal,14.0,14.0,0.0,3,62,1
20841,755,11,3,2,5212,4711,1.0,2.0,2,1,2.0,1,23,6,6,13, , , ,4,12.0,2018.0, ,6.0,Empleado_Formal,11.0,11.0,0.0,5,47,1
20841,756,11,1,2,9629,9499,3.0,0.0,5,1,1.0,2,39,2,8,13,1,2,3,2,10.0,2018.0, ,6.0,Empleado_Informal,14.0,14.0,0.0,9,94,1
20841,756,11,2,2,2257,4773,0.0,3.0,7,1,1.0,1,40,2,8,13,1,2,3,2,10.0,2018.0, ,6.0,Empleado_Informal,14.0,14.0,0.0,2,47,1
22032,145,11,1,2,9622,9499,0.0,3.0,3,1,1.0,1,26,6,9,13, , ,3,1,8.0,2023.0, ,1.0,Empleado_Informal,13.5,13.5,0.0,9,94,1
22032,147,11,2,2,8322,4922,2.0,0.0, ,1,1.0,1,38,1,8,13,1,2,3,2,4.0,2018.0, ,6.0,Empleado_Informal,14.0,14.0,0.0,8,49,1
22032,147,11,3,2,3322,4741,0.0,6.0,7,1,1.0,1,18,6,5,6, , ,1,2,6.0,2021.0, ,3.0,Empleado_Informal,10.0,11.0,-1.0,3,47,1
22032,149,11,1,2,7421,9512,0.0,3.0,7,1,1.0,1,29,1,10,13,1,2,3,2,12.0,2022.0, ,2.0,Empleado_Informal,16.0,16.0,0.0,7,95,1
22032,149,11,2,2,,,0.0,0.0, ,3,,2,26,1,6,13, , , ,1,7.0,2023.0,0,1.0,Desempleado,11.0,11.0,0.0,,,0
22062,153,11,1,2,5414,5510,0.0,3.0,7,1,1.0,2,30,6,10,13,1,2,3,2,8.0,2018.0,0,6.0,Empleado_Informal,16.0,16.0,0.0,5,55,1
22062,168,11,1,2,5241,1071,0.0,3.0,7,1,1.0,2,32,6,6,13, , , ,2,12.0,2020.0, ,4.0,Empleado_Informal,11.0,11.0,0.0,5,10,1
22062,169,11,1,2,9111,9700,5.0,0.0,7,1,1.0,2,39,6,10,13,1,1,3,2,2.0,2018.0, ,6.0,Empleado_Informal,16.0,16.0,0.0,9,97,1
22270,207,11,1,2,9112,9499,4.0,3.0,7,1,1.0,1,63,2,6,13, , , ,2,3.0,2019.0, ,5.0,Empleado_Informal,11.0,11.0,0.0,9,94,1
22270,207,11,2,2,9111,9700,0.0,4.0,7,1,1.0,2,63,2,6,13, , , ,2,3.0,2019.0, ,5.0,Empleado_Informal,11.0,11.0,0.0,9,97,1
22270,208,11,1,2,9629,9609,0.0,1.0, ,1,2.0,1,31,2,8,13,1,1,3,2,3.0,2018.0, ,6.0,Empleado_Formal,14.0,14.0,0.0,9,96,1
22270,209,11,1,2,4419,4741,3.0,7.0,1,1,2.0,2,43,6,8,13,1,2,3,2,10.0,2020.0, ,4.0,Empleado_Formal,14.0,14.0,0.0,4,47,1
22300,210,11,1,2,9313,4100,1.0,0.0,7,1,1.0,1,27,1,10,13,1,2,3,2,11.0,2023.0,0,1.0,Empleado_Informal,16.0,16.0,0.0,9,41,1
22300,210,11,2,2,5211,4649,0.0,4.0,7,1,1.0,2,18,1,6,13, , , ,1,11.0,2023.0,0,1.0,Empleado_Informal,11.0,11.0,0.0,5,46,1
22300,211,11,1,2,9629,9609,0.0,4.0, ,1,1.0,2,55,5,10,13,1,2,3,2,10.0,2021.0, ,3.0,Empleado_Informal,16.0,16.0,0.0,9,96,1
22300,211,11,2,2,3322,4741,0.0,7.0,1,1,1.0,2,22,6,6,9, , ,0,2,10.0,2021.0, ,3.0,Empleado_Informal,11.0,13.5,-2.5,3,47,1
22300,215,11,1,2,7354,1410,2.0,3.0,7,1,1.0,2,29,1,6,13, , , ,2,11.0,2020.0, ,4.0,Empleado_Informal,11.0,11.0,0.0,7,14,1
22300,215,11,2,2,9313,4100,5.0,3.0,7,1,1.0,1,25,1,6,13, , , ,2,8.0,2019.0, ,5.0,Empleado_Informal,11.0,11.0,0.0,9,41,1
22330,212,11,1,2,8322,4922,5.0,0.0, ,1,1.0,1,37,1,9,13, , ,3,2,8.0,2018.0,0,6.0,Empleado_Informal,13.5,13.5,0.0,8,49,1
22330,212,11,2,2,5142,9602,0.0,1.0, ,1,1.0,2,32,1,9,13, , ,3,2,8.0,2018.0,0,6.0,Empleado_Informal,13.5,13.5,0.0,5,96,1
22330,213,11,1,2,8332,4923,1.0,1.0,7,1,1.0,1,45,2,10,13,1,2,3,9,9.0,2022.0, ,2.0,Empleado_Informal,16.0,16.0,0.0,8,49,1
22330,213,11,2,2,5142,9602,0.0,3.0,7,1,1.0,2,37,2,10,13,1,2,3,9,9.0,2022.0, ,2.0,Empleado_Informal,16.0,16.0,0.0,5,96,1
22330,216,11,1,2,9621,4923,0.0,4.0, ,1,1.0,1,23,6,6,13, , , ,2,11.0,2020.0,0,4.0,Empleado_Informal,11.0,11.0,0.0,9,49,1
22330,216,11,2,2,9629,7320,5.0,0.0, ,1,2.0,1,33,6,10,13,1,2,3,2,7.0,2018.0,0,6.0,Empleado_Formal,16.0,16.0,0.0,9,73,1
22330,216,11,3,2,9629,7320,5.0,0.0,7,1,1.0,2,27,6,10,13,1,2,3,2,7.0,2018.0,0,6.0,Empleado_Informal,16.0,16.0,0.0,9,73,1
22359,219,11,1,2,8331,4921,0.0,4.0,7,1,1.0,1,24,1,3,13, , , ,1,10.0,2017.0,1,7.0,Empleado_Informal,4.5,4.5,0.0,8,49,1
22359,220,11,1,2,7234,311,4.0,0.0,2,1,2.0,1,56,2,8,13,1,2,3,2,2.0,2020.0, ,4.0,Empleado_Formal,14.0,14.0,0.0,7,03,1
22359,220,11,4,2,4321,4630,1.0,0.0,2,1,2.0,1,35,2,10,13,1,2,3,2,8.0,2018.0, ,6.0,Empleado_Formal,16.0,16.0,0.0,4,46,1
22359,220,11,7,2,8141,2219,0.0,2.0,2,1,2.0,1,33,1,9,13, , ,3,2,2.0,2018.0, ,6.0,Empleado_Formal,13.5,13.5,0.0,8,22,1
22389,224,11,1,2,9334,4921,1.0,3.0,7,1,1.0,1,40,1,6,13, , , ,1,6.0,2018.0,1,6.0,Empleado_Informal,11.0,11.0,0.0,9,49,1
22389,224,11,2,2,5141,9602,0.0,8.0,7,1,1.0,2,35,1,6,13, , , ,1,6.0,2018.0, ,6.0,Empleado_Informal,11.0,11.0,0.0,5,96,1
22389,227,11,1,2,9333,4630,1.0,3.0,7,1,1.0,1,30,6,6,13, , , ,2,7.0,2019.0, ,5.0,Empleado_Informal,11.0,11.0,0.0,9,46,1
22389,228,11,1,2,5213,4781,1.0,6.0,7,1,1.0,2,28,6,6,13, , , ,9,9.0,2021.0, ,3.0,Empleado_Informal,11.0,11.0,0.0,5,47,1
22627,287,11,1,2,9333,5224,2.0,10.0,7,1,2.0,1,31,1,6,13, , , ,2,3.0,2022.0, ,2.0,Empleado_Formal,11.0,11.0,0.0,9,52,1
22627,287,11,2,2,9122,4520,0.0,3.0,2,1,2.0,2,26,1,6,13, , , ,1,3.0,2022.0, ,2.0,Empleado_Formal,11.0,11.0,0.0,9,45,1
22627,288,11,1,2,8322,4922,1.0,0.0, ,1,1.0,1,30,1,5,13, , , ,1,11.0,2020.0, ,4.0,Empleado_Informal,10.0,10.0,0.0,8,49,1
22627,288,11,2,2,8341,5229,0.0,2.0,2,1,2.0,2,28,1,5,13, , , ,1,11.0,2020.0, ,4.0,Empleado_Formal,10.0,10.0,0.0,8,52,1
22627,290,11,1,2,9622,8010,0.0,7.0,2,1,2.0,1,39,6,6,13, , , ,2,11.0,2019.0,0,5.0,Empleado_Formal,11.0,11.0,0.0,9,80,1
22627,290,11,2,2,5414,8010,3.0,6.0,2,1,2.0,1,41,6,8,13,2, ,3,2,8.0,2018.0,1,6.0,Empleado_Formal,14.0,14.0,0.0,5,80,1
22657,294,11,1,2,5131,5610,1.0,5.0,7,1,1.0,2,26,6,6,13, , , ,2,9.0,2019.0,1,5.0,Empleado_Informal,11.0,11.0,0.0,5,56,1
22657,295,11,1,2,,,0.0,0.0, ,2,,2,25,1,5,13, , , ,1,4.0,2022.0,0,2.0,Desempleado,10.0,10.0,0.0,,,0
22657,295,11,2,2,9333,4630,0.0,11.0,7,1,1.0,1,28,1,6,13, , , ,1,4.0,2022.0, ,2.0,Empleado_Informal,11.0,11.0,0.0,9,46,1
22657,296,11,1,2,,,0.0,0.0, ,3,,2,32,1,6,13, , , ,2,2.0,2019.0,0,5.0,Desempleado,11.0,11.0,0.0,,,0
22657,296,11,2,2,7126,4752,0.0,9.0,7,1,1.0,1,34,1,6,13, , , ,2,2.0,2019.0,0,5.0,Empleado_Informal,11.0,11.0,0.0,7,47,1
22687,310,11,1,2,9629,5610,0.0,1.0,7,1,1.0,2,32,6,10,13,1,2,3,2,1.0,2019.0,0,5.0,Empleado_Informal,16.0,16.0,0.0,9,56,1
22687,310,11,6,2,7212,4520,1.0,0.0,7,1,1.0,1,30,6,5,13, , , ,1,6.0,2021.0,0,3.0,Empleado_Informal,10.0,10.0,0.0,7,45,1
22687,314,11,1,2,4321,2220,0.0,1.0,2,1,2.0,1,49,1,10,13,1,2,3,2,12.0,2018.0, ,6.0,Empleado_Formal,16.0,16.0,0.0,4,22,1
22687,314,11,2,2,7513,1071,1.0,3.0,2,1,2.0,2,45,1,5,13, , , ,2,12.0,2018.0, ,6.0,Empleado_Formal,10.0,10.0,0.0,7,10,1
22687,314,11,3,2,9333,7830,0.0,2.0,7,1,1.0,1,22,6,5,13, , , ,2,7.0,2020.0,1,4.0,Empleado_Informal,10.0,10.0,0.0,9,78,1
22687,316,11,1,2,8343,7730,3.0,4.0,2,1,2.0,1,47,1,8,13,1,2,3,2,10.0,2018.0, ,6.0,Empleado_Formal,14.0,14.0,0.0,8,77,1
22687,316,11,2,2,9411,5610,0.0,2.0, ,1,1.0,2,38,1,10,13,1,2,3,2,10.0,2018.0, ,6.0,Empleado_Informal,16.0,16.0,0.0,9,56,1
22716,305,11,1,2,3124,3312,6.0,4.0,2,1,2.0,1,40,1,10,13,1,2,3,2,4.0,2018.0,0,6.0,Empleado_Formal,16.0,16.0,0.0,3,33,1
22716,305,11,2,2,3314,5610,1.0,0.0, ,1,2.0,2,34,1,10,13,1,2,3,2,7.0,2018.0,0,6.0,Empleado_Formal,16.0,16.0,0.0,3,56,1
22716,306,11,1,2,4321,1622,3.0,2.0,2,1,2.0,1,48,2,8,13,2, ,3,2,9.0,2018.0, ,6.0,Empleado_Formal,14.0,14.0,0.0,4,16,1
22716,306,11,5,2,5120,5610,0.0,6.0,7,1,1.0,1,42,6,7,13, , ,3,2,8.0,2022.0, ,2.0,Empleado_Informal,12.5,12.5,0.0,5,56,1
22716,313,11,1,2,4321,2220,1.0,0.0,7,1,1.0,1,31,1,6,13, , , ,2,8.0,2018.0, ,6.0,Empleado_Informal,11.0,11.0,0.0,4,22,1
22865,336,11,1,2,9511,4799,1.0,6.0, ,1,1.0,2,33,6,9,13, , ,3,7,2.0,2022.0,0,2.0,Empleado_Informal,13.5,13.5,0.0,9,47,1
22865,337,11,1,2,9411,5630,0.0,1.0, ,1,1.0,2,40,6,5,13, , , ,2,12.0,2014.0, ,10.0,Empleado_Informal,10.0,10.0,0.0,9,56,1
22865,339,11,1,2,6222,311,5.0,0.0,7,1,1.0,1,41,2,8,13,1,2,3,2,9.0,2019.0,0,5.0,Empleado_Informal,14.0,14.0,0.0,6,03,1
22895,344,11,1,2,9621,4923,3.0,0.0, ,1,1.0,1,29,1,10,13,1,2,3,2,7.0,2018.0,0,6.0,Empleado_Informal,16.0,16.0,0.0,9,49,1
22895,344,11,2,1,5212,4721,5.0,0.0,7,1,1.0,2,22,1,1,6, , ,1,,,,,,Empleado_Informal,0.0,11.0,-11.0,5,47,1
22895,345,11,1,2,9412,5610,1.0,0.0,2,1,1.0,2,44,6,6,13, , , ,2,9.0,2022.0,0,2.0,Empleado_Informal,11.0,11.0,0.0,9,56,1
22895,346,11,1,2,9629,4649,3.0,0.0,2,1,1.0,2,36,6,8,13,1,2,3,2,4.0,2018.0,0,6.0,Empleado_Informal,14.0,14.0,0.0,9,46,1
22925,349,11,1,2,,,0.0,0.0, ,2,,2,29,1,6,13, , , ,1,2.0,2021.0, ,3.0,Desempleado,11.0,11.0,0.0,,,0
22925,349,11,2,2,8322,4922,1.0,6.0, ,1,1.0,1,30,1,6,13, , , ,2,2.0,2021.0, ,3.0,Empleado_Informal,11.0,11.0,0.0,8,49,1
22925,350,11,1,2,5230,4630,0.0,10.0,2,1,1.0,2,32,6,6,13, , , ,2,5.0,2019.0, ,5.0,Empleado_Informal,11.0,11.0,0.0,5,46,1
22925,351,11,1,2,5141,9602,1.0,0.0,7,1,1.0,1,27,6,6,13, , , ,1,10.0,2022.0, ,2.0,Empleado_Informal,11.0,11.0,0.0,5,96,1
22954,357,11,1,2,5245,5610,2.0,0.0,7,1,1.0,2,25,6,9,13, , ,3,2,2.0,2019.0, ,5.0,Empleado_Informal,13.5,13.5,0.0,5,56,1
22954,358,11,1,2,9629,9601,1.0,0.0,7,1,1.0,2,26,6,6,13, , , ,2,2.0,2020.0, ,4.0,Empleado_Informal,11.0,11.0,0.0,9,96,1
22954,359,11,1,2,9629,130,0.0,10.0,7,1,1.0,1,29,1,6,13, , , ,7,8.0,2018.0, ,6.0,Empleado_Informal,11.0,11.0,0.0,9,01,1
22954,359,11,2,2,5131,5610,0.0,1.0,7,1,1.0,2,25,1,5,13, , , ,6,8.0,2018.0, ,6.0,Empleado_Informal,10.0,10.0,0.0,5,56,1
24650,718,11,1,2,9112,8121,3.0,8.0, ,1,1.0,2,37,5,6,13, , , ,2,12.0,2020.0, ,4.0,Empleado_Informal,11.0,11.0,0.0,9,81,1
24650,722,11,1,2,7231,4520,3.0,0.0,7,1,1.0,1,30,1,10,13,1,2,3,2,3.0,2022.0,1,2.0,Empleado_Informal,16.0,16.0,0.0,7,45,1
24650,723,11,1,2,5131,5610,0.0,4.0,7,1,1.0,2,23,6,5,13, , , ,6,8.0,2021.0, ,3.0,Empleado_Informal,10.0,10.0,0.0,5,56,1
24680,722,11,1,2,5120,5610,1.0,10.0,7,1,1.0,1,46,1,4,13, , , ,2,4.0,2018.0,1,6.0,Empleado_Informal,9.0,9.0,0.0,5,56,1
24680,722,11,2,2,5131,5610,1.0,10.0,7,1,1.0,2,28,1,6,13, , , ,2,4.0,2019.0, ,5.0,Empleado_Informal,11.0,11.0,0.0,5,56,1
24680,723,11,1,2,,,0.0,0.0, ,3,,2,37,2,6,13, , , ,9,8.0,2020.0, ,4.0,Desempleado,11.0,11.0,0.0,,,0
24680,723,11,2,2,7231,4520,2.0,4.0,7,1,1.0,1,42,2,7,13, , ,3,9,2.0,2020.0, ,4.0,Empleado_Informal,12.5,12.5,0.0,7,45,1
24680,724,11,2,2,5141,9602,2.0,7.0,7,1,1.0,1,21,1,5,13, , , ,9,1.0,2021.0, ,3.0,Empleado_Informal,10.0,10.0,0.0,5,96,1
24710,730,11,1,2,3221,8610,0.0,5.0,2,1,1.0,2,32,5,8,13,1,2,3,2,2.0,2019.0, ,5.0,Empleado_Informal,14.0,14.0,0.0,3,86,1
24710,731,11,2,2,3113,4321,0.0,4.0,2,1,1.0,1,34,1,8,13,1,1,3,2,9.0,2022.0, ,2.0,Empleado_Informal,14.0,14.0,0.0,3,43,1
24710,734,11,1,2,5164,8549,1.0,3.0,7,1,1.0,1,27,6,6,13, , , ,2,8.0,2021.0, ,3.0,Empleado_Informal,11.0,11.0,0.0,5,85,1
25097,810,11,1,2,5141,9602,1.0,5.0,2,1,1.0,2,43,1,8,13,1,2,3,2,1.0,2020.0, ,4.0,Empleado_Informal,14.0,14.0,0.0,5,96,1
25097,810,11,2,2,5120,5610,2.0,8.0,2,1,1.0,1,44,1,8,13,1,2,3,2,1.0,2020.0, ,4.0,Empleado_Informal,14.0,14.0,0.0,5,56,1
25097,812,11,1,2,5212,4771,0.0,10.0,2,1,1.0,2,35,1,8,13,1,2,3,1,8.0,2022.0, ,2.0,Empleado_Informal,14.0,14.0,0.0,5,47,1
25097,812,11,2,2,9622,9499,1.0,7.0,2,1,1.0,1,35,1,7,13, , ,3,1,8.0,2022.0, ,2.0,Empleado_Informal,12.5,12.5,0.0,9,94,1
25097,813,11,1,2,9111,9700,0.0,9.0,7,1,1.0,2,41,4,7,13, , ,3,1,2.0,2023.0, ,1.0,Empleado_Informal,12.5,12.5,0.0,9,97,1
25126,819,11,1,2,9512,4799,2.0,0.0, ,1,1.0,2,37,5,4,13, , , ,1,9.0,2022.0,0,2.0,Empleado_Informal,9.0,9.0,0.0,9,47,1
25126,820,11,1,2,5230,5630,0.0,8.0,7,1,1.0,2,19,1,3,13, , , ,9,3.0,2023.0, ,1.0,Empleado_Informal,4.5,4.5,0.0,5,56,1
25126,820,11,2,2,8321,4922,0.0,9.0, ,1,1.0,1,20,1,4,13, , , ,2,3.0,2023.0, ,1.0,Empleado_Informal,9.0,9.0,0.0,8,49,1
25126,821,11,1,2,5131,5610,0.0,1.0,2,1,1.0,2,32,5,9,13, , ,3,6,10.0,2017.0, ,7.0,Empleado_Informal,13.5,13.5,0.0,5,56,1
25156,824,11,1,2,5141,9602,1.0,6.0,2,1,2.0,2,32,1,8,13,1,2,3,9,5.0,2023.0, ,1.0,Empleado_Formal,14.0,14.0,0.0,5,96,1
25156,824,11,2,2,9333,1061,0.0,7.0,7,1,1.0,1,29,1,10,13,1,2,3,9,2.0,2024.0, ,0.0,Empleado_Informal,16.0,16.0,0.0,9,10,1
25156,825,11,1,2,7127,4322,2.0,0.0,7,1,1.0,1,30,1,6,13, , , ,2,5.0,2018.0, ,6.0,Empleado_Informal,11.0,11.0,0.0,7,43,1
25156,825,11,2,2,5142,9602,0.0,9.0,7,1,1.0,2,29,1,9,13, , ,3,2,5.0,2018.0, ,6.0,Empleado_Informal,13.5,13.5,0.0,5,96,1
25156,827,11,1,2,8332,1071,6.0,6.0,7,1,1.0,1,54,6,6,13, , , ,2,3.0,2017.0, ,7.0,Empleado_Informal,11.0,11.0,0.0,8,10,1
25186,829,11,1,2,9333,5224,3.0,0.0, ,1,1.0,2,30,1,6,13, , , ,2,4.0,2018.0, ,6.0,Empleado_Informal,11.0,11.0,0.0,9,52,1
25186,829,11,2,1,8322,4922,8.0,0.0, ,1,1.0,1,56,1,10,13,1,2,3,,,,,,Empleado_Informal,16.0,16.0,0.0,8,49,1
25186,831,11,1,2,,,0.0,0.0, ,2,,1,28,1,5,13, , , ,2,8.0,2017.0, ,7.0,Desempleado,10.0,10.0,0.0,,,0
25186,831,11,2,2,5212,4771,2.0,0.0,7,1,1.0,2,38,1,6,13, , , ,2,12.0,2020.0, ,4.0,Empleado_Informal,11.0,11.0,0.0,5,47,1
25186,833,11,1,2,,,0.0,0.0, ,2,,2,30,5,10,13,1,2,3,2,11.0,2018.0,0,6.0,Desempleado,16.0,16.0,0.0,,,0
25186,833,11,4,2,5212,4751,0.0,6.0,7,1,1.0,2,37,3,6,13, , , ,2,12.0,2021.0, ,3.0,Empleado_Informal,11.0,11.0,0.0,5,47,1
25216,834,11,1,2,9412,5610,0.0,8.0,7,1,1.0,2,34,1,5,13, , , ,9,4.0,2019.0,0,5.0,Empleado_Informal,10.0,10.0,0.0,9,56,1
25216,834,11,2,2,9313,4100,0.0,7.0,7,1,1.0,1,40,1,6,13, , , ,2,5.0,2018.0, ,6.0,Empleado_Informal,11.0,11.0,0.0,9,41,1
25216,834,11,3,2,7322,3100,0.0,6.0,7,1,1.0,1,17,6,3,5, , , ,2,4.0,2016.0, ,8.0,Empleado_Informal,4.5,8.5,-4.0,7,31,1
25216,840,11,1,1,5212,4752,4.0,0.0,7,1,1.0,2,35,1,1,7, , ,0,,,,,,Empleado_Informal,0.0,12.5,-12.5,5,47,1
25216,840,11,2,2,7126,4330,8.0,0.0, ,1,1.0,1,35,1,10,13,2, ,3,2,6.0,2017.0, ,7.0,Empleado_Informal,16.0,16.0,0.0,7,43,1
25216,840,11,3,2,2359,8549,3.0,0.0, ,1,1.0,2,68,5,10,13,2, ,3,2,2.0,2021.0, ,3.0,Empleado_Informal,16.0,16.0,0.0,2,85,1
25216,844,11,1,2,5131,5610,2.0,0.0,7,1,1.0,2,22,6,3,13, , , ,9,10.0,2022.0, ,2.0,Empleado_Informal,4.5,4.5,0.0,5,56,1
25216,844,11,2,2,,,0.0,0.0, ,2,,1,26,6,3,13, , , ,9,9.0,2024.0, ,0.0,Desempleado,4.5,4.5,0.0,,,0
25245,840,11,1,2,5230,5610,1.0,0.0,7,1,1.0,2,26,6,6,13, , , ,2,10.0,2023.0,1,1.0,Empleado_Informal,11.0,11.0,0.0,5,56,1
25245,842,11,1,2,9411,5610,0.0,7.0, ,1,1.0,2,59,5,3,13, , , ,2,9.0,2023.0, ,1.0,Empleado_Informal,4.5,4.5,0.0,9,56,1
25245,842,11,2,2,4224,5510,0.0,8.0,7,1,1.0,2,38,6,8,13,1,2,3,2,9.0,2023.0,0,1.0,Empleado_Informal,14.0,14.0,0.0,4,55,1
25245,843,11,1,2,,,0.0,0.0, ,3,,2,30,2,6,13, , , ,2,6.0,2022.0, ,2.0,Desempleado,11.0,11.0,0.0,,,0
25245,843,11,2,2,5120,5610,0.0,10.0,7,1,1.0,1,30,2,6,13, , , ,2,6.0,2022.0, ,2.0,Empleado_Informal,11.0,11.0,0.0,5,56,1
25275,847,11,2,2,9334,4921,2.0,8.0,7,1,1.0,1,28,1,6,13, , , ,5,2.0,2021.0, ,3.0,Empleado_Informal,11.0,11.0,0.0,9,49,1
25275,848,11,1,2,5212,4752,2.0,0.0,7,1,1.0,1,34,6,7,13, , ,3,9,7.0,2020.0,0,4.0,Empleado_Informal,12.5,12.5,0.0,5,47,1
25275,850,11,2,1,3215,3250,2.0,5.0,2,1,1.0,1,33,1,1,8, , ,0,,,,,,Empleado_Informal,0.0,14.0,-14.0,3,32,1
