sexo,edad,estado_civil,nacionalidad,nivel_educ_venezuela,nivel_educ_peru,obtuvo_titulo,homologo_titulo_peru,tiene_carrera_superior,anios_escolaridad_venezuela,anios_escolaridad_peru,brecha_educativa_anios,tipo_permiso_migratorio,tiempo_residencia_anios,condicion_laboral
2,37.0,1,2,6,13, , , ,11.0,11.0,0.0,2,2.0,Empleado_Formal
1,39.0,1,2,8,13,1,2,3,14.0,14.0,0.0,2,2.0,Empleado_Informal
1,18.0,6,2,3,6, , ,1,4.5,11.0,-6.5,2,2.0,Empleado_Informal
1,59.0,1,2,6,13, , , ,11.0,11.0,0.0,2,2.0,Empleado_Informal
2,51.0,1,2,10,13,1,2,3,16.0,16.0,0.0,2,2.0,Empleado_Informal
1,31.0,6,2,9,13, , ,3,13.5,13.5,0.0,2,1.0,Empleado_Informal
2,39.0,6,2,7,13, , ,3,12.5,12.5,0.0,2,2.0,Empleado_Informal
2,58.0,1,2,6,13, , , ,11.0,11.0,0.0,2,5.0,Empleado_Formal
1,64.0,1,2,4,13, , , ,9.0,9.0,0.0,2,5.0,Empleado_Informal
1,36.0,6,2,8,13,1,2,3,14.0,14.0,0.0,2,6.0,Empleado_Informal
1,42.0,1,2,4,13, , , ,9.0,9.0,0.0,2,6.0,Empleado_Informal
2,35.0,1,2,6,13, , , ,11.0,11.0,0.0,2,6.0,Empleado_Informal
1,16.0,6,2,4,5, , , ,9.0,8.5,0.5,2,6.0,Empleado_Informal
1,32.0,2,2,10,13,1,2,3,16.0,16.0,0.0,2,1.0,Empleado_Informal
2,30.0,2,2,10,13,1,2,3,16.0,16.0,0.0,2,1.0,Empleado_Informal
1,32.0,1,2,5,13, , , ,10.0,10.0,0.0,2,6.0,Empleado_Informal
2,34.0,1,1,1,6, , ,1,0.0,11.0,-11.0,No Especificado,5.0,Empleado_Informal
2,53.0,5,2,7,13, , ,3,12.5,12.5,0.0,2,8.0,Desempleado
1,28.0,6,2,10,13,1,2,3,16.0,16.0,0.0,2,8.0,Empleado_Formal
1,50.0,2,2,5,13, , , ,10.0,10.0,0.0,9,0.0,Empleado_Informal
2,52.0,2,2,6,13, , , ,11.0,11.0,0.0,9,0.0,Empleado_Informal
2,60.0,2,2,5,13, , , ,10.0,10.0,0.0,2,6.0,Empleado_Informal
2,36.0,5,2,10,10, , ,3,16.0,16.0,0.0,2,6.0,Empleado_Informal
2,26.0,1,2,6,13, , , ,11.0,11.0,0.0,2,6.0,Empleado_Informal
1,36.0,1,2,9,13, , ,3,13.5,13.5,0.0,2,7.0,Empleado_Informal
1,29.0,1,1,6,13, , , ,11.0,11.0,0.0,No Especificado,5.0,Empleado_Informal
2,26.0,1,2,6,13, , , ,11.0,11.0,0.0,6,6.0,Empleado_Informal
2,22.0,1,2,5,13, , , ,10.0,10.0,0.0,9,1.0,Empleado_Informal
1,30.0,1,2,5,13, , , ,10.0,10.0,0.0,9,1.0,Empleado_Informal
1,37.0,1,2,3,13, , , ,4.5,4.5,0.0,6,4.0,Empleado_Informal
2,27.0,1,2,4,13, , , ,9.0,9.0,0.0,2,6.0,Empleado_Informal
1,39.0,1,2,3,13, , , ,4.5,4.5,0.0,2,6.0,Empleado_Informal
2,20.0,6,2,3,5, , , ,4.5,8.5,-4.0,2,4.0,Desempleado
1,17.0,6,2,4,13, , , ,9.0,9.0,0.0,2,4.0,Empleado_Informal
2,22.0,1,2,3,13, , , ,4.5,4.5,0.0,2,4.0,Empleado_Informal
1,38.0,1,2,3,3, , , ,4.5,4.5,0.5,2,5.0,Empleado_Informal
2,32.0,1,2,4,13, , , ,9.0,9.0,0.0,2,5.0,Desempleado
1,17.0,1,2,5,5, , , ,10.0,8.5,0.5,2,5.0,Empleado_Informal
2,25.0,5,2,3,13, , , ,4.5,4.5,0.0,1,2.0,Empleado_Informal
2,26.0,5,2,6,13, , , ,11.0,11.0,0.0,9,4.0,Empleado_Informal
2,22.0,5,2,5,13, , , ,10.0,10.0,0.0,9,1.0,Empleado_Informal
2,22.0,5,2,5,13, , , ,10.0,10.0,0.0,9,2.0,Empleado_Informal
1,30.0,1,1,1,9, , ,3,0.0,13.5,-13.5,No Especificado,5.0,Empleado_Informal
2,32.0,1,2,5,13, , , ,10.0,10.0,0.0,9,1.0,Desempleado
1,35.0,1,2,5,13, , , ,10.0,10.0,0.0,9,1.0,Empleado_Informal
2,21.0,6,2,6,13, , , ,11.0,11.0,0.0,1,2.0,Empleado_Informal
1,30.0,1,2,9,13, , ,3,13.5,13.5,0.0,2,5.0,Empleado_Formal
2,26.0,1,2,6,13, , , ,11.0,11.0,0.0,2,5.0,Empleado_Informal
1,28.0,6,2,7,13, , ,3,12.5,12.5,0.0,1,3.0,Empleado_Informal
2,36.0,1,2,6,13, , , ,11.0,11.0,0.0,1,5.0,Desempleado
1,38.0,1,2,5,13, , , ,10.0,10.0,0.0,2,6.0,Empleado_Informal
1,38.0,1,2,5,13, , , ,10.0,10.0,0.0,6,5.0,Empleado_Formal
2,30.0,1,2,6,13, , , ,11.0,11.0,0.0,6,5.0,Desempleado
1,30.0,1,2,5,13, , , ,10.0,10.0,0.0,6,6.0,Empleado_Informal
2,36.0,1,2,5,13, , , ,10.0,10.0,0.0,1,2.0,Empleado_Informal
1,30.0,6,2,7,13, , ,3,12.5,12.5,0.0,1,5.0,Empleado_Informal
1,30.0,1,2,6,13, , , ,11.0,11.0,0.0,1,5.0,Empleado_Informal
2,23.0,1,2,4,13, , , ,9.0,9.0,0.0,9,6.0,Empleado_Informal
1,45.0,6,2,6,13, , , ,11.0,11.0,0.0,2,6.0,Empleado_Informal
2,45.0,5,2,8,13,1,2,3,14.0,14.0,0.0,6,6.0,Desempleado
1,23.0,1,2,5,13, , , ,10.0,10.0,0.0,1,5.0,Empleado_Informal
2,29.0,1,2,10,13,2, ,3,16.0,16.0,0.0,6,6.0,Empleado_Informal
1,28.0,1,2,5,13, , , ,10.0,10.0,0.0,1,5.0,Empleado_Informal
2,25.0,6,2,5,13, , , ,10.0,10.0,0.0,2,1.0,Empleado_Informal
1,58.0,1,2,5,13, , , ,10.0,10.0,0.0,2,5.0,Empleado_Informal
2,64.0,1,2,3,13, , , ,4.5,4.5,0.0,1,5.0,Empleado_Informal
1,34.0,1,2,10,13,1,2,3,16.0,16.0,0.0,1,1.0,Empleado_Informal
1,35.0,1,2,6,13, , , ,11.0,11.0,0.0,2,5.0,Empleado_Informal
1,24.0,6,2,6,13, , , ,11.0,11.0,0.0,1,5.0,Empleado_Informal
1,25.0,1,2,6,13, , , ,11.0,11.0,0.0,2,3.0,Empleado_Informal
2,26.0,1,2,5,13, , , ,10.0,10.0,0.0,1,2.0,Empleado_Informal
2,37.0,6,2,6,13, , , ,11.0,11.0,0.0,2,5.0,Empleado_Informal
1,48.0,1,2,6,13, , , ,11.0,11.0,0.0,1,1.0,Desempleado
2,51.0,1,2,6,13, , , ,11.0,11.0,0.0,2,2.0,Empleado_Informal
1,19.0,6,2,5,13, , , ,10.0,10.0,0.0,2,2.0,Empleado_Informal
1,48.0,1,1,5,13, , , ,10.0,10.0,0.0,No Especificado,5.0,Empleado_Informal
2,36.0,1,2,9,13, , ,3,13.5,13.5,0.0,9,6.0,Empleado_Informal
1,44.0,1,2,7,13, , ,3,12.5,12.5,0.0,2,6.0,Empleado_Formal
2,38.0,1,2,6,13, , , ,11.0,11.0,0.0,2,5.0,Empleado_Informal
2,44.0,6,2,4,13, , , ,9.0,9.0,0.0,1,2.0,Empleado_Informal
1,21.0,6,2,6,13, , , ,11.0,11.0,0.0,1,3.0,Empleado_Informal
1,28.0,2,2,6,13, , , ,11.0,11.0,0.0,9,3.0,Empleado_Informal
2,45.0,6,2,6,13, , , ,11.0,11.0,0.0,9,1.0,Desempleado
1,28.0,6,2,5,13, , , ,10.0,10.0,0.0,1,3.0,Empleado_Informal
2,57.0,4,2,10,13,1,1,3,16.0,16.0,0.0,2,6.0,Empleado_Informal
1,28.0,6,2,10,13,1,2,3,16.0,16.0,0.0,2,3.0,Empleado_Informal
1,19.0,6,2,6,9, , ,0,11.0,13.5,-2.5,2,6.0,Empleado_Informal
2,34.0,5,2,10,13,1,2,3,16.0,16.0,0.0,2,5.0,Empleado_Informal
2,41.0,6,2,5,13, , , ,10.0,10.0,0.0,2,2.0,Empleado_Informal
1,27.0,6,2,5,13, , , ,10.0,10.0,0.0,2,3.0,Empleado_Informal
2,18.0,6,2,5,13, , , ,10.0,10.0,0.0,9,0.0,Desempleado
2,41.0,5,2,10,13,2, ,3,16.0,16.0,0.0,1,3.0,Empleado_Informal
1,17.0,6,2,5,5, , , ,10.0,8.5,0.5,1,3.0,Empleado_Informal
1,17.0,6,2,5,5, , , ,10.0,8.5,0.5,1,3.0,Desempleado
2,35.0,6,2,10,13,1,2,3,16.0,16.0,0.0,2,6.0,Empleado_Informal
1,34.0,1,2,6,13, , , ,11.0,11.0,0.0,1,6.0,Empleado_Informal
2,27.0,6,2,10,13,1,2,3,16.0,16.0,0.0,2,5.0,Empleado_Informal
2,38.0,5,2,3,13, , , ,4.5,4.5,0.0,6,5.0,Empleado_Informal
2,25.0,1,2,6,13, , , ,11.0,11.0,0.0,9,0.0,Empleado_Informal
1,57.0,1,2,5,13, , , ,10.0,10.0,0.0,2,4.0,Empleado_Informal
2,46.0,1,2,6,13, , , ,11.0,11.0,0.0,2,3.0,Empleado_Informal
1,20.0,1,2,3,13, , , ,4.5,4.5,0.0,1,4.0,Empleado_Informal
2,21.0,1,2,4,13, , , ,9.0,9.0,0.0,8,4.0,Empleado_Informal
2,37.0,1,2,3,13, , , ,4.5,4.5,0.0,1,2.0,Empleado_Informal
1,38.0,1,2,3,13, , , ,4.5,4.5,0.0,1,2.0,Empleado_Informal
2,24.0,1,2,4,13, , , ,9.0,9.0,0.0,1,5.0,Empleado_Informal
1,37.0,6,2,4,13, , , ,9.0,9.0,0.0,1,3.0,Empleado_Informal
2,20.0,1,2,4,13, , , ,9.0,9.0,0.0,1,6.0,Empleado_Informal
1,20.0,1,1,3,13, , , ,4.5,4.5,0.0,No Especificado,5.0,Empleado_Informal
1,17.0,6,2,3,13, , , ,4.5,4.5,0.0,9,1.0,Empleado_Informal
1,56.0,2,1,8,13,1,2,3,14.0,14.0,0.0,No Especificado,5.0,Empleado_Formal
1,24.0,6,2,6,13, , , ,11.0,11.0,0.0,4,5.0,Empleado_Informal
1,21.0,6,2,4,13, , , ,9.0,9.0,0.0,4,6.0,Empleado_Informal
1,37.0,1,2,6,6, , ,1,11.0,11.0,0.0,2,6.0,Empleado_Informal
2,37.0,1,2,10,10, , ,3,16.0,16.0,0.0,2,6.0,Empleado_Informal
2,35.0,6,2,10,10, , ,3,16.0,16.0,0.0,2,6.0,Empleado_Formal
1,46.0,6,2,6,13, , , ,11.0,11.0,0.0,2,6.0,Empleado_Informal
1,32.0,6,2,6,13, , , ,11.0,11.0,0.0,2,6.0,Empleado_Informal
2,43.0,2,2,9,13, , ,3,13.5,13.5,0.0,2,3.0,Empleado_Formal
1,44.0,2,2,9,13, , ,3,13.5,13.5,0.0,2,6.0,Empleado_Informal
2,60.0,2,2,6,13, , , ,11.0,11.0,0.0,2,6.0,Empleado_Informal
1,64.0,2,2,3,13, , , ,4.5,4.5,0.0,2,6.0,Empleado_Informal
1,18.0,6,2,6,13, , , ,11.0,11.0,0.0,2,3.0,Empleado_Informal
2,27.0,1,2,6,13, , , ,11.0,11.0,0.0,2,6.0,Empleado_Informal
1,19.0,1,2,4,13, , , ,9.0,9.0,0.0,1,2.0,Empleado_Informal
2,51.0,6,2,10,13,1,2,3,16.0,16.0,0.0,2,5.0,Empleado_Informal
1,27.0,6,2,6,13, , , ,11.0,11.0,0.0,2,6.0,Empleado_Informal
2,19.0,6,2,4,13, , , ,9.0,9.0,0.0,1,3.0,Empleado_Informal
2,32.0,6,2,5,13, , , ,10.0,10.0,0.0,1,6.0,Empleado_Informal
1,38.0,6,2,10,13,1,2,3,16.0,16.0,0.0,2,6.0,Empleado_Informal
2,48.0,2,2,4,13, , , ,9.0,9.0,0.0,2,6.0,Empleado_Informal
1,47.0,2,2,6,13, , , ,11.0,11.0,0.0,2,5.0,Empleado_Informal
2,17.0,5,2,4,13, , , ,9.0,9.0,0.0,1,5.0,Desempleado
1,55.0,1,2,10,13,1,2,3,16.0,16.0,0.0,1,1.0,Empleado_Informal
2,37.0,1,2,6,13, , , ,11.0,11.0,0.0,1,1.0,Empleado_Informal
1,32.0,1,2,6,13, , , ,11.0,11.0,0.0,2,6.0,Empleado_Informal
2,31.0,1,2,6,13, , , ,11.0,11.0,0.0,1,6.0,Empleado_Informal
1,25.0,1,2,7,13, , ,3,12.5,12.5,0.0,1,2.0,Empleado_Informal
1,34.0,1,2,4,13, , , ,9.0,9.0,0.0,2,5.0,Empleado_Formal
2,26.0,1,2,9,13, , ,3,13.5,13.5,0.0,2,5.0,Empleado_Informal
2,36.0,5,2,6,13, , , ,11.0,11.0,0.0,2,7.0,Empleado_Informal
2,16.0,6,2,3,4, , , ,4.5,6.0,-1.5,6,5.0,Empleado_Informal
1,27.0,2,2,6,13, , , ,11.0,11.0,0.0,1,5.0,Empleado_Informal
2,30.0,2,2,6,13, , , ,11.0,11.0,0.0,1,5.0,Empleado_Informal
1,50.0,1,2,5,13, , , ,10.0,10.0,0.0,2,3.0,Empleado_Informal
1,19.0,6,2,6,13, , , ,11.0,11.0,0.0,1,1.0,Empleado_Informal
2,33.0,6,2,6,13, , , ,11.0,11.0,0.0,2,6.0,Desempleado
1,26.0,6,2,8,13,1,2,3,14.0,14.0,0.0,2,6.0,Empleado_Informal
1,26.0,6,2,6,13, , , ,11.0,11.0,0.0,1,6.0,Empleado_Informal
2,33.0,6,2,9,13, , ,3,13.5,13.5,0.0,2,4.0,Empleado_Formal
1,43.0,2,2,6,13, , , ,11.0,11.0,0.0,1,6.0,Empleado_Informal
2,39.0,2,2,6,13, , , ,11.0,11.0,0.0,1,6.0,Empleado_Informal
2,21.0,6,2,6,13, , , ,11.0,11.0,0.0,2,3.0,Empleado_Informal
1,41.0,2,2,8,13,1,2,3,14.0,14.0,0.0,2,5.0,Empleado_Formal
2,39.0,2,2,10,13,1,1,3,16.0,16.0,0.0,2,5.0,Empleado_Formal
1,33.0,1,2,10,13,1,2,3,16.0,16.0,0.0,2,6.0,Empleado_Formal
2,37.0,1,2,10,13,1,2,3,16.0,16.0,0.0,2,6.0,Empleado_Formal
2,28.0,5,2,6,13, , , ,11.0,11.0,0.0,2,6.0,Empleado_Informal
1,22.0,1,2,5,13, , , ,10.0,10.0,0.0,1,7.0,Empleado_Informal
2,49.0,1,1,1,8, , ,0,0.0,14.0,-14.0,No Especificado,5.0,Empleado_Informal
1,24.0,6,2,6,13, , , ,11.0,11.0,0.0,7,3.0,Empleado_Informal
1,30.0,1,2,4,13, , , ,9.0,9.0,0.0,9,6.0,Empleado_Informal
2,29.0,1,2,6,13, , , ,11.0,11.0,0.0,9,5.0,Empleado_Informal
1,28.0,6,2,6,13, , , ,11.0,11.0,0.0,6,7.0,Empleado_Informal
1,25.0,6,2,5,13, , , ,10.0,10.0,0.0,9,1.0,Empleado_Informal
1,19.0,6,2,6,13, , , ,11.0,11.0,0.0,1,1.0,Empleado_Informal
2,21.0,6,2,10,13,1,2,3,16.0,16.0,0.0,1,1.0,Empleado_Informal
1,36.0,1,2,5,13, , , ,10.0,10.0,0.0,2,6.0,Empleado_Informal
2,39.0,1,2,10,13,1,2,3,16.0,16.0,0.0,2,5.0,Empleado_Informal
1,35.0,1,2,6,13, , , ,11.0,11.0,0.0,2,5.0,Empleado_Informal
2,38.0,1,2,10,13,1,2,3,16.0,16.0,0.0,2,5.0,Desempleado
2,18.0,6,2,5,6, , ,1,10.0,11.0,-1.0,2,4.0,Empleado_Informal
2,32.0,2,2,10,13,1,2,3,16.0,16.0,0.0,1,4.0,Desempleado
1,36.0,2,2,6,13, , , ,11.0,11.0,0.0,1,3.0,Empleado_Informal
2,29.0,5,2,6,13, , , ,11.0,11.0,0.0,6,1.0,Empleado_Informal
1,51.0,1,2,4,13, , , ,9.0,9.0,0.0,9,0.0,Empleado_Informal
1,34.0,1,2,3,13, , , ,4.5,4.5,0.0,9,0.0,Empleado_Informal
1,42.0,1,2,4,13, , , ,9.0,9.0,0.0,9,0.0,Empleado_Informal
1,28.0,1,2,9,13, , ,3,13.5,13.5,0.0,6,3.0,Empleado_Informal
2,31.0,5,2,6,13, , , ,11.0,11.0,0.0,2,6.0,Empleado_Informal
2,48.0,5,2,3,13, , , ,4.5,4.5,0.0,1,3.0,Empleado_Informal
2,45.0,5,2,5,13, , , ,10.0,10.0,0.0,2,5.0,Empleado_Informal
1,20.0,6,2,5,6, , ,1,10.0,11.0,-1.0,2,5.0,Empleado_Informal
2,55.0,5,2,4,13, , , ,9.0,9.0,0.0,1,3.0,Empleado_Informal
1,16.0,6,2,3,13, , , ,4.5,4.5,0.0,9,3.0,Desempleado
1,21.0,1,2,3,13, , , ,4.5,4.5,0.0,9,5.0,Empleado_Informal
2,20.0,1,2,4,13, , , ,9.0,9.0,0.0,9,5.0,Empleado_Informal
1,22.0,6,2,3,13, , , ,4.5,4.5,0.0,9,0.0,Empleado_Informal
1,53.0,2,2,8,13,1,2,3,14.0,14.0,0.0,7,6.0,Empleado_Informal
2,51.0,2,2,10,13,2, ,3,16.0,16.0,0.0,2,6.0,Empleado_Informal
1,24.0,6,2,6,13, , , ,11.0,11.0,0.0,2,6.0,Desempleado
1,20.0,6,2,6,6, , ,1,11.0,11.0,0.0,2,6.0,Empleado_Informal
1,26.0,1,2,6,13, , , ,11.0,11.0,0.0,1,5.0,Empleado_Informal
2,35.0,1,2,10,13,1,2,3,16.0,16.0,0.0,2,6.0,Empleado_Informal
1,30.0,1,2,5,13, , , ,10.0,10.0,0.0,1,4.0,Empleado_Informal
2,29.0,1,1,1,6, , ,1,0.0,11.0,-11.0,No Especificado,5.0,Empleado_Informal
2,39.0,5,2,3,13, , , ,4.5,4.5,0.0,1,3.0,Desempleado
1,28.0,5,2,5,13, , , ,10.0,10.0,0.0,1,1.0,Empleado_Informal
1,23.0,1,2,5,13, , , ,10.0,10.0,0.0,2,4.0,Empleado_Informal
2,33.0,1,1,1,6, , ,1,0.0,11.0,-11.0,No Especificado,5.0,Empleado_Informal
2,31.0,1,2,9,13, , ,3,13.5,13.5,0.0,2,3.0,Empleado_Informal
1,23.0,1,2,6,13, , , ,11.0,11.0,0.0,6,6.0,Empleado_Informal
1,29.0,6,2,9,13, , ,3,13.5,13.5,0.0,1,5.0,Empleado_Informal
1,26.0,1,2,9,13, , ,3,13.5,13.5,0.0,1,4.0,Empleado_Informal
2,24.0,1,2,5,13, , , ,10.0,10.0,0.0,1,4.0,Empleado_Informal
2,26.0,6,2,4,13, , , ,9.0,9.0,0.0,1,3.0,Empleado_Informal
1,32.0,1,2,5,13, , , ,10.0,10.0,0.0,1,4.0,Empleado_Informal
2,28.0,1,2,6,13, , , ,11.0,11.0,0.0,1,3.0,Empleado_Informal
1,37.0,6,2,4,13, , , ,9.0,9.0,0.0,9,4.0,Empleado_Informal
1,46.0,1,2,10,13,1,2,3,16.0,16.0,0.0,3,5.0,Empleado_Informal
2,31.0,1,2,10,13,1,2,3,16.0,16.0,0.0,2,5.0,Empleado_Informal
1,22.0,6,2,6,13, , , ,11.0,11.0,0.0,1,3.0,Empleado_Informal
1,44.0,1,2,5,13, , , ,10.0,10.0,0.0,6,6.0,Empleado_Informal
2,43.0,1,2,5,13, , , ,10.0,10.0,0.0,6,6.0,Empleado_Informal
1,25.0,6,2,5,13, , , ,10.0,10.0,0.0,2,6.0,Empleado_Informal
2,23.0,6,2,5,13, , , ,10.0,10.0,0.0,1,4.0,Empleado_Informal
1,36.0,1,2,6,13, , , ,11.0,11.0,0.0,6,6.0,Empleado_Informal
2,41.0,1,2,6,13, , , ,11.0,11.0,0.0,6,6.0,Desempleado
2,39.0,6,2,5,13, , , ,10.0,10.0,0.0,1,7.0,Empleado_Informal
1,43.0,1,2,6,13, , , ,11.0,11.0,0.0,2,1.0,Empleado_Informal
2,33.0,1,2,4,13, , , ,9.0,9.0,0.0,9,1.0,Empleado_Informal
2,34.0,6,2,3,3, , , ,4.5,4.5,0.5,9,5.0,Empleado_Informal
1,29.0,1,2,4,13, , , ,9.0,9.0,0.0,1,2.0,Empleado_Informal
2,48.0,6,2,6,6, , ,1,11.0,11.0,0.0,1,5.0,Empleado_Informal
2,52.0,3,2,6,13, , , ,11.0,11.0,0.0,2,7.0,Empleado_Informal
1,32.0,6,2,6,13, , , ,11.0,11.0,0.0,1,6.0,Empleado_Informal
2,43.0,6,2,6,9, , ,0,11.0,13.5,-2.5,2,6.0,Empleado_Informal
2,17.0,6,2,6,6, , ,0,11.0,11.0,0.0,1,6.0,Empleado_Informal
1,24.0,6,2,6,13, , , ,11.0,11.0,0.0,2,6.0,Empleado_Informal
1,42.0,6,2,6,13, , , ,11.0,11.0,0.0,6,6.0,Empleado_Informal
2,56.0,6,2,6,13, , , ,11.0,11.0,0.0,1,6.0,Empleado_Informal
2,24.0,6,2,9,13, , ,3,13.5,13.5,0.0,2,6.0,Empleado_Informal
1,31.0,1,2,4,13, , , ,9.0,9.0,0.0,2,2.0,Empleado_Informal
2,38.0,1,1,1,7, , ,0,0.0,12.5,-12.5,No Especificado,5.0,Empleado_Informal
1,19.0,1,1,1,5, , , ,0.0,8.5,-8.5,No Especificado,5.0,Empleado_Informal
2,32.0,1,2,6,13, , , ,11.0,11.0,0.0,6,6.0,Empleado_Informal
1,19.0,1,2,5,13, , , ,10.0,10.0,0.0,9,6.0,Empleado_Informal
1,18.0,1,2,4,13, , , ,9.0,9.0,0.0,9,7.0,Empleado_Informal
2,17.0,1,2,5,13, , , ,10.0,10.0,0.0,1,3.0,Desempleado
1,61.0,6,2,6,13, , , ,11.0,11.0,0.0,9,2.0,Empleado_Informal
1,27.0,1,2,5,13, , , ,10.0,10.0,0.0,1,1.0,Empleado_Informal
2,51.0,6,2,3,13, , , ,4.5,4.5,0.0,2,6.0,Empleado_Informal
1,33.0,1,2,6,13, , , ,11.0,11.0,0.0,9,6.0,Empleado_Informal
2,24.0,1,2,6,13, , , ,11.0,11.0,0.0,2,6.0,Empleado_Informal
1,39.0,1,2,6,13, , , ,11.0,11.0,0.0,2,6.0,Empleado_Informal
2,33.0,1,2,5,13, , , ,10.0,10.0,0.0,1,1.0,Empleado_Informal
1,19.0,1,2,5,13, , , ,10.0,10.0,0.0,1,2.0,Empleado_Informal
2,30.0,1,2,6,13, , , ,11.0,11.0,0.0,2,5.0,Empleado_Informal
2,31.0,1,2,6,13, , , ,11.0,11.0,0.0,2,5.0,Empleado_Informal
1,42.0,1,1,1,8, , ,2,0.0,14.0,-14.0,No Especificado,5.0,Empleado_Formal
1,57.0,4,2,10,13,1,2,3,16.0,16.0,0.0,2,6.0,Empleado_Informal
1,52.0,1,2,5,13, , , ,10.0,10.0,0.0,9,1.0,Empleado_Informal
2,46.0,1,2,10,13,1,2,3,16.0,16.0,0.0,2,6.0,Empleado_Formal
1,28.0,1,2,9,13, , ,3,13.5,13.5,0.0,2,6.0,Empleado_Informal
2,28.0,1,2,8,13,1,2,3,14.0,14.0,0.0,2,6.0,Empleado_Informal
2,49.0,6,2,6,13, , , ,11.0,11.0,0.0,2,4.0,Empleado_Informal
2,28.0,5,2,10,13,2, ,3,16.0,16.0,0.0,2,4.0,Empleado_Informal
1,37.0,6,2,4,13, , , ,9.0,9.0,0.0,2,7.0,Empleado_Informal
2,38.0,5,2,10,13,1,2,3,16.0,16.0,0.0,2,2.0,Empleado_Informal
1,27.0,1,2,6,13, , , ,11.0,11.0,0.0,2,6.0,Empleado_Formal
2,39.0,1,2,10,13,1,2,3,16.0,16.0,0.0,2,6.0,Empleado_Informal
2,49.0,6,2,10,13,1,2,3,16.0,16.0,0.0,2,6.0,Empleado_Informal
2,29.0,6,2,10,13,2, ,3,16.0,16.0,0.0,2,1.0,Empleado_Formal
1,31.0,1,2,5,13, , , ,10.0,10.0,0.0,9,1.0,Empleado_Informal
2,25.0,1,2,6,13, , , ,11.0,11.0,0.0,9,1.0,Empleado_Informal
2,48.0,6,2,10,13,1,2,3,16.0,16.0,0.0,2,6.0,Empleado_Informal
2,32.0,1,2,6,13, , , ,11.0,11.0,0.0,1,1.0,Empleado_Informal
1,41.0,1,2,6,13, , , ,11.0,11.0,0.0,9,0.0,Empleado_Informal
1,50.0,2,2,10,13,1,2,3,16.0,16.0,0.0,2,7.0,Empleado_Informal
2,49.0,2,2,8,13,1,2,3,14.0,14.0,0.0,2,6.0,Empleado_Formal
2,29.0,6,2,9,13, , ,3,13.5,13.5,0.0,2,6.0,Empleado_Formal
1,24.0,1,2,6,13, , , ,11.0,11.0,0.0,2,5.0,Empleado_Informal
2,22.0,1,1,1,9, , ,0,0.0,13.5,-13.5,No Especificado,5.0,Empleado_Formal
1,29.0,1,2,6,13, , , ,11.0,11.0,0.0,2,8.0,Empleado_Formal
2,31.0,5,2,9,13, , ,3,13.5,13.5,0.0,2,3.0,Empleado_Informal
2,50.0,5,2,3,13, , , ,4.5,4.5,0.0,2,3.0,Empleado_Informal
1,27.0,6,2,6,13, , , ,11.0,11.0,0.0,2,6.0,Desempleado
1,36.0,1,2,8,13,1,2,3,14.0,14.0,0.0,2,6.0,Empleado_Informal
2,30.0,1,2,10,13,1,2,3,16.0,16.0,0.0,2,6.0,Empleado_Informal
1,45.0,2,2,10,13,1,2,3,16.0,16.0,0.0,2,6.0,Empleado_Informal
2,40.0,2,2,10,13,1,2,3,16.0,16.0,0.0,2,6.0,Empleado_Informal
1,33.0,5,2,6,13, , , ,11.0,11.0,0.0,2,6.0,Empleado_Informal
1,42.0,1,2,8,13,1,2,3,14.0,14.0,0.0,2,6.0,Empleado_Formal
1,44.0,1,2,6,13, , , ,11.0,11.0,0.0,2,4.0,Empleado_Informal
2,38.0,1,1,1,6, , ,1,0.0,11.0,-11.0,No Especificado,5.0,Empleado_Informal
1,29.0,1,2,5,13, , , ,10.0,10.0,0.0,1,6.0,Empleado_Informal
1,27.0,6,2,5,13, , , ,10.0,10.0,0.0,1,6.0,Empleado_Informal
2,54.0,6,2,8,13,1,2,3,14.0,14.0,0.0,7,5.0,Empleado_Informal
1,35.0,1,2,6,13, , , ,11.0,11.0,0.0,1,4.0,Empleado_Informal
2,32.0,1,2,6,13, , , ,11.0,11.0,0.0,2,2.0,Empleado_Informal
2,61.0,6,2,5,13, , , ,10.0,10.0,0.0,1,6.0,Empleado_Informal
1,28.0,1,2,6,13, , , ,11.0,11.0,0.0,2,3.0,Empleado_Informal
2,29.0,1,2,7,13, , ,3,12.5,12.5,0.0,2,3.0,Empleado_Informal
1,28.0,1,2,6,13, , , ,11.0,11.0,0.0,1,5.0,Empleado_Informal
2,19.0,1,1,1,6, , ,1,0.0,11.0,-11.0,No Especificado,5.0,Empleado_Informal
1,31.0,6,2,6,13, , , ,11.0,11.0,0.0,2,6.0,Empleado_Informal
1,23.0,6,2,4,13, , , ,9.0,9.0,0.0, ,5.0,Empleado_Informal
2,31.0,1,2,5,13, , , ,10.0,10.0,0.0,9,5.0,Empleado_Informal
1,39.0,1,2,6,13, , , ,11.0,11.0,0.0,1,5.0,Empleado_Informal
1,34.0,6,2,4,13, , , ,9.0,9.0,0.0,1,7.0,Empleado_Informal
2,26.0,6,2,5,13, , , ,10.0,10.0,0.0,9,1.0,Empleado_Informal
2,29.0,1,2,9,13, , ,3,13.5,13.5,0.0,1,1.0,Empleado_Informal
1,29.0,1,2,6,13, , , ,11.0,11.0,0.0,2,1.0,Empleado_Informal
1,33.0,1,2,5,13, , , ,10.0,10.0,0.0,2,6.0,Empleado_Informal
2,26.0,1,2,6,13, , , ,11.0,11.0,0.0,2,4.0,Empleado_Informal
1,26.0,1,2,6,13, , , ,11.0,11.0,0.0,2,4.0,Empleado_Formal
1,27.0,1,2,10,13,2, ,3,16.0,16.0,0.0,2,8.0,Empleado_Informal
2,27.0,1,2,6,13, , , ,11.0,11.0,0.0,2,8.0,Empleado_Formal
1,52.0,6,2,10,13,1,2,3,16.0,16.0,0.0,2,6.0,Empleado_Formal
1,37.0,6,2,7,13, , ,3,12.5,12.5,0.0,2,8.0,Empleado_Informal
1,33.0,1,1,1,6, , ,1,0.0,11.0,-11.0,No Especificado,5.0,Empleado_Informal
2,32.0,6,2,10,13,1,2,3,16.0,16.0,0.0,2,6.0,Empleado_Informal
1,27.0,1,2,5,13, , , ,10.0,10.0,0.0,1,2.0,Empleado_Informal
2,26.0,1,2,6,13, , , ,11.0,11.0,0.0,1,3.0,Empleado_Informal
1,43.0,2,2,5,13, , , ,10.0,10.0,0.0,9,6.0,Empleado_Informal
1,31.0,1,2,5,13, , , ,10.0,10.0,0.0,1,3.0,Empleado_Informal
1,31.0,1,2,4,13, , , ,9.0,9.0,0.0,2,5.0,Empleado_Informal
2,34.0,1,2,10,13,1,2,3,16.0,16.0,0.0,2,5.0,Empleado_Informal
1,17.0,6,2,4,5, , , ,9.0,8.5,0.5,2,5.0,Empleado_Informal
1,41.0,1,2,5,13, , , ,10.0,10.0,0.0,1,3.0,Empleado_Informal
2,35.0,1,2,6,13, , , ,11.0,11.0,0.0,1,3.0,Empleado_Informal
1,36.0,1,2,8,13,1,2,3,14.0,14.0,0.0,2,5.0,Empleado_Informal
2,47.0,1,2,8,13,1,2,3,14.0,14.0,0.0,2,5.0,Empleado_Informal
2,32.0,6,2,7,13, , ,3,12.5,12.5,0.0,2,3.0,Empleado_Informal
2,49.0,6,2,8,13,1,2,3,14.0,14.0,0.0,2,2.0,Empleado_Informal
2,20.0,6,2,6,13, , , ,11.0,11.0,0.0,2,0.0,Empleado_Formal
2,35.0,6,2,10,13,1,2,3,16.0,16.0,0.0,2,7.0,Empleado_Informal
1,31.0,6,2,9,13, , ,3,13.5,13.5,0.0,2,6.0,Empleado_Informal
2,24.0,1,2,9,13, , ,3,13.5,13.5,0.0,2,3.0,Empleado_Informal
1,26.0,1,2,4,13, , , ,9.0,9.0,0.0,2,5.0,Empleado_Informal
1,23.0,1,2,5,13, , , ,10.0,10.0,0.0,2,6.0,Empleado_Formal
2,28.0,6,2,6,13, , , ,11.0,11.0,0.0, ,5.0,Empleado_Informal
2,54.0,1,2,10,13,1,2,3,16.0,16.0,0.0,2,5.0,Empleado_Formal
1,59.0,1,2,3,13, , , ,4.5,4.5,0.0,2,5.0,Empleado_Informal
1,37.0,1,2,5,13, , , ,10.0,10.0,0.0,1,1.0,Empleado_Informal
2,39.0,1,1,6,13, , , ,11.0,11.0,0.0,No Especificado,5.0,Empleado_Formal
2,34.0,6,2,10,13,1,2,3,16.0,16.0,0.0,2,5.0,Empleado_Informal
2,25.0,6,2,9,13, , ,3,13.5,13.5,0.0,2,5.0,Empleado_Informal
1,18.0,6,2,5,6, , ,1,10.0,11.0,-1.0,1,3.0,Empleado_Informal
1,35.0,2,2,5,13, , , ,10.0,10.0,0.0,2,4.0,Empleado_Informal
2,40.0,2,2,5,13, , , ,10.0,10.0,0.0,1,3.0,Empleado_Informal
1,46.0,1,1,1,6, , ,2,0.0,11.0,-11.0,No Especificado,5.0,Empleado_Formal
1,27.0,1,2,8,13,1,2,3,14.0,14.0,0.0,2,4.0,Empleado_Informal
2,33.0,1,2,8,13,1,2,3,14.0,14.0,0.0,2,5.0,Empleado_Informal
2,36.0,1,2,6,13, , , ,11.0,11.0,0.0,2,6.0,Empleado_Informal
1,28.0,1,2,6,13, , , ,11.0,11.0,0.0,2,7.0,Empleado_Informal
1,33.0,6,2,8,13,1,2,3,14.0,14.0,0.0,1,3.0,Empleado_Informal
2,29.0,1,2,3,13, , , ,4.5,4.5,0.0,1,4.0,Desempleado
1,30.0,1,2,6,13, , , ,11.0,11.0,0.0,1,2.0,Empleado_Informal
1,33.0,6,2,10,13,2, ,3,16.0,16.0,0.0,2,5.0,Empleado_Informal
2,24.0,1,2,6,13, , , ,11.0,11.0,0.0,1,5.0,Empleado_Informal
1,33.0,1,2,6,13, , , ,11.0,11.0,0.0,1,5.0,Empleado_Informal
1,35.0,6,2,6,13, , , ,11.0,11.0,0.0,1,4.0,Empleado_Informal
1,32.0,1,2,7,13, , ,3,12.5,12.5,0.0,2,3.0,Empleado_Informal
2,27.0,1,2,6,13, , , ,11.0,11.0,0.0,1,3.0,Desempleado
1,61.0,6,2,6,13, , , ,11.0,11.0,0.0,2,3.0,Empleado_Informal
1,27.0,6,2,5,13, , , ,10.0,10.0,0.0,1,2.0,Empleado_Informal
2,21.0,1,2,6,13, , , ,11.0,11.0,0.0,1,2.0,Empleado_Informal
1,22.0,1,2,7,13, , ,3,12.5,12.5,0.0,1,3.0,Empleado_Informal
2,47.0,4,2,7,13, , ,3,12.5,12.5,0.0,2,7.0,Empleado_Informal
2,21.0,6,2,5,13, , , ,10.0,10.0,0.0,1,7.0,Empleado_Informal
2,27.0,5,2,9,13, , ,3,13.5,13.5,0.0,9,2.0,Empleado_Informal
2,29.0,6,2,7,13, , ,3,12.5,12.5,0.0,3,6.0,Empleado_Informal
1,27.0,6,2,6,13, , , ,11.0,11.0,0.0,1,1.0,Empleado_Informal
1,29.0,6,2,7,13, , ,3,12.5,12.5,0.0,1,5.0,Empleado_Informal
1,29.0,6,2,6,13, , , ,11.0,11.0,0.0,1,2.0,Empleado_Informal
1,27.0,6,2,6,13, , , ,11.0,11.0,0.0,6,3.0,Empleado_Informal
2,25.0,6,2,6,13, , , ,11.0,11.0,0.0,1,1.0,Empleado_Informal
2,22.0,6,2,6,13, , , ,11.0,11.0,0.0,1,1.0,Empleado_Informal
1,19.0,6,2,6,13, , , ,11.0,11.0,0.0,2,3.0,Empleado_Formal
1,23.0,6,2,6,13, , , ,11.0,11.0,0.0,9,1.0,Empleado_Informal
1,57.0,4,2,8,13,1,2,3,14.0,14.0,0.0,2,6.0,Empleado_Informal
1,27.0,6,2,6,13, , , ,11.0,11.0,0.0,2,7.0,Empleado_Formal
1,29.0,6,2,9,9, , ,3,13.5,13.5,0.0,2,6.0,Empleado_Formal
2,64.0,5,2,6,13, , , ,11.0,11.0,0.0,2,7.0,Empleado_Informal
2,26.0,6,2,6,13, , , ,11.0,11.0,0.0,2,6.0,Empleado_Informal
2,24.0,6,2,7,13, , ,3,12.5,12.5,0.0,2,4.0,Empleado_Informal
2,28.0,6,2,9,13, , ,3,13.5,13.5,0.0,2,6.0,Empleado_Formal
1,39.0,1,2,6,13, , , ,11.0,11.0,0.0,2,6.0,Empleado_Informal
2,37.0,1,2,6,13, , , ,11.0,11.0,0.0,2,4.0,Empleado_Informal
2,31.0,5,2,5,13, , , ,10.0,10.0,0.0,2,6.0,Empleado_Informal
2,38.0,1,2,9,13, , ,3,13.5,13.5,0.0,2,6.0,Empleado_Formal
1,44.0,1,2,6,13, , , ,11.0,11.0,0.0,2,6.0,Empleado_Informal
2,25.0,1,2,8,13,1,2,3,14.0,14.0,0.0,9,0.0,Empleado_Informal
2,28.0,1,2,9,13, , ,3,13.5,13.5,0.0,2,7.0,Empleado_Formal
1,26.0,6,2,6,13, , , ,11.0,11.0,0.0,2,5.0,Empleado_Informal
1,26.0,6,2,8,13,1,2,3,14.0,14.0,0.0,2,6.0,Empleado_Informal
1,30.0,1,2,6,13, , , ,11.0,11.0,0.0,2,6.0,Empleado_Formal
1,38.0,1,1,1,6, , ,2,0.0,11.0,-11.0,No Especificado,5.0,Empleado_Formal
1,32.0,6,2,6,13, , , ,11.0,11.0,0.0,2,6.0,Empleado_Informal
2,42.0,4,2,8,13,1,1,3,14.0,14.0,0.0,4,7.0,Empleado_Formal
2,18.0,6,2,3,6, , ,1,4.5,11.0,-6.5,4,7.0,Empleado_Formal
1,50.0,2,2,6,13, , , ,11.0,11.0,0.0,2,8.0,Empleado_Informal
2,27.0,6,2,8,13,1,2,3,14.0,14.0,0.0,2,3.0,Empleado_Formal
1,36.0,1,2,10,13,2, ,3,16.0,16.0,0.0,2,3.0,Empleado_Informal
1,31.0,1,2,8,13,2, ,3,14.0,14.0,0.0,2,6.0,Empleado_Informal
2,39.0,5,2,6,13, , , ,11.0,11.0,0.0,2,6.0,Empleado_Informal
2,40.0,6,2,10,13,1,2,3,16.0,16.0,0.0,2,6.0,Empleado_Informal
2,18.0,6,2,5,6, , ,1,10.0,11.0,-1.0, ,5.0,Empleado_Informal
2,63.0,4,2,6,13, , , ,11.0,11.0,0.0,2,5.0,Desempleado
2,53.0,6,2,11,13,1,2,3,16.0,16.0,0.0,2,6.0,Empleado_Informal
1,24.0,6,2,3,13, , , ,4.5,4.5,0.0,1,8.0,Empleado_Informal
1,29.0,6,2,10,13,2, ,3,16.0,16.0,0.0,1,6.0,Empleado_Formal
1,29.0,6,2,6,13, , , ,11.0,11.0,0.0,2,5.0,Empleado_Formal
1,31.0,1,2,10,13,1,2,3,16.0,16.0,0.0,1,6.0,Empleado_Formal
2,33.0,1,2,6,13, , , ,11.0,11.0,0.0,1,5.0,Empleado_Informal
1,28.0,6,2,4,13, , , ,9.0,9.0,0.0,2,6.0,Empleado_Informal
1,31.0,1,2,9,13, , ,3,13.5,13.5,0.0,1,6.0,Empleado_Informal
1,64.0,6,1,1,8, , ,0,0.0,14.0,-14.0,No Especificado,5.0,Empleado_Formal
1,31.0,6,2,6,13, , , ,11.0,11.0,0.0,1,5.0,Empleado_Informal
1,27.0,1,2,6,13, , , ,11.0,11.0,0.0,1,3.0,Empleado_Informal
2,26.0,1,2,7,13, , ,3,12.5,12.5,0.0,1,4.0,Empleado_Informal
1,38.0,1,2,8,13,1,2,3,14.0,14.0,0.0,1,5.0,Empleado_Informal
2,25.0,6,2,7,13, , ,3,12.5,12.5,0.0,1,3.0,Empleado_Informal
1,25.0,6,2,6,13, , , ,11.0,11.0,0.0,1,3.0,Empleado_Informal
1,40.0,2,2,5,13, , , ,10.0,10.0,0.0,4,6.0,Empleado_Informal
2,33.0,2,2,10,13,1,2,3,16.0,16.0,0.0,2,6.0,Empleado_Informal
1,42.0,2,1,1,8, , ,0,0.0,14.0,-14.0,No Especificado,5.0,Empleado_Formal
2,31.0,2,2,9,13, , ,3,13.5,13.5,0.0,2,7.0,Empleado_Formal
2,38.0,5,2,8,13,1,2,3,14.0,14.0,0.0,2,6.0,Empleado_Informal
2,39.0,1,2,5,13, , , ,10.0,10.0,0.0,2,6.0,Empleado_Informal
1,33.0,1,2,9,13, , ,3,13.5,13.5,0.0,2,6.0,Empleado_Informal
1,42.0,1,2,9,13, , ,3,13.5,13.5,0.0,2,6.0,Empleado_Informal
1,30.0,1,2,6,13, , , ,11.0,11.0,0.0,4,6.0,Empleado_Informal
1,50.0,2,2,6,13, , , ,11.0,11.0,0.0,2,3.0,Empleado_Informal
2,34.0,5,2,10,13,2, ,3,16.0,16.0,0.0,2,5.0,Empleado_Formal
1,32.0,1,2,6,13, , , ,11.0,11.0,0.0,2,6.0,Empleado_Informal
2,41.0,1,2,6,13, , , ,11.0,11.0,0.0,2,6.0,Empleado_Formal
1,40.0,5,2,10,13,1,2,3,16.0,16.0,0.0,2,5.0,Empleado_Informal
2,40.0,5,2,10,13,1,2,3,16.0,16.0,0.0,2,7.0,Empleado_Formal
2,37.0,1,2,4,13, , , ,9.0,9.0,0.0,2,3.0,Empleado_Informal
1,39.0,1,2,4,13, , , ,9.0,9.0,0.0,2,3.0,Empleado_Informal
1,41.0,1,2,7,13, , ,3,12.5,12.5,0.0,2,6.0,Empleado_Formal
2,46.0,1,2,6,13, , , ,11.0,11.0,0.0,2,4.0,Empleado_Informal
1,24.0,6,2,6,13, , , ,11.0,11.0,0.0,9,0.0,Empleado_Informal
1,26.0,6,2,10,13,1,2,3,16.0,16.0,0.0,1,8.0,Empleado_Informal
1,25.0,6,2,6,13, , , ,11.0,11.0,0.0,9,5.0,Empleado_Informal
1,29.0,1,2,5,13, , , ,10.0,10.0,0.0,9,1.0,Empleado_Informal
2,47.0,6,2,6,13, , , ,11.0,11.0,0.0,1,1.0,Empleado_Informal
2,24.0,1,2,9,13, , ,3,13.5,13.5,0.0,2,6.0,Empleado_Informal
1,35.0,1,2,10,13,1,2,3,16.0,16.0,0.0,2,6.0,Empleado_Formal
1,31.0,1,2,10,13,1,2,3,16.0,16.0,0.0,2,7.0,Empleado_Informal
2,25.0,1,1,6,6, , ,1,11.0,11.0,0.0,No Especificado,5.0,Empleado_Informal
2,42.0,6,2,8,13,1,2,3,14.0,14.0,0.0,2,2.0,Empleado_Formal
2,36.0,1,1,1,7, , ,0,0.0,12.5,-12.5,No Especificado,5.0,Empleado_Informal
1,45.0,1,2,9,13, , ,3,13.5,13.5,0.0,6,5.0,Empleado_Informal
1,34.0,2,2,5,13, , , ,10.0,10.0,0.0,4,7.0,Empleado_Informal
2,31.0,2,2,9,13, , ,3,13.5,13.5,0.0,2,7.0,Empleado_Informal
1,44.0,1,2,4,13, , , ,9.0,9.0,0.0,2,6.0,Empleado_Informal
2,50.0,1,2,8,13,1,2,3,14.0,14.0,0.0,2,6.0,Empleado_Formal
1,26.0,2,2,10,13,1,2,3,16.0,16.0,0.0,2,1.0,Empleado_Informal
2,21.0,2,2,6,13, , , ,11.0,11.0,0.0,2,1.0,Empleado_Informal
2,36.0,6,2,7,13, , ,3,12.5,12.5,0.0,2,6.0,Empleado_Formal
2,38.0,6,2,8,13,1,2,3,14.0,14.0,0.0,2,6.0,Empleado_Formal
1,27.0,1,2,6,13, , , ,11.0,11.0,0.0,2,6.0,Empleado_Informal
2,26.0,1,2,6,13, , , ,11.0,11.0,0.0,2,6.0,Empleado_Informal
1,35.0,1,2,9,13, , ,3,13.5,13.5,0.0,2,4.0,Empleado_Informal
2,29.0,1,2,6,13, , , ,11.0,11.0,0.0,2,4.0,Empleado_Informal
1,35.0,1,2,10,13,1,1,3,16.0,16.0,0.0,2,6.0,Empleado_Formal
1,34.0,6,2,10,13,1,2,3,16.0,16.0,0.0,2,7.0,Empleado_Formal
1,27.0,1,2,6,13, , , ,11.0,11.0,0.0,2,3.0,Empleado_Informal
2,21.0,1,2,6,13, , , ,11.0,11.0,0.0,2,2.0,Empleado_Informal
1,21.0,6,2,6,13, , , ,11.0,11.0,0.0,2,1.0,Desempleado
1,33.0,1,2,6,13, , , ,11.0,11.0,0.0,2,6.0,Empleado_Informal
2,27.0,1,2,6,13, , , ,11.0,11.0,0.0,2,5.0,Empleado_Informal
1,37.0,2,2,8,13,1,2,3,14.0,14.0,0.0,2,7.0,Empleado_Informal
2,37.0,2,2,10,13,1,2,3,16.0,16.0,0.0,2,7.0,Empleado_Informal
2,41.0,5,2,6,13, , , ,11.0,11.0,0.0,2,7.0,Empleado_Informal
1,21.0,6,2,6,13, , , ,11.0,11.0,0.0,1,1.0,Empleado_Informal
1,42.0,6,2,6,13, , , ,11.0,11.0,0.0,2,5.0,Empleado_Informal
2,42.0,5,2,5,13, , , ,10.0,10.0,0.0,2,4.0,Empleado_Informal
1,30.0,1,2,6,13, , , ,11.0,11.0,0.0,1,5.0,Empleado_Informal
2,28.0,1,2,6,13, , , ,11.0,11.0,0.0,1,5.0,Empleado_Informal
1,22.0,1,2,5,13, , , ,10.0,10.0,0.0,1,4.0,Empleado_Informal
2,16.0,1,2,3,13, , , ,4.5,4.5,0.0,1,3.0,Empleado_Informal
2,30.0,1,2,6,13, , , ,11.0,11.0,0.0,1,3.0,Empleado_Informal
1,35.0,1,2,6,13, , , ,11.0,11.0,0.0,2,3.0,Empleado_Informal
2,27.0,1,2,10,13,1,2,3,16.0,16.0,0.0,6,5.0,Empleado_Informal
1,33.0,1,2,10,13,1,2,3,16.0,16.0,0.0,1,5.0,Empleado_Informal
1,41.0,1,2,7,13, , ,3,12.5,12.5,0.0,2,5.0,Empleado_Informal
2,38.0,1,2,8,13,1,2,3,14.0,14.0,0.0,2,3.0,Empleado_Informal
1,51.0,1,2,4,13, , , ,9.0,9.0,0.0,2,3.0,Empleado_Informal
2,35.0,6,2,8,13,1,2,3,14.0,14.0,0.0,2,6.0,Empleado_Informal
1,42.0,1,2,6,13, , , ,11.0,11.0,0.0,1,5.0,Empleado_Informal
2,51.0,1,2,6,13, , , ,11.0,11.0,0.0,9,1.0,Empleado_Informal
1,49.0,1,2,5,13, , , ,10.0,10.0,0.0,9,1.0,Empleado_Informal
2,25.0,6,2,5,13, , , ,10.0,10.0,0.0,1,6.0,Empleado_Informal
2,24.0,1,2,6,13, , , ,11.0,11.0,0.0,2,6.0,Empleado_Informal
1,35.0,1,2,6,13, , , ,11.0,11.0,0.0,2,3.0,Empleado_Informal
2,18.0,6,2,5,13, , , ,10.0,10.0,0.0,2,2.0,Empleado_Informal
1,27.0,2,2,6,13, , , ,11.0,11.0,0.0,2,3.0,Empleado_Informal
1,49.0,1,2,8,13,1,2,3,14.0,14.0,0.0,2,6.0,Empleado_Informal
2,46.0,1,2,10,13,1,2,3,16.0,16.0,0.0,2,5.0,Empleado_Informal
1,48.0,2,2,5,13, , , ,10.0,10.0,0.0,1,5.0,Empleado_Informal
1,34.0,2,2,7,13, , ,3,12.5,12.5,0.0,2,6.0,Empleado_Informal
2,33.0,2,2,6,13, , , ,11.0,11.0,0.0,2,5.0,Empleado_Informal
1,43.0,6,2,6,13, , , ,11.0,11.0,0.0,2,5.0,Empleado_Informal
1,27.0,1,2,8,13,1,2,3,14.0,14.0,0.0,6,1.0,Empleado_Formal
2,25.0,1,2,7,13, , ,3,12.5,12.5,0.0,9,1.0,Empleado_Informal
1,24.0,1,2,8,13,1,1,3,14.0,14.0,0.0,1,2.0,Empleado_Informal
2,23.0,1,2,6,13, , , ,11.0,11.0,0.0,9,1.0,Empleado_Informal
2,37.0,6,2,10,13,1,2,3,16.0,16.0,0.0,2,6.0,Desempleado
2,18.0,6,2,6,13, , , ,11.0,11.0,0.0,1,1.0,Empleado_Informal
2,35.0,6,2,8,13,1,2,3,14.0,14.0,0.0,2,6.0,Empleado_Informal
2,43.0,2,2,5,13, , , ,10.0,10.0,0.0,2,8.0,Empleado_Informal
1,64.0,2,2,3,13, , , ,4.5,4.5,0.0,1,8.0,Empleado_Informal
1,22.0,6,2,3,13, , , ,4.5,4.5,0.0,2,8.0,Empleado_Informal
1,43.0,2,2,5,13, , , ,10.0,10.0,0.0,7,5.0,Empleado_Informal
1,37.0,1,2,8,13,1,2,3,14.0,14.0,0.0,1,6.0,Empleado_Informal
2,30.0,1,2,6,13, , , ,11.0,11.0,0.0,2,6.0,Empleado_Informal
2,29.0,1,2,6,13, , , ,11.0,11.0,0.0,1,5.0,Empleado_Informal
1,29.0,1,2,5,13, , , ,10.0,10.0,0.0,1,5.0,Empleado_Informal
1,40.0,1,2,8,13,1,2,3,14.0,14.0,0.0,2,3.0,Empleado_Informal
2,45.0,1,2,6,13, , , ,11.0,11.0,0.0,1,3.0,Desempleado
2,28.0,4,2,9,13, , ,3,13.5,13.5,0.0,2,5.0,Empleado_Informal
2,45.0,6,2,10,13,1,2,3,16.0,16.0,0.0,2,5.0,Empleado_Informal
2,27.0,6,2,6,13, , , ,11.0,11.0,0.0,1,3.0,Empleado_Informal
2,38.0,5,2,6,13, , , ,11.0,11.0,0.0,2,5.0,Empleado_Informal
2,34.0,6,2,10,13,1,1,3,16.0,16.0,0.0,2,6.0,Empleado_Informal
2,28.0,6,2,10,13,1,2,3,16.0,16.0,0.0,No Especificado,5.0,Empleado_Formal
1,46.0,1,2,3,13, , , ,4.5,4.5,0.0,2,6.0,Empleado_Informal
1,27.0,6,2,6,13, , , ,11.0,11.0,0.0,2,5.0,Empleado_Informal
1,24.0,6,2,6,13, , , ,11.0,11.0,0.0,2,5.0,Empleado_Informal
2,32.0,6,2,7,13, , ,3,12.5,12.5,0.0,2,6.0,Empleado_Informal
1,35.0,6,2,10,13,1,2,3,16.0,16.0,0.0,9,0.0,Empleado_Informal
1,29.0,1,2,8,13,2, ,3,14.0,14.0,0.0,2,6.0,Empleado_Informal
2,34.0,5,2,10,13,1,2,3,16.0,16.0,0.0,2,5.0,Empleado_Informal
1,40.0,1,2,6,13, , , ,11.0,11.0,0.0,1,1.0,Empleado_Informal
2,28.0,1,2,7,13, , ,3,12.5,12.5,0.0,2,6.0,Empleado_Informal
1,38.0,1,2,10,13,1,2,3,16.0,16.0,0.0,2,6.0,Empleado_Informal
2,34.0,1,2,10,13,1,1,3,16.0,16.0,0.0,2,6.0,Empleado_Informal
1,54.0,2,2,4,13, , , ,9.0,9.0,0.0,2,4.0,Empleado_Informal
1,29.0,1,2,9,13, , ,3,13.5,13.5,0.0,2,7.0,Empleado_Informal
2,20.0,1,1,1,5, , , ,0.0,8.5,-8.5,No Especificado,5.0,Empleado_Informal
2,45.0,1,1,1,6, , ,1,0.0,11.0,-11.0,No Especificado,5.0,Empleado_Informal
1,63.0,1,1,1,4, , , ,0.0,6.0,-6.0,No Especificado,5.0,Empleado_Formal
1,26.0,1,2,8,13,1,2,3,14.0,14.0,0.0,9,5.0,Empleado_Informal
2,25.0,1,2,9,13, , ,3,13.5,13.5,0.0,1,5.0,Empleado_Informal
2,51.0,4,2,10,13,1,2,3,16.0,16.0,0.0,1,4.0,Empleado_Informal
1,22.0,6,2,6,13, , , ,11.0,11.0,0.0,2,3.0,Empleado_Informal
1,60.0,1,2,10,13,1,2,3,16.0,16.0,0.0,2,4.0,Empleado_Informal
1,40.0,1,2,8,13,1,2,3,14.0,14.0,0.0,1,6.0,Empleado_Informal
1,36.0,1,2,6,13, , , ,11.0,11.0,0.0,9,1.0,Empleado_Informal
1,43.0,5,2,3,13, , , ,4.5,4.5,0.0,9,1.0,Empleado_Informal
1,32.0,1,2,6,13, , , ,11.0,11.0,0.0,2,5.0,Empleado_Informal
2,26.0,1,2,6,13, , , ,11.0,11.0,0.0,1,4.0,Empleado_Informal
2,21.0,6,2,6,13, , , ,11.0,11.0,0.0,1,1.0,Desempleado
2,23.0,1,2,5,13, , , ,10.0,10.0,0.0,9,1.0,Empleado_Informal
1,35.0,1,2,6,13, , , ,11.0,11.0,0.0,2,0.0,Empleado_Informal
2,45.0,1,2,5,13, , , ,10.0,10.0,0.0,9,6.0,Empleado_Formal
2,30.0,1,2,6,13, , , ,11.0,11.0,0.0,1,1.0,Empleado_Informal
2,57.0,5,2,10,13,1,2,3,16.0,16.0,0.0,2,6.0,Empleado_Informal
2,23.0,5,2,6,13, , , ,11.0,11.0,0.0,2,6.0,Empleado_Formal
2,41.0,1,2,6,13, , , ,11.0,11.0,0.0,2,4.0,Empleado_Informal
1,26.0,1,2,6,13, , , ,11.0,11.0,0.0,1,3.0,Empleado_Informal
2,33.0,6,2,4,13, , , ,9.0,9.0,0.0,2,5.0,Empleado_Informal
1,36.0,1,2,6,13, , , ,11.0,11.0,0.0,2,6.0,Empleado_Formal
2,25.0,1,2,6,13, , , ,11.0,11.0,0.0,2,5.0,Desempleado
2,18.0,6,2,5,13, , , ,10.0,10.0,0.0,6,1.0,Empleado_Informal
1,19.0,1,2,5,13, , , ,10.0,10.0,0.0,9,1.0,Empleado_Informal
1,46.0,6,2,4,13, , , ,9.0,9.0,0.0,2,7.0,Empleado_Informal
2,29.0,6,2,4,13, , , ,9.0,9.0,0.0,1,4.0,Empleado_Informal
1,33.0,1,2,10,13,1,2,3,16.0,16.0,0.0,2,5.0,Empleado_Informal
1,31.0,6,2,6,7, , ,0,11.0,12.5,-1.5,2,6.0,Empleado_Formal
2,36.0,6,2,9,13, , ,3,13.5,13.5,0.0,2,5.0,Empleado_Informal
2,29.0,5,2,3,13, , , ,4.5,4.5,0.0,6,3.0,Empleado_Informal
1,28.0,2,2,9,13, , ,3,13.5,13.5,0.0,2,6.0,Empleado_Formal
2,29.0,2,2,9,13, , ,3,13.5,13.5,0.0,2,7.0,Empleado_Formal
2,49.0,3,2,8,13,1,2,3,14.0,14.0,0.0,2,3.0,Desempleado
2,22.0,6,2,8,13,2, ,3,14.0,14.0,0.0,2,4.0,Empleado_Informal
1,23.0,6,2,6,13, , , ,11.0,11.0,0.0,2,3.0,Empleado_Informal
1,42.0,6,2,7,13, , ,3,12.5,12.5,0.0,2,5.0,Empleado_Informal
2,25.0,6,2,5,13, , , ,10.0,10.0,0.0,1,1.0,Empleado_Informal
2,43.0,1,2,5,13, , , ,10.0,10.0,0.0,2,6.0,Empleado_Informal
1,29.0,1,2,6,13, , , ,11.0,11.0,0.0,2,4.0,Empleado_Informal
1,25.0,1,1,1,5, , , ,0.0,8.5,-8.5,No Especificado,5.0,Empleado_Informal
2,44.0,5,2,8,13,1,2,3,14.0,14.0,0.0,2,6.0,Empleado_Formal
1,47.0,5,2,8,13,1,2,3,14.0,14.0,0.0,2,6.0,Empleado_Informal
1,29.0,1,2,9,13, , ,3,13.5,13.5,0.0,2,5.0,Empleado_Informal
2,26.0,1,2,8,13,1,2,3,14.0,14.0,0.0,2,5.0,Empleado_Informal
1,45.0,1,1,1,7, , ,0,0.0,12.5,-12.5,No Especificado,5.0,Empleado_Informal
2,41.0,1,2,10,13,1,1,3,16.0,16.0,0.0,2,4.0,Empleado_Informal
2,28.0,5,2,9,13, , ,3,13.5,13.5,0.0,6,6.0,Empleado_Informal
2,33.0,6,2,6,13, , , ,11.0,11.0,0.0,2,5.0,Empleado_Informal
2,56.0,6,2,6,13, , , ,11.0,11.0,0.0,2,2.0,Empleado_Informal
1,30.0,1,2,6,13, , , ,11.0,11.0,0.0,2,6.0,Empleado_Informal
2,39.0,1,2,6,13, , , ,11.0,11.0,0.0,2,4.0,Empleado_Informal
1,35.0,1,2,6,13, , , ,11.0,11.0,0.0,2,6.0,Empleado_Formal
1,40.0,5,2,11,13,1,1,3,16.0,16.0,0.0,2,5.0,Empleado_Formal
2,39.0,5,2,4,13, , , ,9.0,9.0,0.0,2,3.0,Empleado_Formal
2,52.0,4,2,6,13, , , ,11.0,11.0,0.0,2,6.0,Empleado_Informal
2,23.0,6,2,9,13, , ,3,13.5,13.5,0.0,1,6.0,Empleado_Informal
1,33.0,1,2,6,13, , , ,11.0,11.0,0.0,2,6.0,Empleado_Formal
2,27.0,1,2,5,13, , , ,10.0,10.0,0.0,2,6.0,Empleado_Formal
2,37.0,1,2,5,13, , , ,10.0,10.0,0.0,1,1.0,Desempleado
1,51.0,1,2,8,13,1,2,3,14.0,14.0,0.0,1,1.0,Empleado_Informal
1,19.0,6,2,5,13, , , ,10.0,10.0,0.0,1,1.0,Empleado_Informal
2,32.0,1,2,6,13, , , ,11.0,11.0,0.0,1,0.0,Empleado_Informal
1,34.0,1,2,6,13, , , ,11.0,11.0,0.0,1,1.0,Empleado_Informal
2,64.0,4,2,5,13, , , ,10.0,10.0,0.0,2,6.0,Empleado_Informal
2,23.0,6,2,6,13, , , ,11.0,11.0,0.0,6,2.0,Empleado_Informal
2,42.0,6,2,6,13, , , ,11.0,11.0,0.0,1,2.0,Empleado_Informal
2,27.0,6,2,9,13, , ,3,13.5,13.5,0.0,6,0.0,Empleado_Informal
2,50.0,5,2,9,13, , ,3,13.5,13.5,0.0,2,5.0,Empleado_Informal
1,28.0,1,2,6,13, , , ,11.0,11.0,0.0,2,5.0,Empleado_Informal
1,33.0,6,2,6,13, , , ,11.0,11.0,0.0,2,5.0,Empleado_Informal
1,26.0,5,2,5,13, , , ,10.0,10.0,0.0,1,5.0,Empleado_Informal
1,21.0,1,2,5,13, , , ,10.0,10.0,0.0,2,5.0,Empleado_Informal
2,23.0,1,1,1,9, , ,0,0.0,13.5,-13.5,No Especificado,5.0,Empleado_Informal
2,34.0,1,1,1,7, , ,0,0.0,12.5,-12.5,No Especificado,5.0,Empleado_Informal
1,23.0,1,2,6,13, , , ,11.0,11.0,0.0,2,5.0,Empleado_Informal
2,26.0,1,2,5,13, , , ,10.0,10.0,0.0,6,2.0,Desempleado
1,31.0,1,2,7,13, , ,3,12.5,12.5,0.0,2,2.0,Empleado_Informal
1,25.0,6,2,9,13, , ,3,13.5,13.5,0.0,2,3.0,Empleado_Informal
2,46.0,4,2,6,13, , , ,11.0,11.0,0.0,2,5.0,Empleado_Informal
1,34.0,1,2,8,13,1,2,3,14.0,14.0,0.0,1,5.0,Empleado_Informal
2,25.0,1,2,6,13, , , ,11.0,11.0,0.0,2,3.0,Empleado_Informal
2,53.0,1,2,4,13, , , ,9.0,9.0,0.0,2,6.0,Empleado_Formal
1,46.0,1,1,1,4, , , ,0.0,6.0,-6.0,No Especificado,5.0,Empleado_Informal
2,56.0,6,2,4,13, , , ,9.0,9.0,0.0,2,6.0,Empleado_Informal
2,45.0,1,2,3,13, , , ,4.5,4.5,0.0,2,8.0,Empleado_Informal
2,28.0,5,2,9,13, , ,3,13.5,13.5,0.0,2,6.0,Empleado_Informal
1,27.0,1,2,5,13, , , ,10.0,10.0,0.0,2,8.0,Empleado_Informal
2,23.0,1,2,6,13, , , ,11.0,11.0,0.0,2,6.0,Empleado_Informal
2,28.0,5,2,3,13, , , ,4.5,4.5,0.0,6,5.0,Empleado_Informal
1,47.0,6,2,6,13, , , ,11.0,11.0,0.0,2,3.0,Empleado_Informal
1,31.0,1,2,9,13, , ,3,13.5,13.5,0.0,2,5.0,Empleado_Informal
1,29.0,1,2,3,13, , , ,4.5,4.5,0.0,2,7.0,Empleado_Formal
1,35.0,1,2,5,13, , , ,10.0,10.0,0.0,2,6.0,Empleado_Informal
2,31.0,1,2,8,13,1,2,3,14.0,14.0,0.0,2,6.0,Empleado_Informal
2,37.0,1,2,6,13, , , ,11.0,11.0,0.0,2,3.0,Desempleado
1,34.0,1,2,4,13, , , ,9.0,9.0,0.0,2,3.0,Empleado_Informal
1,28.0,1,1,1,7, , ,0,0.0,12.5,-12.5,No Especificado,5.0,Empleado_Formal
2,35.0,1,2,6,13, , , ,11.0,11.0,0.0,6,1.0,Empleado_Informal
1,40.0,2,2,6,13, , , ,11.0,11.0,0.0,1,2.0,Empleado_Informal
2,38.0,2,2,8,13,1,2,3,14.0,14.0,0.0,1,1.0,Empleado_Informal
2,35.0,5,2,8,13,1,2,3,14.0,14.0,0.0,2,6.0,Empleado_Informal
1,31.0,6,2,8,13,1,2,3,14.0,14.0,0.0,2,6.0,Empleado_Formal
1,52.0,2,2,4,13, , , ,9.0,9.0,0.0,2,2.0,Empleado_Informal
2,52.0,2,2,4,13, , , ,9.0,9.0,0.0,2,2.0,Empleado_Informal
1,33.0,6,2,8,13,1,2,3,14.0,14.0,0.0,2,5.0,Empleado_Informal
1,30.0,5,2,8,13,1,2,3,14.0,14.0,0.0,2,5.0,Empleado_Informal
2,32.0,6,2,9,13, , ,3,13.5,13.5,0.0,2,2.0,Empleado_Informal
2,35.0,5,2,6,13, , , ,11.0,11.0,0.0,6,3.0,Empleado_Informal
2,32.0,5,2,6,13, , , ,11.0,11.0,0.0,2,3.0,Empleado_Informal
2,38.0,5,2,5,13, , , ,10.0,10.0,0.0,2,4.0,Empleado_Informal
1,55.0,2,2,5,13, , , ,10.0,10.0,0.0,2,7.0,Empleado_Informal
2,25.0,6,2,5,13, , , ,10.0,10.0,0.0,2,3.0,Empleado_Informal
2,30.0,6,2,5,13, , , ,10.0,10.0,0.0,6,5.0,Empleado_Informal
1,29.0,1,2,5,13, , , ,10.0,10.0,0.0,2,5.0,Empleado_Informal
1,45.0,1,2,6,13, , , ,11.0,11.0,0.0,9,0.0,Empleado_Informal
1,29.0,1,2,6,13, , , ,11.0,11.0,0.0,1,6.0,Empleado_Informal
2,31.0,1,2,10,13,1,2,3,16.0,16.0,0.0,2,6.0,Empleado_Informal
2,32.0,1,2,10,13,1,2,3,16.0,16.0,0.0,2,6.0,Empleado_Informal
1,35.0,1,2,6,13, , , ,11.0,11.0,0.0,2,6.0,Empleado_Informal
2,29.0,6,2,10,13,1,2,3,16.0,16.0,0.0,9,0.0,Empleado_Informal
2,39.0,2,2,7,13, , ,3,12.5,12.5,0.0,2,4.0,Empleado_Formal
1,42.0,2,2,6,13, , , ,11.0,11.0,0.0,2,4.0,Empleado_Informal
2,41.0,6,2,7,13, , ,3,12.5,12.5,0.0,6,3.0,Empleado_Informal
2,20.0,6,2,6,13, , , ,11.0,11.0,0.0,9,3.0,Empleado_Informal
2,29.0,6,2,6,13, , , ,11.0,11.0,0.0,7,6.0,Empleado_Informal
1,40.0,5,2,5,13, , , ,10.0,10.0,0.0,2,6.0,Empleado_Informal
1,37.0,6,2,5,13, , , ,10.0,10.0,0.0,2,8.0,Empleado_Informal
2,43.0,1,2,6,13, , , ,11.0,11.0,0.0,2,6.0,Empleado_Informal
1,41.0,1,1,1,6, , ,1,0.0,11.0,-11.0,No Especificado,5.0,Empleado_Formal
2,48.0,1,2,5,13, , , ,10.0,10.0,0.0,2,3.0,Empleado_Informal
1,53.0,1,1,1,8, , ,0,0.0,14.0,-14.0,No Especificado,5.0,Empleado_Informal
2,24.0,1,2,6,13, , , ,11.0,11.0,0.0,2,6.0,Empleado_Informal
1,30.0,1,2,6,13, , , ,11.0,11.0,0.0, ,5.0,Empleado_Informal
1,25.0,1,2,9,13, , ,3,13.5,13.5,0.0,1,4.0,Empleado_Informal
2,21.0,1,1,1,7, , ,0,0.0,12.5,-12.5,No Especificado,5.0,Empleado_Informal
2,49.0,6,2,6,13, , , ,11.0,11.0,0.0,2,5.0,Empleado_Informal
2,28.0,6,2,7,13, , ,3,12.5,12.5,0.0,2,5.0,Empleado_Informal
1,44.0,1,2,4,13, , , ,9.0,9.0,0.0,2,2.0,Empleado_Informal
2,45.0,1,2,6,13, , , ,11.0,11.0,0.0,2,2.0,Empleado_Informal
1,36.0,2,1,1,10, , ,0,0.0,16.0,-14.0,No Especificado,5.0,Empleado_Formal
2,55.0,6,2,4,13, , , ,9.0,9.0,0.0,2,2.0,Empleado_Informal
2,23.0,6,2,6,13, , , ,11.0,11.0,0.0,2,5.0,Empleado_Informal
2,44.0,6,2,8,13,1,2,3,14.0,14.0,0.0,2,5.0,Empleado_Informal
1,37.0,1,2,3,13, , , ,4.5,4.5,0.0,2,6.0,Empleado_Informal
2,35.0,1,2,10,13,1,2,3,16.0,16.0,0.0,2,6.0,Empleado_Informal
2,62.0,2,1,1,6, , ,1,0.0,11.0,-11.0,No Especificado,5.0,Empleado_Informal
1,36.0,1,2,5,6, , ,1,10.0,11.0,-1.0,2,8.0,Empleado_Informal
2,39.0,1,1,1,7, , ,0,0.0,12.5,-12.5,No Especificado,5.0,Desempleado
2,34.0,6,2,6,13, , , ,11.0,11.0,0.0,1,3.0,Empleado_Informal
2,64.0,6,2,4,13, , , ,9.0,9.0,0.0,6,1.0,Empleado_Informal
2,34.0,6,2,9,13, , ,3,13.5,13.5,0.0,1,3.0,Empleado_Informal
2,30.0,1,2,6,13, , , ,11.0,11.0,0.0,2,6.0,Empleado_Informal
1,37.0,1,1,1,7, , ,0,0.0,12.5,-12.5,No Especificado,5.0,Empleado_Informal
1,52.0,1,2,4,13, , , ,9.0,9.0,0.0,2,6.0,Empleado_Informal
2,50.0,1,2,5,13, , , ,10.0,10.0,0.0,2,6.0,Empleado_Informal
1,53.0,5,2,4,13, , , ,9.0,9.0,0.0,2,7.0,Empleado_Informal
1,39.0,6,2,6,13, , , ,11.0,11.0,0.0,2,7.0,Empleado_Informal
1,28.0,6,2,8,13,1,2,3,14.0,14.0,0.0,2,3.0,Empleado_Informal
1,40.0,1,1,1,6, , ,1,0.0,11.0,-11.0,No Especificado,5.0,Empleado_Informal
2,32.0,1,2,9,13, , ,3,13.5,13.5,0.0,9,1.0,Empleado_Informal
1,43.0,1,2,6,13, , , ,11.0,11.0,0.0,2,5.0,Empleado_Informal
2,33.0,1,1,1,8, , ,0,0.0,14.0,-14.0,No Especificado,5.0,Empleado_Informal
1,16.0,6,2,5,13, , , ,10.0,10.0,0.0,9,0.0,Empleado_Informal
2,54.0,5,2,8,13,1,2,3,14.0,14.0,0.0,1,6.0,Empleado_Informal
1,34.0,2,2,10,13,1,2,3,16.0,16.0,0.0,2,3.0,Empleado_Informal
1,27.0,1,2,9,13, , ,3,13.5,13.5,0.0,2,4.0,Empleado_Informal
2,23.0,5,2,6,13, , , ,11.0,11.0,0.0,9,2.0,Empleado_Informal
2,25.0,6,2,6,13, , , ,11.0,11.0,0.0,9,4.0,Empleado_Informal
1,46.0,1,2,10,13,1,1,3,16.0,16.0,0.0,2,6.0,Empleado_Informal
2,42.0,1,2,10,13,1,2,3,16.0,16.0,0.0,2,5.0,Desempleado
1,28.0,1,2,6,13, , , ,11.0,11.0,0.0,2,6.0,Empleado_Informal
2,30.0,1,1,1,7, , ,0,0.0,12.5,-12.5,No Especificado,5.0,Empleado_Informal
1,26.0,1,1,1,6, , ,1,0.0,11.0,-11.0,No Especificado,5.0,Empleado_Informal
1,57.0,6,2,3,13, , , ,4.5,4.5,0.0,2,6.0,Empleado_Informal
2,29.0,1,2,6,13, , , ,11.0,11.0,0.0,1,4.0,Desempleado
1,48.0,1,1,1,1, , , ,0.0,4.5,0.0,No Especificado,5.0,Empleado_Informal
1,52.0,6,2,6,13, , , ,11.0,11.0,0.0,2,5.0,Empleado_Informal
2,22.0,6,2,3,13, , , ,4.5,4.5,0.0,9,2.0,Empleado_Informal
2,24.0,6,2,5,13, , , ,10.0,10.0,0.0,2,5.0,Empleado_Informal
2,25.0,5,2,3,13, , , ,4.5,4.5,0.0,9,0.0,Empleado_Informal
1,35.0,2,2,6,13, , , ,11.0,11.0,0.0,2,7.0,Empleado_Informal
2,37.0,2,2,10,13,1,2,3,16.0,16.0,0.0,2,7.0,Empleado_Formal
1,54.0,2,2,6,13, , , ,11.0,11.0,0.0,1,2.0,Empleado_Informal
2,45.0,2,2,10,13,1,2,3,16.0,16.0,0.0,2,2.0,Empleado_Informal
2,26.0,6,2,5,13, , , ,10.0,10.0,0.0,1,1.0,Empleado_Informal
1,27.0,1,2,6,13, , , ,11.0,11.0,0.0,1,5.0,Empleado_Informal
2,25.0,1,2,5,13, , , ,10.0,10.0,0.0,9,2.0,Empleado_Informal
1,31.0,1,2,9,13, , ,3,13.5,13.5,0.0,1,4.0,Empleado_Informal
2,33.0,1,2,5,13, , , ,10.0,10.0,0.0,1,4.0,Empleado_Informal
1,29.0,1,2,5,13, , , ,10.0,10.0,0.0,2,3.0,Empleado_Informal
1,44.0,5,1,1,6, , ,1,0.0,11.0,-11.0,No Especificado,5.0,Empleado_Informal
1,22.0,6,2,5,13, , , ,10.0,10.0,0.0,1,4.0,Empleado_Informal
2,35.0,1,2,7,13, , ,3,12.5,12.5,0.0,2,5.0,Empleado_Informal
1,37.0,1,2,5,13, , , ,10.0,10.0,0.0,1,6.0,Empleado_Informal
1,39.0,1,2,5,13, , , ,10.0,10.0,0.0,2,6.0,Empleado_Informal
2,23.0,6,2,6,13, , , ,11.0,11.0,0.0,2,4.0,Empleado_Informal
1,31.0,1,2,6,13, , , ,11.0,11.0,0.0,9,6.0,Empleado_Informal
2,30.0,1,2,5,13, , , ,10.0,10.0,0.0,2,6.0,Empleado_Informal
1,25.0,1,2,5,13, , , ,10.0,10.0,0.0,9,0.0,Empleado_Informal
1,61.0,1,2,4,13, , , ,9.0,9.0,0.0,1,0.0,Empleado_Informal
2,53.0,1,2,3,13, , , ,4.5,4.5,0.0,2,2.0,Empleado_Informal
2,34.0,6,2,8,13,1,2,3,14.0,14.0,0.0,2,5.0,Empleado_Informal
1,30.0,1,1,1,9, , ,0,0.0,13.5,-13.5,No Especificado,5.0,Empleado_Informal
1,23.0,1,2,5,13, , , ,10.0,10.0,0.0,1,3.0,Empleado_Informal
2,30.0,1,2,8,13,1,2,3,14.0,14.0,0.0,1,3.0,Empleado_Informal
2,31.0,1,2,10,13,1,2,3,16.0,16.0,0.0,2,6.0,Empleado_Informal
1,37.0,1,2,5,13, , , ,10.0,10.0,0.0,2,6.0,Empleado_Formal
2,52.0,6,2,6,13, , , ,11.0,11.0,0.0,2,6.0,Desempleado
2,56.0,2,2,10,13,2, ,3,16.0,16.0,0.0,2,4.0,Empleado_Informal
1,45.0,2,2,5,13, , , ,10.0,10.0,0.0,2,4.0,Empleado_Informal
1,63.0,2,2,10,13,1,2,3,16.0,16.0,0.0,2,5.0,Empleado_Informal
2,62.0,2,2,10,13,1,2,3,16.0,16.0,0.0,2,5.0,Empleado_Informal
2,25.0,6,2,9,9, , ,3,13.5,13.5,0.0,2,5.0,Empleado_Formal
2,39.0,1,2,6,13, , , ,11.0,11.0,0.0,2,6.0,Empleado_Informal
1,37.0,1,2,6,13, , , ,11.0,11.0,0.0,2,7.0,Empleado_Formal
2,36.0,6,2,5,13, , , ,10.0,10.0,0.0,2,6.0,Empleado_Informal
1,27.0,6,2,3,13, , , ,4.5,4.5,0.0,9,0.0,Empleado_Informal
1,19.0,6,2,5,13, , , ,10.0,10.0,0.0,9,0.0,Empleado_Informal
2,25.0,6,2,6,13, , , ,11.0,11.0,0.0,1,1.0,Empleado_Informal
2,22.0,6,2,5,13, , , ,10.0,10.0,0.0,9,3.0,Empleado_Informal
1,29.0,1,2,5,13, , , ,10.0,10.0,0.0,9,2.0,Empleado_Informal
1,28.0,1,1,9,13, , ,3,13.5,13.5,0.0,No Especificado,5.0,Empleado_Informal
2,34.0,1,2,10,13,1,1,3,16.0,16.0,0.0,2,5.0,Desempleado
2,34.0,6,2,5,13, , , ,10.0,10.0,0.0,2,4.0,Empleado_Informal
2,30.0,6,2,6,13, , , ,11.0,11.0,0.0,2,4.0,Empleado_Informal
2,55.0,5,2,4,13, , , ,9.0,9.0,0.0,2,4.0,Desempleado
2,18.0,6,2,5,5, , , ,10.0,8.5,0.5,1,1.0,Empleado_Informal
1,51.0,1,2,5,13, , , ,10.0,10.0,0.0,2,3.0,Empleado_Informal
2,54.0,1,2,8,13,1,2,3,14.0,14.0,0.0,2,4.0,Empleado_Informal
2,21.0,6,2,6,13, , , ,11.0,11.0,0.0,2,2.0,Empleado_Informal
2,32.0,5,2,10,13,1,2,3,16.0,16.0,0.0,2,6.0,Empleado_Formal
2,47.0,6,2,6,13, , , ,11.0,11.0,0.0,1,5.0,Empleado_Informal
2,26.0,6,2,9,13, , ,3,13.5,13.5,0.0,2,6.0,Empleado_Informal
2,24.0,1,2,6,13, , , ,11.0,11.0,0.0,1,5.0,Empleado_Informal
1,31.0,1,2,9,13, , ,3,13.5,13.5,0.0,2,6.0,Empleado_Informal
1,30.0,6,2,8,13,1,2,3,14.0,14.0,0.0,2,4.0,Empleado_Informal
1,19.0,6,2,6,13, , , ,11.0,11.0,0.0,1,1.0,Empleado_Informal
1,20.0,6,2,6,13, , , ,11.0,11.0,0.0,9,0.0,Empleado_Informal
2,28.0,6,2,9,13, , ,3,13.5,13.5,0.0,2,3.0,Empleado_Informal
2,24.0,6,2,6,13, , , ,11.0,11.0,0.0,1,2.0,Empleado_Informal
2,35.0,5,2,6,13, , , ,11.0,11.0,0.0,2,5.0,Empleado_Informal
2,38.0,6,2,6,13, , , ,11.0,11.0,0.0,1,0.0,Empleado_Informal
1,54.0,1,2,6,13, , , ,11.0,11.0,0.0,2,4.0,Empleado_Informal
2,48.0,1,2,9,13, , ,3,13.5,13.5,0.0,2,4.0,Empleado_Informal
2,18.0,6,2,5,6, , ,1,10.0,11.0,-1.0,2,4.0,Empleado_Informal
2,47.0,1,2,6,13, , , ,11.0,11.0,0.0,2,4.0,Empleado_Informal
1,48.0,1,2,6,13, , , ,11.0,11.0,0.0,2,4.0,Empleado_Informal
2,64.0,5,2,4,13, , , ,9.0,9.0,0.0,1,3.0,Empleado_Informal
1,49.0,6,2,5,13, , , ,10.0,10.0,0.0,2,4.0,Empleado_Informal
1,26.0,1,2,5,13, , , ,10.0,10.0,0.0,2,6.0,Empleado_Informal
2,22.0,1,2,5,13, , , ,10.0,10.0,0.0,2,5.0,Desempleado
1,25.0,1,2,5,13, , , ,10.0,10.0,0.0,1,2.0,Empleado_Informal
2,18.0,1,2,4,13, , , ,9.0,9.0,0.0,1,5.0,Desempleado
1,32.0,6,2,6,13, , , ,11.0,11.0,0.0,2,6.0,Empleado_Informal
2,28.0,1,2,8,13,1,2,3,14.0,14.0,0.0,2,3.0,Desempleado
1,24.0,1,2,3,13, , , ,4.5,4.5,0.0,2,3.0,Empleado_Informal
1,38.0,6,2,9,13, , ,3,13.5,13.5,0.0,2,5.0,Empleado_Informal
1,46.0,1,2,5,13, , , ,10.0,10.0,0.0,2,5.0,Empleado_Informal
2,39.0,1,2,4,13, , , ,9.0,9.0,0.0,2,5.0,Empleado_Informal
1,53.0,2,2,10,13,1,2,3,16.0,16.0,0.0,2,6.0,Empleado_Informal
2,42.0,2,2,5,13, , , ,10.0,10.0,0.0,2,6.0,Empleado_Informal
1,64.0,2,2,3,13, , , ,4.5,4.5,0.0,2,6.0,Empleado_Informal
2,53.0,6,2,4,13, , , ,9.0,9.0,0.0,1,4.0,Empleado_Informal
1,27.0,6,2,4,13, , , ,9.0,9.0,0.0,1,1.0,Empleado_Informal
2,25.0,6,2,5,13, , , ,10.0,10.0,0.0,1,1.0,Empleado_Informal
1,16.0,6,2,5,13, , , ,10.0,10.0,0.0,1,1.0,Empleado_Informal
2,37.0,6,2,9,13, , ,3,13.5,13.5,0.0,2,5.0,Empleado_Informal
1,34.0,1,2,10,13,1,2,3,16.0,16.0,0.0,2,6.0,Empleado_Formal
1,23.0,6,2,6,13, , , ,11.0,11.0,0.0,9,0.0,Empleado_Informal
1,29.0,1,2,10,13,1,1,3,16.0,16.0,0.0,2,5.0,Empleado_Informal
2,28.0,1,2,10,13,1,1,3,16.0,16.0,0.0,2,5.0,Empleado_Informal
1,23.0,6,2,6,13, , , ,11.0,11.0,0.0,1,3.0,Empleado_Informal
1,27.0,6,2,6,13, , , ,11.0,11.0,0.0,2,6.0,Empleado_Informal
2,31.0,6,2,10,13,1,1,3,16.0,16.0,0.0,2,5.0,Empleado_Informal
1,26.0,1,2,6,13, , , ,11.0,11.0,0.0,1,1.0,Empleado_Informal
2,30.0,1,2,6,13, , , ,11.0,11.0,0.0,1,1.0,Empleado_Informal
1,26.0,6,2,6,13, , , ,11.0,11.0,0.0,1,5.0,Empleado_Informal
2,47.0,1,2,6,13, , , ,11.0,11.0,0.0,2,4.0,Empleado_Informal
1,48.0,1,2,6,13, , , ,11.0,11.0,0.0,2,3.0,Empleado_Informal
2,64.0,6,2,4,13, , , ,9.0,9.0,0.0,2,3.0,Empleado_Informal
1,48.0,6,2,5,13, , , ,10.0,10.0,0.0,2,4.0,Empleado_Informal
1,27.0,2,2,6,13, , , ,11.0,11.0,0.0,2,4.0,Empleado_Informal
2,47.0,6,2,10,13,1,2,3,16.0,16.0,0.0,2,5.0,Empleado_Informal
1,30.0,6,2,5,13, , , ,10.0,10.0,0.0,9,1.0,Empleado_Informal
2,34.0,5,2,6,13, , , ,11.0,11.0,0.0,1,5.0,Empleado_Informal
1,42.0,6,2,5,13, , , ,10.0,10.0,0.0,2,6.0,Empleado_Informal
2,18.0,1,2,5,13, , , ,10.0,10.0,0.0,9,2.0,Empleado_Informal
1,30.0,1,2,6,13, , , ,11.0,11.0,0.0,9,6.0,Empleado_Informal
2,29.0,2,2,9,13, , ,3,13.5,13.5,0.0,2,4.0,Empleado_Informal
1,36.0,2,2,5,13, , , ,10.0,10.0,0.0,2,4.0,Empleado_Informal
2,48.0,5,2,6,13, , , ,11.0,11.0,0.0,2,4.0,Empleado_Informal
1,58.0,1,1,1,10, , ,0,0.0,16.0,-14.0,No Especificado,5.0,Empleado_Formal
2,42.0,1,2,10,13,1,1,3,16.0,16.0,0.0,2,5.0,Empleado_Informal
2,17.0,6,2,6,13, , , ,11.0,11.0,0.0,2,3.0,Empleado_Informal
1,31.0,6,2,9,13, , ,3,13.5,13.5,0.0,2,5.0,Empleado_Informal
1,36.0,1,2,6,13, , , ,11.0,11.0,0.0,2,6.0,Empleado_Informal
2,35.0,1,2,6,13, , , ,11.0,11.0,0.0,2,5.0,Empleado_Informal
1,19.0,6,2,6,13, , , ,11.0,11.0,0.0,1,2.0,Empleado_Informal
2,28.0,5,2,7,13, , ,3,12.5,12.5,0.0,2,2.0,Empleado_Informal
1,34.0,1,1,1,6, , ,1,0.0,11.0,-11.0,No Especificado,5.0,Empleado_Informal
2,28.0,1,2,5,13, , , ,10.0,10.0,0.0,1,5.0,Empleado_Informal
1,29.0,1,2,6,13, , , ,11.0,11.0,0.0,9,5.0,Empleado_Informal
2,27.0,6,2,9,13, , ,3,13.5,13.5,0.0,2,7.0,Desempleado
2,45.0,1,2,10,13,1,2,3,16.0,16.0,0.0,2,5.0,Empleado_Informal
1,47.0,1,2,5,13, , , ,10.0,10.0,0.0,2,5.0,Empleado_Informal
1,21.0,6,2,5,6, , ,1,10.0,11.0,-1.0,2,5.0,Desempleado
2,22.0,1,2,5,13, , , ,10.0,10.0,0.0,2,3.0,Empleado_Formal
1,31.0,1,1,1,10, , ,0,0.0,16.0,-14.0,No Especificado,5.0,Empleado_Formal
2,27.0,6,2,10,13,1,2,3,16.0,16.0,0.0,2,2.0,Empleado_Informal
2,27.0,6,2,10,13,1,2,3,16.0,16.0,0.0,1,2.0,Empleado_Informal
1,27.0,6,2,4,13, , , ,9.0,9.0,0.0,2,5.0,Empleado_Informal
1,37.0,1,2,5,13, , , ,10.0,10.0,0.0,1,2.0,Empleado_Informal
2,38.0,1,2,6,13, , , ,11.0,11.0,0.0,1,3.0,Desempleado
1,21.0,6,2,5,13, , , ,10.0,10.0,0.0,1,2.0,Desempleado
2,52.0,1,2,6,13, , , ,11.0,11.0,0.0,2,6.0,Empleado_Informal
1,60.0,1,2,5,13, , , ,10.0,10.0,0.0,2,6.0,Empleado_Formal
2,21.0,6,2,5,6, , ,1,10.0,11.0,-1.0,2,6.0,Empleado_Informal
2,37.0,1,2,6,13, , , ,11.0,11.0,0.0,2,5.0,Empleado_Formal
1,32.0,1,2,6,13, , , ,11.0,11.0,0.0,2,5.0,Empleado_Informal
2,36.0,1,2,5,13, , , ,10.0,10.0,0.0,6,2.0,Desempleado
1,35.0,1,2,6,13, , , ,11.0,11.0,0.0,2,5.0,Empleado_Informal
1,27.0,1,2,5,13, , , ,10.0,10.0,0.0,1,3.0,Empleado_Informal
1,46.0,1,2,4,13, , , ,9.0,9.0,0.0,9,2.0,Empleado_Informal
2,35.0,1,2,8,13,1,2,3,14.0,14.0,0.0,9,2.0,Empleado_Informal
1,28.0,1,2,5,13, , , ,10.0,10.0,0.0,2,4.0,Empleado_Informal
2,53.0,1,2,4,13, , , ,9.0,9.0,0.0,2,4.0,Empleado_Informal
1,28.0,1,2,5,13, , , ,10.0,10.0,0.0,1,4.0,Empleado_Informal
2,33.0,1,2,10,13,1,2,3,16.0,16.0,0.0,1,3.0,Empleado_Informal
1,24.0,6,2,6,13, , , ,11.0,11.0,0.0,1,4.0,Empleado_Informal
1,33.0,1,1,1,8, , ,0,0.0,14.0,-14.0,No Especificado,5.0,Empleado_Informal
2,29.0,1,2,10,13,2, ,3,16.0,16.0,0.0,2,6.0,Empleado_Informal
2,33.0,5,2,6,13, , , ,11.0,11.0,0.0,2,3.0,Empleado_Informal
2,53.0,2,2,6,13, , , ,11.0,11.0,0.0,2,5.0,Empleado_Informal
1,46.0,2,2,5,13, , , ,10.0,10.0,0.0,2,2.0,Empleado_Informal
2,24.0,1,2,6,13, , , ,11.0,11.0,0.0,1,6.0,Empleado_Informal
1,32.0,1,2,6,13, , , ,11.0,11.0,0.0,2,5.0,Empleado_Informal
1,30.0,1,2,6,13, , , ,11.0,11.0,0.0,2,2.0,Empleado_Informal
2,25.0,1,2,9,13, , ,3,13.5,13.5,0.0,1,2.0,Empleado_Informal
2,32.0,6,2,9,13, , ,3,13.5,13.5,0.0,2,6.0,Empleado_Informal
2,27.0,6,2,6,13, , , ,11.0,11.0,0.0,1,1.0,Empleado_Informal
1,35.0,1,2,1,13, , , ,0.0,4.5,0.0,3,4.0,Empleado_Formal
2,35.0,1,2,6,13, , , ,11.0,11.0,0.0,2,6.0,Empleado_Informal
1,28.0,1,2,6,13, , , ,11.0,11.0,0.0,2,5.0,Empleado_Informal
2,33.0,1,1,1,9, , ,0,0.0,13.5,-13.5,No Especificado,5.0,Empleado_Informal
2,21.0,6,2,6,13, , , ,11.0,11.0,0.0,2,2.0,Empleado_Informal
2,60.0,3,2,11,13,1,2,3,16.0,16.0,0.0,2,5.0,Desempleado
1,29.0,6,2,9,13, , ,3,13.5,13.5,0.0,2,6.0,Empleado_Informal
2,51.0,5,2,6,13, , , ,11.0,11.0,0.0,2,5.0,Empleado_Formal
1,28.0,1,2,5,13, , , ,10.0,10.0,0.0,2,3.0,Empleado_Informal
2,32.0,1,2,9,13, , ,3,13.5,13.5,0.0,2,3.0,Empleado_Formal
1,45.0,1,2,5,13, , , ,10.0,10.0,0.0,2,5.0,Empleado_Informal
2,40.0,1,2,5,13, , , ,10.0,10.0,0.0,2,5.0,Empleado_Formal
1,31.0,1,2,6,13, , , ,11.0,11.0,0.0,2,4.0,Empleado_Informal
2,30.0,1,2,5,13, , , ,10.0,10.0,0.0,2,4.0,Empleado_Formal
2,30.0,5,2,6,13, , , ,11.0,11.0,0.0,2,5.0,Desempleado
1,22.0,1,2,4,13, , , ,9.0,9.0,0.0,1,3.0,Empleado_Informal
2,22.0,6,2,5,13, , , ,10.0,10.0,0.0,2,3.0,Empleado_Informal
1,38.0,1,2,5,13, , , ,10.0,10.0,0.0,4,6.0,Empleado_Formal
2,46.0,1,2,8,13,1,2,3,14.0,14.0,0.0,2,5.0,Empleado_Informal
1,64.0,2,1,8,9, , ,3,14.0,13.5,0.5,No Especificado,5.0,Empleado_Informal
2,48.0,1,2,5,13, , , ,10.0,10.0,0.0,2,0.0,Desempleado
1,36.0,1,2,5,13, , , ,10.0,10.0,0.0,1,1.0,Empleado_Informal
1,16.0,6,2,3,13, , , ,4.5,4.5,0.0,2,0.0,Empleado_Informal
1,30.0,1,2,7,13, , ,3,12.5,12.5,0.0,2,5.0,Empleado_Informal
2,29.0,1,2,7,13, , ,3,12.5,12.5,0.0,2,5.0,Empleado_Informal
2,22.0,1,2,6,13, , , ,11.0,11.0,0.0,2,3.0,Empleado_Informal
1,25.0,1,2,5,13, , , ,10.0,10.0,0.0,2,4.0,Empleado_Informal
1,36.0,2,2,6,13, , , ,11.0,11.0,0.0,2,5.0,Empleado_Informal
2,19.0,6,2,3,13, , , ,4.5,4.5,0.0,1,1.0,Empleado_Informal
2,31.0,6,2,5,13, , , ,10.0,10.0,0.0,2,4.0,Empleado_Informal
2,34.0,6,2,10,13,1,2,3,16.0,16.0,0.0,2,6.0,Empleado_Informal
2,28.0,6,2,8,13,1,2,3,14.0,14.0,0.0,1,2.0,Empleado_Informal
2,48.0,1,1,6,7, , ,2,11.0,12.5,-1.5,No Especificado,5.0,Empleado_Informal
1,51.0,1,2,10,13,1,2,3,16.0,16.0,0.0,2,5.0,Desempleado
2,39.0,5,2,10,13,1,1,3,16.0,16.0,0.0,2,5.0,Empleado_Informal
1,18.0,6,2,4,5, , , ,9.0,8.5,0.5,2,5.0,Desempleado
1,27.0,6,2,6,10, , ,0,11.0,16.0,-5.0,4,8.0,Empleado_Formal
1,19.0,6,2,3,6, , ,1,4.5,11.0,-6.5,4,8.0,Desempleado
2,54.0,2,2,6,13, , , ,11.0,11.0,0.0,1,7.0,Empleado_Informal
1,53.0,2,2,8,13,1,2,3,14.0,14.0,0.0,9,7.0,Empleado_Formal
1,24.0,6,2,9,13, , ,3,13.5,13.5,0.0,2,7.0,Empleado_Formal
1,33.0,5,2,8,13,1,2,3,14.0,14.0,0.0,1,7.0,Empleado_Informal
1,37.0,1,2,6,13, , , ,11.0,11.0,0.0,2,6.0,Empleado_Formal
2,33.0,1,2,8,13,1,2,3,14.0,14.0,0.0,2,6.0,Desempleado
1,59.0,6,2,10,13,1,1,3,16.0,16.0,0.0,2,3.0,Empleado_Informal
2,30.0,6,2,6,13, , , ,11.0,11.0,0.0,2,6.0,Empleado_Informal
1,38.0,6,2,10,13,1,2,3,16.0,16.0,0.0,2,5.0,Empleado_Informal
1,40.0,2,2,6,13, , , ,11.0,11.0,0.0,2,6.0,Empleado_Informal
2,41.0,2,2,10,13,1,2,3,16.0,16.0,0.0,2,3.0,Empleado_Informal
1,34.0,1,2,6,13, , , ,11.0,11.0,0.0,2,7.0,Empleado_Formal
2,37.0,1,2,10,13,2, ,3,16.0,16.0,0.0,2,7.0,Desempleado
1,64.0,2,2,6,13, , , ,11.0,11.0,0.0,2,6.0,Desempleado
1,46.0,1,2,6,13, , , ,11.0,11.0,0.0,1,6.0,Empleado_Informal
2,48.0,1,1,1,5, , , ,0.0,8.5,-8.5,No Especificado,5.0,Empleado_Informal
1,59.0,2,2,8,13,1,2,3,14.0,14.0,0.0,2,6.0,Empleado_Formal
2,52.0,2,2,10,13,1,1,3,16.0,16.0,0.0,2,6.0,Empleado_Informal
2,44.0,1,2,5,13, , , ,10.0,10.0,0.0,2,6.0,Empleado_Informal
1,54.0,1,2,5,13, , , ,10.0,10.0,0.0,2,6.0,Empleado_Informal
2,36.0,6,2,6,13, , , ,11.0,11.0,0.0,2,4.0,Empleado_Informal
1,53.0,1,2,5,13, , , ,10.0,10.0,0.0,1,6.0,Empleado_Informal
2,43.0,1,2,6,13, , , ,11.0,11.0,0.0,1,3.0,Empleado_Informal
1,29.0,1,2,9,13, , ,3,13.5,13.5,0.0,4,8.0,Empleado_Informal
2,27.0,1,1,1,9, , ,0,0.0,13.5,-13.5,No Especificado,5.0,Empleado_Informal
2,22.0,6,2,5,13, , , ,10.0,10.0,0.0,9,3.0,Empleado_Informal
2,29.0,5,2,10,13,1,2,3,16.0,16.0,0.0,1,7.0,Empleado_Informal
1,48.0,2,2,8,13,1,2,3,14.0,14.0,0.0,2,8.0,Empleado_Informal
1,53.0,2,2,6,13, , , ,11.0,11.0,0.0,2,5.0,Empleado_Informal
2,53.0,2,2,6,13, , , ,11.0,11.0,0.0,2,5.0,Empleado_Informal
1,17.0,6,2,4,5, , , ,9.0,8.5,0.5,1,5.0,Empleado_Informal
1,60.0,2,1,1,8, , ,0,0.0,14.0,-14.0,No Especificado,5.0,Empleado_Informal
1,19.0,6,2,6,13, , , ,11.0,11.0,0.0,4,2.0,Empleado_Informal
2,22.0,1,1,1,8, , ,0,0.0,14.0,-14.0,No Especificado,5.0,Empleado_Informal
1,23.0,1,2,6,13, , , ,11.0,11.0,0.0,2,5.0,Empleado_Informal
1,53.0,4,2,8,13,1,2,3,14.0,14.0,0.0,1,6.0,Empleado_Informal
1,61.0,2,2,10,13,1,2,3,16.0,16.0,0.0,2,6.0,Empleado_Informal
2,25.0,6,2,9,13, , ,3,13.5,13.5,0.0,2,6.0,Empleado_Informal
2,26.0,6,2,9,13, , ,3,13.5,13.5,0.0,2,6.0,Empleado_Informal
1,51.0,6,2,5,13, , , ,10.0,10.0,0.0,2,3.0,Empleado_Formal
2,51.0,4,2,10,13,1,2,3,16.0,16.0,0.0,2,2.0,Empleado_Informal
1,31.0,1,2,8,13,1,2,3,14.0,14.0,0.0,2,3.0,Empleado_Informal
2,26.0,1,2,8,13,1,2,3,14.0,14.0,0.0,2,3.0,Empleado_Informal
1,29.0,6,2,10,13,2, ,3,16.0,16.0,0.0,1,6.0,Empleado_Informal
2,56.0,1,2,11,13,1,2,3,16.0,16.0,0.0,2,5.0,Empleado_Informal
1,55.0,1,2,4,13, , , ,9.0,9.0,0.0,2,5.0,Empleado_Informal
1,27.0,2,2,9,13, , ,3,13.5,13.5,0.0,2,5.0,Empleado_Informal
2,28.0,2,2,9,13, , ,3,13.5,13.5,0.0,9,0.0,Desempleado
2,42.0,1,2,10,13,1,2,3,16.0,16.0,0.0,2,6.0,Empleado_Informal
1,33.0,1,2,6,13, , , ,11.0,11.0,0.0,2,6.0,Empleado_Formal
1,22.0,6,2,4,6, , ,1,9.0,11.0,-2.0,2,6.0,Empleado_Formal
1,24.0,6,2,9,13, , ,3,13.5,13.5,0.0,2,6.0,Empleado_Informal
1,23.0,6,2,6,13, , , ,11.0,11.0,0.0,2,4.0,Empleado_Informal
2,29.0,1,2,6,13, , , ,11.0,11.0,0.0,2,5.0,Empleado_Informal
1,40.0,1,2,6,13, , , ,11.0,11.0,0.0,2,3.0,Empleado_Informal
2,35.0,1,2,6,13, , , ,11.0,11.0,0.0,2,5.0,Empleado_Informal
1,55.0,1,2,6,13, , , ,11.0,11.0,0.0,2,5.0,Empleado_Informal
2,17.0,6,2,4,5, , , ,9.0,8.5,0.5,2,5.0,Empleado_Informal
2,16.0,6,2,3,5, , , ,4.5,8.5,-4.0,2,5.0,Empleado_Informal
1,20.0,6,2,6,13, , , ,11.0,11.0,0.0,9,1.0,Empleado_Informal
1,48.0,6,2,3,13, , , ,4.5,4.5,0.0,1,4.0,Desempleado
1,49.0,6,2,1,13, , , ,0.0,4.5,0.0,1,4.0,Empleado_Informal
1,27.0,6,2,8,13,2, ,3,14.0,14.0,0.0,2,2.0,Empleado_Informal
1,32.0,1,1,1,10, , ,0,0.0,16.0,-14.0,No Especificado,5.0,Empleado_Informal
2,30.0,5,2,9,13, , ,3,13.5,13.5,0.0,2,4.0,Empleado_Informal
1,33.0,6,2,5,13, , , ,10.0,10.0,0.0,1,1.0,Empleado_Informal
2,32.0,3,2,9,13, , ,3,13.5,13.5,0.0,2,6.0,Empleado_Informal
2,25.0,5,2,6,13, , , ,11.0,11.0,0.0,2,6.0,Empleado_Informal
2,36.0,6,2,6,13, , , ,11.0,11.0,0.0,2,6.0,Empleado_Informal
1,26.0,1,2,6,13, , , ,11.0,11.0,0.0,1,5.0,Empleado_Informal
2,31.0,2,2,10,13,2, ,3,16.0,16.0,0.0,1,4.0,Empleado_Informal
1,31.0,2,2,10,13,2, ,3,16.0,16.0,0.0,1,6.0,Empleado_Informal
1,45.0,1,2,6,13, , , ,11.0,11.0,0.0,2,6.0,Empleado_Formal
1,33.0,1,1,8,13,2, ,3,14.0,14.0,0.0,No Especificado,5.0,Empleado_Formal
2,22.0,1,2,9,13, , ,3,13.5,13.5,0.0,1,3.0,Desempleado
2,47.0,3,2,6,13, , , ,11.0,11.0,0.0,1,1.0,Empleado_Informal
2,31.0,1,2,6,13, , , ,11.0,11.0,0.0,2,4.0,Empleado_Informal
1,39.0,1,2,3,13, , , ,4.5,4.5,0.0,6,4.0,Empleado_Informal
1,61.0,2,2,8,13,1,2,3,14.0,14.0,0.0,2,5.0,Empleado_Informal
1,31.0,6,2,6,13, , , ,11.0,11.0,0.0,2,5.0,Empleado_Informal
1,32.0,1,2,9,13, , ,3,13.5,13.5,0.0,2,6.0,Empleado_Informal
2,26.0,1,2,6,13, , , ,11.0,11.0,0.0,2,6.0,Empleado_Informal
2,47.0,6,2,8,13,2, ,3,14.0,14.0,0.0,2,3.0,Empleado_Informal
1,37.0,2,2,8,13,1,2,3,14.0,14.0,0.0,2,6.0,Empleado_Informal
1,33.0,6,2,3,13, , , ,4.5,4.5,0.0,2,7.0,Empleado_Informal
1,34.0,6,2,6,13, , , ,11.0,11.0,0.0,2,3.0,Empleado_Informal
1,30.0,1,2,6,13, , , ,11.0,11.0,0.0,2,6.0,Empleado_Informal
2,26.0,1,2,6,13, , , ,11.0,11.0,0.0,2,6.0,Empleado_Informal
1,26.0,1,2,5,13, , , ,10.0,10.0,0.0,2,6.0,Empleado_Informal
2,41.0,2,2,10,13,1,2,3,16.0,16.0,0.0,2,5.0,Empleado_Informal
1,44.0,2,2,6,13, , , ,11.0,11.0,0.0,2,6.0,Empleado_Formal
1,41.0,6,2,8,13,1,2,3,14.0,14.0,0.0,2,6.0,Empleado_Informal
1,57.0,1,2,10,13,1,2,3,16.0,16.0,0.0,2,7.0,Empleado_Informal
2,43.0,5,2,10,13,1,2,3,16.0,16.0,0.0,2,5.0,Empleado_Informal
1,43.0,2,2,6,13, , , ,11.0,11.0,0.0,9,6.0,Empleado_Informal
2,43.0,2,2,10,13,1,2,3,16.0,16.0,0.0,2,5.0,Empleado_Informal
1,64.0,1,2,5,13, , , ,10.0,10.0,0.0,2,2.0,Empleado_Informal
2,35.0,5,2,6,13, , , ,11.0,11.0,0.0,2,1.0,Empleado_Informal
2,25.0,5,2,6,13, , , ,11.0,11.0,0.0,2,5.0,Empleado_Informal
2,37.0,5,2,8,13,1,2,3,14.0,14.0,0.0,2,6.0,Empleado_Informal
2,19.0,6,2,5,6, , ,1,10.0,11.0,-1.0,2,6.0,Empleado_Informal
2,27.0,1,2,9,13, , ,3,13.5,13.5,0.0,2,6.0,Empleado_Informal
1,43.0,1,1,1,7, , ,0,0.0,12.5,-12.5,No Especificado,5.0,Empleado_Formal
1,61.0,5,2,9,13, , ,3,13.5,13.5,0.0,2,2.0,Empleado_Informal
1,33.0,1,2,8,13,1,2,3,14.0,14.0,0.0,6,4.0,Empleado_Informal
2,43.0,1,1,1,6, , ,1,0.0,11.0,-11.0,No Especificado,5.0,Empleado_Informal
1,36.0,6,2,10,13,1,2,3,16.0,16.0,0.0,2,6.0,Empleado_Informal
1,37.0,1,2,6,13, , , ,11.0,11.0,0.0,2,6.0,Empleado_Informal
2,28.0,6,2,8,13,1,2,3,14.0,14.0,0.0,2,6.0,Empleado_Informal
1,46.0,1,2,5,13, , , ,10.0,10.0,0.0,2,1.0,Empleado_Informal
2,33.0,1,2,9,13, , ,3,13.5,13.5,0.0,2,1.0,Empleado_Informal
2,17.0,6,2,5,5, , , ,10.0,8.5,0.5,9,1.0,Empleado_Informal
2,35.0,5,2,8,13,1,2,3,14.0,14.0,0.0,2,6.0,Empleado_Informal
1,16.0,6,2,5,5, , , ,10.0,8.5,0.5,9,5.0,Empleado_Informal
1,30.0,4,2,10,13,1,2,3,16.0,16.0,0.0,9,0.0,Empleado_Informal
1,32.0,5,2,8,13,1,2,3,14.0,14.0,0.0,2,6.0,Empleado_Informal
2,38.0,2,2,6,13, , , ,11.0,11.0,0.0,2,5.0,Empleado_Informal
1,42.0,2,2,5,13, , , ,10.0,10.0,0.0,2,5.0,Empleado_Informal
2,64.0,1,2,3,13, , , ,4.5,4.5,0.0,2,5.0,Empleado_Informal
1,64.0,1,2,4,13, , , ,9.0,9.0,0.0,2,1.0,Desempleado
2,28.0,5,2,8,13,1,2,3,14.0,14.0,0.0,2,4.0,Empleado_Informal
1,53.0,1,2,8,13,1,2,3,14.0,14.0,0.0,2,6.0,Empleado_Informal
2,42.0,1,2,8,13,1,2,3,14.0,14.0,0.0,2,5.0,Empleado_Informal
1,59.0,5,2,6,13, , , ,11.0,11.0,0.0,2,3.0,Empleado_Informal
1,28.0,5,2,6,13, , , ,11.0,11.0,0.0,2,1.0,Empleado_Informal
1,38.0,1,2,7,13, , ,3,12.5,12.5,0.0,6,2.0,Empleado_Informal
1,32.0,1,2,3,13, , , ,4.5,4.5,0.0,2,5.0,Desempleado
1,44.0,6,2,3,13, , , ,4.5,4.5,0.0,2,1.0,Empleado_Formal
1,25.0,1,2,6,13, , , ,11.0,11.0,0.0,2,6.0,Empleado_Informal
2,35.0,1,3,1,7, , ,0,0.0,12.5,-12.5,2,8.0,Empleado_Informal
1,32.0,6,2,6,13, , , ,11.0,11.0,0.0,1,5.0,Empleado_Informal
1,34.0,1,2,6,13, , , ,11.0,11.0,0.0,2,6.0,Empleado_Informal
1,27.0,1,2,6,13, , , ,11.0,11.0,0.0,1,3.0,Empleado_Formal
1,59.0,1,4,1,13, , , ,0.0,4.5,0.0,2,1.0,Empleado_Informal
2,36.0,1,2,8,13,1,2,3,14.0,14.0,0.0,1,8.0,Desempleado
1,17.0,6,1,4,13, , , ,9.0,9.0,0.0,No Especificado,5.0,Empleado_Informal
1,45.0,1,2,6,13, , , ,11.0,11.0,0.0,2,1.0,Empleado_Informal
2,22.0,1,2,6,13, , , ,11.0,11.0,0.0,1,3.0,Empleado_Informal
2,29.0,1,2,6,13, , , ,11.0,11.0,0.0,2,6.0,Empleado_Informal
1,29.0,1,2,6,13, , , ,11.0,11.0,0.0,2,3.0,Empleado_Informal
1,24.0,1,2,6,13, , , ,11.0,11.0,0.0,2,2.0,Empleado_Informal
2,59.0,3,2,10,13,1,2,3,16.0,16.0,0.0,2,6.0,Empleado_Informal
2,34.0,1,2,9,13, , ,3,13.5,13.5,0.0,2,6.0,Empleado_Informal
1,29.0,1,2,5,13, , , ,10.0,10.0,0.0,1,3.0,Empleado_Informal
2,32.0,6,2,6,13, , , ,11.0,11.0,0.0,2,6.0,Empleado_Informal
1,54.0,2,2,4,13, , , ,9.0,9.0,0.0,2,5.0,Empleado_Informal
1,26.0,6,2,6,13, , , ,11.0,11.0,0.0,9,7.0,Empleado_Informal
1,49.0,2,2,8,13,1,2,3,14.0,14.0,0.0,1,6.0,Empleado_Informal
1,26.0,6,2,6,13, , , ,11.0,11.0,0.0,1,6.0,Empleado_Formal
2,33.0,1,2,5,13, , , ,10.0,10.0,0.0,2,6.0,Empleado_Informal
1,33.0,1,2,10,13,1,2,3,16.0,16.0,0.0,2,6.0,Empleado_Informal
1,48.0,6,2,5,13, , , ,10.0,10.0,0.0,2,6.0,Empleado_Informal
1,37.0,6,2,6,13, , , ,11.0,11.0,0.0,1,1.0,Empleado_Informal
1,28.0,6,2,4,13, , , ,9.0,9.0,0.0,2,6.0,Empleado_Informal
1,33.0,1,2,9,13, , ,3,13.5,13.5,0.0,2,6.0,Empleado_Informal
1,26.0,1,2,6,13, , , ,11.0,11.0,0.0,1,4.0,Empleado_Informal
1,25.0,6,2,5,13, , , ,10.0,10.0,0.0,1,1.0,Empleado_Informal
1,22.0,6,2,6,13, , , ,11.0,11.0,0.0,1,3.0,Empleado_Informal
2,28.0,6,2,8,13,1,2,3,14.0,14.0,0.0,2,2.0,Empleado_Formal
1,31.0,1,2,10,13,1,2,3,16.0,16.0,0.0,2,3.0,Empleado_Informal
2,26.0,6,2,6,13, , , ,11.0,11.0,0.0,2,5.0,Empleado_Informal
1,60.0,2,2,6,13, , , ,11.0,11.0,0.0,2,3.0,Empleado_Informal
2,34.0,1,2,6,13, , , ,11.0,11.0,0.0,2,5.0,Empleado_Informal
1,42.0,1,2,5,13, , , ,10.0,10.0,0.0,2,6.0,Empleado_Informal
1,18.0,1,2,5,13, , , ,10.0,10.0,0.0,1,3.0,Empleado_Informal
1,53.0,1,2,6,13, , , ,11.0,11.0,0.0,2,7.0,Empleado_Informal
1,34.0,1,2,9,13, , ,3,13.5,13.5,0.0,2,6.0,Empleado_Informal
1,21.0,6,2,5,13, , , ,10.0,10.0,0.0,2,6.0,Empleado_Informal
1,31.0,1,2,9,13, , ,3,13.5,13.5,0.0,2,5.0,Empleado_Informal
2,27.0,1,2,9,13, , ,3,13.5,13.5,0.0,2,6.0,Empleado_Informal
1,28.0,1,2,7,13, , ,3,12.5,12.5,0.0,2,4.0,Empleado_Informal
1,24.0,1,2,6,13, , , ,11.0,11.0,0.0,2,3.0,Empleado_Informal
2,50.0,1,2,6,13, , , ,11.0,11.0,0.0,2,2.0,Empleado_Informal
1,41.0,1,2,6,13, , , ,11.0,11.0,0.0,2,3.0,Empleado_Informal
1,19.0,6,2,6,13, , , ,11.0,11.0,0.0,9,0.0,Empleado_Informal
1,20.0,6,2,6,13, , , ,11.0,11.0,0.0,9,1.0,Empleado_Informal
2,38.0,6,2,6,13, , , ,11.0,11.0,0.0,2,6.0,Empleado_Informal
2,21.0,6,2,6,13, , , ,11.0,11.0,0.0,2,6.0,Empleado_Informal
2,17.0,6,2,4,6, , ,2,9.0,11.0,-2.0,2,6.0,Desempleado
1,44.0,1,2,8,13,1,2,3,14.0,14.0,0.0,2,6.0,Empleado_Informal
2,36.0,5,2,10,13,1,1,3,16.0,16.0,0.0,2,6.0,Empleado_Informal
2,47.0,1,2,6,13, , , ,11.0,11.0,0.0,2,6.0,Desempleado
1,49.0,1,2,6,13, , , ,11.0,11.0,0.0,2,6.0,Empleado_Informal
1,30.0,6,2,10,13,1,2,3,16.0,16.0,0.0,2,4.0,Empleado_Informal
1,26.0,6,2,10,13,1,2,3,16.0,16.0,0.0,2,4.0,Empleado_Informal
1,58.0,5,2,4,13, , , ,9.0,9.0,0.0,1,2.0,Empleado_Informal
1,47.0,6,2,5,13, , , ,10.0,10.0,0.0,1,1.0,Empleado_Informal
1,35.0,6,2,8,13,1,2,3,14.0,14.0,0.0,2,3.0,Empleado_Formal
1,31.0,6,2,8,13,1,2,3,14.0,14.0,0.0,2,5.0,Empleado_Informal
1,36.0,1,2,7,13, , ,3,12.5,12.5,0.0,2,5.0,Empleado_Informal
2,35.0,1,2,9,13, , ,3,13.5,13.5,0.0,2,5.0,Empleado_Informal
1,17.0,6,2,3,13, , , ,4.5,4.5,0.0,2,5.0,Empleado_Informal
2,56.0,2,2,10,13,1,2,3,16.0,16.0,0.0,2,2.0,Empleado_Informal
1,58.0,2,2,8,13,1,2,3,14.0,14.0,0.0,2,5.0,Empleado_Informal
1,31.0,6,2,10,13,1,1,3,16.0,16.0,0.0,2,6.0,Empleado_Informal
1,22.0,1,2,4,13, , , ,9.0,9.0,0.0,2,2.0,Empleado_Informal
2,22.0,1,2,4,13, , , ,9.0,9.0,0.0,2,2.0,Empleado_Informal
1,35.0,1,2,3,13, , , ,4.5,4.5,0.0,2,5.0,Empleado_Informal
1,40.0,2,2,4,13, , , ,9.0,9.0,0.0,2,6.0,Empleado_Informal
2,38.0,2,2,4,13, , , ,9.0,9.0,0.0,2,6.0,Empleado_Informal
2,16.0,6,2,3,6, , ,1,4.5,11.0,-6.5,2,6.0,Empleado_Informal
1,42.0,2,2,4,13, , , ,9.0,9.0,0.0,2,6.0,Empleado_Formal
2,40.0,2,2,9,13, , ,3,13.5,13.5,0.0,2,5.0,Empleado_Informal
1,19.0,6,2,3,6, , ,1,4.5,11.0,-6.5,2,5.0,Empleado_Informal
1,34.0,1,2,4,13, , , ,9.0,9.0,0.0,2,7.0,Empleado_Informal
2,32.0,1,2,4,13, , , ,9.0,9.0,0.0,2,5.0,Desempleado
2,47.0,2,2,9,10, , ,2,13.5,16.0,-2.5,2,4.0,Empleado_Informal
1,50.0,2,2,10,13,1,2,3,16.0,16.0,0.0,2,4.0,Empleado_Informal
1,38.0,5,2,5,13, , , ,10.0,10.0,0.0,2,6.0,Empleado_Informal
2,25.0,1,2,6,13, , , ,11.0,11.0,0.0,2,5.0,Empleado_Informal
1,25.0,1,2,6,13, , , ,11.0,11.0,0.0,1,5.0,Empleado_Informal
1,42.0,6,2,4,13, , , ,9.0,9.0,0.0,1,3.0,Empleado_Informal
1,53.0,5,2,1,13, , , ,0.0,4.5,0.0,6,5.0,Empleado_Informal
2,22.0,1,2,6,13, , , ,11.0,11.0,0.0,2,5.0,Empleado_Informal
1,30.0,1,2,4,13, , , ,9.0,9.0,0.0,9,7.0,Empleado_Informal
2,52.0,5,2,10,13,1,2,3,16.0,16.0,0.0,9,1.0,Empleado_Informal
2,23.0,5,2,4,13, , , ,9.0,9.0,0.0,1,2.0,Empleado_Informal
1,34.0,1,2,6,13, , , ,11.0,11.0,0.0,1,1.0,Empleado_Informal
1,25.0,6,2,6,13, , , ,11.0,11.0,0.0,2,5.0,Empleado_Informal
2,26.0,6,2,9,13, , ,3,13.5,13.5,0.0,1,3.0,Empleado_Informal
2,22.0,6,2,5,13, , , ,10.0,10.0,0.0,2,2.0,Empleado_Informal
2,30.0,6,2,6,13, , , ,11.0,11.0,0.0,2,6.0,Empleado_Informal
2,35.0,1,2,3,13, , , ,4.5,4.5,0.0,2,5.0,Empleado_Informal
1,40.0,1,2,5,13, , , ,10.0,10.0,0.0,2,7.0,Empleado_Informal
2,16.0,6,2,3,5, , , ,4.5,8.5,-4.0,2,5.0,Empleado_Informal
2,33.0,5,2,8,13,1,2,3,14.0,14.0,0.0,1,6.0,Empleado_Informal
1,50.0,1,2,10,13,1,2,3,16.0,16.0,0.0,2,8.0,Desempleado
2,40.0,1,2,5,13, , , ,10.0,10.0,0.0,2,6.0,Empleado_Informal
1,51.0,2,2,5,13, , , ,10.0,10.0,0.0,2,2.0,Desempleado
2,45.0,6,2,6,13, , , ,11.0,11.0,0.0,2,5.0,Empleado_Informal
2,26.0,1,2,6,13, , , ,11.0,11.0,0.0,2,5.0,Empleado_Informal
1,29.0,1,2,3,13, , , ,4.5,4.5,0.0,1,5.0,Empleado_Informal
2,37.0,6,2,3,13, , , ,4.5,4.5,0.0,2,5.0,Empleado_Informal
1,22.0,1,2,7,13, , ,3,12.5,12.5,0.0,2,2.0,Empleado_Informal
2,21.0,1,2,9,13, , ,3,13.5,13.5,0.0,2,1.0,Empleado_Informal
1,38.0,2,2,4,13, , , ,9.0,9.0,0.0,2,6.0,Empleado_Informal
2,38.0,2,2,4,13, , , ,9.0,9.0,0.0,2,6.0,Desempleado
1,16.0,6,2,3,13, , , ,4.5,4.5,0.0,1,5.0,Desempleado
2,16.0,6,2,3,13, , , ,4.5,4.5,0.0,1,5.0,Empleado_Informal
1,29.0,1,2,10,13,2, ,3,16.0,16.0,0.0,2,6.0,Empleado_Informal
2,28.0,1,2,10,13,1,2,3,16.0,16.0,0.0,2,6.0,Empleado_Formal
1,42.0,1,2,3,13, , , ,4.5,4.5,0.0,2,1.0,Empleado_Informal
2,45.0,1,2,3,13, , , ,4.5,4.5,0.0,2,1.0,Desempleado
1,19.0,1,2,4,13, , , ,9.0,9.0,0.0,2,1.0,Empleado_Informal
2,20.0,1,2,4,13, , , ,9.0,9.0,0.0,2,1.0,Empleado_Informal
1,36.0,1,2,4,13, , , ,9.0,9.0,0.0,2,6.0,Empleado_Informal
2,39.0,1,2,3,13, , , ,4.5,4.5,0.0,9,0.0,Empleado_Informal
2,16.0,6,2,3,13, , , ,4.5,4.5,0.0,9,0.0,Desempleado
1,17.0,1,2,3,13, , , ,4.5,4.5,0.0,9,1.0,Empleado_Informal
2,27.0,1,2,3,13, , , ,4.5,4.5,0.0,1,3.0,Empleado_Informal
1,29.0,1,2,3,13, , , ,4.5,4.5,0.0,1,3.0,Empleado_Informal
1,16.0,6,2,3,13, , , ,4.5,4.5,0.0,9,0.0,Empleado_Informal
2,51.0,6,2,10,13,1,2,3,16.0,16.0,0.0,2,3.0,Empleado_Informal
1,35.0,6,2,6,13, , , ,11.0,11.0,0.0,9,0.0,Empleado_Informal
1,42.0,2,2,4,13, , , ,9.0,9.0,0.0,2,6.0,Empleado_Informal
2,37.0,2,2,5,13, , , ,10.0,10.0,0.0,1,5.0,Empleado_Informal
1,27.0,1,2,6,13, , , ,11.0,11.0,0.0,2,7.0,Empleado_Informal
2,26.0,1,2,6,13, , , ,11.0,11.0,0.0,2,5.0,Empleado_Informal
1,58.0,6,2,10,13,1,2,3,16.0,16.0,0.0,2,6.0,Empleado_Informal
1,50.0,6,2,8,13,1,2,3,14.0,14.0,0.0,1,4.0,Empleado_Formal
2,33.0,1,2,6,13, , , ,11.0,11.0,0.0,2,3.0,Empleado_Informal
1,46.0,1,1,6,13, , , ,11.0,11.0,0.0,No Especificado,5.0,Empleado_Informal
1,33.0,1,2,6,13, , , ,11.0,11.0,0.0,2,6.0,Desempleado
2,33.0,1,2,5,13, , , ,10.0,10.0,0.0,2,6.0,Empleado_Formal
1,33.0,2,2,6,13, , , ,11.0,11.0,0.0,2,6.0,Empleado_Informal
1,47.0,1,2,10,13,1,1,3,16.0,16.0,0.0,2,5.0,Desempleado
2,38.0,1,2,4,13, , , ,9.0,9.0,0.0,1,3.0,Empleado_Informal
2,35.0,6,2,6,13, , , ,11.0,11.0,0.0,2,6.0,Empleado_Informal
2,42.0,5,2,6,13, , , ,11.0,11.0,0.0,9,1.0,Desempleado
2,20.0,6,2,7,13, , ,3,12.5,12.5,0.0,1,1.0,Empleado_Informal
2,16.0,6,2,6,13, , , ,11.0,11.0,0.0,9,0.0,Empleado_Informal
1,20.0,6,2,6,13, , , ,11.0,11.0,0.0,1,1.0,Empleado_Informal
2,51.0,5,2,9,13, , ,3,13.5,13.5,0.0,2,6.0,Empleado_Informal
2,46.0,5,2,10,13,1,2,3,16.0,16.0,0.0,2,5.0,Empleado_Informal
2,25.0,6,2,8,13,1,2,3,14.0,14.0,0.0,2,5.0,Empleado_Informal
2,25.0,5,2,6,13, , , ,11.0,11.0,0.0,2,3.0,Empleado_Informal
1,31.0,1,2,6,13, , , ,11.0,11.0,0.0,2,5.0,Empleado_Informal
2,37.0,1,2,10,13,1,2,3,16.0,16.0,0.0,2,5.0,Empleado_Informal
1,37.0,1,2,5,13, , , ,10.0,10.0,0.0,2,6.0,Empleado_Informal
2,42.0,1,1,1,6, , ,1,0.0,11.0,-11.0,No Especificado,5.0,Empleado_Formal
1,17.0,6,2,5,13, , , ,10.0,10.0,0.0,2,1.0,Empleado_Informal
2,33.0,5,2,10,13,1,2,3,16.0,16.0,0.0,2,1.0,Empleado_Informal
2,43.0,5,2,7,13, , ,3,12.5,12.5,0.0,2,6.0,Empleado_Informal
1,37.0,1,2,9,13, , ,3,13.5,13.5,0.0,2,2.0,Empleado_Informal
2,39.0,1,2,10,13,1,2,3,16.0,16.0,0.0,2,2.0,Empleado_Informal
2,34.0,1,2,10,13,1,2,3,16.0,16.0,0.0,2,6.0,Empleado_Formal
1,32.0,1,2,7,13, , ,3,12.5,12.5,0.0,2,5.0,Empleado_Informal
1,34.0,1,2,8,13,1,2,3,14.0,14.0,0.0,2,6.0,Empleado_Informal
2,24.0,1,1,1,9, , ,0,0.0,13.5,-13.5,No Especificado,5.0,Empleado_Formal
1,39.0,2,2,6,13, , , ,11.0,11.0,0.0,2,6.0,Empleado_Informal
2,34.0,2,2,10,13,1,2,3,16.0,16.0,0.0,2,5.0,Empleado_Informal
2,43.0,5,2,6,13, , , ,11.0,11.0,0.0,2,5.0,Empleado_Informal
1,32.0,1,2,9,13, , ,3,13.5,13.5,0.0,2,5.0,Empleado_Informal
2,32.0,5,2,5,13, , , ,10.0,10.0,0.0,1,6.0,Empleado_Informal
1,34.0,1,2,10,13,1,2,3,16.0,16.0,0.0,2,6.0,Empleado_Informal
2,28.0,5,2,6,13, , , ,11.0,11.0,0.0,1,3.0,Empleado_Informal
2,34.0,6,2,9,9, , ,3,13.5,13.5,0.0,2,3.0,Empleado_Informal
1,33.0,1,2,6,13, , , ,11.0,11.0,0.0,2,2.0,Empleado_Informal
2,35.0,1,1,1,6, , ,1,0.0,11.0,-11.0,No Especificado,5.0,Empleado_Formal
1,40.0,1,2,6,13, , , ,11.0,11.0,0.0,1,5.0,Empleado_Informal
2,23.0,1,2,7,13, , ,3,12.5,12.5,0.0,2,3.0,Empleado_Informal
1,23.0,1,2,7,13, , ,3,12.5,12.5,0.0,2,3.0,Empleado_Informal
2,39.0,1,2,7,13, , ,3,12.5,12.5,0.0,2,6.0,Empleado_Informal
1,32.0,1,1,1,6, , ,1,0.0,11.0,-11.0,No Especificado,5.0,Empleado_Informal
2,20.0,6,2,5,6, , ,1,10.0,11.0,-1.0,2,6.0,Empleado_Informal
2,41.0,1,2,6,13, , , ,11.0,11.0,0.0,2,6.0,Empleado_Informal
1,42.0,1,2,8,13,1,2,3,14.0,14.0,0.0,2,6.0,Empleado_Formal
1,19.0,6,1,5,6, , ,2,10.0,11.0,-1.0,No Especificado,5.0,Empleado_Informal
1,37.0,2,2,10,13,1,2,3,16.0,16.0,0.0,2,6.0,Empleado_Informal
1,41.0,5,2,4,13, , , ,9.0,9.0,0.0,2,5.0,Empleado_Informal
2,40.0,1,2,10,13,1,2,3,16.0,16.0,0.0,2,3.0,Empleado_Informal
1,52.0,1,2,10,11, , ,3,16.0,16.0,-3.0,2,3.0,Empleado_Formal
2,23.0,1,1,1,9, , ,0,0.0,13.5,-13.5,No Especificado,5.0,Empleado_Informal
1,19.0,1,2,3,13, , , ,4.5,4.5,0.0,9,0.0,Empleado_Informal
1,44.0,1,2,4,13, , , ,9.0,9.0,0.0,2,6.0,Empleado_Informal
2,50.0,1,2,4,13, , , ,9.0,9.0,0.0,2,5.0,Empleado_Informal
1,37.0,1,2,3,13, , , ,4.5,4.5,0.0,2,6.0,Empleado_Informal
2,46.0,1,2,4,13, , , ,9.0,9.0,0.0,2,6.0,Empleado_Informal
1,23.0,1,2,4,13, , , ,9.0,9.0,0.0,1,2.0,Empleado_Informal
2,59.0,3,2,5,13, , , ,10.0,10.0,0.0,2,5.0,Empleado_Informal
2,31.0,6,2,5,13, , , ,10.0,10.0,0.0,2,6.0,Empleado_Informal
1,37.0,1,2,6,13, , , ,11.0,11.0,0.0,2,4.0,Empleado_Informal
2,37.0,1,2,6,13, , , ,11.0,11.0,0.0,2,4.0,Empleado_Informal
1,34.0,1,2,10,13,1,2,3,16.0,16.0,0.0,2,7.0,Empleado_Informal
2,27.0,2,2,6,13, , , ,11.0,11.0,0.0,6,2.0,Empleado_Informal
1,23.0,2,2,5,13, , , ,10.0,10.0,0.0,6,2.0,Empleado_Informal
2,39.0,6,2,8,13,1,2,3,14.0,14.0,0.0,2,6.0,Empleado_Informal
1,40.0,1,2,4,13, , , ,9.0,9.0,0.0,2,6.0,Empleado_Informal
2,35.0,1,2,4,13, , , ,9.0,9.0,0.0,2,6.0,Empleado_Informal
1,62.0,1,2,4,13, , , ,9.0,9.0,0.0,2,5.0,Empleado_Informal
2,50.0,1,2,4,13, , , ,9.0,9.0,0.0,2,5.0,Empleado_Informal
2,29.0,6,2,8,13,1,2,3,14.0,14.0,0.0,2,6.0,Empleado_Informal
2,41.0,6,2,9,13, , ,3,13.5,13.5,0.0,2,8.0,Empleado_Informal
1,20.0,6,2,3,13, , , ,4.5,4.5,0.0,2,8.0,Empleado_Informal
1,39.0,2,2,4,13, , , ,9.0,9.0,0.0,2,6.0,Empleado_Informal
2,36.0,2,2,10,13,1,2,3,16.0,16.0,0.0,2,6.0,Empleado_Informal
2,46.0,1,2,3,13, , , ,4.5,4.5,0.0,2,3.0,Empleado_Informal
1,55.0,1,2,3,13, , , ,4.5,4.5,0.0,9,0.0,Desempleado
2,22.0,6,2,4,13, , , ,9.0,9.0,0.0,2,3.0,Empleado_Informal
1,28.0,1,2,3,13, , , ,4.5,4.5,0.0,2,6.0,Empleado_Informal
2,28.0,1,2,4,13, , , ,9.0,9.0,0.0,2,6.0,Empleado_Formal
1,38.0,1,2,3,13, , , ,4.5,4.5,0.0,2,6.0,Empleado_Informal
1,21.0,6,2,5,13, , , ,10.0,10.0,0.0,6,3.0,Empleado_Informal
1,34.0,6,2,6,13, , , ,11.0,11.0,0.0,2,5.0,Empleado_Informal
2,52.0,1,1,1,10, , ,0,0.0,16.0,-14.0,No Especificado,5.0,Desempleado
1,47.0,1,2,10,13,1,2,3,16.0,16.0,0.0,2,8.0,Empleado_Informal
2,56.0,6,2,6,13, , , ,11.0,11.0,0.0,2,6.0,Empleado_Informal
1,31.0,6,2,10,13,1,2,3,16.0,16.0,0.0,2,5.0,Empleado_Informal
1,32.0,5,2,8,13,1,1,3,14.0,14.0,0.0,9,4.0,Empleado_Informal
1,19.0,6,2,6,13, , , ,11.0,11.0,0.0,9,0.0,Empleado_Informal
1,45.0,2,2,4,13, , , ,9.0,9.0,0.0,2,5.0,Empleado_Informal
2,42.0,2,2,10,13,1,2,3,16.0,16.0,0.0,2,5.0,Empleado_Informal
1,18.0,1,2,5,13, , , ,10.0,10.0,0.0,1,5.0,Empleado_Informal
1,24.0,1,2,6,13, , , ,11.0,11.0,0.0,1,4.0,Empleado_Informal
2,28.0,1,2,6,13, , , ,11.0,11.0,0.0,1,3.0,Desempleado
1,32.0,1,2,6,13, , , ,11.0,11.0,0.0,2,4.0,Empleado_Informal
1,44.0,5,2,6,13, , , ,11.0,11.0,0.0,6,5.0,Empleado_Informal
1,35.0,1,2,10,13,1,2,3,16.0,16.0,0.0,2,6.0,Empleado_Informal
2,26.0,1,1,1,6, , ,1,0.0,11.0,-11.0,No Especificado,5.0,Empleado_Informal
1,48.0,1,2,5,13, , , ,10.0,10.0,0.0,1,8.0,Empleado_Informal
2,43.0,1,2,10,13,1,2,3,16.0,16.0,0.0,1,5.0,Desempleado
1,26.0,6,2,8,13,1,2,3,14.0,14.0,0.0,1,5.0,Empleado_Informal
1,24.0,6,2,5,13, , , ,10.0,10.0,0.0,1,5.0,Desempleado
1,34.0,1,2,6,13, , , ,11.0,11.0,0.0,2,4.0,Empleado_Informal
1,23.0,6,2,6,6, , ,1,11.0,11.0,0.0,1,5.0,Empleado_Informal
2,37.0,6,2,4,13, , , ,9.0,9.0,0.0,2,6.0,Empleado_Informal
1,32.0,1,2,4,13, , , ,9.0,9.0,0.0,2,5.0,Empleado_Informal
1,34.0,1,2,9,13, , ,3,13.5,13.5,0.0,2,6.0,Empleado_Informal
2,30.0,1,2,6,13, , , ,11.0,11.0,0.0,2,6.0,Empleado_Informal
1,29.0,1,2,4,13, , , ,9.0,9.0,0.0,2,5.0,Empleado_Informal
1,39.0,1,2,6,13, , , ,11.0,11.0,0.0,2,5.0,Empleado_Informal
2,33.0,6,2,6,13, , , ,11.0,11.0,0.0,2,5.0,Empleado_Informal
1,18.0,6,2,5,13, , , ,10.0,10.0,0.0,9,1.0,Empleado_Informal
2,38.0,2,2,8,13,1,2,3,14.0,14.0,0.0,2,6.0,Empleado_Informal
1,63.0,2,1,1,6, , ,1,0.0,11.0,-11.0,No Especificado,5.0,Empleado_Formal
1,49.0,1,2,4,13, , , ,9.0,9.0,0.0,6,3.0,Empleado_Informal
1,49.0,4,2,8,13,1,2,3,14.0,14.0,0.0,2,6.0,Empleado_Informal
1,33.0,1,2,3,13, , , ,4.5,4.5,0.0,1,4.0,Empleado_Informal
1,41.0,6,2,10,13,1,2,3,16.0,16.0,0.0,2,5.0,Empleado_Informal
1,41.0,2,2,5,13, , , ,10.0,10.0,0.0,1,1.0,Empleado_Informal
1,40.0,1,2,3,13, , , ,4.5,4.5,0.0,1,2.0,Empleado_Informal
2,31.0,1,2,3,13, , , ,4.5,4.5,0.0,1,2.0,Desempleado
1,30.0,5,2,6,13, , , ,11.0,11.0,0.0,6,1.0,Empleado_Informal
1,64.0,2,2,5,13, , , ,10.0,10.0,0.0,2,3.0,Empleado_Informal
2,23.0,5,2,4,13, , , ,9.0,9.0,0.0,9,1.0,Empleado_Informal
1,26.0,6,2,6,13, , , ,11.0,11.0,0.0,6,4.0,Empleado_Informal
1,27.0,1,2,4,13, , , ,9.0,9.0,0.0,1,2.0,Desempleado
2,23.0,1,2,4,13, , , ,9.0,9.0,0.0,1,2.0,Empleado_Informal
1,27.0,1,2,5,13, , , ,10.0,10.0,0.0,1,3.0,Empleado_Informal
1,49.0,1,2,6,13, , , ,11.0,11.0,0.0,2,6.0,Empleado_Informal
2,46.0,1,2,10,13,1,2,3,16.0,16.0,0.0,2,5.0,Empleado_Informal
2,57.0,4,2,6,13, , , ,11.0,11.0,0.0,2,6.0,Empleado_Informal
2,35.0,6,2,10,13,1,2,3,16.0,16.0,0.0,2,7.0,Empleado_Informal
1,35.0,2,2,8,13,1,2,3,14.0,14.0,0.0,2,3.0,Empleado_Informal
1,27.0,6,2,6,13, , , ,11.0,11.0,0.0,2,6.0,Empleado_Informal
2,34.0,6,2,4,13, , , ,9.0,9.0,0.0,1,2.0,Empleado_Informal
1,30.0,1,2,3,13, , , ,4.5,4.5,0.0,6,4.0,Empleado_Informal
1,25.0,1,2,6,13, , , ,11.0,11.0,0.0,9,0.0,Empleado_Informal
2,54.0,4,2,10,11, , ,3,16.0,16.0,-3.0,1,6.0,Empleado_Formal
1,45.0,1,2,6,13, , , ,11.0,11.0,0.0,2,7.0,Empleado_Informal
2,51.0,3,2,10,13,1,2,3,16.0,16.0,0.0,2,5.0,Empleado_Informal
1,19.0,6,2,5,6, , ,1,10.0,11.0,-1.0,2,5.0,Empleado_Informal
1,51.0,5,2,5,13, , , ,10.0,10.0,0.0,9,6.0,Empleado_Informal
1,25.0,6,2,6,13, , , ,11.0,11.0,0.0,2,6.0,Empleado_Informal
2,33.0,6,2,10,13,1,2,3,16.0,16.0,0.0,2,6.0,Empleado_Informal
1,41.0,1,2,10,13,1,2,3,16.0,16.0,0.0,2,6.0,Empleado_Informal
2,38.0,1,2,8,13,1,2,3,14.0,14.0,0.0,1,6.0,Empleado_Informal
1,64.0,3,2,10,13,1,2,3,16.0,16.0,0.0,2,4.0,Empleado_Informal
1,33.0,1,2,6,13, , , ,11.0,11.0,0.0,2,5.0,Desempleado
2,31.0,1,2,10,13,2, ,3,16.0,16.0,0.0,2,2.0,Empleado_Informal
1,25.0,1,2,6,13, , , ,11.0,11.0,0.0,1,3.0,Empleado_Informal
2,25.0,1,2,6,13, , , ,11.0,11.0,0.0,6,3.0,Empleado_Informal
1,25.0,6,2,6,13, , , ,11.0,11.0,0.0,2,5.0,Empleado_Informal
2,43.0,6,2,6,13, , , ,11.0,11.0,0.0,2,6.0,Empleado_Informal
2,32.0,1,2,4,13, , , ,9.0,9.0,0.0,1,5.0,Empleado_Informal
1,44.0,1,2,3,13, , , ,4.5,4.5,0.0,9,4.0,Empleado_Informal
1,47.0,5,2,10,13,1,2,3,16.0,16.0,0.0,1,6.0,Empleado_Informal
2,63.0,6,2,5,13, , , ,10.0,10.0,0.0,2,6.0,Empleado_Informal
1,40.0,6,2,5,13, , , ,10.0,10.0,0.0,2,6.0,Empleado_Informal
1,49.0,1,2,5,13, , , ,10.0,10.0,0.0,2,5.0,Empleado_Informal
2,43.0,1,2,5,13, , , ,10.0,10.0,0.0,2,5.0,Empleado_Informal
1,18.0,6,2,5,6, , ,1,10.0,11.0,-1.0,2,5.0,Desempleado
2,50.0,6,2,9,13, , ,3,13.5,13.5,0.0,2,5.0,Desempleado
2,18.0,6,2,3,6, , ,1,4.5,11.0,-6.5,1,5.0,Empleado_Informal
2,23.0,1,2,6,13, , , ,11.0,11.0,0.0,2,2.0,Empleado_Informal
1,24.0,1,2,6,13, , , ,11.0,11.0,0.0,2,6.0,Empleado_Informal
2,39.0,5,2,5,13, , , ,10.0,10.0,0.0,2,7.0,Empleado_Informal
2,16.0,6,2,4,5, , , ,9.0,8.5,0.5,2,5.0,Empleado_Informal
1,30.0,1,2,5,13, , , ,10.0,10.0,0.0,1,5.0,Empleado_Informal
2,36.0,1,2,5,13, , , ,10.0,10.0,0.0,1,6.0,Desempleado
1,16.0,6,2,5,13, , , ,10.0,10.0,0.0,1,5.0,Empleado_Informal
1,16.0,6,2,5,13, , , ,10.0,10.0,0.0,1,5.0,Empleado_Informal
2,22.0,6,2,6,13, , , ,11.0,11.0,0.0,2,2.0,Empleado_Informal
1,16.0,6,2,1,13, , , ,0.0,4.5,0.0,2,3.0,Empleado_Informal
2,24.0,1,2,6,13, , , ,11.0,11.0,0.0,2,4.0,Desempleado
1,31.0,1,2,5,13, , , ,10.0,10.0,0.0,1,3.0,Desempleado
1,42.0,1,2,3,13, , , ,4.5,4.5,0.0,9,3.0,Empleado_Informal
2,41.0,1,2,6,13, , , ,11.0,11.0,0.0,2,8.0,Desempleado
1,24.0,1,2,5,13, , , ,10.0,10.0,0.0,9,1.0,Empleado_Informal
2,40.0,1,2,4,13, , , ,9.0,9.0,0.0,9,1.0,Empleado_Informal
1,33.0,5,2,6,13, , , ,11.0,11.0,0.0,9,3.0,Empleado_Informal
1,26.0,6,2,6,13, , , ,11.0,11.0,0.0,1,1.0,Empleado_Informal
1,25.0,1,2,9,13, , ,3,13.5,13.5,0.0,9,0.0,Empleado_Informal
2,31.0,5,2,5,13, , , ,10.0,10.0,0.0,1,1.0,Desempleado
1,32.0,1,2,9,13, , ,3,13.5,13.5,0.0,1,1.0,Desempleado
2,21.0,1,2,6,13, , , ,11.0,11.0,0.0,1,1.0,Desempleado
1,27.0,1,2,8,13,2, ,3,14.0,14.0,0.0,2,6.0,Desempleado
2,27.0,1,1,1,5, , , ,0.0,8.5,-8.5,No Especificado,5.0,Desempleado
2,57.0,5,2,6,13, , , ,11.0,11.0,0.0,2,5.0,Desempleado
1,29.0,6,2,5,13, , , ,10.0,10.0,0.0,1,5.0,Empleado_Informal
1,45.0,2,2,4,13, , , ,9.0,9.0,0.0,1,4.0,Empleado_Informal
1,21.0,1,2,4,13, , , ,9.0,9.0,0.0,9,4.0,Empleado_Informal
1,52.0,1,1,1,10, , ,0,0.0,16.0,-14.0,No Especificado,5.0,Empleado_Informal
2,43.0,1,2,10,13,1,2,3,16.0,16.0,0.0,2,6.0,Empleado_Formal
1,30.0,1,2,8,13,1,2,3,14.0,14.0,0.0,9,6.0,Empleado_Informal
2,24.0,1,2,6,13, , , ,11.0,11.0,0.0,1,4.0,Desempleado
2,33.0,6,2,9,13, , ,3,13.5,13.5,0.0,1,2.0,Empleado_Informal
1,30.0,1,2,9,13, , ,3,13.5,13.5,0.0,2,5.0,Empleado_Informal
1,32.0,1,2,9,13, , ,3,13.5,13.5,0.0,2,5.0,Empleado_Informal
1,53.0,1,2,9,13, , ,3,13.5,13.5,0.0,2,4.0,Empleado_Informal
2,38.0,1,2,6,13, , , ,11.0,11.0,0.0,2,3.0,Empleado_Informal
2,28.0,6,2,4,4, , , ,9.0,6.0,0.5,1,1.0,Empleado_Informal
1,51.0,2,2,5,13, , , ,10.0,10.0,0.0,1,3.0,Empleado_Informal
1,29.0,6,2,6,13, , , ,11.0,11.0,0.0,2,6.0,Empleado_Informal
1,16.0,6,2,4,13, , , ,9.0,9.0,0.0,1,3.0,Empleado_Informal
2,35.0,5,2,6,13, , , ,11.0,11.0,0.0,1,3.0,Empleado_Informal
2,52.0,5,2,8,13,1,2,3,14.0,14.0,0.0,2,6.0,Empleado_Informal
1,37.0,1,2,4,13, , , ,9.0,9.0,0.0,2,7.0,Empleado_Informal
2,26.0,1,2,8,13,2, ,3,14.0,14.0,0.0,2,6.0,Empleado_Informal
1,36.0,6,2,3,13, , , ,4.5,4.5,0.0,7,5.0,Empleado_Informal
1,40.0,6,2,3,13, , , ,4.5,4.5,0.0,2,6.0,Empleado_Informal
1,28.0,6,2,5,13, , , ,10.0,10.0,0.0,2,6.0,Empleado_Informal
1,30.0,1,1,1,9, , ,0,0.0,13.5,-13.5,No Especificado,5.0,Empleado_Informal
2,39.0,1,2,7,13, , ,3,12.5,12.5,0.0,2,6.0,Empleado_Informal
1,32.0,2,2,9,13, , ,3,13.5,13.5,0.0,2,7.0,Empleado_Informal
2,32.0,2,1,1,9, , ,0,0.0,13.5,-13.5,No Especificado,5.0,Empleado_Formal
1,47.0,6,2,10,13,1,2,3,16.0,16.0,0.0,2,3.0,Empleado_Formal
1,43.0,6,2,10,13,1,2,3,16.0,16.0,0.0,2,3.0,Empleado_Formal
1,30.0,1,2,6,13, , , ,11.0,11.0,0.0,2,5.0,Empleado_Informal
2,40.0,1,2,10,13,2, ,3,16.0,16.0,0.0,2,4.0,Empleado_Informal
2,34.0,5,2,6,13, , , ,11.0,11.0,0.0,1,6.0,Empleado_Informal
1,34.0,5,2,9,13, , ,3,13.5,13.5,0.0,2,5.0,Empleado_Informal
1,64.0,3,1,1,6, , ,1,0.0,11.0,-11.0,No Especificado,5.0,Empleado_Formal
1,34.0,2,2,6,13, , , ,11.0,11.0,0.0,2,6.0,Empleado_Formal
2,27.0,2,2,6,13, , , ,11.0,11.0,0.0,4,6.0,Empleado_Informal
2,37.0,5,2,10,13,1,2,3,16.0,16.0,0.0,2,6.0,Empleado_Informal
1,41.0,5,2,11,13,1,1,3,16.0,16.0,0.0,2,5.0,Empleado_Formal
2,21.0,1,2,6,13, , , ,11.0,11.0,0.0,2,3.0,Empleado_Informal
1,22.0,1,2,5,13, , , ,10.0,10.0,0.0,2,3.0,Empleado_Informal
1,54.0,5,2,3,13, , , ,4.5,4.5,0.0,9,0.0,Empleado_Informal
2,29.0,1,2,6,13, , , ,11.0,11.0,0.0,2,6.0,Empleado_Informal
1,32.0,1,2,3,13, , , ,4.5,4.5,0.0,2,6.0,Empleado_Informal
2,52.0,1,2,5,13, , , ,10.0,10.0,0.0,2,5.0,Desempleado
1,49.0,1,2,3,13, , , ,4.5,4.5,0.0,2,5.0,Empleado_Informal
1,20.0,1,2,5,6, , ,1,10.0,11.0,-1.0,2,5.0,Desempleado
1,28.0,6,2,5,13, , , ,10.0,10.0,0.0,9,5.0,Empleado_Informal
1,22.0,1,2,5,13, , , ,10.0,10.0,0.0,2,7.0,Empleado_Informal
2,19.0,1,1,1,6, , ,1,0.0,11.0,-11.0,No Especificado,5.0,Empleado_Informal
2,33.0,5,2,8,13,1,2,3,14.0,14.0,0.0,2,8.0,Empleado_Formal
2,21.0,5,2,6,13, , , ,11.0,11.0,0.0,1,3.0,Empleado_Informal
2,47.0,1,1,1,5, , , ,0.0,8.5,-8.5,No Especificado,5.0,Empleado_Informal
1,50.0,1,2,4,13, , , ,9.0,9.0,0.0,2,5.0,Empleado_Informal
2,37.0,5,2,4,13, , , ,9.0,9.0,0.0,2,6.0,Empleado_Informal
2,25.0,1,2,6,13, , , ,11.0,11.0,0.0,1,5.0,Empleado_Informal
1,28.0,1,2,6,13, , , ,11.0,11.0,0.0,2,6.0,Empleado_Informal
1,41.0,6,2,10,13,1,2,3,16.0,16.0,0.0,2,7.0,Empleado_Informal
1,46.0,5,2,7,13, , ,3,12.5,12.5,0.0,2,7.0,Empleado_Informal
2,32.0,1,2,6,13, , , ,11.0,11.0,0.0,2,5.0,Empleado_Informal
1,34.0,1,2,6,13, , , ,11.0,11.0,0.0,2,6.0,Empleado_Formal
1,22.0,6,2,5,13, , , ,10.0,10.0,0.0,2,4.0,Empleado_Informal
1,35.0,1,2,8,13,1,2,3,14.0,14.0,0.0,2,4.0,Empleado_Informal
1,26.0,1,2,6,13, , , ,11.0,11.0,0.0,2,6.0,Empleado_Informal
2,25.0,1,2,6,13, , , ,11.0,11.0,0.0,2,5.0,Empleado_Informal
2,36.0,1,2,3,13, , , ,4.5,4.5,0.0,1,4.0,Empleado_Informal
1,40.0,1,2,5,13, , , ,10.0,10.0,0.0,2,6.0,Empleado_Informal
1,36.0,2,2,8,13,1,2,3,14.0,14.0,0.0,2,6.0,Empleado_Informal
2,38.0,2,2,8,13,1,2,3,14.0,14.0,0.0,2,5.0,Empleado_Informal
2,22.0,1,2,6,13, , , ,11.0,11.0,0.0,1,5.0,Desempleado
1,33.0,1,2,10,13,1,2,3,16.0,16.0,0.0,1,3.0,Empleado_Informal
1,39.0,6,2,6,13, , , ,11.0,11.0,0.0,1,6.0,Empleado_Informal
1,23.0,1,2,6,13, , , ,11.0,11.0,0.0,2,3.0,Empleado_Informal
2,23.0,1,2,6,13, , , ,11.0,11.0,0.0,9,2.0,Empleado_Informal
1,21.0,6,2,5,13, , , ,10.0,10.0,0.0,1,6.0,Empleado_Informal
2,29.0,1,2,6,13, , , ,11.0,11.0,0.0,9,5.0,Empleado_Informal
1,30.0,1,1,1,6, , ,1,0.0,11.0,-11.0,No Especificado,5.0,Empleado_Informal
1,27.0,5,2,6,13, , , ,11.0,11.0,0.0,2,2.0,Empleado_Informal
1,31.0,1,2,6,13, , , ,11.0,11.0,0.0,2,6.0,Empleado_Informal
2,31.0,1,2,6,13, , , ,11.0,11.0,0.0,1,5.0,Empleado_Informal
1,34.0,2,2,9,13, , ,3,13.5,13.5,0.0,2,6.0,Empleado_Informal
2,27.0,2,2,9,13, , ,3,13.5,13.5,0.0,2,6.0,Empleado_Informal
1,28.0,1,2,5,13, , , ,10.0,10.0,0.0,1,5.0,Empleado_Formal
1,26.0,1,2,6,13, , , ,11.0,11.0,0.0,1,6.0,Empleado_Informal
2,25.0,1,2,10,13,1,2,3,16.0,16.0,0.0,1,6.0,Empleado_Informal
1,56.0,5,2,6,13, , , ,11.0,11.0,0.0,2,2.0,Empleado_Informal
2,31.0,6,2,10,13,1,2,3,16.0,16.0,0.0,2,3.0,Empleado_Informal
1,53.0,6,2,5,13, , , ,10.0,10.0,0.0,6,5.0,Empleado_Informal
1,44.0,1,2,6,13, , , ,11.0,11.0,0.0,2,2.0,Empleado_Informal
2,41.0,1,2,6,13, , , ,11.0,11.0,0.0,2,2.0,Empleado_Informal
1,44.0,4,2,6,13, , , ,11.0,11.0,0.0,9,3.0,Empleado_Informal
1,22.0,6,2,5,6, , ,1,10.0,11.0,-1.0,2,6.0,Empleado_Informal
1,21.0,6,2,5,6, , ,1,10.0,11.0,-1.0,2,5.0,Empleado_Formal
1,40.0,1,2,4,13, , , ,9.0,9.0,0.0,2,1.0,Empleado_Informal
1,45.0,1,2,4,13, , , ,9.0,9.0,0.0,9,0.0,Empleado_Informal
1,28.0,6,2,5,13, , , ,10.0,10.0,0.0,1,2.0,Empleado_Informal
1,19.0,6,2,5,13, , , ,10.0,10.0,0.0,1,6.0,Empleado_Informal
1,25.0,1,2,5,13, , , ,10.0,10.0,0.0,1,2.0,Empleado_Informal
2,26.0,1,2,10,13,1,2,3,16.0,16.0,0.0,2,2.0,Empleado_Informal
1,35.0,6,2,10,13,1,2,3,16.0,16.0,0.0,2,6.0,Empleado_Informal
1,39.0,6,2,4,13, , , ,9.0,9.0,0.0,1,2.0,Empleado_Informal
2,30.0,6,2,9,13, , ,3,13.5,13.5,0.0,1,3.0,Empleado_Informal
2,31.0,5,2,5,13, , , ,10.0,10.0,0.0,9,2.0,Empleado_Informal
2,45.0,1,2,3,13, , , ,4.5,4.5,0.0,2,6.0,Empleado_Informal
1,35.0,1,2,10,13,1,2,3,16.0,16.0,0.0,1,7.0,Empleado_Informal
1,31.0,1,2,5,13, , , ,10.0,10.0,0.0,9,0.0,Empleado_Informal
1,23.0,1,2,6,13, , , ,11.0,11.0,0.0,2,6.0,Empleado_Informal
1,29.0,6,2,1,13, , , ,0.0,4.5,0.0,1,4.0,Empleado_Informal
2,23.0,6,2,4,13, , , ,9.0,9.0,0.0,1,4.0,Desempleado
2,24.0,6,2,5,13, , , ,10.0,10.0,0.0,9,4.0,Empleado_Informal
2,25.0,6,2,9,13, , ,3,13.5,13.5,0.0,2,6.0,Empleado_Informal
2,49.0,6,2,8,13,1,2,3,14.0,14.0,0.0,9,3.0,Empleado_Informal
2,39.0,6,2,5,13, , , ,10.0,10.0,0.0,9,3.0,Desempleado
2,32.0,6,2,6,13, , , ,11.0,11.0,0.0,1,4.0,Empleado_Informal
2,27.0,1,2,5,13, , , ,10.0,10.0,0.0,1,3.0,Empleado_Informal
1,32.0,1,2,10,13,1,2,3,16.0,16.0,0.0,2,3.0,Empleado_Informal
1,24.0,1,2,9,13, , ,3,13.5,13.5,0.0,1,1.0,Empleado_Informal
1,28.0,6,2,6,13, , , ,11.0,11.0,0.0,2,6.0,Empleado_Formal
2,47.0,4,2,6,13, , , ,11.0,11.0,0.0,2,2.0,Desempleado
2,24.0,6,2,6,13, , , ,11.0,11.0,0.0,4,1.0,Empleado_Informal
2,22.0,1,2,6,13, , , ,11.0,11.0,0.0,1,7.0,Empleado_Informal
1,32.0,1,2,6,13, , , ,11.0,11.0,0.0,1,7.0,Empleado_Informal
1,29.0,1,2,6,13, , , ,11.0,11.0,0.0,9,6.0,Empleado_Informal
2,25.0,1,2,5,13, , , ,10.0,10.0,0.0,2,4.0,Empleado_Informal
1,25.0,6,2,10,13,1,2,3,16.0,16.0,0.0,2,0.0,Empleado_Informal
1,26.0,6,2,4,13, , , ,9.0,9.0,0.0,2,3.0,Empleado_Informal
1,58.0,1,1,1,9, , ,0,0.0,13.5,-13.5,No Especificado,5.0,Empleado_Formal
1,28.0,1,2,7,13, , ,3,12.5,12.5,0.0,2,6.0,Empleado_Informal
2,33.0,1,2,8,13,2, ,3,14.0,14.0,0.0,2,6.0,Empleado_Formal
2,44.0,1,2,5,13, , , ,10.0,10.0,0.0,2,5.0,Empleado_Informal
1,40.0,1,1,1,10, , ,0,0.0,16.0,-14.0,No Especificado,5.0,Empleado_Formal
1,34.0,2,2,9,13, , ,3,13.5,13.5,0.0,2,6.0,Empleado_Informal
2,42.0,2,2,10,13,1,1,3,16.0,16.0,0.0,2,6.0,Empleado_Formal
1,27.0,1,2,6,13, , , ,11.0,11.0,0.0,2,5.0,Empleado_Informal
2,26.0,1,2,6,13, , , ,11.0,11.0,0.0,2,5.0,Desempleado
1,35.0,1,2,10,13,2, ,3,16.0,16.0,0.0,2,6.0,Empleado_Informal
2,32.0,1,2,10,13,2, ,3,16.0,16.0,0.0,2,5.0,Empleado_Informal
1,24.0,1,2,6,13, , , ,11.0,11.0,0.0,2,6.0,Empleado_Informal
1,51.0,1,2,5,13, , , ,10.0,10.0,0.0,2,3.0,Empleado_Informal
2,29.0,1,2,5,13, , , ,10.0,10.0,0.0,1,3.0,Empleado_Informal
1,26.0,1,2,5,13, , , ,10.0,10.0,0.0,1,5.0,Empleado_Informal
1,37.0,1,2,8,13,2, ,3,14.0,14.0,0.0,2,5.0,Empleado_Informal
2,25.0,6,2,6,13, , , ,11.0,11.0,0.0,2,6.0,Empleado_Formal
2,54.0,2,2,6,13, , , ,11.0,11.0,0.0,2,6.0,Empleado_Formal
1,55.0,2,2,10,13,1,2,3,16.0,16.0,0.0,2,6.0,Empleado_Informal
2,28.0,5,2,9,13, , ,3,13.5,13.5,0.0,2,6.0,Desempleado
1,30.0,6,2,10,13,1,1,3,16.0,16.0,0.0,2,6.0,Empleado_Formal
2,50.0,2,2,9,13, , ,3,13.5,13.5,0.0,2,5.0,Empleado_Informal
2,18.0,6,2,4,6, , ,1,9.0,11.0,-2.0,2,5.0,Empleado_Informal
2,20.0,1,2,5,13, , , ,10.0,10.0,0.0,2,4.0,Empleado_Informal
1,23.0,1,2,7,13, , ,3,12.5,12.5,0.0,2,5.0,Empleado_Informal
1,56.0,1,1,1,6, , ,1,0.0,11.0,-11.0,No Especificado,5.0,Empleado_Informal
2,35.0,1,2,10,13,1,2,3,16.0,16.0,0.0,2,2.0,Empleado_Informal
2,31.0,1,2,5,13, , , ,10.0,10.0,0.0,1,1.0,Empleado_Informal
1,25.0,1,2,6,13, , , ,11.0,11.0,0.0,1,1.0,Empleado_Informal
1,37.0,6,2,6,13, , , ,11.0,11.0,0.0,9,1.0,Empleado_Informal
1,39.0,1,2,6,13, , , ,11.0,11.0,0.0,2,6.0,Empleado_Informal
2,35.0,1,2,9,13, , ,3,13.5,13.5,0.0,2,6.0,Empleado_Informal
2,60.0,6,2,4,13, , , ,9.0,9.0,0.0,1,1.0,Empleado_Informal
2,26.0,1,2,5,13, , , ,10.0,10.0,0.0,2,2.0,Empleado_Informal
1,25.0,1,2,5,13, , , ,10.0,10.0,0.0,1,2.0,Empleado_Informal
1,30.0,1,2,9,13, , ,3,13.5,13.5,0.0,1,5.0,Empleado_Informal
2,28.0,1,2,7,13, , ,3,12.5,12.5,0.0,1,5.0,Empleado_Informal
1,19.0,6,2,4,13, , , ,9.0,9.0,0.0,2,1.0,Empleado_Informal
1,34.0,3,2,5,13, , , ,10.0,10.0,0.0,9,6.0,Empleado_Informal
1,40.0,1,2,6,13, , , ,11.0,11.0,0.0,2,6.0,Empleado_Informal
2,37.0,1,2,6,13, , , ,11.0,11.0,0.0,1,6.0,Empleado_Informal
1,18.0,6,2,5,6, , ,1,10.0,11.0,-1.0,1,4.0,Empleado_Informal
2,58.0,4,2,6,13, , , ,11.0,11.0,0.0,1,4.0,Empleado_Informal
1,38.0,5,2,3,13, , , ,4.5,4.5,0.0,2,2.0,Empleado_Informal
2,43.0,1,2,3,13, , , ,4.5,4.5,0.0,1,2.0,Empleado_Informal
1,39.0,1,2,3,13, , , ,4.5,4.5,0.0,9,4.0,Empleado_Informal
1,19.0,6,2,3,13, , , ,4.5,4.5,0.0,1,2.0,Empleado_Informal
2,21.0,1,2,5,13, , , ,10.0,10.0,0.0,9,0.0,Empleado_Informal
1,32.0,6,2,1,13, , , ,0.0,4.5,0.0,9,1.0,Empleado_Informal
1,29.0,6,2,4,13, , , ,9.0,9.0,0.0,9,0.0,Empleado_Informal
1,43.0,2,2,3,13, , , ,4.5,4.5,0.0,2,6.0,Empleado_Informal
2,38.0,2,2,10,13,1,2,3,16.0,16.0,0.0,1,8.0,Empleado_Informal
2,28.0,1,2,9,13, , ,3,13.5,13.5,0.0,2,6.0,Empleado_Informal
1,25.0,1,2,6,13, , , ,11.0,11.0,0.0,2,4.0,Empleado_Informal
1,36.0,1,1,1,8, , ,0,0.0,14.0,-14.0,No Especificado,5.0,Empleado_Formal
1,29.0,1,2,9,10, , ,0,13.5,16.0,-2.5,2,7.0,Empleado_Formal
2,25.0,1,1,1,10, , ,0,0.0,16.0,-14.0,No Especificado,5.0,Desempleado
2,46.0,5,2,10,13,1,2,3,16.0,16.0,0.0,2,1.0,Empleado_Informal
2,54.0,1,2,10,13,1,1,3,16.0,16.0,0.0,2,5.0,Empleado_Informal
1,58.0,1,2,6,13, , , ,11.0,11.0,0.0,2,6.0,Empleado_Formal
1,32.0,1,2,7,13, , ,3,12.5,12.5,0.0,2,7.0,Empleado_Formal
2,26.0,1,2,6,13, , , ,11.0,11.0,0.0,2,8.0,Empleado_Informal
1,41.0,2,2,8,13,1,2,3,14.0,14.0,0.0,2,7.0,Empleado_Formal
2,49.0,2,1,1,8, , ,0,0.0,14.0,-14.0,No Especificado,5.0,Empleado_Formal
2,25.0,6,1,1,10, , ,0,0.0,16.0,-14.0,No Especificado,5.0,Empleado_Informal
1,34.0,1,2,4,13, , , ,9.0,9.0,0.0,2,3.0,Empleado_Informal
2,34.0,6,2,5,13, , , ,10.0,10.0,0.0,9,0.0,Empleado_Informal
2,52.0,2,2,10,7, , ,3,16.0,12.5,0.5,2,5.0,Empleado_Informal
1,59.0,2,2,6,13, , , ,11.0,11.0,0.0,2,5.0,Empleado_Informal
1,29.0,1,2,6,13, , , ,11.0,11.0,0.0,2,6.0,Empleado_Informal
2,33.0,1,2,10,13,1,2,3,16.0,16.0,0.0,2,6.0,Empleado_Informal
2,36.0,5,2,8,13,1,2,3,14.0,14.0,0.0,1,5.0,Empleado_Informal
2,38.0,6,2,10,13,1,2,3,16.0,16.0,0.0,2,6.0,Empleado_Informal
1,35.0,6,2,6,13, , , ,11.0,11.0,0.0,2,6.0,Empleado_Formal
2,27.0,5,2,6,13, , , ,11.0,11.0,0.0,9,2.0,Empleado_Informal
2,26.0,6,2,6,13, , , ,11.0,11.0,0.0,2,6.0,Empleado_Informal
1,34.0,1,2,9,13, , ,3,13.5,13.5,0.0,9,7.0,Empleado_Informal
2,52.0,6,2,4,13, , , ,9.0,9.0,0.0,1,5.0,Empleado_Informal
1,27.0,6,2,6,13, , , ,11.0,11.0,0.0,2,5.0,Empleado_Informal
1,24.0,1,2,6,13, , , ,11.0,11.0,0.0,2,6.0,Empleado_Informal
2,23.0,1,2,6,13, , , ,11.0,11.0,0.0,2,5.0,Empleado_Informal
1,36.0,1,2,10,13,1,2,3,16.0,16.0,0.0,2,6.0,Empleado_Informal
2,35.0,1,2,8,13,1,2,3,14.0,14.0,0.0,2,6.0,Empleado_Formal
1,41.0,2,2,9,13, , ,3,13.5,13.5,0.0,2,4.0,Empleado_Informal
2,35.0,2,2,10,13,1,2,3,16.0,16.0,0.0,2,4.0,Empleado_Informal
2,31.0,6,2,8,13,1,2,3,14.0,14.0,0.0,2,4.0,Empleado_Informal
1,35.0,2,2,6,13, , , ,11.0,11.0,0.0,2,6.0,Empleado_Formal
2,30.0,2,2,9,13, , ,3,13.5,13.5,0.0,2,5.0,Empleado_Informal
2,46.0,5,2,10,13,1,2,3,16.0,16.0,0.0,2,6.0,Empleado_Informal
2,21.0,5,2,6,13, , , ,11.0,11.0,0.0,2,1.0,Empleado_Informal
1,30.0,5,2,6,13, , , ,11.0,11.0,0.0,2,7.0,Empleado_Informal
1,32.0,1,2,9,13, , ,3,13.5,13.5,0.0,2,7.0,Empleado_Informal
2,28.0,1,1,1,9, , ,0,0.0,13.5,-13.5,No Especificado,5.0,Empleado_Informal
1,43.0,1,2,5,13, , , ,10.0,10.0,0.0,2,2.0,Empleado_Informal
2,44.0,1,2,5,13, , , ,10.0,10.0,0.0,2,2.0,Empleado_Informal
2,17.0,6,2,5,13, , , ,10.0,10.0,0.0,2,2.0,Empleado_Informal
1,23.0,1,2,10,13,2, ,2,16.0,16.0,0.0,1,1.0,Empleado_Informal
2,23.0,1,2,8,13,1,2,3,14.0,14.0,0.0,9,0.0,Empleado_Informal
1,24.0,1,2,6,13, , , ,11.0,11.0,0.0,2,2.0,Empleado_Informal
2,45.0,1,3,1,13, , , ,0.0,4.5,0.0,2,2.0,Empleado_Informal
1,27.0,6,2,8,13,2, ,3,14.0,14.0,0.0,1,1.0,Empleado_Informal
1,37.0,1,2,9,13, , ,3,13.5,13.5,0.0,2,5.0,Empleado_Informal
2,36.0,1,2,10,13,1,2,3,16.0,16.0,0.0,2,5.0,Empleado_Informal
1,49.0,2,2,10,13,1,2,3,16.0,16.0,0.0,2,6.0,Empleado_Formal
2,49.0,2,2,10,13,1,2,3,16.0,16.0,0.0,2,5.0,Empleado_Informal
2,47.0,2,4,10,13,2, ,3,16.0,16.0,0.0,2,2.0,Empleado_Informal
1,49.0,2,2,6,13, , , ,11.0,11.0,0.0,2,2.0,Empleado_Informal
2,59.0,5,2,5,13, , , ,10.0,10.0,0.0,2,5.0,Empleado_Informal
1,21.0,6,2,6,13, , , ,11.0,11.0,0.0,2,3.0,Empleado_Informal
1,33.0,1,2,10,13,1,2,3,16.0,16.0,0.0,4,7.0,Empleado_Informal
2,30.0,1,2,8,13,1,2,3,14.0,14.0,0.0,2,6.0,Empleado_Formal
2,32.0,5,2,6,6, , ,1,11.0,11.0,0.0,4,5.0,Empleado_Formal
1,43.0,6,2,6,13, , , ,11.0,11.0,0.0,2,6.0,Empleado_Informal
1,30.0,6,2,6,13, , , ,11.0,11.0,0.0,2,1.0,Empleado_Informal
1,23.0,6,2,5,13, , , ,10.0,10.0,0.0,1,1.0,Empleado_Informal
1,31.0,1,2,10,13,1,2,3,16.0,16.0,0.0,2,6.0,Empleado_Informal
2,30.0,1,2,9,13, , ,3,13.5,13.5,0.0,2,6.0,Empleado_Informal
1,30.0,2,2,9,13, , ,3,13.5,13.5,0.0,2,6.0,Empleado_Informal
2,29.0,2,2,10,13,1,2,3,16.0,16.0,0.0,2,8.0,Empleado_Formal
1,39.0,1,2,8,13,1,2,3,14.0,14.0,0.0,2,6.0,Empleado_Informal
2,29.0,1,2,10,13,1,2,3,16.0,16.0,0.0,2,6.0,Empleado_Informal
2,32.0,1,2,10,13,1,1,3,16.0,16.0,0.0,2,6.0,Empleado_Formal
1,31.0,1,2,10,11, , ,3,16.0,16.0,-3.0,2,6.0,Empleado_Formal
2,59.0,1,2,8,13,1,2,3,14.0,14.0,0.0,2,6.0,Empleado_Formal
1,60.0,1,2,10,13,1,2,3,16.0,16.0,0.0,2,5.0,Desempleado
2,29.0,1,1,1,10, , ,0,0.0,16.0,-14.0,No Especificado,5.0,Empleado_Formal
1,29.0,1,2,8,13,1,2,3,14.0,14.0,0.0,2,7.0,Empleado_Formal
1,30.0,1,2,6,13, , , ,11.0,11.0,0.0,2,2.0,Empleado_Informal
2,45.0,1,3,1,1, , , ,0.0,4.5,0.0,2,2.0,Empleado_Informal
2,37.0,6,2,9,13, , ,3,13.5,13.5,0.0,2,5.0,Empleado_Informal
2,34.0,6,2,10,13,1,2,3,16.0,16.0,0.0,9,0.0,Empleado_Informal
1,42.0,6,2,6,13, , , ,11.0,11.0,0.0,2,5.0,Empleado_Informal
1,37.0,6,2,4,13, , , ,9.0,9.0,0.0,2,2.0,Empleado_Informal
1,24.0,6,2,6,13, , , ,11.0,11.0,0.0,2,6.0,Empleado_Informal
1,29.0,1,2,5,13, , , ,10.0,10.0,0.0,2,6.0,Empleado_Informal
2,26.0,1,2,6,13, , , ,11.0,11.0,0.0,2,6.0,Empleado_Informal
2,39.0,1,2,10,13,1,2,3,16.0,16.0,0.0,2,6.0,Empleado_Informal
1,40.0,1,2,10,13,1,2,3,16.0,16.0,0.0,2,6.0,Empleado_Informal
1,40.0,1,2,10,13,1,1,3,16.0,16.0,0.0,2,6.0,Empleado_Formal
2,39.0,1,2,10,13,1,1,3,16.0,16.0,0.0,2,7.0,Empleado_Formal
1,25.0,1,2,6,13, , , ,11.0,11.0,0.0,2,4.0,Empleado_Informal
2,24.0,1,2,6,13, , , ,11.0,11.0,0.0,2,5.0,Empleado_Informal
1,23.0,6,2,6,13, , , ,11.0,11.0,0.0,2,2.0,Empleado_Informal
1,29.0,6,2,6,13, , , ,11.0,11.0,0.0,2,2.0,Empleado_Informal
1,29.0,1,2,9,13, , ,3,13.5,13.5,0.0,2,6.0,Empleado_Informal
2,28.0,1,2,6,13, , , ,11.0,11.0,0.0,2,6.0,Empleado_Informal
2,22.0,6,2,6,13, , , ,11.0,11.0,0.0,2,4.0,Empleado_Informal
2,39.0,5,2,9,13, , ,3,13.5,13.5,0.0,2,5.0,Empleado_Informal
1,46.0,1,2,6,13, , , ,11.0,11.0,0.0,2,1.0,Empleado_Informal
2,42.0,1,2,6,13, , , ,11.0,11.0,0.0,1,1.0,Desempleado
1,20.0,1,2,6,13, , , ,11.0,11.0,0.0,2,1.0,Empleado_Informal
2,17.0,1,2,6,13, , , ,11.0,11.0,0.0,2,1.0,Empleado_Informal
1,21.0,6,2,9,7, , ,3,13.5,12.5,0.5,2,6.0,Empleado_Informal
2,26.0,6,2,6,13, , , ,11.0,11.0,0.0,1,2.0,Empleado_Informal
1,29.0,6,2,10,13,1,2,3,16.0,16.0,0.0,2,5.0,Empleado_Informal
1,24.0,6,2,6,13, , , ,11.0,11.0,0.0,2,3.0,Empleado_Informal
2,20.0,6,2,6,13, , , ,11.0,11.0,0.0,9,0.0,Desempleado
1,27.0,5,2,7,13, , ,3,12.5,12.5,0.0,2,6.0,Empleado_Informal
2,25.0,1,2,6,13, , , ,11.0,11.0,0.0,1,5.0,Empleado_Informal
1,28.0,1,2,5,13, , , ,10.0,10.0,0.0,2,5.0,Empleado_Formal
1,36.0,6,2,10,13,1,2,3,16.0,16.0,0.0,2,6.0,Empleado_Informal
2,30.0,5,2,10,13,1,2,3,16.0,16.0,0.0,2,6.0,Empleado_Informal
2,30.0,1,2,8,13,1,2,3,14.0,14.0,0.0,2,3.0,Empleado_Formal
1,34.0,1,2,6,13, , , ,11.0,11.0,0.0,2,6.0,Empleado_Informal
1,36.0,2,2,5,13, , , ,10.0,10.0,0.0,2,6.0,Empleado_Informal
2,35.0,2,2,9,13, , ,3,13.5,13.5,0.0,2,5.0,Empleado_Informal
1,16.0,6,2,3,13, , , ,4.5,4.5,0.0,2,5.0,Empleado_Informal
1,24.0,1,2,6,13, , , ,11.0,11.0,0.0,2,5.0,Empleado_Informal
2,25.0,1,2,6,13, , , ,11.0,11.0,0.0,2,1.0,Empleado_Informal
1,25.0,1,2,6,13, , , ,11.0,11.0,0.0,2,6.0,Empleado_Informal
2,27.0,1,2,9,13, , ,3,13.5,13.5,0.0,2,6.0,Empleado_Informal
1,29.0,1,1,6,13, , , ,11.0,11.0,0.0,No Especificado,5.0,Empleado_Informal
2,34.0,1,2,6,13, , , ,11.0,11.0,0.0,2,7.0,Empleado_Informal
1,30.0,1,2,6,13, , , ,11.0,11.0,0.0,2,6.0,Empleado_Informal
2,27.0,1,2,6,13, , , ,11.0,11.0,0.0,2,3.0,Empleado_Informal
1,24.0,1,2,9,13, , ,3,13.5,13.5,0.0,2,6.0,Empleado_Formal
2,22.0,1,1,1,12, , , ,0.0,11.0,0.0,No Especificado,5.0,Empleado_Formal
1,26.0,1,2,6,13, , , ,11.0,11.0,0.0,2,5.0,Empleado_Informal
2,26.0,1,2,6,13, , , ,11.0,11.0,0.0,2,3.0,Empleado_Informal
1,30.0,1,2,6,13, , , ,11.0,11.0,0.0,1,3.0,Empleado_Informal
1,52.0,1,2,3,13, , , ,4.5,4.5,0.0,2,5.0,Empleado_Informal
1,33.0,2,2,5,13, , , ,10.0,10.0,0.0,2,4.0,Empleado_Informal
2,26.0,5,2,6,13, , , ,11.0,11.0,0.0,2,6.0,Empleado_Informal
2,32.0,5,2,6,13, , , ,11.0,11.0,0.0,2,6.0,Empleado_Informal
1,20.0,1,2,5,13, , , ,10.0,10.0,0.0,9,1.0,Empleado_Informal
2,25.0,1,2,6,13, , , ,11.0,11.0,0.0,2,4.0,Empleado_Informal
1,28.0,1,2,6,13, , , ,11.0,11.0,0.0,2,4.0,Empleado_Informal
2,48.0,1,2,6,13, , , ,11.0,11.0,0.0,2,2.0,Empleado_Informal
1,50.0,1,2,3,13, , , ,4.5,4.5,0.0,2,2.0,Empleado_Formal
2,34.0,5,2,10,13,1,2,3,16.0,16.0,0.0,2,6.0,Empleado_Informal
1,37.0,2,2,6,13, , , ,11.0,11.0,0.0,2,6.0,Empleado_Formal
1,32.0,6,2,6,13, , , ,11.0,11.0,0.0,2,6.0,Empleado_Informal
2,41.0,1,2,5,13, , , ,10.0,10.0,0.0,1,6.0,Empleado_Informal
1,34.0,1,2,5,13, , , ,10.0,10.0,0.0,2,6.0,Empleado_Informal
1,22.0,1,2,6,13, , , ,11.0,11.0,0.0,9,0.0,Empleado_Informal
2,18.0,1,2,5,13, , , ,10.0,10.0,0.0,9,0.0,Empleado_Informal
1,41.0,1,2,6,13, , , ,11.0,11.0,0.0,2,6.0,Empleado_Informal
2,45.0,1,2,8,13,1,2,3,14.0,14.0,0.0,2,6.0,Empleado_Informal
2,27.0,1,2,6,13, , , ,11.0,11.0,0.0,2,5.0,Empleado_Informal
1,37.0,1,2,6,13, , , ,11.0,11.0,0.0,2,5.0,Empleado_Informal
1,25.0,1,2,6,13, , , ,11.0,11.0,0.0,1,7.0,Empleado_Informal
2,36.0,1,2,6,13, , , ,11.0,11.0,0.0,2,5.0,Empleado_Informal
1,44.0,1,2,6,13, , , ,11.0,11.0,0.0,2,6.0,Empleado_Informal
1,32.0,1,2,4,13, , , ,9.0,9.0,0.0,2,5.0,Empleado_Informal
1,30.0,1,2,5,13, , , ,10.0,10.0,0.0,2,3.0,Empleado_Informal
2,40.0,5,2,8,13,1,2,3,14.0,14.0,0.0,2,2.0,Empleado_Informal
1,37.0,1,2,6,13, , , ,11.0,11.0,0.0,2,6.0,Empleado_Informal
2,37.0,6,2,8,13,1,2,3,14.0,14.0,0.0,2,3.0,Empleado_Informal
1,35.0,1,2,6,13, , , ,11.0,11.0,0.0,1,2.0,Empleado_Informal
2,31.0,1,2,9,13, , ,3,13.5,13.5,0.0,1,5.0,Empleado_Informal
1,27.0,1,2,5,13, , , ,10.0,10.0,0.0,1,2.0,Empleado_Informal
2,22.0,1,2,5,13, , , ,10.0,10.0,0.0,1,1.0,Empleado_Informal
1,41.0,6,2,8,13,1,2,3,14.0,14.0,0.0,2,6.0,Empleado_Informal
1,33.0,2,2,6,13, , , ,11.0,11.0,0.0,2,6.0,Empleado_Informal
2,54.0,5,2,4,13, , , ,9.0,9.0,0.0,1,3.0,Empleado_Informal
1,46.0,1,2,6,13, , , ,11.0,11.0,0.0,2,7.0,Empleado_Formal
2,46.0,1,1,3,13, , , ,4.5,4.5,0.0,No Especificado,5.0,Empleado_Formal
2,27.0,1,2,5,13, , , ,10.0,10.0,0.0,9,0.0,Empleado_Informal
1,30.0,1,2,5,13, , , ,10.0,10.0,0.0,9,0.0,Empleado_Informal
2,29.0,6,2,6,6, , ,1,11.0,11.0,0.0,2,6.0,Empleado_Informal
2,32.0,6,2,6,13, , , ,11.0,11.0,0.0,2,6.0,Empleado_Informal
1,44.0,2,2,9,13, , ,3,13.5,13.5,0.0,2,8.0,Empleado_Informal
1,23.0,6,2,5,13, , , ,10.0,10.0,0.0,2,6.0,Empleado_Informal
1,21.0,6,2,5,13, , , ,10.0,10.0,0.0,1,6.0,Empleado_Informal
1,16.0,6,2,4,13, , , ,9.0,9.0,0.0,2,6.0,Empleado_Informal
2,20.0,1,2,6,13, , , ,11.0,11.0,0.0,2,4.0,Empleado_Informal
2,34.0,6,2,6,13, , , ,11.0,11.0,0.0,2,5.0,Empleado_Informal
2,28.0,1,2,9,13, , ,3,13.5,13.5,0.0,2,6.0,Empleado_Informal
1,31.0,1,2,9,13, , ,3,13.5,13.5,0.0,2,8.0,Empleado_Informal
1,23.0,6,2,6,13, , , ,11.0,11.0,0.0,2,5.0,Empleado_Informal
2,39.0,1,2,8,13,1,2,3,14.0,14.0,0.0,2,4.0,Empleado_Informal
1,43.0,1,2,7,13, , ,3,12.5,12.5,0.0,2,4.0,Empleado_Informal
2,20.0,6,2,6,13, , , ,11.0,11.0,0.0,1,1.0,Empleado_Informal
1,22.0,6,2,6,13, , , ,11.0,11.0,0.0,9,0.0,Empleado_Informal
1,38.0,1,2,4,13, , , ,9.0,9.0,0.0,2,6.0,Empleado_Informal
1,29.0,6,2,6,13, , , ,11.0,11.0,0.0,1,4.0,Empleado_Informal
2,32.0,5,2,6,13, , , ,11.0,11.0,0.0,1,6.0,Empleado_Informal
1,39.0,1,2,7,13, , ,3,12.5,12.5,0.0,1,3.0,Empleado_Informal
1,55.0,2,2,4,13, , , ,9.0,9.0,0.0,1,6.0,Empleado_Informal
2,48.0,2,2,5,13, , , ,10.0,10.0,0.0,1,5.0,Empleado_Informal
1,29.0,1,2,5,13, , , ,10.0,10.0,0.0,2,5.0,Empleado_Informal
2,27.0,1,2,9,13, , ,3,13.5,13.5,0.0,2,5.0,Empleado_Informal
2,30.0,5,2,6,13, , , ,11.0,11.0,0.0,2,6.0,Empleado_Formal
1,45.0,2,2,8,13,1,2,3,14.0,14.0,0.0,2,6.0,Empleado_Informal
2,59.0,3,2,3,13, , , ,4.5,4.5,0.0,9,2.0,Empleado_Informal
2,41.0,3,2,10,10, , ,3,16.0,16.0,0.0,2,6.0,Empleado_Informal
2,19.0,6,2,5,6, , ,1,10.0,11.0,-1.0,2,7.0,Empleado_Informal
2,24.0,6,2,6,13, , , ,11.0,11.0,0.0,2,3.0,Empleado_Informal
1,34.0,2,2,8,13,1,2,3,14.0,14.0,0.0,2,6.0,Empleado_Formal
1,34.0,6,2,10,13,1,2,3,16.0,16.0,0.0,9,0.0,Empleado_Informal
1,34.0,6,2,6,13, , , ,11.0,11.0,0.0,2,5.0,Empleado_Formal
1,30.0,1,1,1,8, , ,0,0.0,14.0,-14.0,No Especificado,5.0,Empleado_Informal
2,22.0,5,2,6,13, , , ,11.0,11.0,0.0,8,0.0,Empleado_Informal
1,27.0,1,2,6,13, , , ,11.0,11.0,0.0,9,1.0,Empleado_Informal
2,31.0,1,2,5,13, , , ,10.0,10.0,0.0,1,2.0,Empleado_Informal
1,31.0,1,2,6,13, , , ,11.0,11.0,0.0,1,2.0,Empleado_Informal
1,27.0,6,2,5,13, , , ,10.0,10.0,0.0,9,0.0,Desempleado
1,33.0,6,2,5,13, , , ,10.0,10.0,0.0,9,0.0,Empleado_Informal
2,28.0,6,2,5,13, , , ,10.0,10.0,0.0,2,3.0,Empleado_Informal
1,19.0,6,2,5,13, , , ,10.0,10.0,0.0,9,1.0,Empleado_Informal
1,27.0,6,2,7,13, , ,3,12.5,12.5,0.0,2,3.0,Empleado_Informal
1,28.0,6,2,7,13, , ,3,12.5,12.5,0.0,2,3.0,Empleado_Informal
1,22.0,1,2,6,13, , , ,11.0,11.0,0.0,2,3.0,Empleado_Informal
2,19.0,1,2,5,6, , ,1,10.0,11.0,-1.0,2,4.0,Empleado_Informal
1,30.0,1,2,9,13, , ,3,13.5,13.5,0.0,2,6.0,Empleado_Informal
2,29.0,1,2,10,13,1,2,3,16.0,16.0,0.0,2,3.0,Empleado_Informal
1,49.0,1,2,6,13, , , ,11.0,11.0,0.0,2,2.0,Empleado_Informal
2,46.0,1,2,5,13, , , ,10.0,10.0,0.0,2,2.0,Empleado_Informal
1,26.0,1,2,6,13, , , ,11.0,11.0,0.0,1,2.0,Desempleado
1,26.0,1,2,6,13, , , ,11.0,11.0,0.0,2,4.0,Empleado_Informal
2,31.0,1,2,6,13, , , ,11.0,11.0,0.0,2,4.0,Empleado_Informal
1,25.0,1,2,5,13, , , ,10.0,10.0,0.0,2,5.0,Empleado_Informal
1,16.0,1,2,4,5, , , ,9.0,8.5,0.5,2,6.0,Empleado_Informal
1,47.0,2,2,5,13, , , ,10.0,10.0,0.0,2,6.0,Empleado_Informal
2,44.0,2,2,5,13, , , ,10.0,10.0,0.0,2,6.0,Empleado_Informal
1,37.0,1,2,5,13, , , ,10.0,10.0,0.0,2,4.0,Empleado_Informal
2,28.0,1,1,1,5, , , ,0.0,8.5,-8.5,No Especificado,5.0,Empleado_Informal
1,48.0,2,2,8,13,1,2,3,14.0,14.0,0.0,2,6.0,Empleado_Informal
2,34.0,2,2,8,13,1,2,3,14.0,14.0,0.0,2,6.0,Empleado_Informal
1,30.0,2,2,6,13, , , ,11.0,11.0,0.0,2,6.0,Empleado_Formal
2,30.0,2,2,6,13, , , ,11.0,11.0,0.0,2,6.0,Empleado_Informal
2,51.0,6,2,4,13, , , ,9.0,9.0,0.0,2,5.0,Empleado_Informal
1,58.0,2,2,5,13, , , ,10.0,10.0,0.0,2,2.0,Empleado_Informal
1,29.0,6,2,6,13, , , ,11.0,11.0,0.0,2,2.0,Empleado_Informal
2,25.0,6,2,6,13, , , ,11.0,11.0,0.0,2,2.0,Empleado_Informal
1,32.0,1,2,7,13, , ,3,12.5,12.5,0.0,1,7.0,Empleado_Informal
1,30.0,6,2,6,13, , , ,11.0,11.0,0.0,1,1.0,Empleado_Informal
2,29.0,6,2,7,13, , ,3,12.5,12.5,0.0,1,1.0,Empleado_Informal
2,25.0,1,2,6,13, , , ,11.0,11.0,0.0,2,3.0,Empleado_Informal
1,32.0,1,2,6,13, , , ,11.0,11.0,0.0,2,3.0,Empleado_Formal
1,53.0,5,2,5,13, , , ,10.0,10.0,0.0,2,2.0,Empleado_Informal
1,36.0,1,2,10,13,1,2,3,16.0,16.0,0.0,2,7.0,Empleado_Informal
2,31.0,1,2,10,13,1,2,3,16.0,16.0,0.0,2,6.0,Empleado_Informal
1,35.0,1,2,6,13, , , ,11.0,11.0,0.0,2,6.0,Empleado_Informal
1,30.0,1,2,5,13, , , ,10.0,10.0,0.0,2,3.0,Empleado_Informal
2,26.0,1,2,6,13, , , ,11.0,11.0,0.0,2,3.0,Empleado_Informal
1,44.0,1,2,8,13,1,2,3,14.0,14.0,0.0,2,5.0,Empleado_Informal
2,34.0,1,2,6,13, , , ,11.0,11.0,0.0,2,5.0,Empleado_Informal
1,44.0,1,2,6,13, , , ,11.0,11.0,0.0,1,7.0,Empleado_Informal
2,46.0,1,2,9,13, , ,3,13.5,13.5,0.0,1,7.0,Empleado_Formal
1,39.0,1,2,9,13, , ,3,13.5,13.5,0.0,2,5.0,Empleado_Informal
2,24.0,1,1,1,6, , ,1,0.0,11.0,-11.0,No Especificado,5.0,Empleado_Informal
1,31.0,1,2,9,13, , ,3,13.5,13.5,0.0,2,6.0,Empleado_Informal
2,36.0,1,2,10,13,1,2,3,16.0,16.0,0.0,2,6.0,Empleado_Informal
2,24.0,1,2,8,13,1,2,3,14.0,14.0,0.0,1,4.0,Empleado_Informal
1,24.0,1,2,9,13, , ,3,13.5,13.5,0.0,2,4.0,Empleado_Informal
1,49.0,1,2,8,13,1,2,3,14.0,14.0,0.0,2,6.0,Empleado_Informal
2,50.0,6,2,9,13, , ,3,13.5,13.5,0.0,1,1.0,Empleado_Informal
1,34.0,1,2,6,13, , , ,11.0,11.0,0.0,2,5.0,Empleado_Informal
2,37.0,1,2,8,13,2, ,3,14.0,14.0,0.0,2,6.0,Empleado_Informal
1,28.0,1,2,8,13,2, ,3,14.0,14.0,0.0,2,3.0,Empleado_Informal
2,44.0,6,2,9,13, , ,3,13.5,13.5,0.0,2,6.0,Empleado_Formal
1,25.0,5,2,9,13, , ,3,13.5,13.5,0.0,1,1.0,Empleado_Informal
1,40.0,1,2,6,13, , , ,11.0,11.0,0.0,1,6.0,Empleado_Informal
2,35.0,1,2,6,13, , , ,11.0,11.0,0.0,2,6.0,Empleado_Informal
2,30.0,6,2,6,13, , , ,11.0,11.0,0.0,2,6.0,Empleado_Informal
2,19.0,6,2,5,13, , , ,10.0,10.0,0.0,1,1.0,Empleado_Informal
2,19.0,6,2,6,13, , , ,11.0,11.0,0.0,1,1.0,Empleado_Informal
1,30.0,1,2,6,13, , , ,11.0,11.0,0.0,1,2.0,Empleado_Informal
2,39.0,1,2,10,13,2, ,3,16.0,16.0,0.0,1,3.0,Empleado_Informal
2,43.0,1,2,10,13,1,2,3,16.0,16.0,0.0,2,3.0,Empleado_Informal
1,45.0,1,2,10,13,1,2,3,16.0,16.0,0.0,2,3.0,Empleado_Informal
1,29.0,1,2,4,13, , , ,9.0,9.0,0.0,2,6.0,Empleado_Informal
2,35.0,1,2,10,13,1,2,3,16.0,16.0,0.0,2,7.0,Empleado_Informal
1,30.0,6,2,6,13, , , ,11.0,11.0,0.0,2,6.0,Empleado_Informal
2,60.0,4,2,4,13, , , ,9.0,9.0,0.0,9,2.0,Empleado_Informal
1,43.0,1,1,1,6, , ,1,0.0,11.0,-11.0,No Especificado,5.0,Empleado_Informal
2,49.0,1,2,11,13,1,2,3,16.0,16.0,0.0,2,7.0,Empleado_Formal
2,44.0,6,2,10,13,1,2,3,16.0,16.0,0.0,2,6.0,Empleado_Formal
1,29.0,6,2,6,13, , , ,11.0,11.0,0.0,2,7.0,Empleado_Informal
2,55.0,6,2,7,13, , ,3,12.5,12.5,0.0,2,5.0,Empleado_Informal
1,31.0,1,2,6,13, , , ,11.0,11.0,0.0,2,5.0,Empleado_Informal
2,24.0,1,1,1,6, , ,3,0.0,11.0,-11.0,No Especificado,5.0,Empleado_Informal
2,20.0,1,2,4,6, , ,1,9.0,11.0,-2.0,2,6.0,Empleado_Formal
1,26.0,1,1,1,6, , ,1,0.0,11.0,-11.0,No Especificado,5.0,Empleado_Informal
1,61.0,1,1,1,6, , ,1,0.0,11.0,-11.0,No Especificado,5.0,Empleado_Informal
2,51.0,1,2,6,13, , , ,11.0,11.0,0.0,2,6.0,Empleado_Informal
2,20.0,6,2,6,13, , , ,11.0,11.0,0.0,2,2.0,Desempleado
2,33.0,6,2,6,13, , , ,11.0,11.0,0.0,2,6.0,Empleado_Informal
1,23.0,6,2,6,13, , , ,11.0,11.0,0.0,1,1.0,Empleado_Informal
2,43.0,1,2,6,13, , , ,11.0,11.0,0.0,2,6.0,Empleado_Informal
1,39.0,1,2,6,13, , , ,11.0,11.0,0.0,2,6.0,Empleado_Informal
1,23.0,6,2,10,13,1,2,3,16.0,16.0,0.0,2,1.0,Desempleado
1,44.0,4,2,6,13, , , ,11.0,11.0,0.0,9,2.0,Empleado_Informal
2,37.0,6,2,10,13,1,2,3,16.0,16.0,0.0,2,5.0,Empleado_Informal
2,62.0,4,2,7,13, , ,3,12.5,12.5,0.0,9,3.0,Empleado_Informal
2,40.0,6,2,8,13,1,2,3,14.0,14.0,0.0,2,6.0,Empleado_Informal
1,24.0,6,2,6,13, , , ,11.0,11.0,0.0,9,5.0,Empleado_Informal
2,36.0,1,2,4,13, , , ,9.0,9.0,0.0,1,1.0,Empleado_Informal
1,40.0,1,2,6,13, , , ,11.0,11.0,0.0,1,1.0,Desempleado
2,43.0,1,2,11,13,1,2,3,16.0,16.0,0.0,9,4.0,Empleado_Informal
1,36.0,1,1,1,7, , ,0,0.0,12.5,-12.5,No Especificado,5.0,Empleado_Informal
2,29.0,5,2,6,13, , , ,11.0,11.0,0.0,2,5.0,Empleado_Informal
2,34.0,6,2,4,13, , , ,9.0,9.0,0.0,9,1.0,Empleado_Informal
2,30.0,5,2,6,13, , , ,11.0,11.0,0.0,1,1.0,Empleado_Informal
1,45.0,1,1,1,5, , , ,0.0,8.5,-8.5,No Especificado,5.0,Empleado_Informal
2,25.0,1,2,5,13, , , ,10.0,10.0,0.0,1,2.0,Empleado_Informal
2,24.0,6,2,5,13, , , ,10.0,10.0,0.0,1,1.0,Empleado_Informal
2,34.0,1,2,10,13,1,2,3,16.0,16.0,0.0,2,6.0,Empleado_Informal
1,34.0,1,2,9,13, , ,3,13.5,13.5,0.0,2,6.0,Empleado_Informal
1,16.0,6,2,4,5, , , ,9.0,8.5,0.5,1,3.0,Empleado_Informal
1,34.0,1,2,8,13,1,2,3,14.0,14.0,0.0,1,2.0,Empleado_Informal
2,25.0,1,2,8,13,1,2,3,14.0,14.0,0.0,1,2.0,Desempleado
1,29.0,1,2,7,13, , ,3,12.5,12.5,0.0,2,7.0,Empleado_Formal
2,27.0,1,2,8,13,1,2,3,14.0,14.0,0.0,1,7.0,Empleado_Informal
2,23.0,6,2,5,13, , , ,10.0,10.0,0.0,9,1.0,Empleado_Informal
1,31.0,1,2,6,13, , , ,11.0,11.0,0.0,2,6.0,Empleado_Informal
1,32.0,1,2,6,13, , , ,11.0,11.0,0.0,2,6.0,Empleado_Formal
1,39.0,2,2,8,13,1,2,3,14.0,14.0,0.0,2,2.0,Empleado_Informal
2,35.0,2,2,8,13,1,2,3,14.0,14.0,0.0,2,2.0,Empleado_Informal
1,42.0,1,2,10,13,1,1,3,16.0,16.0,0.0,2,6.0,Empleado_Formal
2,43.0,1,2,10,13,1,1,3,16.0,16.0,0.0,2,6.0,Empleado_Formal
1,29.0,6,2,6,13, , , ,11.0,11.0,0.0,2,6.0,Empleado_Informal
1,27.0,6,2,6,13, , , ,11.0,11.0,0.0,2,6.0,Empleado_Informal
1,33.0,1,2,7,13, , ,3,12.5,12.5,0.0,2,6.0,Empleado_Informal
2,39.0,6,2,10,13,1,2,3,16.0,16.0,0.0,2,6.0,Empleado_Informal
2,16.0,6,2,5,5, , , ,10.0,8.5,0.5,2,3.0,Empleado_Informal
1,31.0,1,2,6,13, , , ,11.0,11.0,0.0,2,6.0,Empleado_Formal
2,33.0,1,2,9,13, , ,3,13.5,13.5,0.0,2,6.0,Empleado_Informal
2,50.0,6,2,6,13, , , ,11.0,11.0,0.0,2,6.0,Empleado_Informal
2,27.0,6,2,8,13,1,2,3,14.0,14.0,0.0,2,7.0,Empleado_Informal
1,32.0,6,2,7,13, , ,3,12.5,12.5,0.0,2,6.0,Empleado_Informal
1,44.0,6,2,10,13,2, ,3,16.0,16.0,0.0,2,6.0,Empleado_Informal
1,18.0,6,2,6,13, , , ,11.0,11.0,0.0,7,5.0,Empleado_Informal
2,35.0,5,2,10,13,1,2,3,16.0,16.0,0.0,2,6.0,Empleado_Informal
2,58.0,6,2,8,13,1,2,3,14.0,14.0,0.0,2,5.0,Empleado_Informal
1,36.0,1,2,9,13, , ,3,13.5,13.5,0.0,2,6.0,Empleado_Formal
2,33.0,1,2,8,13,1,2,3,14.0,14.0,0.0,2,5.0,Empleado_Informal
1,28.0,1,2,6,13, , , ,11.0,11.0,0.0,2,5.0,Empleado_Informal
1,58.0,5,2,3,13, , , ,4.5,4.5,0.0,9,1.0,Empleado_Informal
2,20.0,1,2,5,13, , , ,10.0,10.0,0.0,9,2.0,Empleado_Informal
2,31.0,6,2,6,13, , , ,11.0,11.0,0.0,9,5.0,Empleado_Informal
1,40.0,6,2,10,13,1,1,3,16.0,16.0,0.0,2,5.0,Empleado_Formal
1,44.0,6,2,10,13,1,1,3,16.0,16.0,0.0,2,6.0,Empleado_Informal
1,37.0,6,2,10,13,1,2,3,16.0,16.0,0.0,2,2.0,Empleado_Informal
2,28.0,1,2,9,13, , ,3,13.5,13.5,0.0,2,5.0,Empleado_Informal
1,41.0,1,2,10,13,1,2,3,16.0,16.0,0.0,2,5.0,Empleado_Informal
1,27.0,1,2,6,13, , , ,11.0,11.0,0.0,2,5.0,Empleado_Informal
2,31.0,1,2,9,13, , ,3,13.5,13.5,0.0,2,5.0,Empleado_Informal
2,36.0,6,2,10,13,1,2,3,16.0,16.0,0.0,2,7.0,Empleado_Formal
1,37.0,1,2,4,13, , , ,9.0,9.0,0.0,2,5.0,Empleado_Informal
2,19.0,6,2,5,13, , , ,10.0,10.0,0.0,2,5.0,Empleado_Informal
2,33.0,6,2,8,13,1,2,3,14.0,14.0,0.0,2,6.0,Empleado_Informal
1,28.0,1,2,5,13, , , ,10.0,10.0,0.0,1,0.0,Empleado_Informal
2,23.0,1,2,5,13, , , ,10.0,10.0,0.0,2,0.0,Empleado_Informal
1,32.0,1,2,9,13, , ,3,13.5,13.5,0.0,2,6.0,Empleado_Informal
1,27.0,1,2,9,13, , ,3,13.5,13.5,0.0,9,0.0,Empleado_Informal
2,31.0,1,2,6,13, , , ,11.0,11.0,0.0,9,0.0,Empleado_Informal
1,35.0,1,2,6,13, , , ,11.0,11.0,0.0,2,6.0,Empleado_Formal
2,35.0,1,2,8,13,2, ,3,14.0,14.0,0.0,2,6.0,Empleado_Formal
2,18.0,6,2,6,13, , , ,11.0,11.0,0.0,9,1.0,Empleado_Informal
1,61.0,2,2,8,13,2, ,3,14.0,14.0,0.0,9,1.0,Empleado_Informal
2,43.0,1,2,6,13, , , ,11.0,11.0,0.0,2,3.0,Empleado_Informal
1,35.0,1,2,6,13, , , ,11.0,11.0,0.0,2,6.0,Empleado_Informal
2,52.0,6,2,5,13, , , ,10.0,10.0,0.0,9,2.0,Desempleado
2,31.0,6,2,6,13, , , ,11.0,11.0,0.0,2,3.0,Empleado_Informal
1,23.0,5,2,6,13, , , ,11.0,11.0,0.0,2,4.0,Empleado_Informal
2,24.0,6,2,6,13, , , ,11.0,11.0,0.0,2,6.0,Empleado_Informal
1,28.0,6,2,10,13,1,2,3,16.0,16.0,0.0,2,5.0,Empleado_Informal
1,23.0,1,2,3,13, , , ,4.5,4.5,0.0,2,7.0,Empleado_Informal
1,48.0,2,2,8,13,1,2,3,14.0,14.0,0.0,2,6.0,Empleado_Informal
2,41.0,2,2,6,13, , , ,11.0,11.0,0.0,2,6.0,Empleado_Informal
2,28.0,2,2,8,13,1,2,3,14.0,14.0,0.0,9,6.0,Empleado_Informal
1,30.0,2,2,6,13, , , ,11.0,11.0,0.0,2,6.0,Empleado_Informal
1,54.0,2,2,5,13, , , ,10.0,10.0,0.0,2,2.0,Empleado_Informal
1,48.0,1,2,10,13,1,2,3,16.0,16.0,0.0,2,2.0,Empleado_Formal
2,33.0,1,2,6,13, , , ,11.0,11.0,0.0,2,3.0,Empleado_Formal
2,17.0,6,2,5,5, , , ,10.0,8.5,0.5,2,3.0,Empleado_Informal
1,47.0,1,1,1,10, , ,0,0.0,16.0,-14.0,No Especificado,5.0,Empleado_Formal
2,36.0,1,2,10,13,1,1,3,16.0,16.0,0.0,2,7.0,Empleado_Informal
2,30.0,1,2,10,13,1,2,3,16.0,16.0,0.0,2,6.0,Empleado_Formal
1,36.0,1,1,1,10, , ,0,0.0,16.0,-14.0,No Especificado,5.0,Empleado_Informal
2,49.0,1,2,6,13, , , ,11.0,11.0,0.0,1,2.0,Empleado_Informal
1,45.0,1,2,10,13,1,2,3,16.0,16.0,0.0,2,4.0,Empleado_Informal
1,31.0,6,2,10,11, , ,3,16.0,16.0,-3.0,2,6.0,Empleado_Informal
2,54.0,6,2,4,13, , , ,9.0,9.0,0.0,2,6.0,Desempleado
1,30.0,6,2,8,13,1,2,3,14.0,14.0,0.0,2,6.0,Desempleado
1,21.0,6,2,7,13, , ,3,12.5,12.5,0.0,2,5.0,Empleado_Formal
1,58.0,2,2,10,13,1,2,3,16.0,16.0,0.0,2,6.0,Empleado_Informal
2,45.0,2,2,10,13,1,2,3,16.0,16.0,0.0,2,6.0,Empleado_Informal
2,23.0,6,2,6,13, , , ,11.0,11.0,0.0,2,4.0,Empleado_Informal
2,29.0,5,2,10,13,1,2,3,16.0,16.0,0.0,2,4.0,Empleado_Informal
1,47.0,6,2,5,13, , , ,10.0,10.0,0.0,2,7.0,Empleado_Informal
1,55.0,1,1,10,13,2, ,3,16.0,16.0,0.0,No Especificado,5.0,Empleado_Informal
2,34.0,1,2,10,13,1,2,3,16.0,16.0,0.0,2,6.0,Empleado_Informal
2,17.0,6,2,4,5, , , ,9.0,8.5,0.5,2,6.0,Empleado_Informal
2,54.0,6,2,9,13, , ,3,13.5,13.5,0.0,No Especificado,5.0,Empleado_Informal
1,32.0,1,2,10,13,1,2,3,16.0,16.0,0.0,2,6.0,Empleado_Informal
2,25.0,1,2,8,13,1,2,3,14.0,14.0,0.0,2,3.0,Empleado_Informal
1,30.0,6,2,6,13, , , ,11.0,11.0,0.0,2,3.0,Empleado_Informal
1,46.0,1,2,10,11, , ,3,16.0,16.0,-3.0,2,7.0,Empleado_Formal
2,37.0,1,2,11,11, , ,3,16.0,16.0,-1.0,2,7.0,Empleado_Formal
1,21.0,6,2,6,9, , ,0,11.0,13.5,-2.5,2,6.0,Empleado_Informal
2,38.0,6,2,6,13, , , ,11.0,11.0,0.0,6,6.0,Empleado_Informal
1,24.0,1,2,7,13, , ,3,12.5,12.5,0.0,2,6.0,Empleado_Informal
2,24.0,1,2,6,13, , , ,11.0,11.0,0.0,4,6.0,Empleado_Informal
1,31.0,6,2,9,13, , ,3,13.5,13.5,0.0,2,6.0,Empleado_Formal
1,20.0,6,2,6,13, , , ,11.0,11.0,0.0,2,2.0,Empleado_Informal
1,20.0,6,2,6,13, , , ,11.0,11.0,0.0,1,1.0,Empleado_Informal
1,64.0,2,2,10,13,1,1,3,16.0,16.0,0.0,2,6.0,Empleado_Formal
2,41.0,5,2,9,13, , ,3,13.5,13.5,0.0,2,5.0,Empleado_Informal
1,25.0,6,2,5,13, , , ,10.0,10.0,0.0,2,5.0,Empleado_Informal
2,38.0,5,2,8,13,2, ,3,14.0,14.0,0.0,2,6.0,Empleado_Informal
1,20.0,6,2,6,13, , , ,11.0,11.0,0.0,2,2.0,Empleado_Informal
1,16.0,6,2,4,4, , , ,9.0,6.0,0.5, ,5.0,Empleado_Informal
1,43.0,1,2,5,13, , , ,10.0,10.0,0.0,2,5.0,Empleado_Informal
2,55.0,1,2,6,13, , , ,11.0,11.0,0.0,2,5.0,Empleado_Informal
1,39.0,1,2,4,13, , , ,9.0,9.0,0.0,1,5.0,Empleado_Informal
2,37.0,1,4,1,13, , , ,0.0,4.5,0.0,2,1.0,Empleado_Informal
1,35.0,1,2,6,13, , , ,11.0,11.0,0.0,2,3.0,Empleado_Informal
2,53.0,1,2,5,13, , , ,10.0,10.0,0.0,2,2.0,Empleado_Informal
1,24.0,1,2,6,13, , , ,11.0,11.0,0.0,6,5.0,Empleado_Informal
2,26.0,1,2,9,13, , ,3,13.5,13.5,0.0,6,4.0,Empleado_Informal
1,34.0,6,2,6,13, , , ,11.0,11.0,0.0,6,1.0,Empleado_Informal
2,28.0,1,2,6,13, , , ,11.0,11.0,0.0,2,6.0,Empleado_Informal
1,50.0,1,1,1,6, , ,1,0.0,11.0,-11.0,No Especificado,5.0,Empleado_Informal
1,32.0,6,2,6,13, , , ,11.0,11.0,0.0,1,5.0,Empleado_Informal
1,22.0,6,2,6,13, , , ,11.0,11.0,0.0,1,2.0,Empleado_Informal
1,34.0,1,2,9,13, , ,3,13.5,13.5,0.0,9,3.0,Empleado_Informal
2,40.0,1,2,6,13, , , ,11.0,11.0,0.0,2,7.0,Empleado_Informal
2,36.0,2,2,4,13, , , ,9.0,9.0,0.0,6,5.0,Empleado_Informal
1,37.0,2,2,6,13, , , ,11.0,11.0,0.0,2,6.0,Empleado_Informal
2,20.0,6,2,5,13, , , ,10.0,10.0,0.0,1,2.0,Empleado_Informal
1,46.0,1,2,3,13, , , ,4.5,4.5,0.0,2,5.0,Empleado_Informal
1,23.0,1,2,5,13, , , ,10.0,10.0,0.0,1,1.0,Empleado_Informal
1,20.0,6,2,6,13, , , ,11.0,11.0,0.0,9,0.0,Empleado_Informal
2,48.0,6,2,6,13, , , ,11.0,11.0,0.0,1,1.0,Empleado_Informal
1,28.0,6,2,5,13, , , ,10.0,10.0,0.0,9,2.0,Empleado_Informal
1,23.0,6,2,5,13, , , ,10.0,10.0,0.0,4,4.0,Empleado_Informal
2,18.0,6,2,6,13, , , ,11.0,11.0,0.0,1,1.0,Empleado_Informal
1,28.0,2,2,6,13, , , ,11.0,11.0,0.0,2,5.0,Empleado_Informal
1,54.0,6,2,5,13, , , ,10.0,10.0,0.0,9,3.0,Empleado_Informal
1,45.0,1,2,9,13, , ,3,13.5,13.5,0.0,2,3.0,Empleado_Informal
1,55.0,6,2,8,13,2, ,3,14.0,14.0,0.0,2,7.0,Empleado_Informal
2,48.0,1,2,10,13,1,1,3,16.0,16.0,0.0,2,6.0,Empleado_Formal
1,40.0,1,2,10,13,1,2,3,16.0,16.0,0.0,2,7.0,Empleado_Informal
2,46.0,6,2,8,13,1,2,3,14.0,14.0,0.0,2,7.0,Empleado_Formal
2,43.0,6,2,8,13,1,1,3,14.0,14.0,0.0,4,5.0,Empleado_Informal
2,53.0,1,2,6,13, , , ,11.0,11.0,0.0,2,5.0,Empleado_Informal
1,60.0,1,2,6,13, , , ,11.0,11.0,0.0,2,6.0,Empleado_Informal
2,34.0,1,2,8,13,1,2,3,14.0,14.0,0.0,2,4.0,Empleado_Informal
1,36.0,1,2,8,13,1,2,3,14.0,14.0,0.0,2,4.0,Empleado_Informal
1,35.0,6,2,10,13,1,2,3,16.0,16.0,0.0,2,6.0,Empleado_Informal
2,59.0,5,2,5,13, , , ,10.0,10.0,0.0,2,2.0,Desempleado
1,30.0,6,2,10,13,1,2,3,16.0,16.0,0.0,2,6.0,Empleado_Formal
1,46.0,1,1,1,6, , ,1,0.0,11.0,-11.0,No Especificado,5.0,Empleado_Formal
2,45.0,1,2,8,13,1,1,3,14.0,14.0,0.0,1,5.0,Empleado_Informal
2,21.0,6,2,6,13, , , ,11.0,11.0,0.0,1,5.0,Empleado_Formal
1,26.0,1,2,6,13, , , ,11.0,11.0,0.0,2,6.0,Empleado_Formal
1,28.0,6,2,10,13,1,2,3,16.0,16.0,0.0,2,5.0,Empleado_Formal
2,23.0,6,2,6,13, , , ,11.0,11.0,0.0,2,1.0,Empleado_Informal
2,48.0,6,1,1,8, , ,0,0.0,14.0,-14.0,No Especificado,5.0,Empleado_Formal
1,21.0,6,2,6,9, , ,0,11.0,13.5,-2.5,4,6.0,Empleado_Formal
2,16.0,6,2,3,5, , , ,4.5,8.5,-4.0,4,5.0,Empleado_Informal
2,30.0,6,2,6,13, , , ,11.0,11.0,0.0,1,2.0,Empleado_Informal
1,54.0,6,2,10,13,2, ,3,16.0,16.0,0.0,2,7.0,Empleado_Informal
2,52.0,2,2,9,13, , ,3,13.5,13.5,0.0,2,6.0,Empleado_Informal
1,33.0,6,2,10,13,2, ,3,16.0,16.0,0.0,2,6.0,Empleado_Informal
2,57.0,4,2,6,13, , , ,11.0,11.0,0.0,1,2.0,Empleado_Formal
1,24.0,6,2,6,13, , , ,11.0,11.0,0.0,1,1.0,Empleado_Informal
2,38.0,6,2,6,13, , , ,11.0,11.0,0.0,1,2.0,Empleado_Informal
1,31.0,6,2,10,13,1,2,3,16.0,16.0,0.0,1,1.0,Empleado_Informal
2,50.0,6,2,5,13, , , ,10.0,10.0,0.0,1,4.0,Empleado_Informal
2,30.0,6,2,6,13, , , ,11.0,11.0,0.0,1,6.0,Empleado_Informal
2,21.0,6,2,5,6, , ,1,10.0,11.0,-1.0,1,4.0,Empleado_Informal
1,29.0,6,2,6,13, , , ,11.0,11.0,0.0,2,2.0,Empleado_Informal
1,60.0,1,1,1,9, , ,0,0.0,13.5,-13.5,No Especificado,5.0,Empleado_Informal
2,38.0,1,2,6,13, , , ,11.0,11.0,0.0,2,5.0,Empleado_Informal
1,22.0,6,2,6,13, , , ,11.0,11.0,0.0,2,3.0,Empleado_Informal
2,19.0,6,2,5,13, , , ,10.0,10.0,0.0,2,2.0,Empleado_Informal
1,34.0,1,2,7,13, , ,3,12.5,12.5,0.0,2,7.0,Empleado_Informal
2,53.0,4,2,6,13, , , ,11.0,11.0,0.0,2,6.0,Empleado_Informal
1,36.0,6,2,8,13,1,2,3,14.0,14.0,0.0,2,7.0,Empleado_Informal
2,64.0,4,2,10,13,1,1,3,16.0,16.0,0.0,2,2.0,Desempleado
1,34.0,1,2,6,13, , , ,11.0,11.0,0.0,1,5.0,Empleado_Informal
2,25.0,1,2,6,13, , , ,11.0,11.0,0.0,1,6.0,Empleado_Informal
2,52.0,4,2,10,13,1,2,3,16.0,16.0,0.0,2,6.0,Empleado_Informal
1,24.0,6,2,6,13, , , ,11.0,11.0,0.0,2,3.0,Empleado_Informal
2,30.0,6,2,4,13, , , ,9.0,9.0,0.0,2,3.0,Empleado_Informal
1,43.0,1,2,8,13,2, ,3,14.0,14.0,0.0,1,5.0,Empleado_Informal
2,41.0,1,2,8,13,1,2,3,14.0,14.0,0.0,1,5.0,Desempleado
2,35.0,1,2,8,13,1,2,3,14.0,14.0,0.0,2,3.0,Empleado_Informal
1,39.0,1,2,10,13,1,2,3,16.0,16.0,0.0,2,3.0,Empleado_Informal
1,31.0,6,2,4,13, , , ,9.0,9.0,0.0,1,6.0,Empleado_Informal
2,31.0,6,2,10,13,1,2,3,16.0,16.0,0.0,2,6.0,Empleado_Formal
1,29.0,6,2,7,13, , ,3,12.5,12.5,0.0,1,3.0,Empleado_Informal
1,29.0,6,2,6,13, , , ,11.0,11.0,0.0,6,6.0,Empleado_Informal
1,32.0,1,2,6,13, , , ,11.0,11.0,0.0,2,5.0,Empleado_Informal
2,28.0,1,2,6,13, , , ,11.0,11.0,0.0,6,6.0,Empleado_Informal
2,37.0,6,2,6,13, , , ,11.0,11.0,0.0,6,6.0,Empleado_Informal
1,29.0,6,2,10,13,1,2,3,16.0,16.0,0.0,2,6.0,Empleado_Formal
1,31.0,6,2,10,13,2, ,3,16.0,16.0,0.0,2,6.0,Empleado_Informal
1,35.0,1,2,6,13, , , ,11.0,11.0,0.0,2,4.0,Empleado_Formal
2,24.0,6,2,5,13, , , ,10.0,10.0,0.0,1,3.0,Empleado_Informal
2,26.0,1,2,6,13, , , ,11.0,11.0,0.0,1,3.0,Desempleado
1,30.0,1,2,6,13, , , ,11.0,11.0,0.0,1,3.0,Empleado_Informal
1,31.0,6,2,6,13, , , ,11.0,11.0,0.0,1,3.0,Empleado_Informal
2,31.0,6,2,5,13, , , ,10.0,10.0,0.0,1,2.0,Empleado_Informal
1,29.0,1,2,6,13, , , ,11.0,11.0,0.0,2,5.0,Empleado_Informal
1,33.0,1,2,7,13, , ,3,12.5,12.5,0.0,1,3.0,Empleado_Informal
2,26.0,6,2,8,13,1,2,3,14.0,14.0,0.0,1,2.0,Empleado_Informal
1,42.0,1,2,8,13,1,2,3,14.0,14.0,0.0,1,5.0,Empleado_Informal
2,27.0,6,2,8,13,1,2,3,14.0,14.0,0.0,1,5.0,Empleado_Informal
2,24.0,1,2,6,13, , , ,11.0,11.0,0.0,1,3.0,Desempleado
1,31.0,1,2,8,13,1,2,3,14.0,14.0,0.0,1,3.0,Empleado_Informal
2,28.0,1,2,6,13, , , ,11.0,11.0,0.0,1,3.0,Desempleado
1,31.0,1,2,8,13,1,2,3,14.0,14.0,0.0,2,3.0,Empleado_Informal
1,29.0,1,2,6,13, , , ,11.0,11.0,0.0,2,6.0,Empleado_Informal
1,54.0,6,2,8,13,1,2,3,14.0,14.0,0.0,6,3.0,Empleado_Informal
1,40.0,1,2,5,13, , , ,10.0,10.0,0.0,3,5.0,Empleado_Informal
2,38.0,1,2,6,13, , , ,11.0,11.0,0.0,2,6.0,Empleado_Informal
1,42.0,1,2,6,13, , , ,11.0,11.0,0.0,2,8.0,Empleado_Informal
2,36.0,1,2,9,13, , ,3,13.5,13.5,0.0,2,5.0,Empleado_Informal
2,53.0,6,2,5,13, , , ,10.0,10.0,0.0,2,6.0,Empleado_Informal
2,28.0,6,2,8,13,1,2,3,14.0,14.0,0.0,3,5.0,Empleado_Informal
1,32.0,6,2,10,13,1,2,3,16.0,16.0,0.0,2,5.0,Empleado_Informal
2,28.0,6,2,8,13,1,2,3,14.0,14.0,0.0,1,2.0,Empleado_Informal
2,34.0,2,2,8,13,1,2,3,14.0,14.0,0.0,2,7.0,Empleado_Informal
2,28.0,6,2,6,13, , , ,11.0,11.0,0.0,1,5.0,Empleado_Informal
2,45.0,5,2,10,13,1,2,3,16.0,16.0,0.0,2,5.0,Empleado_Informal
1,27.0,6,2,8,13,1,2,3,14.0,14.0,0.0,2,5.0,Empleado_Informal
1,47.0,6,2,8,13,1,2,3,14.0,14.0,0.0,2,2.0,Empleado_Informal
2,25.0,6,2,8,13,1,2,3,14.0,14.0,0.0,2,2.0,Empleado_Informal
1,29.0,6,2,5,13, , , ,10.0,10.0,0.0,2,5.0,Empleado_Informal
1,36.0,6,2,10,13,1,2,3,16.0,16.0,0.0,2,6.0,Empleado_Informal
2,43.0,6,2,10,13,1,2,3,16.0,16.0,0.0,2,6.0,Empleado_Informal
2,24.0,6,2,6,13, , , ,11.0,11.0,0.0,2,3.0,Empleado_Informal
2,47.0,6,2,10,13,1,2,3,16.0,16.0,0.0,2,7.0,Empleado_Informal
2,31.0,6,2,8,13,1,2,3,14.0,14.0,0.0,2,8.0,Empleado_Informal
1,32.0,1,2,10,13,1,1,3,16.0,16.0,0.0,2,6.0,Empleado_Informal
1,33.0,1,2,9,13, , ,3,13.5,13.5,0.0,2,7.0,Empleado_Informal
2,24.0,1,2,6,13, , , ,11.0,11.0,0.0,2,4.0,Empleado_Informal
1,49.0,1,2,10,13,1,1,3,16.0,16.0,0.0,2,6.0,Empleado_Formal
2,45.0,1,2,8,13,1,2,3,14.0,14.0,0.0,2,6.0,Empleado_Informal
2,36.0,6,2,10,13,1,2,3,16.0,16.0,0.0,2,6.0,Empleado_Informal
1,40.0,2,2,6,13, , , ,11.0,11.0,0.0,2,6.0,Empleado_Informal
2,40.0,2,2,6,13, , , ,11.0,11.0,0.0,2,6.0,Empleado_Informal
2,30.0,6,2,6,13, , , ,11.0,11.0,0.0,2,6.0,Empleado_Informal
2,41.0,6,2,10,13,1,2,3,16.0,16.0,0.0,2,5.0,Empleado_Informal
1,45.0,6,2,10,13,1,2,3,16.0,16.0,0.0,2,7.0,Empleado_Informal
2,37.0,6,2,6,13, , , ,11.0,11.0,0.0,2,6.0,Empleado_Informal
1,53.0,2,2,5,13, , , ,10.0,10.0,0.0,2,5.0,Empleado_Informal
2,56.0,2,2,10,13,1,2,3,16.0,16.0,0.0,2,5.0,Empleado_Informal
1,26.0,6,2,5,13, , , ,10.0,10.0,0.0,2,5.0,Empleado_Informal
2,22.0,6,2,6,9, , ,0,11.0,13.5,-2.5,2,6.0,Empleado_Informal
1,23.0,6,2,8,13,1,2,3,14.0,14.0,0.0,2,2.0,Empleado_Informal
1,25.0,6,2,9,13, , ,3,13.5,13.5,0.0,9,1.0,Empleado_Informal
1,23.0,6,2,6,13, , , ,11.0,11.0,0.0,9,2.0,Empleado_Informal
1,30.0,1,2,8,13,1,2,3,14.0,14.0,0.0,2,6.0,Empleado_Formal
2,32.0,1,1,1,7, , ,0,0.0,12.5,-12.5,No Especificado,5.0,Empleado_Informal
1,37.0,2,1,1,10, , ,0,0.0,16.0,-14.0,No Especificado,5.0,Empleado_Formal
2,32.0,2,2,10,13,1,2,3,16.0,16.0,0.0,2,6.0,Empleado_Formal
1,31.0,2,2,10,13,1,1,3,16.0,16.0,0.0,2,6.0,Empleado_Informal
2,21.0,6,2,6,13, , , ,11.0,11.0,0.0,2,3.0,Empleado_Informal
1,29.0,1,2,6,13, , , ,11.0,11.0,0.0,2,6.0,Empleado_Informal
1,34.0,1,2,4,6, , ,1,9.0,11.0,-2.0,2,6.0,Empleado_Informal
2,33.0,1,2,4,6, , ,1,9.0,11.0,-2.0,2,3.0,Empleado_Formal
1,46.0,1,2,4,6, , ,1,9.0,11.0,-2.0,2,7.0,Empleado_Informal
2,43.0,1,2,6,13, , , ,11.0,11.0,0.0,2,5.0,Empleado_Informal
2,39.0,1,2,4,13, , , ,9.0,9.0,0.0,2,6.0,Empleado_Informal
1,44.0,1,2,8,13,1,2,3,14.0,14.0,0.0,2,6.0,Empleado_Informal
2,33.0,1,2,4,13, , , ,9.0,9.0,0.0,2,4.0,Empleado_Informal
1,41.0,1,2,8,13,1,2,3,14.0,14.0,0.0,2,4.0,Empleado_Informal
1,34.0,6,2,8,13,1,2,3,14.0,14.0,0.0,1,1.0,Empleado_Informal
1,29.0,1,2,4,13, , , ,9.0,9.0,0.0,2,3.0,Empleado_Informal
2,38.0,5,2,10,13,1,2,3,16.0,16.0,0.0,2,5.0,Empleado_Informal
1,42.0,5,2,4,13, , , ,9.0,9.0,0.0,1,2.0,Empleado_Informal
2,41.0,5,2,6,13, , , ,11.0,11.0,0.0,2,5.0,Empleado_Informal
2,35.0,6,2,10,13,1,2,3,16.0,16.0,0.0,2,6.0,Empleado_Informal
1,21.0,6,2,4,13, , , ,9.0,9.0,0.0,2,5.0,Empleado_Informal
2,61.0,6,2,8,13,1,2,3,14.0,14.0,0.0,2,5.0,Empleado_Informal
2,37.0,6,2,6,13, , , ,11.0,11.0,0.0,2,5.0,Empleado_Informal
2,31.0,5,2,10,13,1,2,3,16.0,16.0,0.0,2,6.0,Empleado_Informal
2,64.0,6,2,4,13, , , ,9.0,9.0,0.0,9,0.0,Empleado_Informal
2,40.0,5,2,7,13, , ,3,12.5,12.5,0.0,2,2.0,Empleado_Informal
2,20.0,6,2,6,13, , , ,11.0,11.0,0.0,1,2.0,Empleado_Informal
2,47.0,2,2,10,13,1,2,3,16.0,16.0,0.0,2,5.0,Empleado_Informal
1,56.0,2,2,6,13, , , ,11.0,11.0,0.0,2,5.0,Empleado_Formal
2,25.0,6,2,8,13,1,2,3,14.0,14.0,0.0,2,6.0,Empleado_Informal
1,20.0,6,2,6,13, , , ,11.0,11.0,0.0,2,5.0,Empleado_Informal
1,20.0,6,2,5,13, , , ,10.0,10.0,0.0,2,5.0,Empleado_Informal
1,34.0,1,2,7,13, , ,3,12.5,12.5,0.0,1,7.0,Empleado_Informal
2,28.0,1,2,7,13, , ,3,12.5,12.5,0.0,1,7.0,Empleado_Informal
1,28.0,1,2,8,13,2, ,3,14.0,14.0,0.0,1,7.0,Empleado_Informal
2,22.0,1,2,6,13, , , ,11.0,11.0,0.0,2,4.0,Empleado_Informal
1,21.0,6,2,4,13, , , ,9.0,9.0,0.0,1,4.0,Empleado_Informal
1,49.0,5,2,6,13, , , ,11.0,11.0,0.0,9,4.0,Empleado_Informal
2,38.0,5,2,1,13, , , ,0.0,4.5,0.0,1,6.0,Empleado_Informal
1,25.0,6,2,5,13, , , ,10.0,10.0,0.0,1,5.0,Empleado_Informal
1,25.0,6,2,6,13, , , ,11.0,11.0,0.0,1,7.0,Empleado_Informal
2,34.0,5,2,4,13, , , ,9.0,9.0,0.0,9,7.0,Empleado_Informal
2,34.0,1,2,8,13,2, ,3,14.0,14.0,0.0,1,8.0,Empleado_Informal
2,30.0,5,2,8,13,2, ,3,14.0,14.0,0.0,1,8.0,Empleado_Informal
1,39.0,1,1,6,13, , , ,11.0,11.0,0.0,No Especificado,5.0,Empleado_Informal
1,29.0,1,2,4,13, , , ,9.0,9.0,0.0,2,5.0,Empleado_Informal
2,23.0,6,2,5,13, , , ,10.0,10.0,0.0,2,6.0,Empleado_Informal
2,32.0,2,2,10,13,1,2,3,16.0,16.0,0.0,2,6.0,Empleado_Informal
1,30.0,2,2,6,13, , , ,11.0,11.0,0.0,2,7.0,Empleado_Informal
2,45.0,5,2,10,13,2, ,3,16.0,16.0,0.0,2,6.0,Empleado_Informal
2,29.0,6,2,10,13,1,2,3,16.0,16.0,0.0,2,5.0,Empleado_Informal
2,27.0,6,2,8,13,1,2,3,14.0,14.0,0.0,2,5.0,Empleado_Informal
1,22.0,6,2,6,13, , , ,11.0,11.0,0.0,2,5.0,Empleado_Informal
1,27.0,6,2,7,13, , ,3,12.5,12.5,0.0,2,6.0,Empleado_Informal
2,29.0,6,2,6,13, , , ,11.0,11.0,0.0,2,4.0,Empleado_Informal
1,27.0,1,2,6,13, , , ,11.0,11.0,0.0,2,3.0,Empleado_Informal
2,55.0,6,2,6,13, , , ,11.0,11.0,0.0,2,7.0,Empleado_Informal
2,26.0,6,2,6,13, , , ,11.0,11.0,0.0,2,7.0,Empleado_Informal
1,47.0,2,2,3,13, , , ,4.5,4.5,0.0,2,6.0,Empleado_Formal
2,46.0,2,2,8,13,1,2,3,14.0,14.0,0.0,2,5.0,Empleado_Informal
1,28.0,6,2,9,13, , ,3,13.5,13.5,0.0,2,5.0,Empleado_Formal
2,34.0,6,2,10,13,1,2,3,16.0,16.0,0.0,2,8.0,Empleado_Formal
2,27.0,6,2,9,9, , ,3,13.5,13.5,0.0,2,8.0,Empleado_Formal
1,50.0,2,2,4,13, , , ,9.0,9.0,0.0,2,6.0,Empleado_Formal
2,47.0,2,2,4,6, , ,1,9.0,11.0,-2.0,2,6.0,Empleado_Informal
1,37.0,2,2,8,8, , ,3,14.0,14.0,0.0,2,1.0,Empleado_Informal
2,37.0,2,2,8,8, , ,3,14.0,14.0,0.0,2,3.0,Empleado_Informal
1,40.0,1,2,8,8, , ,3,14.0,14.0,0.0,1,6.0,Empleado_Informal
2,35.0,1,2,8,8, , ,3,14.0,14.0,0.0,1,6.0,Empleado_Formal
1,27.0,1,2,9,9, , ,3,13.5,13.5,0.0,2,1.0,Empleado_Formal
2,25.0,1,2,9,9, , ,3,13.5,13.5,0.0,2,1.0,Empleado_Informal
2,21.0,6,2,4,6, , ,1,9.0,11.0,-2.0,2,1.0,Empleado_Informal
2,23.0,5,2,4,13, , , ,9.0,9.0,0.0,6,3.0,Empleado_Informal
2,38.0,6,2,10,13,1,2,3,16.0,16.0,0.0,2,5.0,Empleado_Informal
1,37.0,6,2,9,13, , ,3,13.5,13.5,0.0,2,8.0,Empleado_Informal
2,26.0,6,2,8,13,1,2,3,14.0,14.0,0.0,2,4.0,Empleado_Formal
1,62.0,1,2,4,13, , , ,9.0,9.0,0.0,2,6.0,Empleado_Formal
2,51.0,1,2,9,13, , ,3,13.5,13.5,0.0,2,6.0,Empleado_Formal
1,30.0,6,2,9,13, , ,3,13.5,13.5,0.0,2,6.0,Empleado_Informal
2,51.0,6,2,6,13, , , ,11.0,11.0,0.0,2,4.0,Empleado_Informal
2,25.0,6,2,6,13, , , ,11.0,11.0,0.0,2,3.0,Empleado_Informal
1,28.0,1,2,5,13, , , ,10.0,10.0,0.0,9,6.0,Empleado_Informal
2,21.0,1,1,1,6, , ,1,0.0,11.0,-11.0,No Especificado,5.0,Empleado_Formal
1,38.0,5,2,5,13, , , ,10.0,10.0,0.0,6,0.0,Empleado_Informal
2,23.0,1,3,10,13,1,2,3,16.0,16.0,0.0,1,2.0,Empleado_Informal
1,23.0,1,2,6,13, , , ,11.0,11.0,0.0,2,5.0,Empleado_Informal
2,52.0,1,2,4,13, , , ,9.0,9.0,0.0,1,2.0,Desempleado
1,60.0,1,3,8,13,1,2,3,14.0,14.0,0.0,2,2.0,Empleado_Informal
1,25.0,6,2,6,13, , , ,11.0,11.0,0.0,2,5.0,Empleado_Informal
1,37.0,5,2,9,13, , ,3,13.5,13.5,0.0,2,7.0,Empleado_Informal
1,18.0,6,2,6,13, , , ,11.0,11.0,0.0,2,1.0,Empleado_Informal
2,30.0,6,2,6,13, , , ,11.0,11.0,0.0,2,7.0,Empleado_Informal
1,39.0,2,2,8,13,1,2,3,14.0,14.0,0.0,2,7.0,Empleado_Informal
2,41.0,2,2,10,13,1,2,3,16.0,16.0,0.0,2,7.0,Empleado_Informal
1,64.0,2,2,10,13,1,2,3,16.0,16.0,0.0,1,6.0,Desempleado
1,41.0,6,2,5,13, , , ,10.0,10.0,0.0,1,7.0,Empleado_Informal
1,39.0,1,2,6,13, , , ,11.0,11.0,0.0,2,5.0,Empleado_Informal
2,32.0,1,2,6,13, , , ,11.0,11.0,0.0,1,3.0,Empleado_Informal
2,42.0,2,2,7,13, , ,3,12.5,12.5,0.0,2,6.0,Empleado_Informal
1,44.0,2,2,6,13, , , ,11.0,11.0,0.0,1,5.0,Empleado_Informal
2,18.0,6,2,5,6, , ,1,10.0,11.0,-1.0,2,6.0,Empleado_Informal
1,33.0,2,2,10,13,1,2,3,16.0,16.0,0.0,2,7.0,Empleado_Formal
2,32.0,2,2,10,13,1,2,3,16.0,16.0,0.0,2,7.0,Empleado_Informal
1,39.0,2,1,1,10, , ,0,0.0,16.0,-14.0,No Especificado,5.0,Empleado_Informal
2,33.0,2,2,10,13,1,2,3,16.0,16.0,0.0,2,6.0,Empleado_Informal
1,29.0,2,2,6,13, , , ,11.0,11.0,0.0,2,1.0,Empleado_Formal
2,35.0,2,2,10,13,1,2,3,16.0,16.0,0.0,9,1.0,Empleado_Informal
1,39.0,6,2,5,13, , , ,10.0,10.0,0.0,6,2.0,Empleado_Informal
1,20.0,6,2,5,13, , , ,10.0,10.0,0.0,9,1.0,Empleado_Informal
2,47.0,2,2,7,13, , ,3,12.5,12.5,0.0,2,6.0,Empleado_Informal
1,23.0,6,2,6,13, , , ,11.0,11.0,0.0,2,8.0,Empleado_Informal
1,33.0,1,2,10,13,1,2,3,16.0,16.0,0.0,2,7.0,Empleado_Informal
1,39.0,1,2,6,13, , , ,11.0,11.0,0.0,2,6.0,Empleado_Informal
2,33.0,1,2,9,13, , ,3,13.5,13.5,0.0,2,6.0,Empleado_Informal
1,28.0,6,2,8,13,2, ,3,14.0,14.0,0.0,2,6.0,Empleado_Informal
1,34.0,1,2,5,13, , , ,10.0,10.0,0.0,9,4.0,Empleado_Informal
2,26.0,1,2,3,3, , , ,4.5,4.5,0.5,9,0.0,Empleado_Informal
1,24.0,1,2,3,13, , , ,4.5,4.5,0.0,9,0.0,Empleado_Informal
1,19.0,1,2,3,13, , , ,4.5,4.5,0.0,9,0.0,Empleado_Informal
2,41.0,6,2,8,13,2, ,3,14.0,14.0,0.0,1,1.0,Empleado_Informal
2,31.0,6,3,1,10, , ,0,0.0,16.0,-14.0,1,8.0,Empleado_Informal
2,25.0,6,2,6,13, , , ,11.0,11.0,0.0,9,0.0,Empleado_Informal
2,44.0,6,2,5,13, , , ,10.0,10.0,0.0,9,6.0,Empleado_Informal
2,61.0,1,2,8,13,1,2,3,14.0,14.0,0.0,2,7.0,Empleado_Formal
2,33.0,6,2,9,13, , ,3,13.5,13.5,0.0,2,7.0,Desempleado
1,27.0,1,2,6,13, , , ,11.0,11.0,0.0,6,3.0,Empleado_Informal
1,30.0,1,2,10,13,1,2,3,16.0,16.0,0.0,2,6.0,Empleado_Informal
2,28.0,1,2,6,13, , , ,11.0,11.0,0.0,2,6.0,Empleado_Informal
2,46.0,2,2,6,13, , , ,11.0,11.0,0.0,2,6.0,Empleado_Informal
1,50.0,2,2,6,13, , , ,11.0,11.0,0.0,2,6.0,Empleado_Formal
1,26.0,6,2,10,13,1,2,3,16.0,16.0,0.0,2,6.0,Empleado_Formal
2,24.0,6,2,6,7, , ,0,11.0,12.5,-1.5,2,6.0,Empleado_Informal
2,25.0,1,2,9,13, , ,3,13.5,13.5,0.0,1,6.0,Empleado_Formal
1,40.0,1,1,1,6, , ,1,0.0,11.0,-11.0,No Especificado,5.0,Empleado_Informal
1,27.0,6,2,6,13, , , ,11.0,11.0,0.0,1,6.0,Empleado_Informal
1,26.0,1,2,6,13, , , ,11.0,11.0,0.0,2,6.0,Empleado_Informal
2,44.0,6,2,10,11, , ,3,16.0,16.0,-3.0,2,6.0,Empleado_Informal
1,21.0,6,2,6,6, , ,1,11.0,11.0,0.0,2,3.0,Empleado_Informal
2,35.0,5,2,6,13, , , ,11.0,11.0,0.0,2,8.0,Empleado_Informal
1,23.0,6,2,6,13, , , ,11.0,11.0,0.0,2,4.0,Empleado_Informal
1,27.0,6,2,9,13, , ,3,13.5,13.5,0.0,2,6.0,Empleado_Formal
1,41.0,6,2,6,13, , , ,11.0,11.0,0.0,2,4.0,Empleado_Informal
1,29.0,6,2,5,13, , , ,10.0,10.0,0.0,2,4.0,Empleado_Informal
2,55.0,6,2,10,13,1,1,3,16.0,16.0,0.0,2,6.0,Empleado_Informal
2,29.0,6,2,10,13,1,2,3,16.0,16.0,0.0,2,6.0,Empleado_Formal
1,25.0,6,2,6,13, , , ,11.0,11.0,0.0,2,5.0,Empleado_Informal
2,33.0,1,2,6,13, , , ,11.0,11.0,0.0,2,5.0,Empleado_Informal
1,39.0,1,1,1,6, , ,1,0.0,11.0,-11.0,No Especificado,5.0,Empleado_Informal
1,64.0,1,1,10,13,1,2,3,16.0,16.0,0.0,No Especificado,5.0,Empleado_Informal
2,33.0,1,2,8,13,1,2,3,14.0,14.0,0.0,9,8.0,Empleado_Informal
1,34.0,1,2,6,13, , , ,11.0,11.0,0.0,2,7.0,Empleado_Informal
1,63.0,2,2,6,13, , , ,11.0,11.0,0.0,2,5.0,Empleado_Formal
2,54.0,2,2,10,13,1,2,3,16.0,16.0,0.0,2,5.0,Empleado_Informal
1,22.0,6,2,6,13, , , ,11.0,11.0,0.0,2,5.0,Empleado_Formal
2,28.0,1,2,6,13, , , ,11.0,11.0,0.0,2,4.0,Empleado_Informal
1,38.0,1,1,5,5, , , ,10.0,8.5,0.5,No Especificado,5.0,Empleado_Informal
2,36.0,6,2,8,13,1,2,3,14.0,14.0,0.0,2,5.0,Empleado_Informal
2,18.0,6,2,4,6, , ,1,9.0,11.0,-2.0,2,5.0,Empleado_Informal
2,38.0,1,2,5,13, , , ,10.0,10.0,0.0,1,1.0,Empleado_Informal
1,41.0,1,1,1,5, , , ,0.0,8.5,-8.5,No Especificado,5.0,Empleado_Informal
1,19.0,6,2,6,13, , , ,11.0,11.0,0.0,1,1.0,Desempleado
1,34.0,6,2,9,13, , ,3,13.5,13.5,0.0,2,6.0,Empleado_Formal
2,52.0,6,2,10,13,1,2,3,16.0,16.0,0.0,2,7.0,Empleado_Informal
2,47.0,6,2,4,13, , , ,9.0,9.0,0.0,2,6.0,Empleado_Informal
2,55.0,4,2,4,13, , , ,9.0,9.0,0.0,2,6.0,Empleado_Informal
1,34.0,1,2,10,13,1,2,3,16.0,16.0,0.0,2,7.0,Empleado_Formal
2,36.0,1,2,10,13,1,2,3,16.0,16.0,0.0,2,8.0,Empleado_Informal
2,34.0,2,2,5,13, , , ,10.0,10.0,0.0,2,1.0,Empleado_Informal
1,38.0,2,2,5,13, , , ,10.0,10.0,0.0,1,1.0,Empleado_Informal
2,47.0,6,2,10,13,1,2,3,16.0,16.0,0.0,2,1.0,Empleado_Informal
2,27.0,1,1,1,9, , ,0,0.0,13.5,-13.5,No Especificado,5.0,Empleado_Formal
1,27.0,1,2,9,13, , ,3,13.5,13.5,0.0,2,3.0,Empleado_Informal
2,33.0,1,2,10,13,1,2,3,16.0,16.0,0.0,2,6.0,Empleado_Informal
1,46.0,1,1,1,6, , ,1,0.0,11.0,-11.0,No Especificado,5.0,Empleado_Formal
1,34.0,2,2,6,13, , , ,11.0,11.0,0.0,1,2.0,Empleado_Formal
2,24.0,2,2,6,13, , , ,11.0,11.0,0.0,1,1.0,Empleado_Informal
2,34.0,6,2,8,13,1,2,3,14.0,14.0,0.0,2,7.0,Empleado_Formal
2,35.0,6,2,10,13,1,1,3,16.0,16.0,0.0,2,7.0,Empleado_Formal
2,29.0,1,2,8,13,1,2,3,14.0,14.0,0.0,2,6.0,Empleado_Formal
1,26.0,1,2,8,13,1,2,3,14.0,14.0,0.0,2,6.0,Empleado_Formal
1,61.0,2,2,8,13,1,2,3,14.0,14.0,0.0,2,6.0,Empleado_Formal
2,62.0,2,2,10,13,1,2,3,16.0,16.0,0.0,2,6.0,Empleado_Formal
1,51.0,1,2,5,13, , , ,10.0,10.0,0.0,2,6.0,Empleado_Informal
2,55.0,1,2,4,13, , , ,9.0,9.0,0.0,2,6.0,Empleado_Informal
2,20.0,6,2,5,6, , ,1,10.0,11.0,-1.0,2,6.0,Empleado_Informal
1,49.0,1,2,5,13, , , ,10.0,10.0,0.0,2,6.0,Empleado_Informal
1,22.0,1,2,6,13, , , ,11.0,11.0,0.0,2,6.0,Empleado_Informal
2,64.0,6,1,1,3, , , ,0.0,4.5,-3.0,No Especificado,5.0,Empleado_Informal
2,59.0,6,2,11,13,1,2,3,16.0,16.0,0.0,2,6.0,Empleado_Formal
1,33.0,1,3,1,13, , , ,0.0,4.5,0.0,2,0.0,Empleado_Informal
2,44.0,6,2,6,13, , , ,11.0,11.0,0.0,9,7.0,Empleado_Informal
2,35.0,1,2,9,13, , ,3,13.5,13.5,0.0,2,6.0,Empleado_Informal
1,37.0,1,2,6,13, , , ,11.0,11.0,0.0,2,7.0,Empleado_Informal
2,62.0,4,2,6,13, , , ,11.0,11.0,0.0,2,4.0,Empleado_Informal
1,29.0,6,2,8,13,1,2,3,14.0,14.0,0.0,2,6.0,Empleado_Formal
1,47.0,1,2,6,13, , , ,11.0,11.0,0.0,2,2.0,Empleado_Formal
2,44.0,1,2,6,13, , , ,11.0,11.0,0.0,2,6.0,Empleado_Informal
1,33.0,1,2,6,13, , , ,11.0,11.0,0.0,2,6.0,Empleado_Informal
2,25.0,6,2,6,13, , , ,11.0,11.0,0.0,2,5.0,Empleado_Informal
2,19.0,6,2,5,6, , ,1,10.0,11.0,-1.0,2,6.0,Empleado_Informal
2,27.0,6,2,6,13, , , ,11.0,11.0,0.0,2,3.0,Empleado_Informal
1,24.0,1,2,6,13, , , ,11.0,11.0,0.0,2,3.0,Empleado_Informal
1,31.0,1,1,1,9, , ,0,0.0,13.5,-13.5,No Especificado,5.0,Empleado_Informal
2,27.0,1,2,9,13, , ,3,13.5,13.5,0.0,2,5.0,Empleado_Informal
2,25.0,6,2,6,13, , , ,11.0,11.0,0.0,1,3.0,Empleado_Informal
1,24.0,6,2,5,13, , , ,10.0,10.0,0.0,2,6.0,Empleado_Informal
1,25.0,6,2,6,8, , ,3,11.0,14.0,-3.0,2,6.0,Empleado_Informal
2,22.0,6,2,6,13, , , ,11.0,11.0,0.0,9,1.0,Empleado_Informal
2,27.0,6,2,6,13, , , ,11.0,11.0,0.0,2,5.0,Empleado_Informal
2,23.0,1,2,5,13, , , ,10.0,10.0,0.0,2,3.0,Desempleado
1,26.0,1,2,6,13, , , ,11.0,11.0,0.0,1,3.0,Empleado_Informal
2,51.0,6,2,8,13,1,2,3,14.0,14.0,0.0,2,5.0,Empleado_Informal
1,31.0,6,2,6,13, , , ,11.0,11.0,0.0,2,6.0,Empleado_Informal
1,20.0,6,2,5,13, , , ,10.0,10.0,0.0,2,4.0,Empleado_Informal
2,33.0,6,2,5,13, , , ,10.0,10.0,0.0,2,6.0,Empleado_Informal
1,64.0,6,2,6,13, , , ,11.0,11.0,0.0,2,6.0,Empleado_Formal
2,45.0,2,2,6,13, , , ,11.0,11.0,0.0,2,6.0,Empleado_Formal
1,55.0,2,2,4,13, , , ,9.0,9.0,0.0,2,5.0,Empleado_Informal
1,21.0,6,2,6,13, , , ,11.0,11.0,0.0,2,5.0,Empleado_Informal
2,30.0,6,2,10,13,1,2,3,16.0,16.0,0.0,2,3.0,Empleado_Informal
2,27.0,6,2,6,13, , , ,11.0,11.0,0.0,1,2.0,Empleado_Informal
1,52.0,6,2,7,13, , ,3,12.5,12.5,0.0,2,5.0,Empleado_Informal
1,46.0,1,2,5,13, , , ,10.0,10.0,0.0,2,6.0,Empleado_Formal
2,42.0,1,2,3,13, , , ,4.5,4.5,0.0,2,6.0,Desempleado
1,25.0,5,2,9,13, , ,3,13.5,13.5,0.0,1,1.0,Empleado_Formal
1,31.0,2,2,10,13,1,2,3,16.0,16.0,0.0,2,1.0,Empleado_Formal
1,47.0,6,2,6,13, , , ,11.0,11.0,0.0,2,4.0,Empleado_Informal
2,39.0,6,2,6,13, , , ,11.0,11.0,0.0,2,6.0,Empleado_Informal
1,17.0,6,2,5,13, , , ,10.0,10.0,0.0,2,6.0,Empleado_Informal
1,19.0,6,2,3,13, , , ,4.5,4.5,0.0,2,6.0,Empleado_Informal
1,40.0,2,2,4,13, , , ,9.0,9.0,0.0,2,6.0,Empleado_Formal
2,36.0,2,2,10,13,1,2,3,16.0,16.0,0.0,2,5.0,Empleado_Informal
1,27.0,6,2,5,13, , , ,10.0,10.0,0.0,2,5.0,Empleado_Informal
1,34.0,6,2,8,13,1,2,3,14.0,14.0,0.0,2,5.0,Empleado_Informal
1,28.0,6,2,5,13, , , ,10.0,10.0,0.0,2,5.0,Empleado_Informal
2,34.0,3,2,3,13, , , ,4.5,4.5,0.0,2,7.0,Empleado_Informal
2,35.0,6,2,6,13, , , ,11.0,11.0,0.0,2,5.0,Empleado_Informal
2,40.0,6,2,6,13, , , ,11.0,11.0,0.0,2,6.0,Empleado_Informal
1,18.0,6,2,6,13, , , ,11.0,11.0,0.0,2,3.0,Empleado_Informal
2,24.0,6,2,6,13, , , ,11.0,11.0,0.0,2,3.0,Desempleado
1,37.0,1,2,4,13, , , ,9.0,9.0,0.0,2,6.0,Empleado_Informal
2,46.0,1,2,6,13, , , ,11.0,11.0,0.0,2,5.0,Empleado_Informal
1,33.0,6,2,10,13,1,2,3,16.0,16.0,0.0,2,6.0,Empleado_Informal
1,39.0,1,1,1,13, , , ,0.0,4.5,0.0,No Especificado,5.0,Empleado_Informal
2,33.0,1,2,5,13, , , ,10.0,10.0,0.0,2,8.0,Desempleado
1,33.0,2,2,9,13, , ,3,13.5,13.5,0.0,2,6.0,Empleado_Informal
2,31.0,2,2,10,13,1,2,3,16.0,16.0,0.0,2,5.0,Empleado_Informal
2,25.0,1,2,5,13, , , ,10.0,10.0,0.0,1,3.0,Empleado_Informal
1,32.0,1,2,5,13, , , ,10.0,10.0,0.0,1,3.0,Empleado_Informal
1,54.0,1,2,6,13, , , ,11.0,11.0,0.0,2,3.0,Empleado_Informal
2,44.0,1,2,10,13,1,1,3,16.0,16.0,0.0,2,3.0,Empleado_Informal
1,38.0,2,2,10,13,1,1,3,16.0,16.0,0.0,2,6.0,Empleado_Formal
1,40.0,2,2,6,13, , , ,11.0,11.0,0.0,2,5.0,Empleado_Informal
2,37.0,2,2,10,13,1,2,3,16.0,16.0,0.0,2,5.0,Empleado_Informal
1,38.0,1,2,6,13, , , ,11.0,11.0,0.0,2,7.0,Empleado_Informal
2,31.0,1,2,8,13,1,2,3,14.0,14.0,0.0,2,7.0,Empleado_Formal
2,26.0,1,2,7,13, , ,3,12.5,12.5,0.0,2,3.0,Empleado_Informal
1,33.0,1,2,9,13, , ,3,13.5,13.5,0.0, ,5.0,Empleado_Informal
2,32.0,2,2,10,13,1,2,3,16.0,16.0,0.0,2,6.0,Empleado_Informal
1,36.0,2,2,8,13,1,2,3,14.0,14.0,0.0,2,6.0,Empleado_Informal
2,42.0,1,2,8,13,1,2,3,14.0,14.0,0.0,2,6.0,Desempleado
1,42.0,1,2,4,13, , , ,9.0,9.0,0.0,2,6.0,Empleado_Informal
2,40.0,5,2,4,13, , , ,9.0,9.0,0.0,2,6.0,Empleado_Informal
1,35.0,6,2,8,13,1,2,3,14.0,14.0,0.0,2,6.0,Empleado_Informal
2,32.0,6,2,10,13,1,1,3,16.0,16.0,0.0,2,6.0,Empleado_Formal
2,62.0,4,2,10,13,1,2,3,16.0,16.0,0.0,2,5.0,Empleado_Formal
1,41.0,6,2,6,13, , , ,11.0,11.0,0.0,1,5.0,Empleado_Informal
1,38.0,6,2,6,13, , , ,11.0,11.0,0.0,2,5.0,Empleado_Informal
2,54.0,6,2,6,13, , , ,11.0,11.0,0.0,1,2.0,Empleado_Informal
1,46.0,6,2,9,13, , ,3,13.5,13.5,0.0,2,2.0,Empleado_Informal
2,23.0,1,2,5,13, , , ,10.0,10.0,0.0,2,3.0,Empleado_Formal
1,22.0,1,2,6,13, , , ,11.0,11.0,0.0,9,4.0,Empleado_Informal
1,32.0,6,2,6,13, , , ,11.0,11.0,0.0,1,1.0,Empleado_Informal
1,23.0,1,2,6,13, , , ,11.0,11.0,0.0,1,3.0,Empleado_Informal
2,30.0,1,2,6,13, , , ,11.0,11.0,0.0,1,3.0,Desempleado
1,27.0,6,2,6,13, , , ,11.0,11.0,0.0,1,3.0,Empleado_Informal
2,28.0,6,2,10,13,1,2,3,16.0,16.0,0.0,1,4.0,Empleado_Informal
1,31.0,6,2,8,13,1,2,3,14.0,14.0,0.0,1,3.0,Empleado_Informal
1,25.0,1,2,8,13,2, ,3,14.0,14.0,0.0,1,3.0,Empleado_Informal
1,32.0,1,2,6,13, , , ,11.0,11.0,0.0,1,5.0,Empleado_Informal
2,27.0,1,2,7,13, , ,3,12.5,12.5,0.0,1,5.0,Desempleado
2,26.0,6,2,8,13,1,2,3,14.0,14.0,0.0,1,3.0,Empleado_Informal
1,41.0,2,2,6,13, , , ,11.0,11.0,0.0,1,6.0,Empleado_Informal
2,23.0,1,2,7,13, , ,3,12.5,12.5,0.0,1,3.0,Empleado_Informal
1,25.0,1,2,7,13, , ,3,12.5,12.5,0.0,1,3.0,Empleado_Informal
1,43.0,1,2,10,13,1,2,3,16.0,16.0,0.0,2,6.0,Empleado_Formal
2,37.0,1,2,10,13,1,2,3,16.0,16.0,0.0,2,6.0,Empleado_Informal
1,44.0,1,2,10,13,1,2,3,16.0,16.0,0.0,1,4.0,Empleado_Informal
2,33.0,1,2,10,13,1,2,3,16.0,16.0,0.0,2,6.0,Empleado_Informal
1,36.0,1,1,4,13, , , ,9.0,9.0,0.0,No Especificado,5.0,Empleado_Informal
1,25.0,1,2,4,13, , , ,9.0,9.0,0.0,1,1.0,Empleado_Informal
1,29.0,1,2,4,13, , , ,9.0,9.0,0.0,1,5.0,Empleado_Informal
2,27.0,1,1,4,13, , , ,9.0,9.0,0.0,No Especificado,5.0,Desempleado
2,39.0,6,2,10,13,1,2,3,16.0,16.0,0.0,2,5.0,Empleado_Informal
2,32.0,1,2,8,13,1,2,3,14.0,14.0,0.0,1,5.0,Desempleado
1,35.0,1,2,8,13,1,2,3,14.0,14.0,0.0,1,5.0,Empleado_Informal
1,29.0,6,2,10,13,1,2,3,16.0,16.0,0.0,2,6.0,Empleado_Informal
1,53.0,1,2,6,13, , , ,11.0,11.0,0.0,1,1.0,Empleado_Informal
1,28.0,1,2,6,13, , , ,11.0,11.0,0.0,2,7.0,Empleado_Informal
2,23.0,1,2,5,13, , , ,10.0,10.0,0.0,2,5.0,Empleado_Informal
1,29.0,1,2,5,13, , , ,10.0,10.0,0.0,9,2.0,Empleado_Informal
2,32.0,1,2,5,13, , , ,10.0,10.0,0.0,9,2.0,Desempleado
1,28.0,6,2,8,13,1,2,3,14.0,14.0,0.0,2,6.0,Empleado_Informal
1,25.0,6,2,9,13, , ,3,13.5,13.5,0.0,2,6.0,Empleado_Informal
1,29.0,5,2,6,13, , , ,11.0,11.0,0.0,2,2.0,Empleado_Formal
1,29.0,6,2,6,13, , , ,11.0,11.0,0.0,1,3.0,Empleado_Informal
2,25.0,6,2,6,13, , , ,11.0,11.0,0.0,1,3.0,Empleado_Informal
2,26.0,6,2,6,13, , , ,11.0,11.0,0.0,1,3.0,Empleado_Informal
2,28.0,6,2,6,13, , , ,11.0,11.0,0.0,1,3.0,Empleado_Informal
1,32.0,6,2,5,13, , , ,10.0,10.0,0.0,1,3.0,Empleado_Informal
2,35.0,1,2,6,13, , , ,11.0,11.0,0.0,2,5.0,Empleado_Informal
1,37.0,1,2,6,13, , , ,11.0,11.0,0.0,2,5.0,Empleado_Informal
1,27.0,1,2,6,13, , , ,11.0,11.0,0.0,1,4.0,Empleado_Informal
1,26.0,1,2,6,13, , , ,11.0,11.0,0.0,2,6.0,Empleado_Informal
2,25.0,1,2,6,13, , , ,11.0,11.0,0.0,1,6.0,Empleado_Informal
1,38.0,2,2,6,13, , , ,11.0,11.0,0.0,2,6.0,Empleado_Formal
2,20.0,6,2,6,13, , , ,11.0,11.0,0.0,1,1.0,Empleado_Informal
2,22.0,6,2,4,6, , ,1,9.0,11.0,-2.0,1,2.0,Empleado_Informal
2,45.0,6,2,6,13, , , ,11.0,11.0,0.0,2,2.0,Empleado_Informal
1,22.0,6,2,6,13, , , ,11.0,11.0,0.0,2,2.0,Empleado_Informal
2,18.0,6,2,5,13, , , ,10.0,10.0,0.0,9,2.0,Empleado_Informal
1,22.0,6,2,9,13, , ,3,13.5,13.5,0.0,9,0.0,Empleado_Informal
1,25.0,6,2,5,13, , , ,10.0,10.0,0.0,9,0.0,Empleado_Informal
2,36.0,1,2,9,13, , ,3,13.5,13.5,0.0,1,5.0,Empleado_Informal
1,47.0,1,2,6,13, , , ,11.0,11.0,0.0,1,6.0,Empleado_Informal
1,29.0,1,2,6,13, , , ,11.0,11.0,0.0,2,3.0,Empleado_Informal
1,45.0,2,2,6,13, , , ,11.0,11.0,0.0,1,6.0,Empleado_Informal
2,54.0,2,2,10,13,1,2,3,16.0,16.0,0.0,1,5.0,Desempleado
1,16.0,6,2,5,13, , , ,10.0,10.0,0.0,1,2.0,Empleado_Informal
2,27.0,6,2,6,13, , , ,11.0,11.0,0.0,2,5.0,Desempleado
2,24.0,6,2,9,13, , ,3,13.5,13.5,0.0,2,5.0,Empleado_Informal
1,31.0,1,2,7,13, , ,3,12.5,12.5,0.0,1,4.0,Empleado_Informal
2,29.0,5,2,8,13,1,2,3,14.0,14.0,0.0,1,2.0,Empleado_Informal
1,33.0,6,2,6,13, , , ,11.0,11.0,0.0,1,5.0,Empleado_Informal
1,28.0,6,2,6,13, , , ,11.0,11.0,0.0,1,5.0,Empleado_Informal
1,28.0,6,2,6,13, , , ,11.0,11.0,0.0,9,4.0,Empleado_Informal
2,32.0,5,2,5,13, , , ,10.0,10.0,0.0,9,3.0,Empleado_Informal
2,41.0,5,2,5,13, , , ,10.0,10.0,0.0,9,0.0,Empleado_Informal
1,35.0,1,2,6,13, , , ,11.0,11.0,0.0,1,6.0,Empleado_Informal
2,30.0,1,2,6,13, , , ,11.0,11.0,0.0,6,6.0,Empleado_Informal
2,24.0,1,2,9,13, , ,3,13.5,13.5,0.0,9,1.0,Empleado_Informal
1,29.0,1,2,6,13, , , ,11.0,11.0,0.0,9,0.0,Empleado_Informal
1,42.0,5,2,10,13,1,2,3,16.0,16.0,0.0,1,4.0,Empleado_Informal
2,40.0,6,2,6,13, , , ,11.0,11.0,0.0,2,5.0,Empleado_Informal
1,19.0,6,2,5,5, , , ,10.0,8.5,0.5,2,5.0,Empleado_Informal
2,33.0,6,2,10,13,1,2,3,16.0,16.0,0.0,2,6.0,Empleado_Informal
2,40.0,6,2,5,13, , , ,10.0,10.0,0.0,9,2.0,Empleado_Informal
2,34.0,6,2,8,13,1,2,3,14.0,14.0,0.0,2,5.0,Empleado_Informal
1,25.0,1,2,6,13, , , ,11.0,11.0,0.0,1,1.0,Empleado_Informal
2,35.0,6,2,5,13, , , ,10.0,10.0,0.0,2,5.0,Desempleado
1,18.0,6,2,5,13, , , ,10.0,10.0,0.0,9,1.0,Empleado_Informal
1,16.0,6,2,3,4, , , ,4.5,6.0,-1.5,9,1.0,Empleado_Informal
1,34.0,1,2,6,13, , , ,11.0,11.0,0.0,1,3.0,Empleado_Informal
1,47.0,6,2,7,13, , ,3,12.5,12.5,0.0,7,6.0,Empleado_Informal
1,32.0,6,2,5,13, , , ,10.0,10.0,0.0,4,0.0,Empleado_Informal
2,47.0,6,2,4,13, , , ,9.0,9.0,0.0,2,5.0,Empleado_Informal
2,57.0,6,2,5,13, , , ,10.0,10.0,0.0,2,5.0,Empleado_Informal
1,35.0,2,2,10,13,1,2,3,16.0,16.0,0.0,2,7.0,Empleado_Informal
2,35.0,2,2,10,13,1,2,3,16.0,16.0,0.0,2,6.0,Empleado_Informal
1,33.0,1,2,8,13,1,2,3,14.0,14.0,0.0,2,4.0,Empleado_Informal
1,27.0,6,2,8,13,1,2,3,14.0,14.0,0.0,2,5.0,Empleado_Informal
1,24.0,6,2,6,13, , , ,11.0,11.0,0.0,2,5.0,Empleado_Informal
1,57.0,2,2,6,13, , , ,11.0,11.0,0.0,2,6.0,Empleado_Informal
1,17.0,6,2,5,13, , , ,10.0,10.0,0.0,9,5.0,Empleado_Informal
2,27.0,6,2,7,13, , ,3,12.5,12.5,0.0,2,6.0,Empleado_Informal
2,52.0,6,2,3,13, , , ,4.5,4.5,0.0,2,4.0,Empleado_Informal
2,43.0,4,2,8,13,1,2,3,14.0,14.0,0.0,9,7.0,Empleado_Formal
2,37.0,6,2,6,13, , , ,11.0,11.0,0.0,2,1.0,Empleado_Informal
1,23.0,1,2,5,13, , , ,10.0,10.0,0.0,1,1.0,Empleado_Informal
1,45.0,2,2,6,13, , , ,11.0,11.0,0.0,2,6.0,Empleado_Informal
2,42.0,2,2,10,13,1,2,3,16.0,16.0,0.0,2,8.0,Empleado_Informal
1,45.0,6,2,9,13, , ,3,13.5,13.5,0.0,2,8.0,Empleado_Informal
2,63.0,5,2,9,13, , ,3,13.5,13.5,0.0,2,2.0,Empleado_Informal
1,32.0,1,2,6,13, , , ,11.0,11.0,0.0,1,5.0,Empleado_Informal
2,28.0,1,2,7,13, , ,3,12.5,12.5,0.0,1,5.0,Empleado_Informal
1,29.0,1,2,6,13, , , ,11.0,11.0,0.0,9,3.0,Empleado_Informal
2,29.0,6,2,6,13, , , ,11.0,11.0,0.0,1,3.0,Empleado_Informal
2,46.0,2,2,10,13,1,2,3,16.0,16.0,0.0,2,4.0,Empleado_Formal
2,40.0,6,2,6,13, , , ,11.0,11.0,0.0,2,4.0,Empleado_Formal
2,52.0,6,2,99,99, , , ,11.0,11.0,0.0,2,6.0,Empleado_Informal
1,37.0,1,2,7,13, , ,3,12.5,12.5,0.0,2,5.0,Empleado_Informal
2,24.0,1,2,8,13,2, ,3,14.0,14.0,0.0,2,5.0,Empleado_Informal
1,64.0,2,2,6,13, , , ,11.0,11.0,0.0,2,3.0,Empleado_Informal
2,36.0,6,2,10,13,1,2,3,16.0,16.0,0.0,1,3.0,Empleado_Informal
2,40.0,5,2,6,13, , , ,11.0,11.0,0.0,2,7.0,Empleado_Informal
2,34.0,5,2,7,13, , ,3,12.5,12.5,0.0,9,0.0,Empleado_Informal
1,46.0,6,2,6,13, , , ,11.0,11.0,0.0,2,5.0,Empleado_Informal
1,32.0,6,2,6,13, , , ,11.0,11.0,0.0,1,2.0,Empleado_Informal
1,28.0,6,2,7,13, , ,3,12.5,12.5,0.0,1,1.0,Empleado_Informal
1,36.0,1,2,5,13, , , ,10.0,10.0,0.0,1,7.0,Empleado_Informal
1,51.0,1,2,6,13, , , ,11.0,11.0,0.0,2,6.0,Empleado_Formal
2,36.0,6,2,6,13, , , ,11.0,11.0,0.0,2,6.0,Empleado_Informal
1,51.0,1,2,10,13,1,2,3,16.0,16.0,0.0,2,6.0,Empleado_Informal
2,28.0,6,2,6,13, , , ,11.0,11.0,0.0,9,6.0,Empleado_Informal
2,54.0,6,2,10,13,1,2,3,16.0,16.0,0.0,2,6.0,Empleado_Informal
1,40.0,1,1,1,6, , ,1,0.0,11.0,-11.0,No Especificado,5.0,Empleado_Informal
2,32.0,1,2,5,13, , , ,10.0,10.0,0.0,2,3.0,Empleado_Informal
2,45.0,6,2,8,13,1,2,3,14.0,14.0,0.0,2,8.0,Empleado_Informal
1,44.0,5,2,6,13, , , ,11.0,11.0,0.0,1,4.0,Empleado_Informal
1,21.0,6,2,7,13, , ,3,12.5,12.5,0.0,1,4.0,Empleado_Informal
2,27.0,6,2,10,13,1,2,3,16.0,16.0,0.0,2,4.0,Empleado_Informal
2,28.0,6,2,9,13, , ,3,13.5,13.5,0.0,1,2.0,Empleado_Informal
2,26.0,6,2,7,13, , ,3,12.5,12.5,0.0,1,5.0,Empleado_Informal
2,31.0,1,2,6,13, , , ,11.0,11.0,0.0,1,3.0,Desempleado
1,33.0,1,2,8,13,1,2,3,14.0,14.0,0.0,2,3.0,Empleado_Informal
1,28.0,6,2,8,13,1,2,3,14.0,14.0,0.0,1,6.0,Empleado_Informal
1,32.0,2,2,10,13,1,2,3,16.0,16.0,0.0,2,6.0,Empleado_Informal
2,31.0,2,2,10,13,1,2,3,16.0,16.0,0.0,2,4.0,Empleado_Informal
1,28.0,1,2,9,13, , ,3,13.5,13.5,0.0,2,3.0,Desempleado
2,44.0,1,2,8,13,1,2,3,14.0,14.0,0.0,1,3.0,Empleado_Informal
1,22.0,1,2,6,13, , , ,11.0,11.0,0.0,1,2.0,Empleado_Informal
1,21.0,1,2,5,13, , , ,10.0,10.0,0.0,1,1.0,Empleado_Informal
2,34.0,6,2,9,13, , ,3,13.5,13.5,0.0,1,2.0,Empleado_Informal
1,17.0,6,2,5,13, , , ,10.0,10.0,0.0,2,4.0,Empleado_Informal
1,16.0,6,2,5,13, , , ,10.0,10.0,0.0,9,2.0,Empleado_Informal
1,30.0,1,2,8,13,1,2,3,14.0,14.0,0.0,2,2.0,Empleado_Informal
2,50.0,2,2,5,13, , , ,10.0,10.0,0.0,6,4.0,Empleado_Informal
1,53.0,6,2,5,13, , , ,10.0,10.0,0.0,2,1.0,Empleado_Informal
2,32.0,1,1,1,5, , , ,0.0,8.5,-8.5,No Especificado,5.0,Empleado_Informal
1,30.0,1,2,4,13, , , ,9.0,9.0,0.0,2,4.0,Empleado_Informal
1,33.0,1,2,6,13, , , ,11.0,11.0,0.0,2,6.0,Empleado_Informal
2,28.0,1,2,6,13, , , ,11.0,11.0,0.0,2,6.0,Empleado_Informal
1,35.0,1,2,6,13, , , ,11.0,11.0,0.0,2,5.0,Empleado_Informal
2,29.0,1,2,6,13, , , ,11.0,11.0,0.0,2,5.0,Empleado_Informal
1,59.0,6,2,4,13, , , ,9.0,9.0,0.0,2,6.0,Empleado_Informal
1,25.0,1,2,9,13, , ,3,13.5,13.5,0.0,2,6.0,Empleado_Informal
2,33.0,1,2,9,13, , ,3,13.5,13.5,0.0,1,6.0,Empleado_Informal
1,19.0,6,2,9,13, , ,3,13.5,13.5,0.0,9,0.0,Empleado_Informal
2,24.0,6,2,5,13, , , ,10.0,10.0,0.0,2,5.0,Empleado_Informal
1,25.0,6,2,9,13, , ,3,13.5,13.5,0.0,2,0.0,Empleado_Informal
1,31.0,1,2,6,13, , , ,11.0,11.0,0.0,2,7.0,Empleado_Informal
1,43.0,6,2,3,13, , , ,4.5,4.5,0.0,2,2.0,Empleado_Informal
1,30.0,1,2,5,13, , , ,10.0,10.0,0.0,6,6.0,Empleado_Informal
2,29.0,1,2,5,13, , , ,10.0,10.0,0.0,6,6.0,Empleado_Informal
2,22.0,6,2,5,13, , , ,10.0,10.0,0.0,9,1.0,Empleado_Informal
1,37.0,6,2,6,13, , , ,11.0,11.0,0.0,2,7.0,Empleado_Informal
2,46.0,1,2,4,13, , , ,9.0,9.0,0.0,2,5.0,Empleado_Informal
1,49.0,1,2,6,13, , , ,11.0,11.0,0.0,2,5.0,Empleado_Informal
2,24.0,1,2,5,13, , , ,10.0,10.0,0.0,1,4.0,Empleado_Informal
1,21.0,1,2,6,13, , , ,11.0,11.0,0.0,2,5.0,Empleado_Informal
2,23.0,1,2,6,13, , , ,11.0,11.0,0.0,1,5.0,Empleado_Informal
1,28.0,1,2,5,13, , , ,10.0,10.0,0.0,2,4.0,Empleado_Informal
1,29.0,1,2,5,13, , , ,10.0,10.0,0.0,9,1.0,Empleado_Informal
2,28.0,6,2,6,13, , , ,11.0,11.0,0.0,2,6.0,Empleado_Informal
1,34.0,1,1,1,6, , ,1,0.0,11.0,-11.0,No Especificado,5.0,Empleado_Informal
1,34.0,1,2,6,13, , , ,11.0,11.0,0.0,2,6.0,Empleado_Formal
1,35.0,1,1,6,13, , , ,11.0,11.0,0.0,No Especificado,5.0,Empleado_Informal
2,37.0,1,2,10,13,2, ,3,16.0,16.0,0.0,2,6.0,Empleado_Formal
2,30.0,5,2,6,13, , , ,11.0,11.0,0.0,2,5.0,Empleado_Informal
1,20.0,1,2,5,6, , ,1,10.0,11.0,-1.0,2,5.0,Empleado_Informal
2,19.0,1,1,1,6, , ,1,0.0,11.0,-11.0,No Especificado,5.0,Empleado_Informal
1,33.0,6,2,5,13, , , ,10.0,10.0,0.0,2,3.0,Empleado_Informal
1,18.0,6,2,5,5, , , ,10.0,8.5,0.5,1,4.0,Empleado_Informal
1,42.0,1,2,8,13,1,2,3,14.0,14.0,0.0,2,1.0,Empleado_Informal
2,35.0,1,2,9,13, , ,3,13.5,13.5,0.0,9,0.0,Empleado_Informal
2,16.0,6,2,5,13, , , ,10.0,10.0,0.0,9,0.0,Empleado_Informal
1,21.0,1,2,8,13,2, ,3,14.0,14.0,0.0,9,0.0,Empleado_Informal
1,38.0,1,2,5,13, , , ,10.0,10.0,0.0,2,5.0,Empleado_Informal
2,47.0,1,2,10,13,1,2,3,16.0,16.0,0.0,2,8.0,Empleado_Informal
1,36.0,1,2,8,13,1,2,3,14.0,14.0,0.0,2,8.0,Empleado_Informal
1,31.0,1,2,8,13,1,2,3,14.0,14.0,0.0,2,5.0,Empleado_Informal
1,38.0,1,1,1,6, , ,1,0.0,11.0,-11.0,No Especificado,5.0,Empleado_Informal
1,30.0,6,2,6,13, , , ,11.0,11.0,0.0,9,1.0,Empleado_Informal
2,37.0,1,2,6,13, , , ,11.0,11.0,0.0,2,7.0,Empleado_Informal
1,38.0,1,1,1,10, , ,0,0.0,16.0,-14.0,No Especificado,5.0,Empleado_Informal
1,24.0,1,2,6,13, , , ,11.0,11.0,0.0,2,6.0,Empleado_Formal
2,24.0,1,2,6,13, , , ,11.0,11.0,0.0,2,5.0,Empleado_Informal
1,53.0,2,2,6,13, , , ,11.0,11.0,0.0,2,3.0,Empleado_Formal
2,50.0,2,2,8,13,1,2,3,14.0,14.0,0.0,2,3.0,Empleado_Informal
1,19.0,6,2,6,13, , , ,11.0,11.0,0.0,2,3.0,Empleado_Informal
2,29.0,6,2,6,13, , , ,11.0,11.0,0.0,1,2.0,Empleado_Informal
2,44.0,6,2,4,13, , , ,9.0,9.0,0.0,1,3.0,Empleado_Informal
1,36.0,1,1,7,7, , ,3,12.5,12.5,0.0,No Especificado,5.0,Empleado_Formal
1,42.0,1,2,9,13, , ,3,13.5,13.5,0.0,1,2.0,Empleado_Informal
2,39.0,1,2,6,13, , , ,11.0,11.0,0.0,2,3.0,Empleado_Informal
2,30.0,1,2,6,13, , , ,11.0,11.0,0.0,2,6.0,Empleado_Informal
1,33.0,1,2,6,13, , , ,11.0,11.0,0.0,2,5.0,Empleado_Informal
1,28.0,6,2,10,13,1,2,3,16.0,16.0,0.0,2,5.0,Empleado_Informal
2,35.0,6,2,6,13, , , ,11.0,11.0,0.0,2,5.0,Empleado_Informal
2,45.0,6,2,6,13, , , ,11.0,11.0,0.0,2,6.0,Empleado_Informal
2,27.0,6,2,7,13, , ,3,12.5,12.5,0.0,1,2.0,Empleado_Informal
2,20.0,6,2,5,6, , ,1,10.0,11.0,-1.0,2,4.0,Empleado_Informal
1,38.0,2,2,6,13, , , ,11.0,11.0,0.0,2,6.0,Empleado_Informal
2,33.0,5,2,6,13, , , ,11.0,11.0,0.0,2,5.0,Empleado_Informal
2,28.0,6,2,9,13, , ,3,13.5,13.5,0.0,1,2.0,Empleado_Informal
1,47.0,2,2,6,13, , , ,11.0,11.0,0.0,1,2.0,Empleado_Informal
2,40.0,2,2,9,13, , ,3,13.5,13.5,0.0,1,2.0,Desempleado
2,25.0,6,2,7,13, , ,3,12.5,12.5,0.0,2,3.0,Empleado_Informal
2,22.0,6,2,6,13, , , ,11.0,11.0,0.0,1,3.0,Desempleado
1,38.0,1,2,6,13, , , ,11.0,11.0,0.0,2,5.0,Empleado_Informal
2,35.0,1,2,7,13, , ,3,12.5,12.5,0.0,2,5.0,Desempleado
2,28.0,6,2,6,13, , , ,11.0,11.0,0.0,2,4.0,Empleado_Informal
1,26.0,1,2,10,13,1,2,3,16.0,16.0,0.0,2,5.0,Empleado_Informal
1,24.0,2,2,6,13, , , ,11.0,11.0,0.0,2,5.0,Empleado_Informal
2,27.0,1,2,5,13, , , ,10.0,10.0,0.0,9,8.0,Empleado_Informal
1,32.0,1,2,6,13, , , ,11.0,11.0,0.0,9,8.0,Empleado_Informal
1,34.0,6,2,5,13, , , ,10.0,10.0,0.0,1,1.0,Empleado_Formal
2,53.0,1,2,5,13, , , ,10.0,10.0,0.0,2,3.0,Empleado_Informal
2,20.0,6,2,6,13, , , ,11.0,11.0,0.0,1,3.0,Empleado_Informal
1,19.0,6,2,5,13, , , ,10.0,10.0,0.0,2,3.0,Empleado_Informal
1,41.0,6,2,5,13, , , ,10.0,10.0,0.0,9,1.0,Empleado_Informal
2,29.0,1,2,8,13,1,2,3,14.0,14.0,0.0,2,4.0,Empleado_Informal
1,26.0,1,2,7,13, , ,3,12.5,12.5,0.0,2,6.0,Empleado_Informal
2,20.0,6,2,7,13, , ,3,12.5,12.5,0.0,9,0.0,Empleado_Informal
1,31.0,2,2,6,13, , , ,11.0,11.0,0.0,2,7.0,Empleado_Informal
1,51.0,1,2,10,13,1,2,3,16.0,16.0,0.0,2,5.0,Empleado_Formal
2,49.0,1,2,10,13,1,2,3,16.0,16.0,0.0,2,5.0,Desempleado
2,22.0,6,2,6,13, , , ,11.0,11.0,0.0,1,3.0,Desempleado
1,30.0,6,2,99,99, , , ,11.0,11.0,0.0,2,7.0,Empleado_Informal
2,25.0,6,2,9,13, , ,3,13.5,13.5,0.0,2,5.0,Empleado_Informal
1,28.0,1,2,6,13, , , ,11.0,11.0,0.0,2,6.0,Empleado_Informal
2,25.0,1,2,5,13, , , ,10.0,10.0,0.0,1,5.0,Empleado_Informal
2,41.0,6,2,10,13,1,2,3,16.0,16.0,0.0,2,6.0,Empleado_Informal
2,20.0,1,2,5,13, , , ,10.0,10.0,0.0,9,2.0,Empleado_Informal
1,29.0,1,2,5,13, , , ,10.0,10.0,0.0,2,2.0,Empleado_Informal
2,37.0,1,2,6,13, , , ,11.0,11.0,0.0,1,3.0,Empleado_Informal
1,33.0,1,2,4,13, , , ,9.0,9.0,0.0,2,2.0,Empleado_Formal
2,54.0,5,2,10,13,1,2,3,16.0,16.0,0.0,2,6.0,Empleado_Informal
2,22.0,5,2,5,13, , , ,10.0,10.0,0.0,1,4.0,Empleado_Informal
2,31.0,1,2,6,13, , , ,11.0,11.0,0.0,2,5.0,Empleado_Informal
1,35.0,1,2,10,13,1,2,3,16.0,16.0,0.0,2,5.0,Empleado_Informal
1,25.0,6,2,6,13, , , ,11.0,11.0,0.0,9,5.0,Empleado_Informal
1,60.0,1,2,11,13,1,1,3,16.0,16.0,0.0,7,0.0,Empleado_Informal
1,31.0,1,2,6,13, , , ,11.0,11.0,0.0,2,7.0,Empleado_Informal
2,48.0,1,2,5,13, , , ,10.0,10.0,0.0,2,6.0,Empleado_Informal
1,45.0,1,2,8,13,1,2,3,14.0,14.0,0.0,2,6.0,Desempleado
1,28.0,1,2,5,13, , , ,10.0,10.0,0.0,1,2.0,Empleado_Informal
2,24.0,1,2,6,13, , , ,11.0,11.0,0.0,2,6.0,Empleado_Informal
1,26.0,1,2,9,13, , ,3,13.5,13.5,0.0,2,6.0,Empleado_Informal
1,36.0,1,2,9,13, , ,3,13.5,13.5,0.0,2,7.0,Empleado_Informal
2,32.0,1,2,6,13, , , ,11.0,11.0,0.0,1,6.0,Empleado_Informal
1,36.0,6,2,9,13, , ,3,13.5,13.5,0.0,1,2.0,Empleado_Formal
1,30.0,6,2,6,13, , , ,11.0,11.0,0.0,2,2.0,Empleado_Informal
2,34.0,6,2,9,13, , ,3,13.5,13.5,0.0,2,8.0,Empleado_Informal
2,44.0,1,2,5,13, , , ,10.0,10.0,0.0,2,6.0,Desempleado
1,34.0,1,2,9,13, , ,3,13.5,13.5,0.0,2,3.0,Empleado_Informal
2,37.0,1,2,5,13, , , ,10.0,10.0,0.0,1,3.0,Empleado_Informal
1,33.0,1,2,5,13, , , ,10.0,10.0,0.0,2,4.0,Empleado_Informal
2,19.0,1,2,5,6, , ,1,10.0,11.0,-1.0,9,3.0,Empleado_Informal
1,28.0,1,2,6,13, , , ,11.0,11.0,0.0,1,3.0,Empleado_Informal
2,50.0,1,2,5,13, , , ,10.0,10.0,0.0,2,6.0,Empleado_Informal
1,38.0,1,2,8,13,1,2,3,14.0,14.0,0.0,2,6.0,Empleado_Informal
1,36.0,1,2,5,13, , , ,10.0,10.0,0.0,2,6.0,Empleado_Informal
2,41.0,1,2,7,13, , ,3,12.5,12.5,0.0,2,5.0,Desempleado
2,37.0,1,2,8,13,1,2,3,14.0,14.0,0.0,2,6.0,Empleado_Informal
1,35.0,1,2,7,13, , ,3,12.5,12.5,0.0,2,7.0,Empleado_Informal
1,18.0,6,2,5,6, , ,1,10.0,11.0,-1.0,2,3.0,Desempleado
1,44.0,1,2,6,13, , , ,11.0,11.0,0.0,1,6.0,Empleado_Informal
2,39.0,6,2,8,13,1,2,3,14.0,14.0,0.0,2,6.0,Empleado_Informal
1,60.0,6,2,5,13, , , ,10.0,10.0,0.0,9,2.0,Empleado_Informal
1,43.0,1,2,8,13,1,2,3,14.0,14.0,0.0,1,6.0,Desempleado
2,33.0,1,2,8,13,1,2,3,14.0,14.0,0.0,2,6.0,Empleado_Informal
2,53.0,1,2,4,13, , , ,9.0,9.0,0.0,1,4.0,Empleado_Informal
1,29.0,1,2,6,13, , , ,11.0,11.0,0.0,2,4.0,Empleado_Informal
1,49.0,1,2,5,13, , , ,10.0,10.0,0.0,2,4.0,Desempleado
2,49.0,1,2,6,13, , , ,11.0,11.0,0.0,2,4.0,Empleado_Informal
2,35.0,6,2,8,13,1,1,3,14.0,14.0,0.0,2,7.0,Empleado_Formal
2,59.0,3,2,5,13, , , ,10.0,10.0,0.0,2,5.0,Empleado_Informal
1,34.0,6,2,6,13, , , ,11.0,11.0,0.0,2,7.0,Empleado_Informal
2,34.0,6,2,10,13,1,2,3,16.0,16.0,0.0,2,7.0,Empleado_Informal
2,53.0,2,2,10,13,1,2,3,16.0,16.0,0.0,9,1.0,Desempleado
2,27.0,6,2,6,13, , , ,11.0,11.0,0.0,2,3.0,Empleado_Informal
1,30.0,6,2,5,13, , , ,10.0,10.0,0.0,1,5.0,Empleado_Informal
2,44.0,6,2,8,13,1,2,3,14.0,14.0,0.0,2,3.0,Empleado_Informal
2,34.0,1,2,6,13, , , ,11.0,11.0,0.0,1,2.0,Desempleado
1,24.0,1,2,5,13, , , ,10.0,10.0,0.0,9,0.0,Empleado_Informal
2,29.0,6,2,6,13, , , ,11.0,11.0,0.0,2,2.0,Empleado_Informal
2,56.0,6,2,6,13, , , ,11.0,11.0,0.0,2,6.0,Empleado_Informal
2,32.0,6,2,8,13,2, ,3,14.0,14.0,0.0,2,7.0,Empleado_Formal
2,60.0,6,2,4,13, , , ,9.0,9.0,0.0,1,6.0,Empleado_Informal
1,28.0,2,2,3,13, , , ,4.5,4.5,0.0,2,8.0,Empleado_Informal
1,35.0,1,2,9,13, , ,3,13.5,13.5,0.0,3,6.0,Empleado_Informal
2,23.0,1,2,5,13, , , ,10.0,10.0,0.0,1,2.0,Empleado_Informal
2,33.0,6,2,6,13, , , ,11.0,11.0,0.0,1,5.0,Empleado_Informal
2,32.0,1,1,1,5, , , ,0.0,8.5,-8.5,No Especificado,5.0,Empleado_Informal
1,39.0,1,2,6,13, , , ,11.0,11.0,0.0,2,6.0,Empleado_Informal
1,32.0,1,2,6,13, , , ,11.0,11.0,0.0,4,7.0,Empleado_Informal
2,30.0,1,2,8,13,1,2,3,14.0,14.0,0.0,2,7.0,Empleado_Informal
1,58.0,6,2,4,13, , , ,9.0,9.0,0.0,2,3.0,Empleado_Informal
1,25.0,6,2,6,13, , , ,11.0,11.0,0.0,1,3.0,Empleado_Informal
1,20.0,6,2,6,13, , , ,11.0,11.0,0.0,1,2.0,Empleado_Informal
1,32.0,1,2,10,13,2, ,3,16.0,16.0,0.0,2,6.0,Empleado_Informal
2,21.0,1,2,6,13, , , ,11.0,11.0,0.0,9,4.0,Empleado_Informal
1,34.0,1,2,6,13, , , ,11.0,11.0,0.0,2,6.0,Empleado_Informal
2,44.0,6,2,8,13,1,2,3,14.0,14.0,0.0,1,2.0,Empleado_Formal
1,24.0,1,2,6,13, , , ,11.0,11.0,0.0,2,6.0,Empleado_Formal
2,22.0,1,2,4,13, , , ,9.0,9.0,0.0,9,0.0,Empleado_Informal
1,36.0,1,2,10,13,1,2,3,16.0,16.0,0.0,2,6.0,Empleado_Informal
2,35.0,1,2,9,13, , ,3,13.5,13.5,0.0,2,6.0,Empleado_Informal
1,22.0,6,2,6,13, , , ,11.0,11.0,0.0,2,3.0,Empleado_Informal
2,38.0,5,2,6,13, , , ,11.0,11.0,0.0,2,5.0,Empleado_Informal
1,51.0,2,2,4,13, , , ,9.0,9.0,0.0,9,0.0,Empleado_Informal
2,50.0,2,2,4,13, , , ,9.0,9.0,0.0,9,0.0,Desempleado
1,24.0,6,2,6,13, , , ,11.0,11.0,0.0,9,0.0,Empleado_Informal
2,28.0,6,2,6,13, , , ,11.0,11.0,0.0,9,2.0,Empleado_Informal
1,30.0,1,2,5,13, , , ,10.0,10.0,0.0,2,6.0,Empleado_Informal
2,49.0,1,2,6,13, , , ,11.0,11.0,0.0,2,6.0,Empleado_Informal
1,58.0,1,2,5,13, , , ,10.0,10.0,0.0,2,6.0,Empleado_Informal
2,50.0,1,2,5,13, , , ,10.0,10.0,0.0,2,5.0,Empleado_Informal
2,22.0,6,2,5,13, , , ,10.0,10.0,0.0,2,5.0,Empleado_Informal
1,31.0,1,2,5,13, , , ,10.0,10.0,0.0,1,5.0,Empleado_Formal
2,32.0,1,2,10,13,1,2,3,16.0,16.0,0.0,2,5.0,Empleado_Informal
1,30.0,1,2,5,13, , , ,10.0,10.0,0.0,2,6.0,Empleado_Formal
2,27.0,1,2,9,13, , ,3,13.5,13.5,0.0,2,6.0,Empleado_Informal
1,21.0,6,2,6,13, , , ,11.0,11.0,0.0,2,1.0,Empleado_Informal
1,23.0,6,2,6,13, , , ,11.0,11.0,0.0,9,0.0,Empleado_Informal
2,64.0,5,2,4,13, , , ,9.0,9.0,0.0,2,5.0,Empleado_Informal
1,37.0,6,2,10,13,1,1,3,16.0,16.0,0.0,2,5.0,Empleado_Informal
2,26.0,1,2,6,13, , , ,11.0,11.0,0.0,2,3.0,Empleado_Informal
1,27.0,1,2,5,13, , , ,10.0,10.0,0.0,1,3.0,Empleado_Informal
1,26.0,6,2,8,13,1,2,3,14.0,14.0,0.0,1,7.0,Empleado_Informal
1,30.0,6,2,6,13, , , ,11.0,11.0,0.0,2,3.0,Empleado_Informal
1,25.0,6,2,6,13, , , ,11.0,11.0,0.0,2,3.0,Desempleado
1,27.0,1,2,6,13, , , ,11.0,11.0,0.0,2,3.0,Empleado_Informal
2,35.0,1,1,1,10, , ,0,0.0,16.0,-14.0,No Especificado,5.0,Empleado_Formal
1,64.0,2,1,1,8, , ,0,0.0,14.0,-14.0,No Especificado,5.0,Empleado_Formal
2,42.0,6,2,6,13, , , ,11.0,11.0,0.0,2,3.0,Empleado_Informal
2,22.0,6,2,5,13, , , ,10.0,10.0,0.0,2,5.0,Empleado_Formal
1,31.0,1,2,9,13, , ,3,13.5,13.5,0.0,2,7.0,Empleado_Informal
2,32.0,1,2,6,13, , , ,11.0,11.0,0.0,1,6.0,Empleado_Informal
2,51.0,5,2,5,13, , , ,10.0,10.0,0.0,2,3.0,Empleado_Informal
2,47.0,6,2,8,13,1,2,3,14.0,14.0,0.0,1,4.0,Empleado_Informal
1,44.0,1,2,5,13, , , ,10.0,10.0,0.0,2,5.0,Empleado_Informal
2,36.0,6,2,8,13,1,2,3,14.0,14.0,0.0,2,6.0,Empleado_Informal
1,29.0,6,2,9,13, , ,3,13.5,13.5,0.0,2,6.0,Empleado_Informal
1,51.0,1,2,10,13,1,2,3,16.0,16.0,0.0,2,6.0,Empleado_Informal
2,28.0,1,1,1,6, , ,1,0.0,11.0,-11.0,No Especificado,5.0,Empleado_Informal
1,24.0,6,2,5,13, , , ,10.0,10.0,0.0,1,1.0,Empleado_Informal
2,36.0,6,2,6,13, , , ,11.0,11.0,0.0,1,3.0,Empleado_Informal
1,33.0,6,2,6,13, , , ,11.0,11.0,0.0,9,1.0,Empleado_Informal
2,18.0,6,2,5,13, , , ,10.0,10.0,0.0,9,0.0,Empleado_Informal
1,19.0,6,2,5,13, , , ,10.0,10.0,0.0,9,3.0,Empleado_Informal
1,24.0,1,2,6,13, , , ,11.0,11.0,0.0,2,3.0,Empleado_Informal
2,27.0,1,2,5,13, , , ,10.0,10.0,0.0,6,6.0,Desempleado
2,22.0,6,1,1,6, , ,1,0.0,11.0,-11.0,No Especificado,5.0,Empleado_Informal
2,30.0,6,2,4,13, , , ,9.0,9.0,0.0,2,6.0,Empleado_Informal
1,32.0,1,2,6,13, , , ,11.0,11.0,0.0,2,6.0,Empleado_Informal
2,25.0,1,2,6,13, , , ,11.0,11.0,0.0,2,6.0,Empleado_Informal
2,21.0,1,2,4,13, , , ,9.0,9.0,0.0,9,1.0,Empleado_Informal
1,23.0,1,2,6,13, , , ,11.0,11.0,0.0,1,2.0,Empleado_Informal
2,19.0,6,2,5,13, , , ,10.0,10.0,0.0,9,0.0,Empleado_Informal
1,52.0,2,2,5,13, , , ,10.0,10.0,0.0,2,3.0,Empleado_Informal
2,16.0,6,2,4,5, , , ,9.0,8.5,0.5,1,2.0,Empleado_Informal
2,26.0,6,2,5,13, , , ,10.0,10.0,0.0,2,5.0,Empleado_Informal
2,21.0,6,2,6,13, , , ,11.0,11.0,0.0,6,2.0,Empleado_Informal
2,27.0,6,2,8,8, , ,3,14.0,14.0,0.0,2,6.0,Empleado_Informal
1,27.0,1,2,5,13, , , ,10.0,10.0,0.0,2,3.0,Empleado_Informal
2,27.0,1,2,6,13, , , ,11.0,11.0,0.0,1,2.0,Desempleado
1,32.0,1,2,7,13, , ,3,12.5,12.5,0.0,1,2.0,Empleado_Informal
1,33.0,6,2,8,13,2, ,3,14.0,14.0,0.0,2,2.0,Empleado_Informal
1,39.0,2,2,4,13, , , ,9.0,9.0,0.0,2,7.0,Empleado_Informal
1,18.0,6,2,5,6, , ,1,10.0,11.0,-1.0,2,2.0,Empleado_Informal
2,20.0,1,2,6,13, , , ,11.0,11.0,0.0,9,0.0,Empleado_Informal
1,24.0,1,2,6,13, , , ,11.0,11.0,0.0,9,1.0,Empleado_Informal
1,32.0,2,2,6,13, , , ,11.0,11.0,0.0,2,7.0,Empleado_Informal
1,30.0,6,2,8,13,1,2,3,14.0,14.0,0.0,2,6.0,Empleado_Formal
2,32.0,6,2,5,13, , , ,10.0,10.0,0.0,2,6.0,Empleado_Informal
1,39.0,1,2,10,13,1,2,3,16.0,16.0,0.0,2,6.0,Empleado_Informal
2,41.0,1,2,10,13,1,2,3,16.0,16.0,0.0,2,6.0,Empleado_Informal
2,34.0,5,2,6,13, , , ,11.0,11.0,0.0,1,4.0,Empleado_Informal
2,35.0,2,2,6,13, , , ,11.0,11.0,0.0,1,5.0,Empleado_Informal
1,38.0,2,2,6,13, , , ,11.0,11.0,0.0,1,5.0,Empleado_Informal
2,18.0,6,2,5,6, , ,1,10.0,11.0,-1.0,1,5.0,Empleado_Informal
1,25.0,1,2,10,13,1,2,3,16.0,16.0,0.0,1,6.0,Empleado_Informal
1,28.0,1,3,6,13, , , ,11.0,11.0,0.0,9,6.0,Empleado_Informal
2,32.0,5,2,6,13, , , ,11.0,11.0,0.0,1,7.0,Empleado_Informal
2,16.0,6,2,5,5, , , ,10.0,8.5,0.5,1,7.0,Empleado_Informal
2,39.0,6,2,9,13, , ,3,13.5,13.5,0.0,1,7.0,Empleado_Informal
1,27.0,6,2,6,13, , , ,11.0,11.0,0.0,2,5.0,Empleado_Informal
1,38.0,1,2,6,13, , , ,11.0,11.0,0.0,2,6.0,Empleado_Informal
2,32.0,1,2,10,13,2, ,3,16.0,16.0,0.0,2,6.0,Empleado_Informal
2,31.0,1,2,9,13, , ,3,13.5,13.5,0.0,2,5.0,Empleado_Informal
1,49.0,1,2,6,13, , , ,11.0,11.0,0.0,2,5.0,Empleado_Informal
1,42.0,1,2,10,13,1,2,3,16.0,16.0,0.0,2,6.0,Empleado_Formal
2,46.0,1,2,10,13,1,2,3,16.0,16.0,0.0,2,7.0,Empleado_Formal
1,42.0,1,2,6,13, , , ,11.0,11.0,0.0,2,5.0,Empleado_Informal
2,28.0,6,2,5,13, , , ,10.0,10.0,0.0,2,3.0,Empleado_Informal
2,34.0,6,2,8,13,1,2,3,14.0,14.0,0.0,2,2.0,Empleado_Informal
1,24.0,6,2,6,13, , , ,11.0,11.0,0.0,1,1.0,Empleado_Formal
1,26.0,6,2,6,13, , , ,11.0,11.0,0.0,1,3.0,Empleado_Informal
1,32.0,1,2,6,13, , , ,11.0,11.0,0.0,1,6.0,Empleado_Informal
2,42.0,2,2,8,13,1,2,3,14.0,14.0,0.0,1,6.0,Empleado_Informal
1,63.0,6,2,10,13,1,2,3,16.0,16.0,0.0,9,1.0,Empleado_Informal
1,29.0,6,2,5,13, , , ,10.0,10.0,0.0,1,6.0,Empleado_Informal
1,29.0,6,2,6,13, , , ,11.0,11.0,0.0,2,7.0,Empleado_Informal
1,32.0,6,2,6,13, , , ,11.0,11.0,0.0,2,7.0,Empleado_Formal
1,23.0,1,2,6,13, , , ,11.0,11.0,0.0,2,5.0,Empleado_Informal
2,18.0,1,1,1,5, , , ,0.0,8.5,-8.5,No Especificado,5.0,Empleado_Informal
2,40.0,6,2,10,13,1,2,3,16.0,16.0,0.0,2,5.0,Empleado_Informal
1,34.0,2,2,7,13, , ,3,12.5,12.5,0.0,2,6.0,Empleado_Informal
2,34.0,2,2,10,13,1,2,3,16.0,16.0,0.0,2,5.0,Empleado_Informal
1,32.0,1,2,5,13, , , ,10.0,10.0,0.0,1,6.0,Empleado_Informal
2,26.0,1,2,5,13, , , ,10.0,10.0,0.0,9,4.0,Desempleado
1,50.0,6,2,5,13, , , ,10.0,10.0,0.0,9,1.0,Empleado_Informal
1,19.0,6,2,5,13, , , ,10.0,10.0,0.0,1,4.0,Empleado_Informal
2,16.0,6,2,3,13, , , ,4.5,4.5,0.0,9,3.0,Desempleado
1,28.0,1,2,6,13, , , ,11.0,11.0,0.0,2,5.0,Empleado_Informal
1,27.0,1,2,5,13, , , ,10.0,10.0,0.0,1,3.0,Empleado_Informal
1,20.0,6,2,5,13, , , ,10.0,10.0,0.0,1,4.0,Empleado_Informal
1,28.0,1,2,7,13, , ,3,12.5,12.5,0.0,2,6.0,Empleado_Informal
2,25.0,1,2,9,13, , ,3,13.5,13.5,0.0,2,6.0,Empleado_Formal
1,41.0,1,2,7,13, , ,3,12.5,12.5,0.0,2,7.0,Empleado_Formal
2,28.0,1,2,9,13, , ,3,13.5,13.5,0.0,2,5.0,Empleado_Informal
1,40.0,1,2,6,13, , , ,11.0,11.0,0.0,2,5.0,Empleado_Informal
2,25.0,1,1,1,6, , ,1,0.0,11.0,-11.0,No Especificado,5.0,Empleado_Formal
2,38.0,2,2,8,13,1,2,3,14.0,14.0,0.0,2,6.0,Empleado_Informal
1,41.0,2,2,7,13, , ,3,12.5,12.5,0.0,2,6.0,Empleado_Informal
2,29.0,6,2,5,13, , , ,10.0,10.0,0.0,2,7.0,Empleado_Informal
1,25.0,2,2,6,13, , , ,11.0,11.0,0.0, ,5.0,Empleado_Informal
2,23.0,6,2,5,13, , , ,10.0,10.0,0.0,2,8.0,Empleado_Informal
1,25.0,6,2,5,13, , , ,10.0,10.0,0.0,9,0.0,Empleado_Informal
2,41.0,6,2,10,13,1,2,3,16.0,16.0,0.0,2,6.0,Empleado_Informal
1,24.0,6,2,6,13, , , ,11.0,11.0,0.0,2,6.0,Empleado_Formal
1,27.0,6,2,6,13, , , ,11.0,11.0,0.0,1,3.0,Empleado_Informal
2,27.0,6,2,8,13,1,2,3,14.0,14.0,0.0,2,5.0,Empleado_Informal
1,37.0,1,2,10,13,1,2,3,16.0,16.0,0.0,2,7.0,Empleado_Formal
2,34.0,1,2,8,13,2, ,3,14.0,14.0,0.0,2,6.0,Empleado_Informal
1,42.0,1,2,6,13, , , ,11.0,11.0,0.0,2,6.0,Empleado_Informal
1,30.0,1,2,6,13, , , ,11.0,11.0,0.0,1,5.0,Empleado_Informal
2,28.0,1,2,10,13,1,2,3,16.0,16.0,0.0,2,5.0,Empleado_Informal
2,25.0,6,2,10,13,2, ,3,16.0,16.0,0.0,2,6.0,Empleado_Formal
1,29.0,1,2,6,13, , , ,11.0,11.0,0.0,2,5.0,Empleado_Informal
2,27.0,1,1,1,6, , ,1,0.0,11.0,-11.0,No Especificado,5.0,Empleado_Informal
2,40.0,6,2,10,13,1,1,3,16.0,16.0,0.0,2,6.0,Empleado_Informal
2,31.0,5,2,6,13, , , ,11.0,11.0,0.0,1,6.0,Empleado_Informal
2,30.0,6,2,10,13,1,2,3,16.0,16.0,0.0,2,6.0,Empleado_Informal
2,25.0,6,2,10,13,1,2,3,16.0,16.0,0.0,2,5.0,Empleado_Informal
1,30.0,6,2,4,13, , , ,9.0,9.0,0.0,1,3.0,Empleado_Informal
2,27.0,6,2,6,13, , , ,11.0,11.0,0.0,1,1.0,Empleado_Informal
2,52.0,6,2,5,13, , , ,10.0,10.0,0.0,1,5.0,Empleado_Informal
1,24.0,6,2,5,13, , , ,10.0,10.0,0.0,1,5.0,Empleado_Informal
1,37.0,1,2,8,13,1,2,3,14.0,14.0,0.0,2,5.0,Empleado_Informal
2,35.0,6,2,6,13, , , ,11.0,11.0,0.0,6,6.0,Empleado_Informal
2,35.0,2,2,6,13, , , ,11.0,11.0,0.0,2,5.0,Empleado_Informal
1,37.0,2,2,6,13, , , ,11.0,11.0,0.0,2,6.0,Empleado_Informal
2,28.0,6,2,5,13, , , ,10.0,10.0,0.0,1,3.0,Empleado_Informal
1,26.0,1,2,6,13, , , ,11.0,11.0,0.0,1,3.0,Empleado_Informal
2,30.0,6,2,6,13, , , ,11.0,11.0,0.0,1,3.0,Empleado_Informal
1,35.0,1,2,6,13, , , ,11.0,11.0,0.0,1,2.0,Empleado_Informal
1,37.0,1,2,6,13, , , ,11.0,11.0,0.0,1,2.0,Empleado_Informal
2,34.0,1,2,4,13, , , ,9.0,9.0,0.0,1,2.0,Empleado_Informal
2,42.0,1,2,5,13, , , ,10.0,10.0,0.0,2,6.0,Empleado_Informal
1,40.0,1,1,1,6, , ,1,0.0,11.0,-11.0,No Especificado,5.0,Empleado_Informal
1,36.0,5,2,9,13, , ,3,13.5,13.5,0.0,2,6.0,Empleado_Formal
2,59.0,2,2,10,13,1,2,3,16.0,16.0,0.0,2,5.0,Empleado_Informal
1,59.0,2,2,5,13, , , ,10.0,10.0,0.0,2,4.0,Empleado_Informal
2,29.0,1,2,8,13,1,2,3,14.0,14.0,0.0,2,5.0,Empleado_Informal
1,30.0,1,2,6,13, , , ,11.0,11.0,0.0,2,3.0,Empleado_Informal
1,33.0,6,2,9,9, , ,3,13.5,13.5,0.0,2,5.0,Empleado_Informal
1,35.0,6,2,6,13, , , ,11.0,11.0,0.0,2,6.0,Empleado_Informal
1,17.0,6,2,4,5, , , ,9.0,8.5,0.5,1,5.0,Empleado_Informal
1,25.0,6,2,9,13, , ,3,13.5,13.5,0.0,2,5.0,Empleado_Informal
1,43.0,2,2,9,13, , ,3,13.5,13.5,0.0, ,5.0,Empleado_Informal
2,49.0,2,2,10,13,1,2,3,16.0,16.0,0.0,2,3.0,Empleado_Informal
1,26.0,1,2,5,13, , , ,10.0,10.0,0.0,2,6.0,Empleado_Informal
2,24.0,1,1,1,5, , , ,0.0,8.5,-8.5,No Especificado,5.0,Desempleado
2,47.0,6,2,7,13, , ,3,12.5,12.5,0.0,2,6.0,Empleado_Informal
1,28.0,6,2,10,13,1,2,3,16.0,16.0,0.0,2,4.0,Empleado_Informal
2,53.0,1,2,5,13, , , ,10.0,10.0,0.0,9,5.0,Desempleado
1,34.0,1,2,4,13, , , ,9.0,9.0,0.0,9,5.0,Empleado_Informal
1,21.0,1,2,6,13, , , ,11.0,11.0,0.0,9,0.0,Empleado_Informal
1,16.0,6,2,5,13, , , ,10.0,10.0,0.0,9,0.0,Empleado_Informal
2,50.0,5,2,5,13, , , ,10.0,10.0,0.0,2,3.0,Empleado_Informal
2,21.0,6,2,6,13, , , ,11.0,11.0,0.0,2,3.0,Empleado_Informal
1,52.0,1,2,6,13, , , ,11.0,11.0,0.0,2,6.0,Empleado_Informal
2,53.0,1,2,3,13, , , ,4.5,4.5,0.0,9,6.0,Desempleado
1,48.0,1,1,1,5, , , ,0.0,8.5,-8.5,No Especificado,5.0,Empleado_Informal
1,33.0,1,2,8,13,2, ,3,14.0,14.0,0.0,2,6.0,Empleado_Formal
2,33.0,1,2,10,13,1,2,3,16.0,16.0,0.0,2,5.0,Empleado_Informal
1,27.0,1,2,5,13, , , ,10.0,10.0,0.0,2,6.0,Empleado_Informal
2,26.0,1,1,1,7, , ,0,0.0,12.5,-12.5,No Especificado,5.0,Empleado_Informal
1,35.0,5,2,6,13, , , ,11.0,11.0,0.0,2,6.0,Empleado_Informal
1,30.0,5,2,6,13, , , ,11.0,11.0,0.0,9,5.0,Empleado_Informal
1,26.0,6,2,6,13, , , ,11.0,11.0,0.0,9,5.0,Empleado_Informal
2,29.0,6,2,6,13, , , ,11.0,11.0,0.0,6,4.0,Empleado_Informal
2,27.0,1,2,10,13,1,2,3,16.0,16.0,0.0,6,4.0,Empleado_Informal
1,29.0,1,2,6,13, , , ,11.0,11.0,0.0,2,3.0,Empleado_Informal
1,35.0,6,2,10,13,1,2,3,16.0,16.0,0.0,2,2.0,Empleado_Informal
1,43.0,1,2,5,13, , , ,10.0,10.0,0.0,1,1.0,Empleado_Informal
2,28.0,2,2,9,13, , ,3,13.5,13.5,0.0,2,6.0,Empleado_Informal
1,31.0,2,2,6,13, , , ,11.0,11.0,0.0,2,6.0,Empleado_Informal
1,27.0,1,2,5,13, , , ,10.0,10.0,0.0,2,1.0,Empleado_Informal
2,22.0,1,2,4,13, , , ,9.0,9.0,0.0,9,1.0,Empleado_Informal
1,39.0,1,2,3,13, , , ,4.5,4.5,0.0,9,0.0,Desempleado
1,29.0,1,2,5,13, , , ,10.0,10.0,0.0,2,5.0,Empleado_Informal
1,63.0,4,2,5,13, , , ,10.0,10.0,0.0,2,6.0,Empleado_Informal
1,34.0,1,2,5,13, , , ,10.0,10.0,0.0,2,5.0,Empleado_Informal
1,56.0,5,2,1,13, , , ,0.0,4.5,0.0,2,5.0,Empleado_Informal
1,37.0,1,1,1,8, , ,0,0.0,14.0,-14.0,No Especificado,5.0,Empleado_Formal
2,24.0,1,2,6,13, , , ,11.0,11.0,0.0,2,3.0,Empleado_Informal
2,58.0,5,2,6,13, , , ,11.0,11.0,0.0,6,5.0,Empleado_Informal
1,27.0,1,2,6,13, , , ,11.0,11.0,0.0,2,6.0,Empleado_Informal
2,31.0,1,2,6,13, , , ,11.0,11.0,0.0,9,6.0,Empleado_Informal
2,23.0,1,2,6,13, , , ,11.0,11.0,0.0,2,8.0,Empleado_Informal
1,31.0,1,1,1,6, , ,1,0.0,11.0,-11.0,No Especificado,5.0,Empleado_Informal
2,36.0,5,2,4,13, , , ,9.0,9.0,0.0,2,5.0,Desempleado
1,35.0,1,2,3,13, , , ,4.5,4.5,0.0,2,3.0,Empleado_Informal
1,28.0,6,2,5,13, , , ,10.0,10.0,0.0,9,3.0,Empleado_Informal
1,37.0,1,2,8,13,1,2,3,14.0,14.0,0.0, ,5.0,Empleado_Informal
2,29.0,6,2,5,13, , , ,10.0,10.0,0.0,9,0.0,Desempleado
2,21.0,6,2,5,6, , ,1,10.0,11.0,-1.0,9,1.0,Empleado_Informal
1,42.0,5,2,8,13,1,2,3,14.0,14.0,0.0,2,4.0,Empleado_Informal
1,39.0,1,2,4,13, , , ,9.0,9.0,0.0,6,4.0,Empleado_Informal
2,36.0,1,2,5,13, , , ,10.0,10.0,0.0,9,4.0,Empleado_Informal
2,19.0,1,2,5,5, , , ,10.0,8.5,0.5,9,4.0,Empleado_Informal
1,19.0,1,1,1,5, , , ,0.0,8.5,-8.5,No Especificado,5.0,Empleado_Informal
2,30.0,6,2,8,13,1,2,3,14.0,14.0,0.0,2,6.0,Empleado_Formal
2,30.0,6,2,9,13, , ,3,13.5,13.5,0.0,2,6.0,Empleado_Informal
1,42.0,5,2,4,13, , , ,9.0,9.0,0.0,9,2.0,Empleado_Informal
1,26.0,1,2,6,13, , , ,11.0,11.0,0.0,6,2.0,Empleado_Informal
2,45.0,1,2,6,13, , , ,11.0,11.0,0.0,2,6.0,Empleado_Informal
1,36.0,1,1,1,10, , ,0,0.0,16.0,-14.0,No Especificado,5.0,Empleado_Informal
1,27.0,1,2,6,13, , , ,11.0,11.0,0.0,1,5.0,Empleado_Informal
1,54.0,5,2,3,13, , , ,4.5,4.5,0.0,2,6.0,Desempleado
2,46.0,5,2,9,13, , ,3,13.5,13.5,0.0,1,5.0,Empleado_Informal
2,38.0,5,2,5,13, , , ,10.0,10.0,0.0,9,0.0,Empleado_Informal
1,35.0,1,2,10,13,1,2,3,16.0,16.0,0.0,2,7.0,Empleado_Informal
2,35.0,1,2,6,13, , , ,11.0,11.0,0.0,2,5.0,Empleado_Informal
1,31.0,1,2,6,13, , , ,11.0,11.0,0.0,6,6.0,Empleado_Informal
1,16.0,6,2,3,4, , , ,4.5,6.0,-1.5,6,5.0,Desempleado
1,60.0,6,2,1,1, , , ,0.0,4.5,0.0,9,0.0,Empleado_Informal
1,35.0,1,2,5,13, , , ,10.0,10.0,0.0,2,6.0,Empleado_Informal
1,43.0,1,2,5,13, , , ,10.0,10.0,0.0,2,7.0,Empleado_Informal
2,34.0,5,1,1,9, , ,0,0.0,13.5,-13.5,No Especificado,5.0,Empleado_Informal
1,30.0,1,2,5,13, , , ,10.0,10.0,0.0,9,5.0,Empleado_Informal
2,28.0,1,2,5,13, , , ,10.0,10.0,0.0,9,4.0,Empleado_Informal
1,29.0,1,2,4,13, , , ,9.0,9.0,0.0,6,5.0,Empleado_Informal
1,23.0,1,2,6,13, , , ,11.0,11.0,0.0,6,4.0,Desempleado
2,19.0,1,2,5,13, , , ,10.0,10.0,0.0,1,6.0,Empleado_Informal
2,53.0,5,2,6,13, , , ,11.0,11.0,0.0,1,5.0,Empleado_Informal
2,17.0,6,2,5,6, , ,1,10.0,11.0,-1.0,9,2.0,Empleado_Informal
2,29.0,5,2,6,13, , , ,11.0,11.0,0.0,9,0.0,Empleado_Informal
2,24.0,5,2,6,13, , , ,11.0,11.0,0.0,9,1.0,Empleado_Informal
2,37.0,5,2,5,13, , , ,10.0,10.0,0.0,9,6.0,Empleado_Informal
1,44.0,1,1,1,6, , ,1,0.0,11.0,-11.0,No Especificado,5.0,Empleado_Informal
2,43.0,1,2,6,13, , , ,11.0,11.0,0.0,9,1.0,Empleado_Informal
2,25.0,6,2,4,13, , , ,9.0,9.0,0.0,1,5.0,Empleado_Informal
2,18.0,6,2,4,13, , , ,9.0,9.0,0.0,2,4.0,Empleado_Informal
2,39.0,5,2,11,13,2, ,3,16.0,16.0,0.0,4,8.0,Empleado_Informal
2,20.0,6,2,5,13, , , ,10.0,10.0,0.0,9,3.0,Empleado_Informal
2,30.0,1,2,6,13, , , ,11.0,11.0,0.0,2,6.0,Desempleado
1,31.0,1,1,1,6, , ,1,0.0,11.0,-11.0,No Especificado,5.0,Empleado_Informal
1,36.0,6,2,6,13, , , ,11.0,11.0,0.0,6,2.0,Empleado_Informal
1,29.0,3,1,1,6, , ,1,0.0,11.0,-11.0,No Especificado,5.0,Empleado_Informal
1,19.0,6,2,6,13, , , ,11.0,11.0,0.0,9,2.0,Empleado_Informal
1,28.0,1,1,1,7, , ,0,0.0,12.5,-12.5,No Especificado,5.0,Empleado_Informal
2,46.0,6,1,1,8, , ,0,0.0,14.0,-14.0,No Especificado,5.0,Empleado_Formal
2,29.0,1,2,4,13, , , ,9.0,9.0,0.0,2,2.0,Empleado_Informal
1,27.0,1,2,9,13, , ,3,13.5,13.5,0.0,2,3.0,Empleado_Informal
1,38.0,1,2,6,13, , , ,11.0,11.0,0.0,2,5.0,Empleado_Informal
2,28.0,1,2,5,13, , , ,10.0,10.0,0.0,9,0.0,Empleado_Informal
2,27.0,6,2,9,13, , ,3,13.5,13.5,0.0,2,5.0,Empleado_Informal
2,53.0,6,2,4,13, , , ,9.0,9.0,0.0,2,5.0,Empleado_Informal
1,32.0,1,1,1,5, , , ,0.0,8.5,-8.5,No Especificado,5.0,Empleado_Informal
2,22.0,1,2,5,13, , , ,10.0,10.0,0.0,9,2.0,Empleado_Informal
2,42.0,1,2,9,13, , ,3,13.5,13.5,0.0,1,3.0,Empleado_Informal
1,53.0,1,2,10,13,1,2,3,16.0,16.0,0.0,2,3.0,Empleado_Formal
1,24.0,6,2,6,13, , , ,11.0,11.0,0.0,1,3.0,Empleado_Informal
2,22.0,6,2,9,13, , ,3,13.5,13.5,0.0,9,4.0,Empleado_Informal
1,50.0,1,1,1,10, , ,0,0.0,16.0,-14.0,No Especificado,5.0,Empleado_Informal
1,26.0,1,1,1,6, , ,1,0.0,11.0,-11.0,No Especificado,5.0,Empleado_Informal
2,22.0,1,2,5,13, , , ,10.0,10.0,0.0,2,3.0,Empleado_Informal
1,33.0,1,2,9,13, , ,3,13.5,13.5,0.0,2,6.0,Empleado_Informal
2,25.0,1,1,1,10, , ,0,0.0,16.0,-14.0,No Especificado,5.0,Empleado_Informal
1,24.0,1,2,4,13, , , ,9.0,9.0,0.0,2,5.0,Empleado_Informal
1,37.0,1,2,8,13,1,2,3,14.0,14.0,0.0,2,6.0,Empleado_Informal
2,41.0,1,2,8,13,1,2,3,14.0,14.0,0.0,2,5.0,Empleado_Informal
2,32.0,1,2,6,13, , , ,11.0,11.0,0.0,9,0.0,Empleado_Informal
1,44.0,1,2,3,13, , , ,4.5,4.5,0.0,9,0.0,Empleado_Informal
1,27.0,1,2,6,13, , , ,11.0,11.0,0.0,9,5.0,Empleado_Informal
1,53.0,1,1,1,3, , , ,0.0,4.5,-3.0,No Especificado,5.0,Empleado_Informal
2,45.0,1,2,3,13, , , ,4.5,4.5,0.0,2,6.0,Empleado_Informal
1,32.0,6,2,5,13, , , ,10.0,10.0,0.0,9,0.0,Empleado_Informal
2,24.0,1,2,5,13, , , ,10.0,10.0,0.0,9,1.0,Empleado_Informal
1,28.0,1,2,9,13, , ,3,13.5,13.5,0.0,2,8.0,Desempleado
2,26.0,5,2,9,13, , ,3,13.5,13.5,0.0,2,7.0,Empleado_Informal
1,31.0,2,2,6,13, , , ,11.0,11.0,0.0,2,5.0,Empleado_Informal
2,43.0,2,2,7,13, , ,3,12.5,12.5,0.0,2,5.0,Empleado_Informal
2,28.0,1,2,7,13, , ,3,12.5,12.5,0.0,2,6.0,Empleado_Informal
1,35.0,1,1,1,5, , , ,0.0,8.5,-8.5,No Especificado,5.0,Empleado_Informal
2,23.0,6,2,6,13, , , ,11.0,11.0,0.0,2,4.0,Empleado_Informal
1,36.0,1,2,5,13, , , ,10.0,10.0,0.0,2,2.0,Empleado_Informal
1,32.0,1,1,1,3, , , ,0.0,4.5,-3.0,No Especificado,5.0,Empleado_Informal
2,23.0,1,2,6,13, , , ,11.0,11.0,0.0,9,3.0,Empleado_Informal
2,29.0,1,2,8,13,1,2,3,14.0,14.0,0.0,2,5.0,Empleado_Informal
1,29.0,1,2,7,13, , ,3,12.5,12.5,0.0,1,5.0,Empleado_Informal
1,16.0,6,2,5,13, , , ,10.0,10.0,0.0,9,0.0,Empleado_Informal
1,30.0,1,2,6,13, , , ,11.0,11.0,0.0,2,5.0,Empleado_Informal
2,26.0,1,2,6,13, , , ,11.0,11.0,0.0,2,8.0,Empleado_Informal
2,30.0,5,2,10,13,1,2,3,16.0,16.0,0.0,2,6.0,Empleado_Formal
1,40.0,1,2,4,13, , , ,9.0,9.0,0.0,9,0.0,Empleado_Informal
2,48.0,1,2,8,13,1,2,3,14.0,14.0,0.0,2,6.0,Empleado_Informal
1,30.0,1,2,6,13, , , ,11.0,11.0,0.0,2,1.0,Empleado_Informal
2,24.0,1,2,9,13, , ,3,13.5,13.5,0.0,2,1.0,Empleado_Informal
2,26.0,6,2,6,13, , , ,11.0,11.0,0.0,2,6.0,Empleado_Informal
1,32.0,1,2,6,13, , , ,11.0,11.0,0.0,2,6.0,Empleado_Informal
2,35.0,1,2,5,13, , , ,10.0,10.0,0.0,2,2.0,Empleado_Informal
2,33.0,1,2,8,13,1,2,3,14.0,14.0,0.0,2,6.0,Empleado_Formal
1,34.0,1,1,1,10, , ,0,0.0,16.0,-14.0,No Especificado,5.0,Empleado_Informal
2,38.0,1,2,5,13, , , ,10.0,10.0,0.0,2,5.0,Empleado_Informal
1,49.0,1,1,1,4, , , ,0.0,6.0,-6.0,No Especificado,5.0,Empleado_Informal
2,18.0,6,2,3,6, , ,1,4.5,11.0,-6.5,2,5.0,Desempleado
1,28.0,2,2,8,13,1,2,3,14.0,14.0,0.0,2,5.0,Empleado_Formal
2,29.0,2,2,8,13,1,2,3,14.0,14.0,0.0,2,4.0,Empleado_Informal
2,36.0,6,2,10,13,1,1,3,16.0,16.0,0.0,3,6.0,Empleado_Informal
2,37.0,1,2,6,13, , , ,11.0,11.0,0.0,2,6.0,Empleado_Informal
1,27.0,1,2,5,13, , , ,10.0,10.0,0.0,2,5.0,Empleado_Informal
1,41.0,5,2,5,13, , , ,10.0,10.0,0.0,9,1.0,Empleado_Informal
2,30.0,5,2,8,13,1,2,3,14.0,14.0,0.0,2,8.0,Empleado_Informal
2,37.0,5,2,10,13,1,2,3,16.0,16.0,0.0,9,0.0,Empleado_Informal
1,36.0,1,2,10,13,1,2,3,16.0,16.0,0.0,6,6.0,Empleado_Formal
2,47.0,1,1,1,8, , ,0,0.0,14.0,-14.0,No Especificado,5.0,Empleado_Informal
1,19.0,6,1,1,7, , ,0,0.0,12.5,-12.5,No Especificado,5.0,Empleado_Informal
1,24.0,5,1,1,9, , ,0,0.0,13.5,-13.5,No Especificado,5.0,Empleado_Informal
2,38.0,6,2,5,13, , , ,10.0,10.0,0.0,6,2.0,Empleado_Informal
2,42.0,5,2,9,13, , ,3,13.5,13.5,0.0,6,6.0,Empleado_Informal
1,53.0,1,2,10,13,1,2,3,16.0,16.0,0.0,2,4.0,Empleado_Informal
2,33.0,6,2,7,13, , ,3,12.5,12.5,0.0,2,6.0,Empleado_Informal
2,52.0,1,2,4,13, , , ,9.0,9.0,0.0,2,4.0,Empleado_Informal
1,52.0,1,1,1,6, , ,1,0.0,11.0,-11.0,No Especificado,5.0,Empleado_Informal
2,31.0,6,2,5,13, , , ,10.0,10.0,0.0,2,5.0,Empleado_Informal
1,31.0,5,2,6,13, , , ,11.0,11.0,0.0,2,3.0,Empleado_Formal
1,29.0,1,1,1,6, , ,1,0.0,11.0,-11.0,No Especificado,5.0,Empleado_Formal
1,27.0,1,2,9,13, , ,3,13.5,13.5,0.0,2,6.0,Empleado_Formal
2,25.0,1,2,6,13, , , ,11.0,11.0,0.0,2,6.0,Empleado_Informal
1,47.0,1,2,5,13, , , ,10.0,10.0,0.0,2,6.0,Empleado_Informal
2,37.0,1,2,10,13,1,2,3,16.0,16.0,0.0,2,6.0,Empleado_Informal
1,16.0,6,2,3,5, , , ,4.5,8.5,-4.0,9,5.0,Empleado_Informal
2,42.0,5,2,6,13, , , ,11.0,11.0,0.0,2,5.0,Empleado_Informal
1,36.0,1,1,1,5, , , ,0.0,8.5,-8.5,No Especificado,5.0,Empleado_Informal
2,41.0,1,2,6,13, , , ,11.0,11.0,0.0,2,4.0,Desempleado
1,26.0,1,2,6,13, , , ,11.0,11.0,0.0,2,5.0,Empleado_Formal
1,34.0,6,2,8,13,1,2,3,14.0,14.0,0.0,2,7.0,Empleado_Informal
1,41.0,1,2,6,13, , , ,11.0,11.0,0.0,1,6.0,Empleado_Informal
2,26.0,1,2,5,13, , , ,10.0,10.0,0.0,6,6.0,Desempleado
1,33.0,1,2,5,13, , , ,10.0,10.0,0.0,2,6.0,Empleado_Informal
1,25.0,1,2,6,13, , , ,11.0,11.0,0.0,2,3.0,Empleado_Informal
2,35.0,1,2,5,13, , , ,10.0,10.0,0.0,2,3.0,Empleado_Informal
1,62.0,1,2,10,13,1,2,3,16.0,16.0,0.0,2,2.0,Empleado_Informal
2,40.0,1,2,10,13,1,2,3,16.0,16.0,0.0,2,2.0,Empleado_Informal
1,18.0,6,2,5,6, , ,0,10.0,11.0,-1.0,2,2.0,Empleado_Informal
2,29.0,1,2,9,13, , ,3,13.5,13.5,0.0,2,7.0,Empleado_Informal
1,23.0,1,1,1,9, , ,0,0.0,13.5,-13.5,No Especificado,5.0,Empleado_Informal
1,33.0,1,1,1,10, , ,0,0.0,16.0,-14.0,No Especificado,5.0,Empleado_Formal
2,32.0,1,2,10,13,1,2,3,16.0,16.0,0.0,2,6.0,Empleado_Informal
1,25.0,1,2,6,13, , , ,11.0,11.0,0.0,1,6.0,Empleado_Informal
2,38.0,6,2,5,13, , , ,10.0,10.0,0.0,2,5.0,Empleado_Informal
2,36.0,1,2,5,13, , , ,10.0,10.0,0.0,6,6.0,Empleado_Informal
1,37.0,1,2,6,13, , , ,11.0,11.0,0.0,2,6.0,Empleado_Informal
2,22.0,1,2,6,13, , , ,11.0,11.0,0.0,1,6.0,Empleado_Informal
1,35.0,1,2,4,13, , , ,9.0,9.0,0.0,1,8.0,Empleado_Informal
2,51.0,1,2,5,13, , , ,10.0,10.0,0.0,1,6.0,Empleado_Informal
1,59.0,1,2,4,13, , , ,9.0,9.0,0.0,2,6.0,Empleado_Informal
1,25.0,1,2,7,13, , ,3,12.5,12.5,0.0,2,6.0,Empleado_Informal
2,22.0,1,2,5,13, , , ,10.0,10.0,0.0,6,6.0,Empleado_Informal
1,32.0,1,2,9,13, , ,3,13.5,13.5,0.0,2,5.0,Empleado_Informal
2,36.0,1,1,1,10, , ,0,0.0,16.0,-14.0,No Especificado,5.0,Empleado_Informal
2,25.0,6,2,10,13,1,2,3,16.0,16.0,0.0,2,4.0,Empleado_Informal
1,22.0,6,2,5,6, , ,1,10.0,11.0,-1.0,2,6.0,Empleado_Informal
1,49.0,1,2,5,13, , , ,10.0,10.0,0.0,2,4.0,Empleado_Informal
2,44.0,1,2,8,13,1,2,3,14.0,14.0,0.0,2,4.0,Empleado_Informal
1,44.0,1,2,6,13, , , ,11.0,11.0,0.0,2,4.0,Empleado_Informal
1,22.0,6,2,5,13, , , ,10.0,10.0,0.0,9,1.0,Empleado_Informal
1,25.0,6,2,6,13, , , ,11.0,11.0,0.0,1,5.0,Desempleado
2,23.0,5,2,5,13, , , ,10.0,10.0,0.0,9,5.0,Empleado_Informal
1,24.0,1,1,1,8, , ,0,0.0,14.0,-14.0,No Especificado,5.0,Empleado_Informal
2,23.0,1,2,5,13, , , ,10.0,10.0,0.0,2,5.0,Empleado_Informal
1,44.0,2,2,10,13,1,2,3,16.0,16.0,0.0,2,6.0,Empleado_Informal
2,40.0,2,2,8,13,1,2,3,14.0,14.0,0.0,2,6.0,Empleado_Informal
2,20.0,6,2,5,13, , , ,10.0,10.0,0.0,1,1.0,Empleado_Informal
2,19.0,6,2,5,13, , , ,10.0,10.0,0.0,1,1.0,Empleado_Informal
2,47.0,6,2,4,13, , , ,9.0,9.0,0.0,1,3.0,Empleado_Informal
1,24.0,1,2,5,13, , , ,10.0,10.0,0.0,2,5.0,Empleado_Informal
2,53.0,1,2,8,13,1,2,3,14.0,14.0,0.0,2,6.0,Desempleado
1,57.0,1,3,1,13, , , ,0.0,4.5,0.0,2,8.0,Empleado_Informal
2,18.0,1,2,3,5, , , ,4.5,8.5,-4.0,9,6.0,Empleado_Informal
1,26.0,1,1,1,9, , ,0,0.0,13.5,-13.5,No Especificado,5.0,Empleado_Informal
1,54.0,2,2,7,13, , ,3,12.5,12.5,0.0,2,6.0,Empleado_Informal
2,45.0,2,2,10,13,1,1,3,16.0,16.0,0.0,2,6.0,Empleado_Informal
2,21.0,6,2,6,9, , ,0,11.0,13.5,-2.5,2,6.0,Empleado_Formal
1,25.0,1,2,6,9, , ,0,11.0,13.5,-2.5,2,6.0,Empleado_Informal
2,23.0,1,2,6,9, , ,0,11.0,13.5,-2.5,2,6.0,Desempleado
1,35.0,2,2,10,13,1,2,3,16.0,16.0,0.0,2,0.0,Empleado_Informal
2,27.0,1,2,9,13, , ,3,13.5,13.5,0.0,2,6.0,Desempleado
1,42.0,1,1,1,10, , ,0,0.0,16.0,-14.0,No Especificado,5.0,Desempleado
1,47.0,2,2,6,13, , , ,11.0,11.0,0.0,2,1.0,Empleado_Informal
2,29.0,2,2,6,13, , , ,11.0,11.0,0.0,2,3.0,Empleado_Informal
1,30.0,2,2,6,13, , , ,11.0,11.0,0.0,2,5.0,Empleado_Formal
1,36.0,1,2,4,13, , , ,9.0,9.0,0.0,2,2.0,Empleado_Informal
2,37.0,1,2,10,13,1,2,3,16.0,16.0,0.0,2,3.0,Empleado_Informal
1,41.0,1,2,6,13, , , ,11.0,11.0,0.0,2,5.0,Empleado_Formal
2,34.0,1,2,8,13,1,2,3,14.0,14.0,0.0,1,6.0,Empleado_Informal
1,36.0,6,2,6,13, , , ,11.0,11.0,0.0,9,0.0,Empleado_Informal
1,25.0,1,2,6,13, , , ,11.0,11.0,0.0,2,6.0,Empleado_Informal
2,24.0,1,2,6,13, , , ,11.0,11.0,0.0,2,6.0,Empleado_Informal
1,22.0,1,2,6,13, , , ,11.0,11.0,0.0,1,3.0,Empleado_Informal
2,45.0,1,2,8,13,1,2,3,14.0,14.0,0.0,2,3.0,Empleado_Informal
2,49.0,1,2,10,13,1,2,3,16.0,16.0,0.0,2,6.0,Empleado_Formal
1,50.0,1,2,10,13,1,1,3,16.0,16.0,0.0,2,6.0,Empleado_Informal
1,22.0,6,2,6,13, , , ,11.0,11.0,0.0,2,6.0,Empleado_Informal
1,40.0,1,2,6,13, , , ,11.0,11.0,0.0,1,6.0,Empleado_Informal
2,28.0,1,2,5,13, , , ,10.0,10.0,0.0,1,6.0,Empleado_Informal
1,26.0,1,1,1,4, , , ,0.0,6.0,-6.0,No Especificado,5.0,Empleado_Informal
2,27.0,1,2,7,13, , ,3,12.5,12.5,0.0,9,0.0,Desempleado
1,57.0,1,2,6,13, , , ,11.0,11.0,0.0,2,3.0,Empleado_Informal
1,30.0,1,1,1,8, , ,0,0.0,14.0,-14.0,No Especificado,5.0,Empleado_Formal
2,35.0,1,2,6,13, , , ,11.0,11.0,0.0,2,6.0,Empleado_Informal
2,45.0,6,2,10,13,1,2,3,16.0,16.0,0.0,2,6.0,Empleado_Formal
2,24.0,6,2,9,9, , ,3,13.5,13.5,0.0,4,6.0,Empleado_Formal
2,16.0,6,2,4,5, , , ,9.0,8.5,0.5,2,6.0,Empleado_Informal
1,33.0,1,2,8,13,1,2,3,14.0,14.0,0.0,1,6.0,Empleado_Informal
1,28.0,6,2,6,13, , , ,11.0,11.0,0.0,2,6.0,Empleado_Informal
1,35.0,6,2,6,13, , , ,11.0,11.0,0.0,2,3.0,Empleado_Informal
2,38.0,6,2,6,13, , , ,11.0,11.0,0.0,2,4.0,Empleado_Informal
2,25.0,6,2,6,13, , , ,11.0,11.0,0.0,2,6.0,Empleado_Informal
1,24.0,1,2,4,13, , , ,9.0,9.0,0.0,2,0.0,Empleado_Informal
1,60.0,1,2,4,13, , , ,9.0,9.0,0.0,2,4.0,Empleado_Informal
2,52.0,1,2,5,13, , , ,10.0,10.0,0.0,2,4.0,Empleado_Informal
1,30.0,6,2,5,13, , , ,10.0,10.0,0.0,2,4.0,Empleado_Informal
2,33.0,6,2,6,13, , , ,11.0,11.0,0.0,2,1.0,Empleado_Informal
2,32.0,1,2,9,13, , ,3,13.5,13.5,0.0,2,5.0,Desempleado
1,36.0,1,2,6,13, , , ,11.0,11.0,0.0,2,5.0,Empleado_Informal
2,28.0,6,2,5,13, , , ,10.0,10.0,0.0,2,3.0,Empleado_Informal
2,46.0,6,2,5,13, , , ,10.0,10.0,0.0,2,2.0,Empleado_Informal
1,31.0,1,2,9,13, , ,3,13.5,13.5,0.0,2,6.0,Empleado_Formal
2,31.0,1,2,10,13,2, ,3,16.0,16.0,0.0,2,5.0,Empleado_Informal
1,26.0,1,2,6,13, , , ,11.0,11.0,0.0,1,5.0,Empleado_Informal
1,23.0,1,2,9,13, , ,3,13.5,13.5,0.0,1,4.0,Empleado_Informal
2,33.0,6,2,5,13, , , ,10.0,10.0,0.0,9,3.0,Empleado_Informal
1,60.0,5,2,4,13, , , ,9.0,9.0,0.0,1,1.0,Empleado_Informal
1,52.0,1,2,8,13,1,2,3,14.0,14.0,0.0,2,1.0,Empleado_Formal
2,53.0,1,1,1,8, , ,0,0.0,14.0,-14.0,No Especificado,5.0,Empleado_Formal
1,36.0,1,2,5,13, , , ,10.0,10.0,0.0,2,5.0,Empleado_Informal
1,27.0,1,2,6,13, , , ,11.0,11.0,0.0,1,1.0,Empleado_Formal
2,25.0,1,2,6,13, , , ,11.0,11.0,0.0,1,1.0,Empleado_Informal
1,21.0,6,2,6,13, , , ,11.0,11.0,0.0,1,1.0,Empleado_Informal
1,36.0,1,2,6,13, , , ,11.0,11.0,0.0,2,6.0,Empleado_Informal
2,32.0,1,2,8,13,1,2,3,14.0,14.0,0.0,2,6.0,Empleado_Informal
2,57.0,5,2,5,13, , , ,10.0,10.0,0.0,2,5.0,Empleado_Informal
1,38.0,1,2,10,13,1,2,3,16.0,16.0,0.0,2,6.0,Empleado_Formal
2,31.0,1,2,8,13,1,2,3,14.0,14.0,0.0,2,6.0,Empleado_Informal
1,46.0,1,2,6,13, , , ,11.0,11.0,0.0,2,3.0,Empleado_Informal
1,20.0,6,2,5,13, , , ,10.0,10.0,0.0,1,1.0,Empleado_Informal
1,25.0,6,2,6,13, , , ,11.0,11.0,0.0,9,6.0,Empleado_Informal
1,19.0,1,2,5,13, , , ,10.0,10.0,0.0,1,6.0,Empleado_Informal
1,36.0,6,2,8,13,1,2,3,14.0,14.0,0.0,2,6.0,Empleado_Informal
2,39.0,6,2,8,13,1,2,3,14.0,14.0,0.0,2,5.0,Empleado_Informal
1,19.0,6,2,5,6, , ,1,10.0,11.0,-1.0,2,4.0,Empleado_Informal
1,28.0,6,2,9,13, , ,3,13.5,13.5,0.0,2,6.0,Empleado_Formal
2,46.0,4,2,5,13, , , ,10.0,10.0,0.0,2,3.0,Empleado_Informal
1,25.0,6,2,5,13, , , ,10.0,10.0,0.0,2,6.0,Empleado_Informal
2,63.0,6,2,3,13, , , ,4.5,4.5,0.0,2,1.0,Empleado_Informal
1,52.0,1,2,5,13, , , ,10.0,10.0,0.0,2,6.0,Empleado_Informal
1,25.0,1,2,8,13,1,2,3,14.0,14.0,0.0,2,5.0,Empleado_Informal
2,26.0,1,1,1,6, , ,1,0.0,11.0,-11.0,No Especificado,5.0,Empleado_Informal
2,57.0,2,2,3,13, , , ,4.5,4.5,0.0,2,5.0,Empleado_Informal
1,61.0,2,2,6,13, , , ,11.0,11.0,0.0,2,5.0,Empleado_Informal
1,16.0,6,2,3,4, , , ,4.5,6.0,-1.5,1,5.0,Desempleado
1,35.0,6,2,5,13, , , ,10.0,10.0,0.0,2,5.0,Empleado_Informal
1,61.0,2,2,5,13, , , ,10.0,10.0,0.0,1,3.0,Empleado_Informal
1,20.0,6,2,5,13, , , ,10.0,10.0,0.0,1,1.0,Empleado_Informal
1,46.0,1,2,6,13, , , ,11.0,11.0,0.0,2,5.0,Empleado_Informal
1,25.0,6,2,6,13, , , ,11.0,11.0,0.0,2,3.0,Empleado_Informal
1,18.0,6,2,5,13, , , ,10.0,10.0,0.0,2,5.0,Empleado_Informal
1,27.0,1,2,6,13, , , ,11.0,11.0,0.0,2,6.0,Empleado_Informal
2,27.0,1,2,6,13, , , ,11.0,11.0,0.0,1,5.0,Empleado_Informal
1,43.0,6,2,11,13,1,2,3,16.0,16.0,0.0,2,6.0,Empleado_Formal
1,64.0,5,2,5,13, , , ,10.0,10.0,0.0,2,7.0,Empleado_Informal
1,52.0,6,2,5,13, , , ,10.0,10.0,0.0,2,6.0,Empleado_Informal
1,41.0,6,2,6,13, , , ,11.0,11.0,0.0,2,7.0,Empleado_Formal
2,28.0,6,2,6,13, , , ,11.0,11.0,0.0,2,7.0,Empleado_Informal
1,26.0,6,2,5,13, , , ,10.0,10.0,0.0,9,5.0,Empleado_Informal
1,37.0,1,2,6,13, , , ,11.0,11.0,0.0,2,8.0,Empleado_Formal
2,30.0,6,2,7,13, , ,3,12.5,12.5,0.0,2,6.0,Empleado_Informal
1,36.0,1,2,6,13, , , ,11.0,11.0,0.0,2,5.0,Empleado_Informal
2,26.0,1,2,6,13, , , ,11.0,11.0,0.0,1,5.0,Empleado_Informal
1,31.0,6,2,6,13, , , ,11.0,11.0,0.0,2,6.0,Empleado_Formal
1,48.0,6,2,3,13, , , ,4.5,4.5,0.0,2,4.0,Empleado_Formal
1,19.0,6,2,5,6, , ,1,10.0,11.0,-1.0,1,5.0,Empleado_Informal
2,35.0,1,2,10,13,1,2,3,16.0,16.0,0.0,1,2.0,Empleado_Informal
1,36.0,1,2,6,13, , , ,11.0,11.0,0.0,2,3.0,Empleado_Informal
2,34.0,5,2,6,13, , , ,11.0,11.0,0.0,2,5.0,Empleado_Informal
1,47.0,1,1,1,6, , ,1,0.0,11.0,-11.0,No Especificado,5.0,Empleado_Formal
2,45.0,1,2,6,13, , , ,11.0,11.0,0.0,1,5.0,Empleado_Informal
1,43.0,1,2,9,13, , ,3,13.5,13.5,0.0,2,6.0,Empleado_Formal
2,46.0,1,1,1,6, , ,1,0.0,11.0,-11.0,No Especificado,5.0,Desempleado
2,52.0,1,2,6,13, , , ,11.0,11.0,0.0,2,6.0,Empleado_Informal
1,46.0,1,2,5,13, , , ,10.0,10.0,0.0,2,6.0,Empleado_Informal
1,23.0,6,2,5,13, , , ,10.0,10.0,0.0,1,4.0,Empleado_Informal
2,27.0,6,2,6,13, , , ,11.0,11.0,0.0,2,6.0,Empleado_Informal
2,33.0,6,2,8,13,1,2,3,14.0,14.0,0.0,2,6.0,Empleado_Informal
1,27.0,6,2,9,13, , ,3,13.5,13.5,0.0,2,5.0,Empleado_Formal
1,25.0,6,2,9,13, , ,3,13.5,13.5,0.0,2,5.0,Empleado_Informal
1,24.0,1,2,6,13, , , ,11.0,11.0,0.0,2,3.0,Empleado_Informal
2,24.0,1,2,8,13,1,2,3,14.0,14.0,0.0,2,3.0,Empleado_Informal
1,25.0,1,2,9,13, , ,3,13.5,13.5,0.0,2,5.0,Empleado_Formal
2,24.0,1,1,1,6, , ,1,0.0,11.0,-11.0,No Especificado,5.0,Desempleado
1,41.0,1,2,6,13, , , ,11.0,11.0,0.0,2,6.0,Empleado_Informal
1,35.0,1,1,1,10, , ,0,0.0,16.0,-14.0,No Especificado,5.0,Empleado_Formal
2,29.0,1,2,10,13,1,2,3,16.0,16.0,0.0,2,0.0,Empleado_Formal
2,43.0,6,2,10,13,1,2,3,16.0,16.0,0.0,2,8.0,Empleado_Informal
2,37.0,1,2,9,13, , ,3,13.5,13.5,0.0,9,0.0,Desempleado
1,28.0,1,2,6,13, , , ,11.0,11.0,0.0,9,6.0,Empleado_Informal
1,21.0,1,2,6,13, , , ,11.0,11.0,0.0,2,3.0,Empleado_Informal
1,26.0,6,2,6,13, , , ,11.0,11.0,0.0,2,0.0,Empleado_Informal
1,20.0,6,1,1,6, , ,1,0.0,11.0,-11.0,No Especificado,5.0,Empleado_Informal
1,35.0,1,2,6,13, , , ,11.0,11.0,0.0,2,5.0,Empleado_Informal
2,64.0,3,2,3,13, , , ,4.5,4.5,0.0,1,2.0,Desempleado
2,53.0,6,2,8,13,1,2,3,14.0,14.0,0.0,1,2.0,Empleado_Informal
1,55.0,1,2,10,13,1,2,3,16.0,16.0,0.0,2,5.0,Empleado_Informal
2,21.0,6,2,6,13, , , ,11.0,11.0,0.0,2,0.0,Empleado_Informal
1,30.0,1,2,6,13, , , ,11.0,11.0,0.0,2,5.0,Empleado_Informal
2,29.0,1,2,5,13, , , ,10.0,10.0,0.0,9,5.0,Empleado_Informal
2,60.0,6,2,10,13,1,2,3,16.0,16.0,0.0,2,6.0,Empleado_Informal
1,20.0,6,2,5,6, , ,1,10.0,11.0,-1.0,2,6.0,Empleado_Informal
2,59.0,3,2,10,13,1,2,3,16.0,16.0,0.0,2,5.0,Empleado_Informal
1,29.0,6,2,6,13, , , ,11.0,11.0,0.0,1,1.0,Empleado_Informal
2,29.0,6,2,6,13, , , ,11.0,11.0,0.0,2,4.0,Empleado_Informal
1,23.0,6,2,6,13, , , ,11.0,11.0,0.0,1,3.0,Empleado_Informal
1,33.0,1,2,8,13,1,2,3,14.0,14.0,0.0,2,5.0,Empleado_Informal
2,27.0,1,2,6,13, , , ,11.0,11.0,0.0,2,0.0,Empleado_Informal
1,32.0,6,2,8,13,1,2,3,14.0,14.0,0.0,1,5.0,Empleado_Informal
2,25.0,6,2,8,13,1,2,3,14.0,14.0,0.0,2,6.0,Empleado_Informal
2,18.0,6,2,3,5, , , ,4.5,8.5,-4.0,4,8.0,Empleado_Informal
1,21.0,6,2,6,13, , , ,11.0,11.0,0.0,1,1.0,Empleado_Informal
1,46.0,1,2,5,13, , , ,10.0,10.0,0.0,2,4.0,Empleado_Informal
1,55.0,1,2,6,13, , , ,11.0,11.0,0.0,2,3.0,Empleado_Informal
2,64.0,1,2,6,13, , , ,11.0,11.0,0.0,2,6.0,Empleado_Informal
2,27.0,6,2,10,10, , ,3,16.0,16.0,0.0,2,6.0,Empleado_Informal
2,21.0,6,2,5,13, , , ,10.0,10.0,0.0,1,1.0,Empleado_Informal
2,21.0,6,2,6,13, , , ,11.0,11.0,0.0,9,0.0,Empleado_Informal
2,51.0,6,2,10,13,1,2,3,16.0,16.0,0.0,2,5.0,Empleado_Informal
2,27.0,2,2,9,13, , ,3,13.5,13.5,0.0,2,2.0,Empleado_Informal
2,49.0,6,2,4,13, , , ,9.0,9.0,0.0,9,0.0,Empleado_Informal
2,40.0,6,2,6,13, , , ,11.0,11.0,0.0,2,5.0,Empleado_Formal
2,25.0,6,2,5,13, , , ,10.0,10.0,0.0,9,2.0,Empleado_Informal
1,46.0,6,2,3,13, , , ,4.5,4.5,0.0,2,5.0,Empleado_Formal
1,42.0,1,2,6,13, , , ,11.0,11.0,0.0,2,6.0,Empleado_Informal
2,30.0,1,2,8,13,2, ,3,14.0,14.0,0.0,1,5.0,Empleado_Informal
1,28.0,6,2,9,13, , ,3,13.5,13.5,0.0,2,3.0,Empleado_Informal
2,50.0,6,2,6,13, , , ,11.0,11.0,0.0,1,3.0,Empleado_Informal
2,28.0,6,2,9,13, , ,3,13.5,13.5,0.0,1,2.0,Empleado_Informal
2,44.0,6,2,6,13, , , ,11.0,11.0,0.0,2,4.0,Empleado_Informal
1,54.0,2,2,10,11, , ,3,16.0,16.0,-3.0,2,6.0,Empleado_Informal
2,28.0,6,2,10,13,1,2,3,16.0,16.0,0.0,2,6.0,Empleado_Informal
2,27.0,6,2,6,13, , , ,11.0,11.0,0.0,2,6.0,Empleado_Informal
2,22.0,6,2,5,6, , ,1,10.0,11.0,-1.0,2,6.0,Empleado_Informal
1,27.0,1,1,1,7, , ,0,0.0,12.5,-12.5,No Especificado,5.0,Empleado_Informal
1,35.0,1,1,1,10, , ,0,0.0,16.0,-14.0,No Especificado,5.0,Empleado_Formal
2,23.0,1,2,6,13, , , ,11.0,11.0,0.0,2,5.0,Empleado_Informal
2,46.0,1,2,9,13, , ,3,13.5,13.5,0.0,2,6.0,Empleado_Informal
1,46.0,1,1,1,5, , , ,0.0,8.5,-8.5,No Especificado,5.0,Empleado_Informal
2,25.0,5,2,6,13, , , ,11.0,11.0,0.0,9,6.0,Empleado_Informal
1,25.0,1,2,10,13,1,2,3,16.0,16.0,0.0,3,3.0,Empleado_Informal
2,21.0,1,2,6,13, , , ,11.0,11.0,0.0,3,3.0,Desempleado
1,46.0,1,2,5,13, , , ,10.0,10.0,0.0,2,4.0,Empleado_Informal
2,36.0,1,2,6,13, , , ,11.0,11.0,0.0,2,6.0,Empleado_Informal
1,38.0,1,2,5,13, , , ,10.0,10.0,0.0,9,5.0,Empleado_Informal
1,56.0,1,2,5,13, , , ,10.0,10.0,0.0,9,4.0,Empleado_Informal
1,40.0,6,2,5,13, , , ,10.0,10.0,0.0,9,1.0,Empleado_Informal
2,25.0,6,2,6,13, , , ,11.0,11.0,0.0,9,1.0,Empleado_Informal
1,21.0,6,2,5,13, , , ,10.0,10.0,0.0,9,1.0,Desempleado
1,22.0,1,2,6,13, , , ,11.0,11.0,0.0,9,3.0,Empleado_Informal
2,52.0,6,2,9,13, , ,3,13.5,13.5,0.0,2,4.0,Empleado_Informal
2,41.0,1,2,9,13, , ,3,13.5,13.5,0.0,1,2.0,Desempleado
1,41.0,1,2,5,13, , , ,10.0,10.0,0.0,1,3.0,Empleado_Informal
1,36.0,1,1,1,10, , ,0,0.0,16.0,-14.0,No Especificado,5.0,Empleado_Formal
2,62.0,1,1,1,8, , ,0,0.0,14.0,-14.0,No Especificado,5.0,Empleado_Informal
1,64.0,1,2,6,13, , , ,11.0,11.0,0.0,6,3.0,Empleado_Informal
2,43.0,1,2,8,13,2, ,3,14.0,14.0,0.0,2,4.0,Empleado_Informal
1,42.0,1,1,6,6, , ,1,11.0,11.0,0.0,No Especificado,5.0,Empleado_Informal
2,60.0,5,2,5,13, , , ,10.0,10.0,0.0,2,5.0,Empleado_Informal
1,27.0,5,2,6,13, , , ,11.0,11.0,0.0,2,3.0,Empleado_Informal
1,29.0,1,2,6,13, , , ,11.0,11.0,0.0,1,5.0,Empleado_Informal
2,44.0,5,2,6,13, , , ,11.0,11.0,0.0,1,4.0,Empleado_Informal
1,35.0,1,2,3,13, , , ,4.5,4.5,0.0,2,6.0,Empleado_Informal
1,40.0,1,2,6,13, , , ,11.0,11.0,0.0,1,1.0,Empleado_Informal
2,36.0,1,1,1,6, , ,1,0.0,11.0,-11.0,No Especificado,5.0,Empleado_Informal
2,27.0,6,2,5,13, , , ,10.0,10.0,0.0,2,3.0,Empleado_Informal
1,39.0,2,2,10,11, , ,3,16.0,16.0,-3.0,2,5.0,Empleado_Informal
2,39.0,2,2,6,13, , , ,11.0,11.0,0.0,2,6.0,Empleado_Informal
1,30.0,1,1,1,6, , ,1,0.0,11.0,-11.0,No Especificado,5.0,Empleado_Informal
1,38.0,1,1,1,6, , ,1,0.0,11.0,-11.0,No Especificado,5.0,Empleado_Informal
2,46.0,1,2,6,13, , , ,11.0,11.0,0.0,1,6.0,Empleado_Informal
1,50.0,5,2,8,13,1,2,3,14.0,14.0,0.0,2,6.0,Empleado_Informal
2,48.0,5,2,5,13, , , ,10.0,10.0,0.0,2,5.0,Empleado_Informal
2,24.0,5,2,5,13, , , ,10.0,10.0,0.0,2,4.0,Empleado_Informal
2,39.0,5,2,5,13, , , ,10.0,10.0,0.0,2,6.0,Empleado_Informal
1,17.0,6,2,5,13, , , ,10.0,10.0,0.0,2,2.0,Empleado_Informal
2,27.0,1,2,6,13, , , ,11.0,11.0,0.0,2,3.0,Desempleado
1,24.0,1,2,6,13, , , ,11.0,11.0,0.0,2,5.0,Empleado_Informal
1,26.0,1,2,6,13, , , ,11.0,11.0,0.0,2,6.0,Empleado_Informal
2,30.0,1,2,5,13, , , ,10.0,10.0,0.0,2,5.0,Desempleado
1,34.0,6,2,6,13, , , ,11.0,11.0,0.0,6,5.0,Empleado_Informal
2,43.0,2,2,10,13,1,2,3,16.0,16.0,0.0,2,6.0,Empleado_Informal
1,41.0,2,2,6,13, , , ,11.0,11.0,0.0,2,6.0,Empleado_Informal
1,22.0,1,2,5,13, , , ,10.0,10.0,0.0,2,6.0,Empleado_Informal
2,19.0,1,2,5,13, , , ,10.0,10.0,0.0,1,4.0,Empleado_Informal
1,64.0,2,2,4,13, , , ,9.0,9.0,0.0,2,6.0,Empleado_Informal
2,34.0,1,2,5,13, , , ,10.0,10.0,0.0,9,2.0,Empleado_Informal
1,36.0,1,2,4,13, , , ,9.0,9.0,0.0,9,4.0,Empleado_Informal
1,16.0,6,2,5,13, , , ,10.0,10.0,0.0,9,0.0,Empleado_Informal
1,35.0,1,2,5,13, , , ,10.0,10.0,0.0,2,3.0,Empleado_Informal
2,51.0,6,2,6,13, , , ,11.0,11.0,0.0,9,6.0,Empleado_Informal
1,32.0,6,2,7,13, , ,3,12.5,12.5,0.0,9,1.0,Empleado_Informal
1,27.0,6,2,5,13, , , ,10.0,10.0,0.0,9,8.0,Empleado_Informal
2,38.0,1,2,10,13,1,2,3,16.0,16.0,0.0,1,5.0,Empleado_Informal
1,29.0,1,1,1,5, , , ,0.0,8.5,-8.5,No Especificado,5.0,Empleado_Informal
2,19.0,6,2,6,13, , , ,11.0,11.0,0.0,9,0.0,Desempleado
2,41.0,6,2,5,13, , , ,10.0,10.0,0.0,2,5.0,Empleado_Informal
1,22.0,6,2,5,5, , , ,10.0,8.5,0.5,2,5.0,Empleado_Informal
1,16.0,6,2,3,5, , , ,4.5,8.5,-4.0,2,5.0,Empleado_Informal
2,26.0,6,2,5,13, , , ,10.0,10.0,0.0,2,5.0,Empleado_Informal
2,42.0,6,2,8,13,2, ,3,14.0,14.0,0.0,2,6.0,Empleado_Formal
1,27.0,6,2,5,13, , , ,10.0,10.0,0.0,2,4.0,Empleado_Informal
2,33.0,5,2,10,13,1,2,3,16.0,16.0,0.0,2,7.0,Empleado_Informal
1,33.0,1,2,5,13, , , ,10.0,10.0,0.0,2,3.0,Empleado_Informal
1,16.0,6,2,4,5, , , ,9.0,8.5,0.5,9,3.0,Empleado_Informal
1,56.0,6,2,4,13, , , ,9.0,9.0,0.0,1,3.0,Empleado_Informal
1,28.0,1,1,1,6, , ,1,0.0,11.0,-11.0,No Especificado,5.0,Empleado_Informal
2,41.0,5,2,10,13,1,2,3,16.0,16.0,0.0,1,4.0,Empleado_Informal
1,19.0,6,2,5,13, , , ,10.0,10.0,0.0,2,4.0,Empleado_Informal
1,27.0,6,2,5,13, , , ,10.0,10.0,0.0,9,0.0,Empleado_Informal
1,28.0,1,2,9,13, , ,3,13.5,13.5,0.0,2,6.0,Empleado_Informal
2,26.0,1,2,6,13, , , ,11.0,11.0,0.0,2,5.0,Empleado_Informal
1,22.0,1,2,6,9, , ,0,11.0,13.5,-2.5,2,4.0,Empleado_Informal
2,20.0,1,1,1,9, , ,0,0.0,13.5,-13.5,No Especificado,5.0,Empleado_Informal
1,41.0,1,2,5,13, , , ,10.0,10.0,0.0,1,4.0,Empleado_Informal
2,52.0,1,2,5,13, , , ,10.0,10.0,0.0,1,2.0,Empleado_Informal
1,36.0,1,2,5,13, , , ,10.0,10.0,0.0,9,5.0,Empleado_Informal
2,45.0,1,2,5,13, , , ,10.0,10.0,0.0,1,4.0,Desempleado
1,42.0,6,2,5,13, , , ,10.0,10.0,0.0,9,6.0,Empleado_Informal
1,30.0,1,2,5,13, , , ,10.0,10.0,0.0,9,1.0,Empleado_Informal
2,39.0,6,2,6,13, , , ,11.0,11.0,0.0,2,2.0,Empleado_Informal
2,24.0,6,2,6,13, , , ,11.0,11.0,0.0,1,1.0,Empleado_Informal
1,44.0,1,2,5,13, , , ,10.0,10.0,0.0,2,5.0,Empleado_Informal
2,38.0,1,1,1,5, , , ,0.0,8.5,-8.5,No Especificado,5.0,Empleado_Informal
1,30.0,1,2,6,13, , , ,11.0,11.0,0.0,2,3.0,Empleado_Informal
1,26.0,2,2,6,13, , , ,11.0,11.0,0.0,2,4.0,Empleado_Informal
1,56.0,1,1,1,10, , ,0,0.0,16.0,-14.0,No Especificado,5.0,Empleado_Informal
1,30.0,6,2,10,13,1,2,3,16.0,16.0,0.0,2,6.0,Empleado_Informal
1,21.0,1,2,5,13, , , ,10.0,10.0,0.0,1,5.0,Empleado_Informal
1,27.0,1,2,5,13, , , ,10.0,10.0,0.0,1,5.0,Empleado_Informal
2,28.0,5,2,8,13,1,2,3,14.0,14.0,0.0,2,5.0,Empleado_Informal
2,30.0,5,2,9,13, , ,3,13.5,13.5,0.0,2,5.0,Empleado_Informal
1,37.0,1,2,3,13, , , ,4.5,4.5,0.0,6,6.0,Empleado_Informal
2,33.0,1,2,5,13, , , ,10.0,10.0,0.0,9,5.0,Empleado_Informal
1,16.0,6,2,3,4, , , ,4.5,6.0,-1.5,9,5.0,Empleado_Informal
1,36.0,1,3,1,13, , , ,0.0,4.5,0.0,9,0.0,Empleado_Informal
2,43.0,1,2,5,13, , , ,10.0,10.0,0.0,2,6.0,Desempleado
1,16.0,6,2,3,13, , , ,4.5,4.5,0.0,9,2.0,Desempleado
2,41.0,2,2,5,13, , , ,10.0,10.0,0.0,2,3.0,Empleado_Informal
2,20.0,6,2,6,13, , , ,11.0,11.0,0.0,2,3.0,Empleado_Informal
1,16.0,6,2,5,13, , , ,10.0,10.0,0.0,2,3.0,Empleado_Informal
2,43.0,1,2,6,13, , , ,11.0,11.0,0.0,2,4.0,Empleado_Informal
1,36.0,1,2,5,13, , , ,10.0,10.0,0.0,2,5.0,Empleado_Informal
1,25.0,1,2,3,13, , , ,4.5,4.5,0.0,9,0.0,Empleado_Informal
2,28.0,1,2,9,13, , ,3,13.5,13.5,0.0,9,1.0,Empleado_Informal
1,29.0,1,2,5,13, , , ,10.0,10.0,0.0,9,5.0,Empleado_Informal
2,29.0,1,2,6,13, , , ,11.0,11.0,0.0,9,6.0,Empleado_Informal
1,48.0,1,2,10,13,1,2,3,16.0,16.0,0.0,2,7.0,Empleado_Informal
2,20.0,1,2,5,6, , ,1,10.0,11.0,-1.0,1,5.0,Desempleado
1,21.0,1,2,5,13, , , ,10.0,10.0,0.0,2,5.0,Empleado_Informal
2,38.0,6,2,10,13,1,2,3,16.0,16.0,0.0,2,6.0,Empleado_Informal
2,46.0,6,2,6,13, , , ,11.0,11.0,0.0,2,6.0,Empleado_Informal
1,24.0,6,2,9,13, , ,3,13.5,13.5,0.0,2,2.0,Empleado_Informal
1,32.0,1,2,5,13, , , ,10.0,10.0,0.0,1,0.0,Empleado_Informal
2,24.0,1,2,5,13, , , ,10.0,10.0,0.0,9,0.0,Empleado_Informal
1,36.0,1,2,6,13, , , ,11.0,11.0,0.0,2,4.0,Empleado_Informal
2,38.0,1,2,10,13,1,2,3,16.0,16.0,0.0,2,6.0,Empleado_Informal
1,18.0,6,2,4,5, , , ,9.0,8.5,0.5,2,5.0,Empleado_Informal
1,25.0,6,2,9,13, , ,3,13.5,13.5,0.0,2,5.0,Empleado_Informal
1,46.0,6,2,10,13,1,2,3,16.0,16.0,0.0,2,6.0,Empleado_Informal
1,25.0,1,2,6,13, , , ,11.0,11.0,0.0,2,6.0,Empleado_Informal
2,29.0,1,1,1,10, , ,0,0.0,16.0,-14.0,No Especificado,5.0,Empleado_Informal
2,35.0,6,2,10,11, , ,3,16.0,16.0,-3.0,2,6.0,Empleado_Formal
1,59.0,2,2,9,13, , ,3,13.5,13.5,0.0,2,6.0,Empleado_Informal
2,56.0,2,2,10,13,1,2,3,16.0,16.0,0.0,2,6.0,Empleado_Informal
1,59.0,2,2,4,13, , , ,9.0,9.0,0.0,2,5.0,Empleado_Informal
2,29.0,2,2,9,13, , ,3,13.5,13.5,0.0,2,6.0,Empleado_Informal
1,28.0,6,2,9,13, , ,3,13.5,13.5,0.0,1,6.0,Empleado_Informal
2,44.0,6,2,4,13, , , ,9.0,9.0,0.0,2,5.0,Empleado_Informal
1,35.0,1,2,10,13,1,2,3,16.0,16.0,0.0,2,6.0,Empleado_Informal
2,44.0,6,2,10,13,1,2,3,16.0,16.0,0.0,1,4.0,Desempleado
2,23.0,6,2,6,13, , , ,11.0,11.0,0.0,1,2.0,Empleado_Informal
2,32.0,1,2,6,13, , , ,11.0,11.0,0.0,2,5.0,Desempleado
1,28.0,1,1,1,9, , ,0,0.0,13.5,-13.5,No Especificado,5.0,Empleado_Informal
2,19.0,6,2,5,13, , , ,10.0,10.0,0.0,2,4.0,Empleado_Informal
2,43.0,5,2,10,13,1,2,3,16.0,16.0,0.0,2,1.0,Empleado_Informal
1,23.0,1,2,6,13, , , ,11.0,11.0,0.0,9,0.0,Empleado_Informal
2,33.0,5,2,10,13,1,2,3,16.0,16.0,0.0,2,5.0,Empleado_Informal
1,64.0,5,2,5,13, , , ,10.0,10.0,0.0,2,6.0,Empleado_Informal
2,26.0,5,2,7,13, , ,3,12.5,12.5,0.0,1,7.0,Empleado_Informal
2,21.0,5,2,6,13, , , ,11.0,11.0,0.0,9,1.0,Empleado_Informal
1,29.0,1,2,6,13, , , ,11.0,11.0,0.0,2,1.0,Empleado_Informal
1,23.0,1,2,5,13, , , ,10.0,10.0,0.0,2,5.0,Empleado_Informal
1,35.0,1,2,6,13, , , ,11.0,11.0,0.0,2,7.0,Empleado_Informal
2,33.0,1,3,6,13, , , ,11.0,11.0,0.0,2,8.0,Empleado_Informal
1,36.0,2,2,8,13,1,2,3,14.0,14.0,0.0,6,5.0,Empleado_Informal
2,33.0,6,2,6,13, , , ,11.0,11.0,0.0,2,5.0,Empleado_Informal
2,54.0,6,2,10,13,1,2,3,16.0,16.0,0.0,2,5.0,Empleado_Informal
1,40.0,6,2,6,13, , , ,11.0,11.0,0.0,2,6.0,Empleado_Informal
2,39.0,5,2,6,13, , , ,11.0,11.0,0.0,9,6.0,Empleado_Informal
1,25.0,6,2,9,13, , ,3,13.5,13.5,0.0,2,6.0,Empleado_Formal
2,41.0,1,2,10,13,1,2,3,16.0,16.0,0.0,2,5.0,Empleado_Informal
1,30.0,1,1,1,6, , ,1,0.0,11.0,-11.0,No Especificado,5.0,Empleado_Informal
1,23.0,1,2,6,13, , , ,11.0,11.0,0.0,2,6.0,Empleado_Informal
2,21.0,1,2,6,13, , , ,11.0,11.0,0.0,2,4.0,Empleado_Informal
1,41.0,1,2,4,13, , , ,9.0,9.0,0.0,1,6.0,Empleado_Informal
1,27.0,1,2,6,13, , , ,11.0,11.0,0.0,2,1.0,Empleado_Informal
2,33.0,1,2,8,13,1,2,3,14.0,14.0,0.0,6,1.0,Empleado_Informal
1,24.0,1,2,6,13, , , ,11.0,11.0,0.0,6,0.0,Empleado_Informal
1,28.0,1,2,9,13, , ,3,13.5,13.5,0.0,2,4.0,Empleado_Informal
1,32.0,1,2,9,13, , ,3,13.5,13.5,0.0,1,6.0,Empleado_Informal
2,31.0,5,2,6,13, , , ,11.0,11.0,0.0,2,1.0,Empleado_Informal
1,35.0,1,2,10,13,1,2,3,16.0,16.0,0.0,2,6.0,Empleado_Informal
2,30.0,1,1,1,10, , ,0,0.0,16.0,-14.0,No Especificado,5.0,Empleado_Informal
1,29.0,1,2,4,13, , , ,9.0,9.0,0.0,2,7.0,Empleado_Informal
2,34.0,1,2,10,13,1,2,3,16.0,16.0,0.0,2,6.0,Empleado_Informal
1,31.0,1,2,3,13, , , ,4.5,4.5,0.0,9,5.0,Empleado_Informal
1,44.0,1,2,3,13, , , ,4.5,4.5,0.0,2,6.0,Empleado_Informal
2,30.0,1,2,4,13, , , ,9.0,9.0,0.0,2,3.0,Empleado_Informal
1,33.0,1,2,10,10, , ,3,16.0,16.0,0.0,2,6.0,Empleado_Informal
2,43.0,1,2,5,13, , , ,10.0,10.0,0.0,6,3.0,Empleado_Informal
2,35.0,6,2,5,6, , ,1,10.0,11.0,-1.0,2,3.0,Empleado_Informal
2,54.0,6,2,3,13, , , ,4.5,4.5,0.0,2,2.0,Empleado_Informal
1,16.0,6,2,3,13, , , ,4.5,4.5,0.0,2,3.0,Empleado_Informal
1,24.0,1,1,4,13, , , ,9.0,9.0,0.0,No Especificado,5.0,Empleado_Informal
2,25.0,1,2,6,13, , , ,11.0,11.0,0.0,1,3.0,Empleado_Informal
1,41.0,1,2,4,13, , , ,9.0,9.0,0.0,6,3.0,Empleado_Informal
2,53.0,5,2,5,13, , , ,10.0,10.0,0.0,2,5.0,Empleado_Informal
2,39.0,5,2,6,13, , , ,11.0,11.0,0.0,1,6.0,Empleado_Informal
1,47.0,5,2,8,13,1,2,3,14.0,14.0,0.0,2,5.0,Empleado_Informal
2,31.0,5,2,3,13, , , ,4.5,4.5,0.0,6,6.0,Empleado_Informal
2,19.0,6,2,5,13, , , ,10.0,10.0,0.0,9,0.0,Empleado_Informal
1,41.0,1,2,5,13, , , ,10.0,10.0,0.0,2,2.0,Empleado_Informal
2,19.0,1,2,6,13, , , ,11.0,11.0,0.0,2,1.0,Empleado_Informal
1,19.0,1,2,4,13, , , ,9.0,9.0,0.0,9,0.0,Empleado_Informal
1,51.0,2,2,6,13, , , ,11.0,11.0,0.0,6,3.0,Empleado_Informal
2,51.0,2,2,6,13, , , ,11.0,11.0,0.0,6,3.0,Empleado_Informal
2,40.0,6,2,6,13, , , ,11.0,11.0,0.0,1,5.0,Empleado_Informal
1,19.0,6,2,4,13, , , ,9.0,9.0,0.0,2,5.0,Empleado_Informal
1,23.0,1,2,5,13, , , ,10.0,10.0,0.0,1,6.0,Empleado_Informal
1,41.0,1,2,3,13, , , ,4.5,4.5,0.0,9,6.0,Empleado_Informal
1,21.0,1,2,3,13, , , ,4.5,4.5,0.0,9,0.0,Empleado_Informal
1,27.0,1,2,5,13, , , ,10.0,10.0,0.0,1,2.0,Empleado_Informal
1,38.0,1,2,8,13,1,2,3,14.0,14.0,0.0,2,4.0,Empleado_Informal
2,21.0,1,2,3,13, , , ,4.5,4.5,0.0,2,1.0,Empleado_Informal
2,38.0,5,2,5,13, , , ,10.0,10.0,0.0,2,5.0,Empleado_Informal
2,36.0,6,2,6,13, , , ,11.0,11.0,0.0,9,0.0,Empleado_Informal
2,16.0,6,2,3,13, , , ,4.5,4.5,0.0,9,0.0,Empleado_Informal
1,32.0,1,2,6,13, , , ,11.0,11.0,0.0,2,5.0,Empleado_Informal
1,50.0,1,2,10,13,1,2,3,16.0,16.0,0.0,2,2.0,Empleado_Informal
1,37.0,1,2,8,13,1,2,3,14.0,14.0,0.0,2,6.0,Empleado_Informal
1,38.0,1,2,5,5, , , ,10.0,8.5,0.5,2,5.0,Empleado_Informal
2,35.0,1,2,7,7, , ,3,12.5,12.5,0.0,2,2.0,Empleado_Informal
2,26.0,6,2,9,13, , ,3,13.5,13.5,0.0,2,5.0,Empleado_Informal
2,30.0,6,2,9,9, , ,3,13.5,13.5,0.0,2,5.0,Empleado_Informal
2,33.0,1,2,10,13,2, ,3,16.0,16.0,0.0,9,0.0,Empleado_Informal
1,34.0,1,2,5,6, , ,1,10.0,11.0,-1.0,9,0.0,Empleado_Informal
2,38.0,1,2,6,13, , , ,11.0,11.0,0.0,1,2.0,Empleado_Informal
1,35.0,1,2,3,6, , ,1,4.5,11.0,-6.5,1,5.0,Empleado_Informal
2,20.0,6,2,4,6, , ,1,9.0,11.0,-2.0,1,2.0,Desempleado
1,27.0,1,2,8,8, , ,3,14.0,14.0,0.0,2,1.0,Empleado_Informal
2,39.0,1,2,8,8, , ,3,14.0,14.0,0.0,9,0.0,Desempleado
1,61.0,2,2,3,13, , , ,4.5,4.5,0.0,2,5.0,Empleado_Informal
1,36.0,1,2,4,13, , , ,9.0,9.0,0.0,2,6.0,Empleado_Informal
2,33.0,1,2,7,13, , ,3,12.5,12.5,0.0,2,6.0,Empleado_Informal
2,36.0,6,2,8,13,1,2,3,14.0,14.0,0.0,9,0.0,Empleado_Informal
2,31.0,5,2,8,13,1,2,3,14.0,14.0,0.0,2,6.0,Empleado_Formal
2,38.0,5,2,10,13,1,1,3,16.0,16.0,0.0,2,6.0,Empleado_Formal
1,46.0,1,2,10,13,1,2,3,16.0,16.0,0.0,2,4.0,Empleado_Informal
2,49.0,1,1,1,8, , ,0,0.0,14.0,-14.0,No Especificado,5.0,Desempleado
1,25.0,1,2,6,13, , , ,11.0,11.0,0.0,2,6.0,Empleado_Informal
2,22.0,1,1,1,6, , ,1,0.0,11.0,-11.0,No Especificado,5.0,Empleado_Informal
1,39.0,1,2,6,13, , , ,11.0,11.0,0.0,2,6.0,Desempleado
1,36.0,1,2,6,13, , , ,11.0,11.0,0.0,9,1.0,Empleado_Informal
1,54.0,1,2,6,13, , , ,11.0,11.0,0.0,2,1.0,Empleado_Informal
2,49.0,1,2,4,13, , , ,9.0,9.0,0.0,2,5.0,Empleado_Informal
1,25.0,1,2,6,13, , , ,11.0,11.0,0.0,9,2.0,Empleado_Informal
2,31.0,5,2,6,13, , , ,11.0,11.0,0.0,2,6.0,Empleado_Informal
1,62.0,2,2,4,13, , , ,9.0,9.0,0.0,2,6.0,Empleado_Informal
2,60.0,2,2,8,13,1,2,3,14.0,14.0,0.0,2,6.0,Empleado_Informal
2,29.0,5,2,8,13,1,2,3,14.0,14.0,0.0,2,5.0,Empleado_Informal
1,25.0,1,2,5,13, , , ,10.0,10.0,0.0,6,2.0,Empleado_Informal
2,35.0,5,2,5,13, , , ,10.0,10.0,0.0,2,1.0,Empleado_Informal
2,42.0,5,2,10,13,1,2,3,16.0,16.0,0.0,2,7.0,Empleado_Informal
2,51.0,5,2,6,13, , , ,11.0,11.0,0.0,2,5.0,Empleado_Informal
1,32.0,1,2,6,13, , , ,11.0,11.0,0.0,2,6.0,Empleado_Informal
1,48.0,6,2,5,13, , , ,10.0,10.0,0.0,2,6.0,Empleado_Informal
1,30.0,1,2,8,13,1,2,3,14.0,14.0,0.0,2,6.0,Empleado_Informal
2,44.0,1,2,8,13,1,2,3,14.0,14.0,0.0,2,6.0,Desempleado
1,20.0,6,2,6,13, , , ,11.0,11.0,0.0,2,3.0,Empleado_Informal
1,42.0,2,2,10,13,1,2,3,16.0,16.0,0.0,2,7.0,Empleado_Formal
2,44.0,2,2,10,13,1,2,3,16.0,16.0,0.0,2,7.0,Empleado_Informal
1,16.0,6,2,3,5, , , ,4.5,8.5,-4.0,2,7.0,Empleado_Informal
1,37.0,1,2,6,13, , , ,11.0,11.0,0.0,2,6.0,Empleado_Informal
1,19.0,6,2,5,13, , , ,10.0,10.0,0.0,2,2.0,Empleado_Informal
1,47.0,6,2,6,13, , , ,11.0,11.0,0.0,2,7.0,Empleado_Informal
1,37.0,1,2,10,13,1,2,3,16.0,16.0,0.0,2,7.0,Empleado_Informal
1,51.0,5,2,6,13, , , ,11.0,11.0,0.0,2,3.0,Empleado_Informal
1,25.0,6,2,6,13, , , ,11.0,11.0,0.0,2,3.0,Empleado_Informal
2,31.0,6,2,9,13, , ,3,13.5,13.5,0.0,1,1.0,Empleado_Informal
1,40.0,2,2,6,13, , , ,11.0,11.0,0.0,2,6.0,Empleado_Formal
1,36.0,6,2,6,13, , , ,11.0,11.0,0.0,2,6.0,Empleado_Informal
2,32.0,6,2,6,13, , , ,11.0,11.0,0.0,1,3.0,Empleado_Informal
1,49.0,1,1,1,13, , , ,0.0,4.5,0.0,No Especificado,5.0,Empleado_Informal
2,33.0,1,2,10,13,1,2,3,16.0,16.0,0.0,9,3.0,Empleado_Informal
1,37.0,1,2,10,13,1,2,3,16.0,16.0,0.0,2,4.0,Empleado_Informal
2,27.0,2,2,6,13, , , ,11.0,11.0,0.0,2,4.0,Empleado_Informal
1,37.0,2,2,9,13, , ,3,13.5,13.5,0.0,1,4.0,Empleado_Informal
1,41.0,6,2,6,13, , , ,11.0,11.0,0.0,2,5.0,Empleado_Informal
2,48.0,1,2,4,13, , , ,9.0,9.0,0.0,2,3.0,Desempleado
1,55.0,1,2,10,13,1,2,3,16.0,16.0,0.0,2,3.0,Empleado_Informal
2,29.0,1,2,10,13,1,2,3,16.0,16.0,0.0,2,3.0,Empleado_Informal
1,26.0,1,2,3,13, , , ,4.5,4.5,0.0,1,3.0,Empleado_Informal
2,22.0,6,2,7,13, , ,3,12.5,12.5,0.0,1,4.0,Empleado_Informal
2,39.0,1,2,9,13, , ,3,13.5,13.5,0.0,2,6.0,Empleado_Informal
1,24.0,1,2,5,13, , , ,10.0,10.0,0.0,2,5.0,Empleado_Informal
1,36.0,6,2,7,13, , ,3,12.5,12.5,0.0,1,7.0,Empleado_Informal
2,44.0,1,2,6,13, , , ,11.0,11.0,0.0,2,6.0,Empleado_Informal
1,31.0,1,2,4,13, , , ,9.0,9.0,0.0,1,5.0,Empleado_Informal
1,52.0,1,2,6,13, , , ,11.0,11.0,0.0,2,3.0,Empleado_Informal
2,51.0,1,2,6,13, , , ,11.0,11.0,0.0,2,4.0,Empleado_Informal
2,23.0,6,2,6,13, , , ,11.0,11.0,0.0,1,6.0,Empleado_Informal
1,21.0,6,2,10,13,2, ,3,16.0,16.0,0.0,2,6.0,Empleado_Informal
1,42.0,2,2,4,13, , , ,9.0,9.0,0.0,2,6.0,Empleado_Informal
1,31.0,2,2,6,13, , , ,11.0,11.0,0.0,2,7.0,Empleado_Formal
2,34.0,2,2,10,13,1,2,3,16.0,16.0,0.0,2,7.0,Empleado_Informal
2,59.0,4,2,11,13,1,2,3,16.0,16.0,0.0,2,4.0,Empleado_Informal
1,27.0,6,2,6,13, , , ,11.0,11.0,0.0,2,4.0,Empleado_Formal
1,39.0,2,2,10,13,1,2,3,16.0,16.0,0.0,2,7.0,Empleado_Informal
2,28.0,2,2,4,13, , , ,9.0,9.0,0.0,2,7.0,Empleado_Informal
1,63.0,3,2,4,13, , , ,9.0,9.0,0.0,2,6.0,Empleado_Informal
1,39.0,2,2,6,13, , , ,11.0,11.0,0.0,2,6.0,Empleado_Informal
1,29.0,1,2,6,13, , , ,11.0,11.0,0.0,9,3.0,Empleado_Informal
2,26.0,1,3,1,13, , , ,0.0,4.5,0.0,9,2.0,Desempleado
2,40.0,1,2,10,13,1,2,3,16.0,16.0,0.0,2,7.0,Empleado_Informal
1,40.0,1,2,10,13,1,2,3,16.0,16.0,0.0,2,6.0,Empleado_Informal
2,38.0,1,2,5,13, , , ,10.0,10.0,0.0,6,3.0,Empleado_Informal
1,44.0,1,2,3,13, , , ,4.5,4.5,0.0,6,3.0,Empleado_Informal
2,21.0,1,2,6,13, , , ,11.0,11.0,0.0,2,1.0,Empleado_Informal
2,24.0,1,2,6,13, , , ,11.0,11.0,0.0,2,6.0,Empleado_Informal
2,21.0,1,2,3,13, , , ,4.5,4.5,0.0,2,3.0,Empleado_Informal
1,34.0,1,2,3,13, , , ,4.5,4.5,0.0,2,3.0,Empleado_Informal
2,33.0,1,2,6,13, , , ,11.0,11.0,0.0,2,3.0,Empleado_Informal
1,35.0,1,2,3,13, , , ,4.5,4.5,0.0,1,8.0,Desempleado
2,47.0,4,2,11,13,1,2,3,16.0,16.0,0.0,2,1.0,Empleado_Informal
1,36.0,1,1,9,13, , ,3,13.5,13.5,0.0,No Especificado,5.0,Empleado_Informal
2,27.0,6,2,8,13,1,2,3,14.0,14.0,0.0,2,6.0,Empleado_Formal
1,37.0,1,2,5,13, , , ,10.0,10.0,0.0,3,4.0,Empleado_Informal
2,41.0,1,2,8,13,1,2,3,14.0,14.0,0.0,1,2.0,Empleado_Informal
2,30.0,6,2,9,13, , ,3,13.5,13.5,0.0,2,6.0,Empleado_Formal
1,56.0,6,2,8,13,1,2,3,14.0,14.0,0.0,1,3.0,Empleado_Informal
1,20.0,6,2,6,13, , , ,11.0,11.0,0.0,1,1.0,Empleado_Informal
1,25.0,1,2,5,13, , , ,10.0,10.0,0.0,2,5.0,Empleado_Informal
2,46.0,1,2,4,13, , , ,9.0,9.0,0.0,9,2.0,Empleado_Informal
1,24.0,6,2,5,13, , , ,10.0,10.0,0.0,2,0.0,Empleado_Informal
1,28.0,1,2,10,13,1,2,3,16.0,16.0,0.0,2,6.0,Empleado_Informal
2,27.0,1,2,8,13,1,2,3,14.0,14.0,0.0,2,6.0,Empleado_Informal
1,63.0,1,2,6,13, , , ,11.0,11.0,0.0,2,2.0,Empleado_Informal
2,20.0,6,2,7,13, , ,3,12.5,12.5,0.0,2,2.0,Empleado_Informal
1,37.0,1,2,6,13, , , ,11.0,11.0,0.0,2,4.0,Empleado_Informal
2,43.0,1,2,6,13, , , ,11.0,11.0,0.0,1,4.0,Empleado_Informal
2,38.0,1,2,6,13, , , ,11.0,11.0,0.0,2,5.0,Empleado_Informal
1,54.0,1,1,1,10, , ,0,0.0,16.0,-14.0,No Especificado,5.0,Empleado_Formal
1,35.0,1,2,6,13, , , ,11.0,11.0,0.0,2,4.0,Empleado_Informal
2,32.0,1,2,8,13,1,2,3,14.0,14.0,0.0,2,3.0,Empleado_Informal
2,34.0,1,2,6,13, , , ,11.0,11.0,0.0,2,2.0,Empleado_Informal
1,37.0,1,1,1,6, , ,1,0.0,11.0,-11.0,No Especificado,5.0,Empleado_Informal
1,28.0,1,2,10,13,1,2,3,16.0,16.0,0.0,2,6.0,Empleado_Informal
2,24.0,1,2,6,13, , , ,11.0,11.0,0.0,2,6.0,Desempleado
1,21.0,6,2,9,13, , ,3,13.5,13.5,0.0,9,0.0,Empleado_Informal
2,27.0,1,2,6,13, , , ,11.0,11.0,0.0,6,2.0,Desempleado
1,45.0,1,2,6,13, , , ,11.0,11.0,0.0,9,4.0,Empleado_Informal
2,44.0,1,2,5,13, , , ,10.0,10.0,0.0,2,1.0,Empleado_Informal
1,49.0,1,2,6,13, , , ,11.0,11.0,0.0,2,1.0,Empleado_Informal
1,26.0,1,2,5,13, , , ,10.0,10.0,0.0,2,1.0,Empleado_Informal
1,31.0,2,2,9,13, , ,3,13.5,13.5,0.0,2,7.0,Empleado_Informal
2,29.0,2,2,7,7, , ,3,12.5,12.5,0.0,2,6.0,Empleado_Informal
1,27.0,1,1,1,6, , ,1,0.0,11.0,-11.0,No Especificado,5.0,Empleado_Formal
1,34.0,2,2,7,13, , ,3,12.5,12.5,0.0,2,7.0,Empleado_Informal
2,32.0,2,2,8,13,1,2,3,14.0,14.0,0.0,2,7.0,Empleado_Informal
1,27.0,5,2,9,13, , ,3,13.5,13.5,0.0,2,6.0,Empleado_Informal
1,44.0,1,2,6,13, , , ,11.0,11.0,0.0,2,7.0,Empleado_Informal
2,41.0,1,2,5,13, , , ,10.0,10.0,0.0,2,7.0,Empleado_Informal
2,46.0,5,2,6,13, , , ,11.0,11.0,0.0,9,3.0,Empleado_Informal
1,36.0,1,2,5,13, , , ,10.0,10.0,0.0,9,5.0,Empleado_Informal
2,44.0,5,2,3,13, , , ,4.5,4.5,0.0,9,1.0,Empleado_Informal
2,42.0,1,2,3,13, , , ,4.5,4.5,0.0,9,0.0,Empleado_Informal
1,42.0,1,2,3,13, , , ,4.5,4.5,0.0,9,1.0,Empleado_Informal
1,26.0,1,2,9,13, , ,3,13.5,13.5,0.0,2,6.0,Empleado_Informal
2,27.0,1,2,9,13, , ,3,13.5,13.5,0.0,2,6.0,Empleado_Informal
1,36.0,1,2,8,13,1,2,3,14.0,14.0,0.0,2,6.0,Empleado_Informal
2,25.0,1,1,1,6, , ,2,0.0,11.0,-11.0,No Especificado,5.0,Empleado_Formal
1,44.0,6,2,10,13,1,2,3,16.0,16.0,0.0,9,0.0,Desempleado
2,47.0,1,2,8,13,1,2,3,14.0,14.0,0.0,2,6.0,Empleado_Informal
1,54.0,1,2,8,13,1,2,3,14.0,14.0,0.0,2,7.0,Empleado_Informal
1,26.0,6,2,9,13, , ,3,13.5,13.5,0.0,2,6.0,Empleado_Informal
2,33.0,1,2,6,13, , , ,11.0,11.0,0.0,9,3.0,Empleado_Informal
1,24.0,1,2,6,13, , , ,11.0,11.0,0.0,9,3.0,Empleado_Informal
1,33.0,1,2,9,13, , ,3,13.5,13.5,0.0,2,2.0,Empleado_Informal
2,36.0,1,2,4,13, , , ,9.0,9.0,0.0,1,2.0,Empleado_Informal
2,41.0,6,2,8,13,1,2,3,14.0,14.0,0.0,9,1.0,Empleado_Informal
1,25.0,6,2,5,13, , , ,10.0,10.0,0.0,9,3.0,Desempleado
2,27.0,1,2,6,13, , , ,11.0,11.0,0.0,1,4.0,Empleado_Informal
1,28.0,1,2,6,13, , , ,11.0,11.0,0.0,1,4.0,Empleado_Informal
1,23.0,1,2,5,13, , , ,10.0,10.0,0.0,2,6.0,Empleado_Informal
1,38.0,2,2,3,13, , , ,4.5,4.5,0.0,2,3.0,Empleado_Informal
2,39.0,2,2,6,13, , , ,11.0,11.0,0.0,2,4.0,Empleado_Informal
2,21.0,6,2,6,13, , , ,11.0,11.0,0.0,2,4.0,Empleado_Informal
1,29.0,1,2,6,13, , , ,11.0,11.0,0.0,2,4.0,Empleado_Informal
2,28.0,1,2,9,13, , ,3,13.5,13.5,0.0,2,4.0,Empleado_Informal
1,26.0,1,2,6,13, , , ,11.0,11.0,0.0,2,6.0,Empleado_Informal
2,41.0,1,1,6,9, , ,2,11.0,13.5,-2.5,No Especificado,5.0,Empleado_Formal
1,24.0,6,2,3,3, , , ,4.5,4.5,0.5,2,2.0,Empleado_Informal
1,35.0,2,2,8,13,1,2,3,14.0,14.0,0.0,2,6.0,Empleado_Formal
2,40.0,2,2,10,13,1,2,3,16.0,16.0,0.0,2,5.0,Empleado_Formal
1,46.0,1,2,2,3, , , ,0.0,4.5,-3.0,2,3.0,Empleado_Informal
1,21.0,6,2,5,13, , , ,10.0,10.0,0.0,2,3.0,Empleado_Informal
2,54.0,6,2,7,13, , ,3,12.5,12.5,0.0,3,5.0,Empleado_Informal
2,35.0,1,2,8,13,1,2,3,14.0,14.0,0.0,1,3.0,Empleado_Informal
1,39.0,1,2,6,13, , , ,11.0,11.0,0.0,2,3.0,Empleado_Informal
1,41.0,1,2,10,13,1,2,3,16.0,16.0,0.0,2,5.0,Empleado_Informal
2,35.0,1,2,10,13,1,2,3,16.0,16.0,0.0,2,5.0,Empleado_Informal
2,26.0,6,2,7,13, , ,3,12.5,12.5,0.0,2,5.0,Empleado_Informal
1,24.0,1,1,6,13, , , ,11.0,11.0,0.0,No Especificado,5.0,Empleado_Informal
2,24.0,1,2,8,13,1,2,3,14.0,14.0,0.0,2,3.0,Empleado_Informal
2,28.0,6,2,8,13,1,2,3,14.0,14.0,0.0,2,3.0,Empleado_Informal
1,36.0,1,1,1,10, , ,0,0.0,16.0,-14.0,No Especificado,5.0,Empleado_Formal
1,29.0,1,2,6,13, , , ,11.0,11.0,0.0,2,5.0,Empleado_Informal
1,36.0,2,2,8,13,1,2,3,14.0,14.0,0.0,2,6.0,Empleado_Informal
2,33.0,2,2,9,13, , ,3,13.5,13.5,0.0,2,6.0,Empleado_Informal
1,24.0,1,2,5,13, , , ,10.0,10.0,0.0,2,3.0,Empleado_Informal
2,22.0,1,2,6,13, , , ,11.0,11.0,0.0,2,2.0,Empleado_Informal
1,42.0,1,2,6,13, , , ,11.0,11.0,0.0,2,6.0,Empleado_Informal
2,36.0,1,2,8,13,1,2,3,14.0,14.0,0.0,2,6.0,Empleado_Informal
1,30.0,1,2,5,13, , , ,10.0,10.0,0.0,1,2.0,Empleado_Informal
2,28.0,1,2,5,13, , , ,10.0,10.0,0.0,1,2.0,Desempleado
2,50.0,4,2,10,13,1,2,3,16.0,16.0,0.0,2,6.0,Empleado_Informal
1,18.0,6,2,4,6, , ,1,9.0,11.0,-2.0,2,6.0,Empleado_Informal
2,29.0,5,2,7,13, , ,3,12.5,12.5,0.0,2,7.0,Empleado_Informal
2,39.0,5,2,6,13, , , ,11.0,11.0,0.0,2,8.0,Empleado_Informal
1,17.0,6,2,5,13, , , ,10.0,10.0,0.0,9,1.0,Empleado_Informal
2,23.0,5,2,6,13, , , ,11.0,11.0,0.0,2,2.0,Empleado_Informal
1,41.0,2,3,1,13, , , ,0.0,4.5,0.0,2,5.0,Empleado_Informal
1,38.0,1,2,5,13, , , ,10.0,10.0,0.0,2,6.0,Empleado_Informal
2,34.0,1,2,6,13, , , ,11.0,11.0,0.0,2,5.0,Empleado_Informal
1,18.0,6,2,5,5, , , ,10.0,8.5,0.5,1,5.0,Empleado_Informal
1,57.0,1,2,5,13, , , ,10.0,10.0,0.0,2,7.0,Empleado_Informal
1,30.0,6,2,6,13, , , ,11.0,11.0,0.0,2,6.0,Empleado_Informal
1,26.0,6,2,6,13, , , ,11.0,11.0,0.0,1,1.0,Empleado_Informal
1,35.0,1,2,6,13, , , ,11.0,11.0,0.0,2,6.0,Empleado_Informal
1,37.0,1,2,8,13,1,2,3,14.0,14.0,0.0,2,6.0,Empleado_Informal
1,43.0,1,2,7,13, , ,3,12.5,12.5,0.0,2,6.0,Empleado_Formal
1,40.0,2,2,10,13,1,2,3,16.0,16.0,0.0,2,6.0,Empleado_Informal
2,37.0,2,1,10,13,2, ,3,16.0,16.0,0.0,No Especificado,5.0,Empleado_Formal
2,20.0,6,2,5,13, , , ,10.0,10.0,0.0,2,1.0,Empleado_Informal
1,28.0,6,2,6,13, , , ,11.0,11.0,0.0,2,6.0,Empleado_Informal
1,30.0,1,2,9,13, , ,3,13.5,13.5,0.0,2,5.0,Empleado_Informal
2,28.0,1,2,10,13,1,2,3,16.0,16.0,0.0,2,6.0,Desempleado
1,31.0,1,2,6,13, , , ,11.0,11.0,0.0,2,6.0,Empleado_Informal
2,31.0,1,2,10,13,1,2,3,16.0,16.0,0.0,1,6.0,Empleado_Informal
1,26.0,6,2,5,13, , , ,10.0,10.0,0.0,2,1.0,Empleado_Informal
1,25.0,6,2,5,13, , , ,10.0,10.0,0.0,2,2.0,Empleado_Informal
2,49.0,2,2,10,13,1,2,3,16.0,16.0,0.0,2,6.0,Empleado_Informal
1,47.0,2,2,6,13, , , ,11.0,11.0,0.0,2,6.0,Empleado_Informal
1,16.0,6,2,3,5, , , ,4.5,8.5,-4.0,2,6.0,Empleado_Informal
2,24.0,5,2,6,13, , , ,11.0,11.0,0.0,2,5.0,Empleado_Informal
1,26.0,1,2,6,13, , , ,11.0,11.0,0.0,2,6.0,Empleado_Informal
2,39.0,1,2,6,13, , , ,11.0,11.0,0.0,6,5.0,Empleado_Informal
1,24.0,1,2,6,13, , , ,11.0,11.0,0.0,9,1.0,Empleado_Informal
1,16.0,6,2,5,13, , , ,10.0,10.0,0.0,9,1.0,Empleado_Informal
1,20.0,1,2,6,13, , , ,11.0,11.0,0.0,2,3.0,Empleado_Informal
1,47.0,2,2,8,13,1,2,3,14.0,14.0,0.0,2,7.0,Empleado_Informal
2,48.0,2,2,8,13,1,2,3,14.0,14.0,0.0,2,7.0,Empleado_Informal
1,34.0,1,2,6,13, , , ,11.0,11.0,0.0,2,5.0,Empleado_Informal
1,31.0,2,2,10,13,1,2,3,16.0,16.0,0.0,2,6.0,Empleado_Formal
2,31.0,2,2,8,13,1,2,3,14.0,14.0,0.0,2,6.0,Empleado_Informal
1,55.0,1,2,6,13, , , ,11.0,11.0,0.0,2,6.0,Empleado_Informal
2,46.0,1,2,10,13,1,2,3,16.0,16.0,0.0,2,1.0,Empleado_Informal
1,42.0,1,2,6,13, , , ,11.0,11.0,0.0,1,5.0,Empleado_Informal
2,36.0,1,2,4,13, , , ,9.0,9.0,0.0,2,5.0,Empleado_Informal
1,34.0,1,2,6,13, , , ,11.0,11.0,0.0,2,6.0,Empleado_Informal
2,55.0,6,2,8,13,1,2,3,14.0,14.0,0.0, ,5.0,Empleado_Informal
1,31.0,1,2,6,13, , , ,11.0,11.0,0.0,2,5.0,Empleado_Informal
2,26.0,1,1,1,8, , ,0,0.0,14.0,-14.0,No Especificado,5.0,Desempleado
1,34.0,1,2,3,13, , , ,4.5,4.5,0.0,1,3.0,Empleado_Informal
2,24.0,1,2,8,13,1,2,3,14.0,14.0,0.0,1,3.0,Empleado_Informal
1,56.0,2,2,4,13, , , ,9.0,9.0,0.0,2,6.0,Empleado_Informal
2,56.0,2,2,5,13, , , ,10.0,10.0,0.0,2,6.0,Empleado_Informal
1,18.0,6,2,4,6, , ,1,9.0,11.0,-2.0,2,6.0,Empleado_Informal
1,58.0,6,2,5,13, , , ,10.0,10.0,0.0,2,1.0,Empleado_Informal
1,38.0,1,2,6,13, , , ,11.0,11.0,0.0,2,6.0,Empleado_Informal
2,37.0,1,2,6,13, , , ,11.0,11.0,0.0,2,6.0,Desempleado
1,53.0,6,2,3,13, , , ,4.5,4.5,0.0,2,2.0,Empleado_Informal
1,27.0,6,2,6,9, , ,0,11.0,13.5,-2.5,2,6.0,Empleado_Informal
2,27.0,1,2,4,13, , , ,9.0,9.0,0.0,1,6.0,Empleado_Informal
1,38.0,1,1,1,6, , ,1,0.0,11.0,-11.0,No Especificado,5.0,Empleado_Informal
1,37.0,6,2,8,13,1,2,3,14.0,14.0,0.0,1,6.0,Empleado_Informal
1,30.0,6,2,8,13,1,2,3,14.0,14.0,0.0,1,2.0,Empleado_Informal
2,27.0,6,2,4,13, , , ,9.0,9.0,0.0,2,6.0,Empleado_Informal
1,51.0,2,1,1,13, , , ,0.0,4.5,0.0,No Especificado,5.0,Empleado_Formal
2,48.0,2,2,10,13,1,1,3,16.0,16.0,0.0,4,6.0,Empleado_Formal
1,28.0,1,2,3,13, , , ,4.5,4.5,0.0,1,6.0,Empleado_Informal
1,41.0,1,2,10,13,1,2,3,16.0,16.0,0.0,4,6.0,Empleado_Informal
2,39.0,6,2,10,13,1,2,3,16.0,16.0,0.0,2,6.0,Empleado_Informal
2,22.0,6,2,6,13, , , ,11.0,11.0,0.0,2,4.0,Empleado_Informal
1,33.0,1,2,5,13, , , ,10.0,10.0,0.0,1,6.0,Empleado_Informal
2,30.0,1,2,5,13, , , ,10.0,10.0,0.0,1,6.0,Desempleado
1,50.0,1,2,3,13, , , ,4.5,4.5,0.0,2,6.0,Empleado_Informal
2,38.0,1,2,9,13, , ,3,13.5,13.5,0.0,2,5.0,Desempleado
1,38.0,1,2,5,13, , , ,10.0,10.0,0.0,1,6.0,Empleado_Informal
2,28.0,1,2,3,13, , , ,4.5,4.5,0.0,2,6.0,Desempleado
1,32.0,1,2,4,13, , , ,9.0,9.0,0.0,4,7.0,Empleado_Informal
2,30.0,1,2,3,13, , , ,4.5,4.5,0.0,2,6.0,Empleado_Informal
1,35.0,1,2,3,13, , , ,4.5,4.5,0.0,1,6.0,Empleado_Informal
1,26.0,1,2,5,13, , , ,10.0,10.0,0.0,2,4.0,Empleado_Informal
2,30.0,1,2,3,13, , , ,4.5,4.5,0.0,2,3.0,Empleado_Informal
1,29.0,6,2,4,13, , , ,9.0,9.0,0.0,9,5.0,Empleado_Informal
2,36.0,5,2,10,13,1,2,3,16.0,16.0,0.0,2,6.0,Desempleado
1,40.0,1,2,3,13, , , ,4.5,4.5,0.0,2,5.0,Empleado_Informal
2,30.0,1,2,5,13, , , ,10.0,10.0,0.0,2,6.0,Empleado_Informal
1,30.0,1,2,5,13, , , ,10.0,10.0,0.0,2,6.0,Empleado_Informal
2,24.0,5,2,6,13, , , ,11.0,11.0,0.0,2,6.0,Empleado_Informal
2,30.0,5,2,5,13, , , ,10.0,10.0,0.0,1,6.0,Empleado_Informal
1,44.0,1,4,1,13, , , ,0.0,4.5,0.0,7,8.0,Empleado_Informal
2,28.0,1,2,7,13, , ,3,12.5,12.5,0.0,2,6.0,Empleado_Informal
2,49.0,5,2,10,13,1,2,3,16.0,16.0,0.0,2,6.0,Empleado_Informal
1,27.0,1,1,1,8, , ,0,0.0,14.0,-14.0,No Especificado,5.0,Empleado_Formal
2,20.0,1,2,6,13, , , ,11.0,11.0,0.0,9,1.0,Empleado_Informal
1,47.0,1,2,6,13, , , ,11.0,11.0,0.0,2,5.0,Empleado_Informal
2,39.0,1,2,6,13, , , ,11.0,11.0,0.0,1,2.0,Empleado_Informal
2,25.0,6,2,6,13, , , ,11.0,11.0,0.0,2,4.0,Empleado_Informal
2,39.0,2,2,4,13, , , ,9.0,9.0,0.0,2,4.0,Empleado_Informal
1,48.0,2,2,5,13, , , ,10.0,10.0,0.0,2,6.0,Empleado_Formal
2,58.0,1,2,5,13, , , ,10.0,10.0,0.0,1,3.0,Empleado_Informal
1,57.0,1,2,5,13, , , ,10.0,10.0,0.0,2,4.0,Empleado_Informal
2,31.0,6,2,6,13, , , ,11.0,11.0,0.0,1,4.0,Empleado_Informal
1,29.0,1,2,5,13, , , ,10.0,10.0,0.0,1,1.0,Empleado_Informal
2,29.0,1,2,5,13, , , ,10.0,10.0,0.0,1,3.0,Empleado_Informal
2,57.0,5,2,6,13, , , ,11.0,11.0,0.0,2,6.0,Empleado_Informal
2,41.0,6,2,10,13,1,2,3,16.0,16.0,0.0,2,6.0,Empleado_Informal
1,47.0,1,2,10,13,1,2,3,16.0,16.0,0.0,2,8.0,Empleado_Informal
1,24.0,6,2,6,13, , , ,11.0,11.0,0.0,2,7.0,Empleado_Informal
1,31.0,1,2,6,13, , , ,11.0,11.0,0.0,9,0.0,Empleado_Informal
2,27.0,1,2,6,13, , , ,11.0,11.0,0.0,2,0.0,Empleado_Informal
1,28.0,1,2,6,13, , , ,11.0,11.0,0.0,9,3.0,Empleado_Informal
1,28.0,1,2,6,13, , , ,11.0,11.0,0.0,2,6.0,Empleado_Informal
2,28.0,5,2,9,13, , ,3,13.5,13.5,0.0,2,5.0,Empleado_Informal
1,24.0,1,2,6,13, , , ,11.0,11.0,0.0,2,5.0,Empleado_Informal
2,24.0,1,2,5,13, , , ,10.0,10.0,0.0,2,2.0,Empleado_Informal
2,24.0,6,2,9,9, , ,3,13.5,13.5,0.0,2,6.0,Empleado_Formal
1,22.0,6,2,5,13, , , ,10.0,10.0,0.0,2,6.0,Empleado_Informal
2,48.0,5,2,10,13,1,2,3,16.0,16.0,0.0,1,3.0,Empleado_Informal
1,23.0,6,2,6,13, , , ,11.0,11.0,0.0,2,5.0,Empleado_Informal
1,26.0,6,2,5,13, , , ,10.0,10.0,0.0,2,6.0,Empleado_Informal
1,24.0,6,2,6,13, , , ,11.0,11.0,0.0,2,6.0,Empleado_Informal
1,27.0,1,2,6,13, , , ,11.0,11.0,0.0,2,4.0,Desempleado
1,23.0,1,2,5,13, , , ,10.0,10.0,0.0,2,4.0,Desempleado
2,32.0,5,2,6,13, , , ,11.0,11.0,0.0,1,1.0,Desempleado
1,50.0,5,2,10,13,1,2,3,16.0,16.0,0.0,2,5.0,Desempleado
1,27.0,6,2,9,13, , ,3,13.5,13.5,0.0,2,5.0,Desempleado
1,36.0,1,2,9,13, , ,3,13.5,13.5,0.0,2,2.0,Empleado_Informal
2,31.0,1,2,6,13, , , ,11.0,11.0,0.0,2,2.0,Desempleado
2,28.0,6,2,4,13, , , ,9.0,9.0,0.0,1,2.0,Empleado_Informal
2,47.0,5,2,4,13, , , ,9.0,9.0,0.0,2,4.0,Empleado_Informal
2,33.0,5,2,4,13, , , ,9.0,9.0,0.0,1,6.0,Empleado_Informal
1,31.0,1,2,3,13, , , ,4.5,4.5,0.0,2,4.0,Empleado_Informal
2,25.0,1,2,3,13, , , ,4.5,4.5,0.0,2,5.0,Desempleado
1,41.0,2,2,10,13,1,2,3,16.0,16.0,0.0,2,6.0,Empleado_Informal
2,47.0,5,2,5,13, , , ,10.0,10.0,0.0,1,5.0,Desempleado
1,17.0,6,2,4,13, , , ,9.0,9.0,0.0,1,5.0,Empleado_Informal
1,30.0,6,2,5,13, , , ,10.0,10.0,0.0,1,7.0,Desempleado
1,31.0,5,2,5,13, , , ,10.0,10.0,0.0,5,7.0,Empleado_Informal
1,30.0,1,2,3,13, , , ,4.5,4.5,0.0,1,6.0,Empleado_Informal
2,24.0,1,2,6,13, , , ,11.0,11.0,0.0,1,6.0,Desempleado
1,16.0,6,2,3,13, , , ,4.5,4.5,0.0,9,3.0,Desempleado
1,29.0,1,2,5,13, , , ,10.0,10.0,0.0,2,3.0,Empleado_Informal
2,29.0,1,2,5,13, , , ,10.0,10.0,0.0,9,5.0,Empleado_Informal
1,36.0,1,2,5,13, , , ,10.0,10.0,0.0,9,5.0,Empleado_Informal
1,16.0,6,2,5,13, , , ,10.0,10.0,0.0,9,2.0,Empleado_Informal
1,16.0,6,2,5,13, , , ,10.0,10.0,0.0,9,2.0,Empleado_Informal
1,41.0,1,2,6,13, , , ,11.0,11.0,0.0,2,6.0,Empleado_Informal
1,24.0,1,2,5,13, , , ,10.0,10.0,0.0,1,2.0,Empleado_Informal
2,30.0,1,2,6,13, , , ,11.0,11.0,0.0,1,2.0,Empleado_Informal
1,64.0,1,1,1,5, , , ,0.0,8.5,-8.5,No Especificado,5.0,Empleado_Informal
2,31.0,6,2,6,13, , , ,11.0,11.0,0.0,2,6.0,Empleado_Informal
1,51.0,5,2,1,13, , , ,0.0,4.5,0.0,2,2.0,Empleado_Informal
2,48.0,2,2,4,13, , , ,9.0,9.0,0.0,1,2.0,Empleado_Informal
1,51.0,2,2,3,13, , , ,4.5,4.5,0.0,2,5.0,Empleado_Informal
1,27.0,6,2,3,13, , , ,4.5,4.5,0.0,9,1.0,Empleado_Informal
1,28.0,1,2,6,13, , , ,11.0,11.0,0.0,1,2.0,Empleado_Informal
2,32.0,2,2,9,13, , ,3,13.5,13.5,0.0,1,2.0,Empleado_Informal
1,54.0,2,2,1,6, , ,1,0.0,11.0,-11.0,4,6.0,Empleado_Formal
1,32.0,2,2,10,13,2, ,3,16.0,16.0,0.0,2,5.0,Empleado_Formal
2,35.0,2,2,10,13,2, ,3,16.0,16.0,0.0,2,5.0,Empleado_Informal
1,22.0,6,2,6,9, , ,0,11.0,13.5,-2.5,2,3.0,Desempleado
1,28.0,1,2,9,13, , ,3,13.5,13.5,0.0,2,6.0,Empleado_Informal
2,36.0,1,1,1,10, , ,0,0.0,16.0,-14.0,No Especificado,5.0,Empleado_Formal
1,43.0,1,2,8,13,2, ,3,14.0,14.0,0.0,2,8.0,Empleado_Informal
2,45.0,6,2,6,13, , , ,11.0,11.0,0.0,2,6.0,Empleado_Informal
2,27.0,6,2,6,13, , , ,11.0,11.0,0.0,2,5.0,Empleado_Informal
1,48.0,2,2,7,13, , ,3,12.5,12.5,0.0,2,6.0,Empleado_Informal
2,45.0,2,2,10,13,1,2,3,16.0,16.0,0.0,2,6.0,Desempleado
2,18.0,6,2,5,6, , ,1,10.0,11.0,-1.0,2,6.0,Empleado_Informal
2,29.0,1,2,6,13, , , ,11.0,11.0,0.0,2,5.0,Empleado_Formal
1,42.0,1,1,1,6, , ,1,0.0,11.0,-11.0,No Especificado,5.0,Empleado_Informal
2,30.0,1,2,6,13, , , ,11.0,11.0,0.0,2,6.0,Empleado_Informal
1,40.0,1,2,3,13, , , ,4.5,4.5,0.0,2,5.0,Empleado_Informal
2,57.0,6,2,4,13, , , ,9.0,9.0,0.0,1,1.0,Desempleado
1,35.0,2,2,6,13, , , ,11.0,11.0,0.0,2,7.0,Empleado_Informal
1,30.0,6,2,8,13,1,2,3,14.0,14.0,0.0,2,6.0,Empleado_Formal
2,64.0,6,2,10,13,1,2,3,16.0,16.0,0.0,2,2.0,Empleado_Informal
1,36.0,2,2,10,13,1,2,3,16.0,16.0,0.0,2,6.0,Empleado_Informal
2,37.0,1,2,6,13, , , ,11.0,11.0,0.0,2,1.0,Empleado_Informal
1,32.0,1,2,5,13, , , ,10.0,10.0,0.0,2,1.0,Empleado_Informal
1,33.0,6,2,10,13,1,2,3,16.0,16.0,0.0,2,1.0,Empleado_Informal
1,39.0,1,2,8,13,1,2,3,14.0,14.0,0.0,2,6.0,Empleado_Formal
2,40.0,1,2,10,13,1,1,3,16.0,16.0,0.0,2,6.0,Empleado_Formal
2,36.0,5,2,8,13,1,2,3,14.0,14.0,0.0,2,7.0,Empleado_Informal
2,36.0,1,2,5,13, , , ,10.0,10.0,0.0,9,1.0,Desempleado
1,28.0,1,2,3,13, , , ,4.5,4.5,0.0,9,1.0,Empleado_Informal
2,38.0,1,2,10,13,1,2,3,16.0,16.0,0.0,1,5.0,Empleado_Informal
1,34.0,1,2,6,13, , , ,11.0,11.0,0.0,1,5.0,Empleado_Informal
2,34.0,6,2,10,13,1,1,3,16.0,16.0,0.0,2,6.0,Empleado_Informal
1,35.0,1,2,5,13, , , ,10.0,10.0,0.0,2,6.0,Empleado_Informal
1,36.0,2,2,6,13, , , ,11.0,11.0,0.0,2,6.0,Empleado_Informal
1,49.0,2,2,8,13,2, ,3,14.0,14.0,0.0,2,6.0,Empleado_Informal
2,46.0,2,2,10,13,2, ,3,16.0,16.0,0.0,2,6.0,Empleado_Informal
2,24.0,6,2,7,13, , ,3,12.5,12.5,0.0,2,6.0,Empleado_Informal
1,50.0,1,3,4,13, , , ,9.0,9.0,0.0,2,5.0,Empleado_Informal
2,44.0,1,2,10,13,1,2,3,16.0,16.0,0.0,9,0.0,Desempleado
1,51.0,1,2,3,13, , , ,4.5,4.5,0.0,2,3.0,Empleado_Informal
2,29.0,6,2,6,13, , , ,11.0,11.0,0.0,2,5.0,Empleado_Informal
2,24.0,6,2,6,13, , , ,11.0,11.0,0.0,2,3.0,Empleado_Informal
2,30.0,1,2,5,13, , , ,10.0,10.0,0.0,2,5.0,Empleado_Informal
1,34.0,1,2,6,13, , , ,11.0,11.0,0.0,2,5.0,Empleado_Informal
2,21.0,5,2,5,13, , , ,10.0,10.0,0.0,2,5.0,Empleado_Informal
2,40.0,5,2,5,13, , , ,10.0,10.0,0.0,2,5.0,Empleado_Informal
2,30.0,1,2,6,13, , , ,11.0,11.0,0.0,1,3.0,Desempleado
1,36.0,1,2,5,13, , , ,10.0,10.0,0.0,1,3.0,Empleado_Informal
2,40.0,1,2,6,13, , , ,11.0,11.0,0.0,1,2.0,Empleado_Formal
1,25.0,1,2,5,13, , , ,10.0,10.0,0.0,6,4.0,Empleado_Informal
1,43.0,1,2,4,13, , , ,9.0,9.0,0.0,6,3.0,Empleado_Informal
2,25.0,1,2,9,13, , ,3,13.5,13.5,0.0,1,4.0,Empleado_Informal
1,30.0,1,2,9,13, , ,3,13.5,13.5,0.0,2,2.0,Empleado_Informal
2,54.0,5,2,10,13,1,2,3,16.0,16.0,0.0,2,4.0,Empleado_Informal
1,27.0,1,2,3,13, , , ,4.5,4.5,0.0,1,5.0,Empleado_Informal
2,22.0,1,2,3,13, , , ,4.5,4.5,0.0,1,5.0,Empleado_Informal
2,28.0,6,2,4,13, , , ,9.0,9.0,0.0,2,5.0,Empleado_Informal
2,31.0,1,2,3,13, , , ,4.5,4.5,0.0,1,6.0,Desempleado
1,31.0,1,2,3,13, , , ,4.5,4.5,0.0,2,6.0,Empleado_Informal
1,30.0,1,2,8,13,1,2,3,14.0,14.0,0.0,1,3.0,Empleado_Informal
2,38.0,1,2,10,13,1,2,3,16.0,16.0,0.0,1,2.0,Desempleado
1,48.0,2,2,4,13, , , ,9.0,9.0,0.0,8,0.0,Empleado_Informal
1,28.0,1,2,10,13,1,2,3,16.0,16.0,0.0,1,5.0,Empleado_Informal
2,23.0,1,2,4,13, , , ,9.0,9.0,0.0,1,5.0,Empleado_Informal
1,42.0,2,2,5,13, , , ,10.0,10.0,0.0,2,6.0,Empleado_Informal
2,38.0,2,2,10,13,1,2,3,16.0,16.0,0.0,2,6.0,Desempleado
2,48.0,5,2,8,13,1,2,3,14.0,14.0,0.0,2,5.0,Empleado_Informal
2,53.0,5,2,10,13,1,2,3,16.0,16.0,0.0,2,7.0,Empleado_Informal
2,21.0,6,2,5,6, , ,1,10.0,11.0,-1.0,2,6.0,Empleado_Informal
1,33.0,5,2,6,13, , , ,11.0,11.0,0.0,2,6.0,Empleado_Informal
1,60.0,4,2,10,13,1,2,3,16.0,16.0,0.0,2,6.0,Empleado_Informal
2,32.0,5,2,6,13, , , ,11.0,11.0,0.0,2,5.0,Empleado_Informal
2,54.0,2,2,6,13, , , ,11.0,11.0,0.0,6,7.0,Empleado_Formal
1,56.0,2,1,1,6, , ,1,0.0,11.0,-11.0,No Especificado,5.0,Empleado_Formal
1,32.0,1,2,5,13, , , ,10.0,10.0,0.0,6,3.0,Empleado_Informal
2,41.0,1,2,8,13,1,2,3,14.0,14.0,0.0,6,3.0,Empleado_Informal
1,48.0,1,2,6,13, , , ,11.0,11.0,0.0,6,2.0,Empleado_Informal
2,43.0,1,2,6,13, , , ,11.0,11.0,0.0,1,2.0,Empleado_Informal
2,28.0,1,2,6,13, , , ,11.0,11.0,0.0,6,5.0,Desempleado
1,33.0,1,2,5,13, , , ,10.0,10.0,0.0,2,5.0,Empleado_Informal
2,30.0,1,2,5,13, , , ,10.0,10.0,0.0,2,5.0,Empleado_Informal
1,22.0,1,3,3,13, , , ,4.5,4.5,0.0,9,1.0,Empleado_Informal
2,24.0,6,2,5,13, , , ,10.0,10.0,0.0,2,3.0,Empleado_Informal
2,30.0,5,2,6,13, , , ,11.0,11.0,0.0,2,5.0,Empleado_Informal
2,36.0,5,2,6,13, , , ,11.0,11.0,0.0,2,3.0,Empleado_Informal
1,58.0,1,1,10,13,1,2,3,16.0,16.0,0.0,No Especificado,5.0,Empleado_Informal
1,18.0,6,2,3,6, , ,1,4.5,11.0,-6.5,4,7.0,Empleado_Informal
1,27.0,1,1,1,8, , ,0,0.0,14.0,-14.0,No Especificado,5.0,Empleado_Formal
1,18.0,6,2,3,13, , , ,4.5,4.5,0.0,9,0.0,Empleado_Informal
2,38.0,6,2,7,13, , ,3,12.5,12.5,0.0,2,7.0,Empleado_Informal
2,20.0,1,2,6,13, , , ,11.0,11.0,0.0,2,2.0,Empleado_Informal
1,23.0,1,2,6,13, , , ,11.0,11.0,0.0,2,1.0,Empleado_Formal
1,38.0,6,2,4,13, , , ,9.0,9.0,0.0,2,4.0,Empleado_Informal
1,26.0,1,2,5,13, , , ,10.0,10.0,0.0,1,3.0,Empleado_Informal
1,47.0,2,2,6,13, , , ,11.0,11.0,0.0,2,6.0,Empleado_Informal
2,46.0,2,2,6,13, , , ,11.0,11.0,0.0,1,2.0,Desempleado
1,28.0,1,2,6,13, , , ,11.0,11.0,0.0,2,6.0,Empleado_Informal
1,31.0,1,2,6,13, , , ,11.0,11.0,0.0,2,5.0,Empleado_Informal
2,27.0,1,2,6,13, , , ,11.0,11.0,0.0,9,1.0,Desempleado
1,40.0,1,2,4,13, , , ,9.0,9.0,0.0,2,6.0,Empleado_Formal
1,51.0,1,1,1,10, , ,0,0.0,16.0,-14.0,No Especificado,5.0,Empleado_Formal
1,43.0,1,2,4,13, , , ,9.0,9.0,0.0,2,6.0,Empleado_Informal
2,42.0,1,2,6,13, , , ,11.0,11.0,0.0,9,6.0,Empleado_Informal
1,23.0,6,2,6,13, , , ,11.0,11.0,0.0,2,5.0,Empleado_Informal
1,63.0,1,2,5,13, , , ,10.0,10.0,0.0,2,5.0,Empleado_Formal
1,40.0,2,2,5,13, , , ,10.0,10.0,0.0,2,6.0,Empleado_Formal
2,35.0,2,2,9,13, , ,3,13.5,13.5,0.0,2,6.0,Empleado_Informal
2,23.0,1,2,5,13, , , ,10.0,10.0,0.0,2,6.0,Empleado_Formal
1,25.0,1,2,6,13, , , ,11.0,11.0,0.0,2,6.0,Empleado_Informal
1,20.0,6,2,5,13, , , ,10.0,10.0,0.0,3,0.0,Empleado_Informal
1,62.0,5,2,3,13, , , ,4.5,4.5,0.0,2,5.0,Empleado_Informal
1,40.0,1,2,6,13, , , ,11.0,11.0,0.0,2,6.0,Empleado_Informal
2,26.0,1,2,9,13, , ,3,13.5,13.5,0.0,2,5.0,Empleado_Informal
1,26.0,1,2,4,13, , , ,9.0,9.0,0.0,1,2.0,Empleado_Informal
2,26.0,1,2,6,13, , , ,11.0,11.0,0.0,2,2.0,Empleado_Informal
1,22.0,6,2,6,13, , , ,11.0,11.0,0.0,9,0.0,Empleado_Informal
1,49.0,1,2,4,13, , , ,9.0,9.0,0.0,1,5.0,Empleado_Informal
2,57.0,1,2,5,13, , , ,10.0,10.0,0.0,1,5.0,Empleado_Informal
1,45.0,1,2,5,13, , , ,10.0,10.0,0.0,2,5.0,Empleado_Informal
2,39.0,1,2,4,13, , , ,9.0,9.0,0.0,2,5.0,Empleado_Informal
2,16.0,6,2,3,5, , , ,4.5,8.5,-4.0,2,5.0,Empleado_Informal
1,35.0,1,2,4,13, , , ,9.0,9.0,0.0,1,2.0,Empleado_Informal
2,22.0,6,2,6,13, , , ,11.0,11.0,0.0,9,2.0,Empleado_Informal
2,36.0,5,2,9,13, , ,3,13.5,13.5,0.0,2,6.0,Empleado_Informal
2,16.0,6,2,3,5, , , ,4.5,8.5,-4.0,2,4.0,Empleado_Informal
2,56.0,5,2,10,13,1,2,3,16.0,16.0,0.0,1,1.0,Desempleado
1,22.0,6,2,6,13, , , ,11.0,11.0,0.0,2,2.0,Empleado_Informal
1,23.0,6,2,5,13, , , ,10.0,10.0,0.0,1,6.0,Empleado_Informal
1,28.0,6,2,6,13, , , ,11.0,11.0,0.0,1,1.0,Empleado_Informal
2,47.0,1,2,6,13, , , ,11.0,11.0,0.0,2,2.0,Empleado_Informal
1,35.0,1,2,9,13, , ,3,13.5,13.5,0.0,2,2.0,Empleado_Informal
1,25.0,1,2,6,13, , , ,11.0,11.0,0.0,1,2.0,Empleado_Informal
2,23.0,1,2,6,13, , , ,11.0,11.0,0.0,1,2.0,Empleado_Informal
2,38.0,1,2,6,13, , , ,11.0,11.0,0.0,2,6.0,Empleado_Informal
1,22.0,1,2,6,13, , , ,11.0,11.0,0.0,9,1.0,Empleado_Informal
2,22.0,6,2,6,13, , , ,11.0,11.0,0.0,1,3.0,Desempleado
1,31.0,6,2,9,13, , ,3,13.5,13.5,0.0,1,5.0,Empleado_Informal
2,37.0,1,2,6,13, , , ,11.0,11.0,0.0,2,5.0,Empleado_Informal
1,39.0,1,2,6,13, , , ,11.0,11.0,0.0,2,5.0,Empleado_Formal
1,23.0,6,2,10,13,2, ,3,16.0,16.0,0.0,2,2.0,Empleado_Informal
2,53.0,5,2,10,13,2, ,3,16.0,16.0,0.0,2,1.0,Desempleado
1,31.0,5,2,6,13, , , ,11.0,11.0,0.0,9,6.0,Empleado_Informal
1,40.0,6,2,6,13, , , ,11.0,11.0,0.0,2,6.0,Empleado_Formal
1,42.0,1,2,5,13, , , ,10.0,10.0,0.0,2,7.0,Empleado_Informal
2,37.0,1,2,5,13, , , ,10.0,10.0,0.0,2,6.0,Empleado_Informal
1,31.0,6,2,7,13, , ,3,12.5,12.5,0.0,2,6.0,Empleado_Informal
1,39.0,1,2,5,13, , , ,10.0,10.0,0.0,9,0.0,Empleado_Informal
2,42.0,1,2,6,13, , , ,11.0,11.0,0.0,9,0.0,Empleado_Informal
2,54.0,6,2,10,13,1,2,3,16.0,16.0,0.0,2,6.0,Empleado_Informal
1,41.0,6,2,5,13, , , ,10.0,10.0,0.0,9,1.0,Empleado_Informal
1,37.0,2,2,6,13, , , ,11.0,11.0,0.0,2,5.0,Empleado_Informal
1,28.0,1,2,6,13, , , ,11.0,11.0,0.0,1,6.0,Empleado_Informal
1,39.0,1,2,5,13, , , ,10.0,10.0,0.0,1,6.0,Empleado_Informal
2,39.0,1,2,5,13, , , ,10.0,10.0,0.0,1,5.0,Empleado_Informal
2,21.0,6,2,6,13, , , ,11.0,11.0,0.0,1,5.0,Desempleado
1,32.0,6,2,8,13,1,2,3,14.0,14.0,0.0,2,5.0,Empleado_Informal
2,28.0,5,2,6,13, , , ,11.0,11.0,0.0,2,4.0,Empleado_Informal
1,56.0,1,2,8,13,1,2,3,14.0,14.0,0.0,2,8.0,Empleado_Informal
2,53.0,1,2,6,13, , , ,11.0,11.0,0.0,2,7.0,Empleado_Informal
1,36.0,6,2,5,13, , , ,10.0,10.0,0.0,1,5.0,Empleado_Informal
1,33.0,6,2,5,13, , , ,10.0,10.0,0.0,2,7.0,Empleado_Informal
2,22.0,6,2,5,6, , ,1,10.0,11.0,-1.0,2,8.0,Empleado_Informal
1,54.0,5,2,6,13, , , ,11.0,11.0,0.0,2,8.0,Empleado_Informal
1,25.0,6,2,6,13, , , ,11.0,11.0,0.0,2,7.0,Empleado_Formal
1,46.0,2,2,10,13,1,1,3,16.0,16.0,0.0,2,5.0,Empleado_Informal
2,47.0,2,2,8,13,1,2,3,14.0,14.0,0.0,2,6.0,Empleado_Formal
2,19.0,6,2,6,9, , ,2,11.0,13.5,-2.5,2,5.0,Empleado_Informal
2,45.0,5,2,6,13, , , ,11.0,11.0,0.0,9,1.0,Empleado_Informal
1,17.0,6,2,3,13, , , ,4.5,4.5,0.0,9,1.0,Empleado_Informal
1,29.0,1,2,10,13,1,2,3,16.0,16.0,0.0,2,7.0,Empleado_Formal
2,32.0,1,2,9,13, , ,3,13.5,13.5,0.0,2,6.0,Empleado_Informal
2,35.0,1,1,10,13,1,1,3,16.0,16.0,0.0,No Especificado,5.0,Empleado_Informal
1,38.0,1,2,10,13,1,2,3,16.0,16.0,0.0,2,6.0,Empleado_Informal
1,58.0,2,2,5,13, , , ,10.0,10.0,0.0,2,7.0,Empleado_Informal
1,38.0,2,2,10,13,1,2,3,16.0,16.0,0.0,2,7.0,Empleado_Informal
2,35.0,2,2,10,13,1,2,3,16.0,16.0,0.0,2,7.0,Empleado_Informal
1,59.0,2,2,9,13, , ,3,13.5,13.5,0.0,2,5.0,Desempleado
1,23.0,1,2,6,13, , , ,11.0,11.0,0.0,2,5.0,Empleado_Informal
2,24.0,1,2,9,13, , ,3,13.5,13.5,0.0,2,5.0,Empleado_Informal
1,30.0,1,2,5,13, , , ,10.0,10.0,0.0,1,5.0,Empleado_Informal
1,53.0,6,2,5,13, , , ,10.0,10.0,0.0,1,5.0,Empleado_Informal
1,55.0,6,2,5,13, , , ,10.0,10.0,0.0,1,1.0,Empleado_Informal
1,30.0,6,2,6,13, , , ,11.0,11.0,0.0,2,5.0,Empleado_Informal
1,41.0,1,2,5,13, , , ,10.0,10.0,0.0,1,7.0,Empleado_Informal
2,44.0,1,2,10,13,2, ,3,16.0,16.0,0.0,1,6.0,Desempleado
1,31.0,1,2,10,13,1,2,3,16.0,16.0,0.0,2,6.0,Empleado_Informal
1,22.0,6,2,5,13, , , ,10.0,10.0,0.0,2,4.0,Empleado_Informal
2,43.0,2,2,5,13, , , ,10.0,10.0,0.0,1,1.0,Empleado_Informal
1,50.0,2,2,5,13, , , ,10.0,10.0,0.0,1,1.0,Empleado_Informal
1,19.0,6,2,6,13, , , ,11.0,11.0,0.0,9,0.0,Empleado_Informal
1,16.0,6,2,5,13, , , ,10.0,10.0,0.0,1,1.0,Empleado_Informal
1,30.0,1,2,6,13, , , ,11.0,11.0,0.0,9,6.0,Empleado_Informal
2,60.0,2,4,1,13, , , ,0.0,4.5,0.0,2,8.0,Empleado_Formal
1,50.0,1,2,5,13, , , ,10.0,10.0,0.0,1,4.0,Empleado_Informal
1,32.0,6,2,5,13, , , ,10.0,10.0,0.0,1,3.0,Empleado_Informal
1,43.0,1,2,6,13, , , ,11.0,11.0,0.0,2,6.0,Empleado_Informal
2,45.0,1,2,6,13, , , ,11.0,11.0,0.0,2,6.0,Desempleado
1,24.0,1,2,5,13, , , ,10.0,10.0,0.0,2,6.0,Empleado_Informal
2,31.0,5,2,10,13,1,2,3,16.0,16.0,0.0,9,5.0,Empleado_Informal
1,47.0,1,2,6,13, , , ,11.0,11.0,0.0,2,6.0,Empleado_Informal
2,38.0,1,2,6,13, , , ,11.0,11.0,0.0,2,6.0,Empleado_Informal
1,33.0,2,2,10,13,2, ,3,16.0,16.0,0.0,2,6.0,Empleado_Informal
2,27.0,2,2,9,13, , ,3,13.5,13.5,0.0,2,6.0,Empleado_Informal
1,37.0,6,2,6,13, , , ,11.0,11.0,0.0,1,3.0,Empleado_Informal
1,24.0,1,2,5,13, , , ,10.0,10.0,0.0,9,5.0,Empleado_Informal
2,20.0,1,2,5,13, , , ,10.0,10.0,0.0,9,4.0,Empleado_Informal
1,55.0,1,1,1,10, , ,0,0.0,16.0,-14.0,No Especificado,5.0,Empleado_Informal
2,45.0,1,2,6,13, , , ,11.0,11.0,0.0,2,6.0,Empleado_Informal
1,32.0,1,2,6,13, , , ,11.0,11.0,0.0,1,3.0,Empleado_Informal
1,35.0,1,2,6,13, , , ,11.0,11.0,0.0,2,6.0,Empleado_Formal
2,38.0,1,2,6,13, , , ,11.0,11.0,0.0,1,2.0,Empleado_Informal
1,16.0,6,2,5,5, , , ,10.0,8.5,0.5,1,1.0,Empleado_Informal
2,46.0,6,2,5,13, , , ,10.0,10.0,0.0,2,6.0,Empleado_Informal
1,18.0,6,2,5,13, , , ,10.0,10.0,0.0,1,6.0,Desempleado
2,55.0,5,2,6,13, , , ,11.0,11.0,0.0,1,3.0,Empleado_Informal
1,16.0,6,2,5,13, , , ,10.0,10.0,0.0,9,3.0,Desempleado
1,32.0,1,2,5,13, , , ,10.0,10.0,0.0,1,2.0,Empleado_Informal
2,30.0,1,2,6,13, , , ,11.0,11.0,0.0,2,2.0,Empleado_Informal
1,56.0,2,2,3,13, , , ,4.5,4.5,0.0,1,2.0,Empleado_Informal
1,35.0,5,2,3,13, , , ,4.5,4.5,0.0,9,0.0,Empleado_Informal
1,27.0,1,2,6,13, , , ,11.0,11.0,0.0,1,5.0,Empleado_Informal
2,33.0,1,2,10,13,1,2,3,16.0,16.0,0.0,2,5.0,Empleado_Informal
1,39.0,1,2,6,13, , , ,11.0,11.0,0.0,2,6.0,Empleado_Informal
2,41.0,1,2,8,13,1,2,3,14.0,14.0,0.0,2,5.0,Empleado_Informal
1,38.0,6,2,10,13,1,2,3,16.0,16.0,0.0,2,5.0,Empleado_Informal
1,38.0,6,2,8,13,1,2,3,14.0,14.0,0.0,5,5.0,Empleado_Informal
1,42.0,5,2,5,13, , , ,10.0,10.0,0.0,9,6.0,Empleado_Informal
1,19.0,6,2,3,13, , , ,4.5,4.5,0.0,9,4.0,Desempleado
1,38.0,1,1,1,6, , ,1,0.0,11.0,-11.0,No Especificado,5.0,Empleado_Informal
1,29.0,1,2,6,13, , , ,11.0,11.0,0.0,1,5.0,Empleado_Informal
2,50.0,6,2,4,13, , , ,9.0,9.0,0.0,2,6.0,Empleado_Informal
1,33.0,6,2,6,13, , , ,11.0,11.0,0.0,2,7.0,Empleado_Informal
2,45.0,1,2,5,13, , , ,10.0,10.0,0.0,2,4.0,Empleado_Informal
1,41.0,1,2,4,13, , , ,9.0,9.0,0.0,1,4.0,Empleado_Informal
1,26.0,1,2,6,13, , , ,11.0,11.0,0.0,2,5.0,Empleado_Informal
2,26.0,1,2,6,13, , , ,11.0,11.0,0.0,2,4.0,Empleado_Informal
1,23.0,1,2,4,13, , , ,9.0,9.0,0.0,1,5.0,Empleado_Informal
2,24.0,1,2,5,13, , , ,10.0,10.0,0.0,1,6.0,Empleado_Informal
1,24.0,1,2,5,13, , , ,10.0,10.0,0.0,1,2.0,Empleado_Informal
2,22.0,1,2,5,13, , , ,10.0,10.0,0.0,2,2.0,Empleado_Informal
1,34.0,6,2,6,13, , , ,11.0,11.0,0.0,2,2.0,Empleado_Informal
1,21.0,1,2,5,13, , , ,10.0,10.0,0.0,9,3.0,Empleado_Informal
2,33.0,1,2,6,13, , , ,11.0,11.0,0.0,9,2.0,Empleado_Informal
2,41.0,5,2,6,13, , , ,11.0,11.0,0.0,1,6.0,Empleado_Informal
1,21.0,6,2,5,5, , , ,10.0,8.5,0.5,9,5.0,Empleado_Informal
2,17.0,6,2,3,6, , ,1,4.5,11.0,-6.5,1,5.0,Empleado_Informal
1,28.0,6,2,4,13, , , ,9.0,9.0,0.0,9,4.0,Empleado_Informal
1,29.0,1,2,9,13, , ,3,13.5,13.5,0.0,1,2.0,Empleado_Informal
1,32.0,5,2,6,13, , , ,11.0,11.0,0.0,9,5.0,Empleado_Informal
2,36.0,5,2,5,13, , , ,10.0,10.0,0.0,1,6.0,Empleado_Informal
2,27.0,1,2,5,13, , , ,10.0,10.0,0.0,1,3.0,Empleado_Informal
1,34.0,1,1,1,6, , ,1,0.0,11.0,-11.0,No Especificado,5.0,Empleado_Informal
2,23.0,6,2,6,13, , , ,11.0,11.0,0.0,1,6.0,Empleado_Informal
1,50.0,1,2,6,13, , , ,11.0,11.0,0.0,2,6.0,Empleado_Informal
2,41.0,1,2,10,13,1,2,3,16.0,16.0,0.0,2,5.0,Empleado_Informal
2,41.0,5,2,10,13,1,2,3,16.0,16.0,0.0,2,6.0,Empleado_Formal
1,21.0,6,2,6,9, , ,0,11.0,13.5,-2.5,2,4.0,Empleado_Informal
2,19.0,6,2,6,13, , , ,11.0,11.0,0.0,1,1.0,Empleado_Informal
2,16.0,6,2,5,5, , , ,10.0,8.5,0.5,2,4.0,Empleado_Informal
1,51.0,2,2,5,13, , , ,10.0,10.0,0.0,2,5.0,Empleado_Informal
2,61.0,2,2,3,13, , , ,4.5,4.5,0.0,2,5.0,Desempleado
1,26.0,1,2,5,13, , , ,10.0,10.0,0.0,2,4.0,Empleado_Informal
2,28.0,1,2,9,13, , ,3,13.5,13.5,0.0,2,3.0,Empleado_Informal
1,28.0,1,2,6,13, , , ,11.0,11.0,0.0,2,1.0,Empleado_Informal
1,35.0,5,2,6,13, , , ,11.0,11.0,0.0,2,6.0,Empleado_Informal
1,39.0,1,2,5,13, , , ,10.0,10.0,0.0,6,6.0,Empleado_Informal
1,57.0,3,2,3,13, , , ,4.5,4.5,0.0,2,3.0,Empleado_Informal
1,25.0,6,2,6,13, , , ,11.0,11.0,0.0,1,1.0,Empleado_Informal
1,28.0,1,3,1,13, , , ,0.0,4.5,0.0,2,2.0,Empleado_Informal
2,34.0,1,2,5,13, , , ,10.0,10.0,0.0,2,4.0,Empleado_Informal
1,31.0,1,2,7,13, , ,3,12.5,12.5,0.0,2,3.0,Empleado_Informal
2,41.0,1,1,1,9, , ,0,0.0,13.5,-13.5,No Especificado,5.0,Empleado_Informal
1,46.0,1,1,1,7, , ,0,0.0,12.5,-12.5,No Especificado,5.0,Empleado_Formal
1,52.0,1,2,6,13, , , ,11.0,11.0,0.0,2,6.0,Empleado_Informal
2,44.0,1,1,1,7, , ,0,0.0,12.5,-12.5,No Especificado,5.0,Empleado_Informal
1,34.0,1,1,1,12, , , ,0.0,11.0,0.0,No Especificado,5.0,Empleado_Informal
2,26.0,1,2,6,13, , , ,11.0,11.0,0.0,2,7.0,Empleado_Informal
2,41.0,6,2,7,13, , ,3,12.5,12.5,0.0,2,2.0,Empleado_Informal
1,38.0,1,2,8,13,1,2,3,14.0,14.0,0.0,2,4.0,Empleado_Informal
2,27.0,1,1,1,12, , , ,0.0,11.0,0.0,No Especificado,5.0,Empleado_Informal
1,34.0,1,1,1,8, , ,0,0.0,14.0,-14.0,No Especificado,5.0,Desempleado
2,56.0,4,1,1,9, , ,0,0.0,13.5,-13.5,No Especificado,5.0,Empleado_Informal
1,39.0,1,2,8,13,1,2,3,14.0,14.0,0.0,2,6.0,Empleado_Formal
2,26.0,6,2,6,13, , , ,11.0,11.0,0.0,2,3.0,Empleado_Informal
1,42.0,6,2,6,13, , , ,11.0,11.0,0.0,2,6.0,Empleado_Formal
2,19.0,6,2,6,9, , ,0,11.0,13.5,-2.5,2,7.0,Empleado_Informal
1,33.0,1,2,9,13, , ,3,13.5,13.5,0.0,2,6.0,Empleado_Formal
2,34.0,1,2,10,13,1,2,3,16.0,16.0,0.0,2,5.0,Empleado_Informal
2,27.0,6,2,8,13,1,2,3,14.0,14.0,0.0,4,2.0,Empleado_Informal
1,47.0,3,2,4,13, , , ,9.0,9.0,0.0,2,6.0,Empleado_Informal
1,33.0,1,2,10,13,1,2,3,16.0,16.0,0.0,2,5.0,Empleado_Informal
2,30.0,1,2,6,13, , , ,11.0,11.0,0.0,2,5.0,Empleado_Formal
1,20.0,6,2,6,13, , , ,11.0,11.0,0.0,1,1.0,Empleado_Informal
1,31.0,1,2,9,13, , ,3,13.5,13.5,0.0,2,6.0,Empleado_Informal
1,30.0,2,2,6,13, , , ,11.0,11.0,0.0,2,3.0,Empleado_Informal
2,33.0,2,2,8,13,1,2,3,14.0,14.0,0.0,2,2.0,Empleado_Informal
1,42.0,2,2,5,13, , , ,10.0,10.0,0.0,2,6.0,Empleado_Informal
2,49.0,2,2,10,13,1,2,3,16.0,16.0,0.0,2,6.0,Desempleado
2,32.0,6,2,10,13,2, ,3,16.0,16.0,0.0,2,7.0,Empleado_Formal
2,34.0,6,2,9,13, , ,3,13.5,13.5,0.0,2,7.0,Empleado_Formal
2,29.0,6,2,9,13, , ,3,13.5,13.5,0.0,2,7.0,Empleado_Informal
1,42.0,1,1,1,10, , ,0,0.0,16.0,-14.0,No Especificado,5.0,Empleado_Formal
2,47.0,1,2,8,13,1,2,3,14.0,14.0,0.0,2,6.0,Empleado_Informal
2,37.0,1,2,6,13, , , ,11.0,11.0,0.0,2,6.0,Empleado_Informal
1,38.0,1,2,6,13, , , ,11.0,11.0,0.0,2,6.0,Empleado_Informal
2,41.0,6,2,7,13, , ,3,12.5,12.5,0.0,2,6.0,Empleado_Informal
1,27.0,1,2,6,13, , , ,11.0,11.0,0.0,2,1.0,Empleado_Informal
1,49.0,1,2,6,13, , , ,11.0,11.0,0.0,2,3.0,Empleado_Informal
2,57.0,1,2,9,13, , ,3,13.5,13.5,0.0,2,5.0,Empleado_Informal
2,49.0,6,2,8,13,1,2,3,14.0,14.0,0.0,2,4.0,Empleado_Informal
2,26.0,6,2,9,13, , ,3,13.5,13.5,0.0,2,6.0,Empleado_Informal
1,50.0,2,2,10,13,1,2,3,16.0,16.0,0.0,2,6.0,Empleado_Informal
2,36.0,6,2,11,13,1,2,3,16.0,16.0,0.0,2,6.0,Empleado_Informal
2,45.0,1,2,8,13,1,2,3,14.0,14.0,0.0,2,3.0,Empleado_Informal
1,47.0,1,2,6,13, , , ,11.0,11.0,0.0,2,6.0,Empleado_Informal
1,28.0,6,2,6,13, , , ,11.0,11.0,0.0,2,6.0,Empleado_Informal
2,39.0,2,2,10,13,1,2,3,16.0,16.0,0.0,2,6.0,Empleado_Informal
1,41.0,2,2,8,13,1,2,3,14.0,14.0,0.0,2,6.0,Empleado_Formal
1,28.0,1,2,5,13, , , ,10.0,10.0,0.0,2,2.0,Empleado_Informal
2,50.0,6,2,5,13, , , ,10.0,10.0,0.0,2,6.0,Empleado_Informal
2,27.0,6,2,6,13, , , ,11.0,11.0,0.0,2,6.0,Empleado_Informal
1,23.0,1,2,6,13, , , ,11.0,11.0,0.0,2,5.0,Empleado_Informal
1,27.0,6,2,6,13, , , ,11.0,11.0,0.0,2,7.0,Empleado_Informal
1,43.0,2,2,10,13,1,2,3,16.0,16.0,0.0,2,8.0,Empleado_Formal
2,41.0,2,2,9,13, , ,3,13.5,13.5,0.0,2,7.0,Empleado_Informal
1,29.0,1,2,6,13, , , ,11.0,11.0,0.0,2,6.0,Empleado_Informal
2,33.0,2,2,10,13,2, ,3,16.0,16.0,0.0,2,6.0,Empleado_Informal
1,40.0,2,2,10,13,1,2,3,16.0,16.0,0.0,2,6.0,Empleado_Informal
2,42.0,6,2,8,13,1,2,3,14.0,14.0,0.0,2,6.0,Empleado_Informal
1,34.0,1,2,6,13, , , ,11.0,11.0,0.0,2,6.0,Empleado_Formal
2,34.0,1,2,6,13, , , ,11.0,11.0,0.0,2,3.0,Empleado_Formal
1,35.0,1,2,6,13, , , ,11.0,11.0,0.0,2,4.0,Empleado_Informal
1,26.0,1,2,6,13, , , ,11.0,11.0,0.0,2,1.0,Empleado_Informal
2,20.0,1,2,6,13, , , ,11.0,11.0,0.0,2,1.0,Empleado_Informal
1,18.0,6,2,5,13, , , ,10.0,10.0,0.0,9,0.0,Empleado_Informal
1,55.0,1,2,6,13, , , ,11.0,11.0,0.0,2,4.0,Empleado_Informal
2,47.0,1,2,6,13, , , ,11.0,11.0,0.0,2,4.0,Empleado_Informal
1,27.0,1,2,10,13,2, ,3,16.0,16.0,0.0,2,6.0,Empleado_Informal
2,20.0,1,2,9,13, , ,3,13.5,13.5,0.0,1,1.0,Desempleado
1,30.0,1,2,7,13, , ,3,12.5,12.5,0.0,2,6.0,Empleado_Informal
2,39.0,1,2,6,13, , , ,11.0,11.0,0.0,2,6.0,Empleado_Informal
2,24.0,1,2,6,13, , , ,11.0,11.0,0.0,2,2.0,Empleado_Formal
1,35.0,1,2,5,13, , , ,10.0,10.0,0.0,2,2.0,Empleado_Formal
2,30.0,6,2,6,13, , , ,11.0,11.0,0.0,2,6.0,Empleado_Informal
2,36.0,1,2,10,13,1,2,3,16.0,16.0,0.0,2,6.0,Empleado_Formal
1,34.0,1,1,1,13, , , ,0.0,4.5,0.0,No Especificado,5.0,Empleado_Informal
1,35.0,1,1,8,13,1,2,3,14.0,14.0,0.0,No Especificado,5.0,Empleado_Formal
2,31.0,1,2,10,13,1,2,3,16.0,16.0,0.0,2,5.0,Empleado_Informal
1,30.0,6,2,10,13,1,2,3,16.0,16.0,0.0,2,7.0,Empleado_Formal
1,28.0,1,2,6,13, , , ,11.0,11.0,0.0,2,3.0,Empleado_Informal
2,29.0,1,2,6,13, , , ,11.0,11.0,0.0,2,6.0,Desempleado
1,39.0,1,2,5,13, , , ,10.0,10.0,0.0,2,6.0,Empleado_Informal
2,33.0,1,1,1,5, , , ,0.0,8.5,-8.5,No Especificado,5.0,Empleado_Informal
1,19.0,6,2,6,13, , , ,11.0,11.0,0.0,1,2.0,Empleado_Informal
2,59.0,6,2,4,13, , , ,9.0,9.0,0.0,1,2.0,Desempleado
1,29.0,6,2,5,13, , , ,10.0,10.0,0.0,9,0.0,Desempleado
1,24.0,6,2,5,13, , , ,10.0,10.0,0.0,1,2.0,Empleado_Informal
1,43.0,6,2,6,13, , , ,11.0,11.0,0.0,2,6.0,Empleado_Informal
1,57.0,1,2,6,13, , , ,11.0,11.0,0.0,2,7.0,Empleado_Formal
2,56.0,1,2,10,13,1,2,3,16.0,16.0,0.0,2,7.0,Empleado_Informal
2,56.0,6,2,4,13, , , ,9.0,9.0,0.0,2,8.0,Empleado_Informal
1,43.0,5,2,5,13, , , ,10.0,10.0,0.0,2,5.0,Empleado_Informal
1,43.0,2,2,6,13, , , ,11.0,11.0,0.0,2,7.0,Empleado_Informal
2,45.0,2,2,10,13,1,2,3,16.0,16.0,0.0,1,5.0,Empleado_Informal
1,20.0,6,2,6,13, , , ,11.0,11.0,0.0,2,5.0,Empleado_Informal
2,64.0,6,2,6,13, , , ,11.0,11.0,0.0,2,5.0,Empleado_Informal
1,30.0,1,2,8,13,1,2,3,14.0,14.0,0.0,2,3.0,Empleado_Informal
2,30.0,1,2,9,13, , ,3,13.5,13.5,0.0,2,3.0,Empleado_Informal
2,54.0,5,2,4,13, , , ,9.0,9.0,0.0,2,2.0,Empleado_Informal
1,49.0,6,2,3,13, , , ,4.5,4.5,0.0,1,3.0,Empleado_Informal
1,21.0,6,2,5,5, , , ,10.0,8.5,0.5,2,5.0,Empleado_Informal
2,28.0,6,2,9,13, , ,3,13.5,13.5,0.0,2,5.0,Empleado_Informal
1,39.0,1,2,10,13,1,2,3,16.0,16.0,0.0,2,6.0,Empleado_Informal
2,34.0,1,2,10,13,1,1,3,16.0,16.0,0.0,2,5.0,Empleado_Formal
2,24.0,5,2,6,13, , , ,11.0,11.0,0.0,1,5.0,Empleado_Informal
2,23.0,6,2,6,13, , , ,11.0,11.0,0.0,1,3.0,Empleado_Informal
1,46.0,1,2,8,13,1,2,3,14.0,14.0,0.0,2,6.0,Empleado_Informal
1,45.0,5,2,5,13, , , ,10.0,10.0,0.0,1,3.0,Empleado_Informal
1,27.0,1,2,6,13, , , ,11.0,11.0,0.0,2,2.0,Empleado_Informal
1,19.0,6,2,5,13, , , ,10.0,10.0,0.0,2,4.0,Empleado_Informal
2,51.0,2,2,10,13,1,2,3,16.0,16.0,0.0,2,6.0,Empleado_Informal
1,56.0,2,2,6,13, , , ,11.0,11.0,0.0,2,6.0,Empleado_Informal
2,24.0,1,2,6,13, , , ,11.0,11.0,0.0,2,6.0,Empleado_Informal
1,26.0,1,2,6,13, , , ,11.0,11.0,0.0,2,6.0,Empleado_Informal
1,35.0,5,2,5,13, , , ,10.0,10.0,0.0,2,6.0,Empleado_Informal
1,35.0,1,2,10,13,1,2,3,16.0,16.0,0.0,2,6.0,Empleado_Formal
2,23.0,1,1,1,7, , ,0,0.0,12.5,-12.5,No Especificado,5.0,Empleado_Formal
1,57.0,2,2,6,13, , , ,11.0,11.0,0.0,2,6.0,Empleado_Informal
2,54.0,2,2,6,13, , , ,11.0,11.0,0.0,2,6.0,Empleado_Informal
2,34.0,1,2,5,13, , , ,10.0,10.0,0.0,6,2.0,Empleado_Informal
1,39.0,1,2,9,13, , ,3,13.5,13.5,0.0,2,1.0,Empleado_Informal
1,33.0,2,2,8,13,1,2,3,14.0,14.0,0.0,2,6.0,Empleado_Informal
2,31.0,2,2,8,13,1,2,3,14.0,14.0,0.0,2,6.0,Empleado_Informal
2,59.0,5,2,6,13, , , ,11.0,11.0,0.0,2,6.0,Empleado_Informal
1,31.0,6,2,9,13, , ,3,13.5,13.5,0.0,2,2.0,Empleado_Informal
1,63.0,2,2,6,13, , , ,11.0,11.0,0.0,6,5.0,Empleado_Informal
2,61.0,2,2,10,13,1,2,3,16.0,16.0,0.0,2,6.0,Empleado_Informal
1,47.0,1,2,9,13, , ,3,13.5,13.5,0.0,2,6.0,Empleado_Informal
2,42.0,1,2,9,13, , ,3,13.5,13.5,0.0,2,6.0,Empleado_Informal
1,30.0,1,2,5,13, , , ,10.0,10.0,0.0,2,5.0,Empleado_Informal
1,36.0,1,2,5,13, , , ,10.0,10.0,0.0,9,0.0,Empleado_Informal
1,31.0,1,2,8,13,1,2,3,14.0,14.0,0.0,2,7.0,Empleado_Formal
1,35.0,1,2,6,13, , , ,11.0,11.0,0.0,2,6.0,Empleado_Formal
2,33.0,1,2,8,13,1,2,3,14.0,14.0,0.0,2,6.0,Empleado_Informal
2,62.0,2,2,6,13, , , ,11.0,11.0,0.0,2,6.0,Empleado_Informal
1,34.0,6,2,6,13, , , ,11.0,11.0,0.0,2,7.0,Empleado_Informal
1,60.0,5,2,6,13, , , ,11.0,11.0,0.0,2,3.0,Empleado_Informal
1,39.0,6,2,6,13, , , ,11.0,11.0,0.0,2,2.0,Empleado_Formal
2,47.0,1,2,5,13, , , ,10.0,10.0,0.0,2,2.0,Empleado_Informal
2,34.0,5,2,6,13, , , ,11.0,11.0,0.0,2,4.0,Empleado_Informal
1,42.0,2,2,11,13,1,2,3,16.0,16.0,0.0,2,6.0,Empleado_Formal
2,44.0,2,2,10,13,1,2,3,16.0,16.0,0.0,2,5.0,Empleado_Informal
1,24.0,6,2,6,13, , , ,11.0,11.0,0.0,2,2.0,Empleado_Informal
2,27.0,6,2,10,13,1,2,3,16.0,16.0,0.0,2,6.0,Empleado_Informal
2,47.0,6,2,10,13,1,2,3,16.0,16.0,0.0,2,6.0,Empleado_Informal
1,27.0,1,2,6,13, , , ,11.0,11.0,0.0,2,1.0,Empleado_Informal
2,41.0,1,2,3,13, , , ,4.5,4.5,0.0,2,1.0,Desempleado
2,16.0,6,2,5,13, , , ,10.0,10.0,0.0,1,1.0,Desempleado
2,32.0,1,2,5,13, , , ,10.0,10.0,0.0,2,4.0,Empleado_Informal
1,25.0,1,2,3,13, , , ,4.5,4.5,0.0,2,5.0,Empleado_Informal
1,55.0,4,2,9,13, , ,3,13.5,13.5,0.0,2,4.0,Empleado_Informal
2,33.0,6,2,10,13,1,2,3,16.0,16.0,0.0,2,6.0,Empleado_Informal
1,30.0,6,2,10,13,1,2,3,16.0,16.0,0.0,1,2.0,Empleado_Informal
2,42.0,6,2,4,13, , , ,9.0,9.0,0.0,2,5.0,Empleado_Formal
2,17.0,6,2,4,5, , , ,9.0,8.5,0.5,2,5.0,Empleado_Informal
1,26.0,6,2,6,13, , , ,11.0,11.0,0.0,2,6.0,Empleado_Formal
2,27.0,6,2,6,13, , , ,11.0,11.0,0.0,2,5.0,Empleado_Informal
2,27.0,6,2,6,13, , , ,11.0,11.0,0.0,9,0.0,Empleado_Informal
2,42.0,5,2,8,13,1,2,3,14.0,14.0,0.0,2,6.0,Empleado_Informal
1,22.0,6,2,6,13, , , ,11.0,11.0,0.0,2,2.0,Empleado_Informal
1,19.0,6,2,6,13, , , ,11.0,11.0,0.0,1,2.0,Empleado_Informal
1,24.0,6,2,6,13, , , ,11.0,11.0,0.0,1,1.0,Empleado_Informal
1,45.0,6,2,6,13, , , ,11.0,11.0,0.0,2,7.0,Empleado_Formal
1,47.0,1,1,5,5, , , ,10.0,8.5,0.5,No Especificado,5.0,Empleado_Informal
2,41.0,1,1,1,8, , ,0,0.0,14.0,-14.0,No Especificado,5.0,Empleado_Formal
2,26.0,6,2,4,13, , , ,9.0,9.0,0.0,9,0.0,Empleado_Informal
2,39.0,6,2,9,13, , ,3,13.5,13.5,0.0,6,6.0,Empleado_Informal
2,53.0,4,2,6,13, , , ,11.0,11.0,0.0,7,6.0,Empleado_Informal
2,29.0,1,2,6,13, , , ,11.0,11.0,0.0,2,5.0,Empleado_Informal
1,43.0,1,1,6,13, , , ,11.0,11.0,0.0,No Especificado,5.0,Empleado_Formal
2,29.0,6,2,10,11, , ,3,16.0,16.0,-3.0,2,8.0,Empleado_Informal
1,64.0,2,1,1,8, , ,0,0.0,14.0,-14.0,No Especificado,5.0,Desempleado
1,36.0,6,2,10,13,1,2,3,16.0,16.0,0.0,2,6.0,Empleado_Formal
1,54.0,2,2,4,13, , , ,9.0,9.0,0.0,2,3.0,Empleado_Informal
2,30.0,6,2,10,13,1,2,3,16.0,16.0,0.0,2,6.0,Empleado_Formal
2,64.0,2,1,1,10, , ,0,0.0,16.0,-14.0,No Especificado,5.0,Desempleado
1,36.0,6,2,5,13, , , ,10.0,10.0,0.0,1,3.0,Empleado_Informal
1,40.0,6,2,9,13, , ,3,13.5,13.5,0.0,4,6.0,Empleado_Informal
2,31.0,1,2,10,13,1,2,3,16.0,16.0,0.0,2,7.0,Empleado_Informal
1,43.0,1,1,1,7, , ,0,0.0,12.5,-12.5,No Especificado,5.0,Empleado_Informal
2,35.0,6,2,8,13,1,2,3,14.0,14.0,0.0,2,2.0,Empleado_Informal
2,30.0,1,2,9,13, , ,3,13.5,13.5,0.0,2,4.0,Desempleado
1,33.0,1,2,9,13, , ,3,13.5,13.5,0.0,2,4.0,Empleado_Informal
1,35.0,1,3,1,13, , , ,0.0,4.5,0.0,2,3.0,Empleado_Informal
2,47.0,1,2,5,13, , , ,10.0,10.0,0.0,2,3.0,Empleado_Informal
1,40.0,1,2,10,13,1,2,3,16.0,16.0,0.0,2,6.0,Empleado_Informal
2,25.0,1,2,6,13, , , ,11.0,11.0,0.0,2,5.0,Empleado_Informal
1,36.0,1,2,9,13, , ,3,13.5,13.5,0.0,2,6.0,Empleado_Informal
2,32.0,1,2,8,13,1,2,3,14.0,14.0,0.0,1,3.0,Empleado_Informal
1,49.0,2,2,10,13,1,1,3,16.0,16.0,0.0,2,6.0,Empleado_Formal
2,25.0,6,2,10,13,2, ,3,16.0,16.0,0.0,2,6.0,Desempleado
1,51.0,6,2,6,13, , , ,11.0,11.0,0.0,2,6.0,Empleado_Informal
1,53.0,1,2,4,13, , , ,9.0,9.0,0.0,2,7.0,Empleado_Informal
2,44.0,1,2,5,13, , , ,10.0,10.0,0.0,2,7.0,Empleado_Informal
1,55.0,1,1,7,7, , ,3,12.5,12.5,0.0,No Especificado,5.0,Empleado_Formal
2,24.0,1,2,6,13, , , ,11.0,11.0,0.0,1,1.0,Empleado_Informal
1,23.0,1,2,6,13, , , ,11.0,11.0,0.0,1,2.0,Empleado_Informal
1,57.0,2,2,7,13, , ,3,12.5,12.5,0.0,2,7.0,Empleado_Formal
2,33.0,6,2,8,13,2, ,3,14.0,14.0,0.0,1,6.0,Empleado_Informal
1,39.0,2,2,6,13, , , ,11.0,11.0,0.0,2,5.0,Empleado_Informal
2,37.0,2,2,5,5, , , ,10.0,8.5,0.5,1,4.0,Empleado_Informal
1,17.0,6,2,5,5, , , ,10.0,8.5,0.5,9,3.0,Empleado_Informal
1,16.0,6,2,5,5, , , ,10.0,8.5,0.5,9,4.0,Desempleado
2,45.0,1,2,8,13,1,2,3,14.0,14.0,0.0,2,6.0,Empleado_Informal
1,43.0,1,1,1,5, , , ,0.0,8.5,-8.5,No Especificado,5.0,Empleado_Formal
2,23.0,1,2,5,5, , , ,10.0,8.5,0.5,1,1.0,Empleado_Informal
1,36.0,1,1,1,8, , ,0,0.0,14.0,-14.0,No Especificado,5.0,Empleado_Formal
1,20.0,1,2,5,6, , ,1,10.0,11.0,-1.0,1,5.0,Empleado_Informal
2,21.0,1,2,5,13, , , ,10.0,10.0,0.0,9,5.0,Desempleado
2,40.0,5,2,10,13,1,2,3,16.0,16.0,0.0,1,6.0,Empleado_Informal
1,61.0,6,2,3,13, , , ,4.5,4.5,0.0,9,0.0,Desempleado
1,46.0,6,2,9,13, , ,3,13.5,13.5,0.0,2,6.0,Empleado_Formal
2,33.0,5,2,5,13, , , ,10.0,10.0,0.0,2,5.0,Empleado_Informal
1,29.0,6,2,6,13, , , ,11.0,11.0,0.0,1,2.0,Empleado_Informal
1,30.0,2,2,6,13, , , ,11.0,11.0,0.0,2,8.0,Empleado_Informal
2,28.0,2,2,6,13, , , ,11.0,11.0,0.0,2,6.0,Empleado_Informal
2,21.0,6,2,6,13, , , ,11.0,11.0,0.0,2,3.0,Empleado_Informal
1,34.0,1,2,6,13, , , ,11.0,11.0,0.0,1,4.0,Empleado_Informal
1,52.0,1,2,6,13, , , ,11.0,11.0,0.0,2,6.0,Empleado_Informal
2,32.0,6,2,6,13, , , ,11.0,11.0,0.0,2,8.0,Empleado_Informal
1,34.0,1,2,9,13, , ,3,13.5,13.5,0.0,1,6.0,Empleado_Informal
2,30.0,1,2,10,13,1,2,3,16.0,16.0,0.0,2,6.0,Empleado_Informal
2,37.0,6,2,6,13, , , ,11.0,11.0,0.0,2,4.0,Empleado_Informal
2,29.0,1,2,6,13, , , ,11.0,11.0,0.0,2,6.0,Empleado_Informal
1,41.0,1,1,1,6, , ,1,0.0,11.0,-11.0,No Especificado,5.0,Empleado_Informal
2,33.0,6,2,5,13, , , ,10.0,10.0,0.0,2,5.0,Empleado_Informal
2,40.0,6,2,6,13, , , ,11.0,11.0,0.0,2,5.0,Empleado_Informal
2,22.0,6,2,6,13, , , ,11.0,11.0,0.0,1,2.0,Empleado_Informal
2,33.0,2,2,10,13,1,2,3,16.0,16.0,0.0,2,6.0,Empleado_Informal
1,45.0,2,2,6,13, , , ,11.0,11.0,0.0,2,7.0,Empleado_Informal
2,43.0,1,2,8,13,1,2,3,14.0,14.0,0.0,2,6.0,Empleado_Informal
1,49.0,1,2,6,13, , , ,11.0,11.0,0.0,2,7.0,Empleado_Informal
1,31.0,1,2,6,13, , , ,11.0,11.0,0.0,2,1.0,Empleado_Informal
1,55.0,4,2,10,13,1,2,3,16.0,16.0,0.0,2,6.0,Empleado_Informal
1,41.0,1,2,6,13, , , ,11.0,11.0,0.0,2,5.0,Empleado_Informal
2,44.0,1,1,1,6, , ,1,0.0,11.0,-11.0,No Especificado,5.0,Empleado_Formal
1,33.0,6,2,6,13, , , ,11.0,11.0,0.0,2,2.0,Empleado_Informal
2,44.0,6,2,4,13, , , ,9.0,9.0,0.0,2,5.0,Empleado_Informal
2,23.0,1,2,3,13, , , ,4.5,4.5,0.0,1,2.0,Empleado_Informal
1,26.0,1,2,3,13, , , ,4.5,4.5,0.0,1,7.0,Empleado_Informal
1,25.0,6,2,6,13, , , ,11.0,11.0,0.0,2,6.0,Empleado_Formal
2,46.0,6,2,6,13, , , ,11.0,11.0,0.0,2,3.0,Empleado_Informal
1,25.0,6,2,8,13,1,2,3,14.0,14.0,0.0,2,3.0,Empleado_Informal
1,34.0,1,2,10,13,1,2,3,16.0,16.0,0.0,2,7.0,Empleado_Informal
1,20.0,6,2,6,13, , , ,11.0,11.0,0.0,1,3.0,Empleado_Informal
1,39.0,6,2,6,13, , , ,11.0,11.0,0.0,2,3.0,Empleado_Informal
1,19.0,6,2,9,13, , ,3,13.5,13.5,0.0,1,2.0,Empleado_Informal
2,38.0,6,2,9,13, , ,3,13.5,13.5,0.0,2,3.0,Empleado_Informal
1,17.0,6,2,5,13, , , ,10.0,10.0,0.0,1,3.0,Desempleado
1,42.0,6,2,9,13, , ,3,13.5,13.5,0.0,2,7.0,Empleado_Informal
1,25.0,1,2,8,13,2, ,3,14.0,14.0,0.0,2,6.0,Empleado_Formal
2,26.0,1,2,6,13, , , ,11.0,11.0,0.0,2,7.0,Empleado_Informal
1,52.0,2,2,6,13, , , ,11.0,11.0,0.0,2,7.0,Empleado_Formal
2,54.0,2,2,8,13,1,2,3,14.0,14.0,0.0,3,7.0,Empleado_Informal
1,42.0,2,2,5,13, , , ,10.0,10.0,0.0,2,7.0,Empleado_Informal
2,41.0,2,2,10,13,1,2,3,16.0,16.0,0.0,2,6.0,Empleado_Informal
1,30.0,6,2,6,13, , , ,11.0,11.0,0.0,2,6.0,Empleado_Formal
1,22.0,6,2,5,6, , ,1,10.0,11.0,-1.0, ,5.0,Empleado_Informal
1,34.0,2,2,6,13, , , ,11.0,11.0,0.0,2,6.0,Empleado_Formal
1,32.0,1,2,9,13, , ,3,13.5,13.5,0.0,2,7.0,Empleado_Formal
2,33.0,1,1,1,7, , ,0,0.0,12.5,-12.5,No Especificado,5.0,Empleado_Formal
1,38.0,1,1,1,6, , ,1,0.0,11.0,-11.0,No Especificado,5.0,Empleado_Formal
2,43.0,1,2,4,13, , , ,9.0,9.0,0.0,2,5.0,Empleado_Formal
2,19.0,1,2,5,13, , , ,10.0,10.0,0.0,2,4.0,Empleado_Formal
1,22.0,1,2,6,13, , , ,11.0,11.0,0.0,2,5.0,Empleado_Informal
2,45.0,3,2,4,13, , , ,9.0,9.0,0.0,2,5.0,Empleado_Informal
2,42.0,6,2,6,13, , , ,11.0,11.0,0.0,2,6.0,Empleado_Informal
2,21.0,6,2,6,13, , , ,11.0,11.0,0.0,9,3.0,Empleado_Informal
1,24.0,6,2,6,13, , , ,11.0,11.0,0.0,2,3.0,Empleado_Informal
1,31.0,6,2,6,13, , , ,11.0,11.0,0.0,3,5.0,Empleado_Informal
1,37.0,1,2,8,13,1,2,3,14.0,14.0,0.0,2,5.0,Empleado_Informal
2,29.0,1,2,6,13, , , ,11.0,11.0,0.0,2,5.0,Empleado_Informal
2,49.0,1,2,6,13, , , ,11.0,11.0,0.0,2,7.0,Empleado_Informal
1,32.0,1,2,10,13,1,2,3,16.0,16.0,0.0,9,0.0,Empleado_Informal
1,42.0,2,2,10,13,1,2,3,16.0,16.0,0.0,2,1.0,Empleado_Informal
1,38.0,6,2,6,13, , , ,11.0,11.0,0.0,2,5.0,Empleado_Informal
1,38.0,2,2,9,13, , ,3,13.5,13.5,0.0,2,6.0,Empleado_Informal
2,34.0,2,2,9,13, , ,3,13.5,13.5,0.0,2,6.0,Empleado_Informal
2,64.0,3,2,10,13,1,2,3,16.0,16.0,0.0,2,3.0,Empleado_Informal
2,47.0,6,2,5,13, , , ,10.0,10.0,0.0,2,4.0,Empleado_Informal
2,29.0,6,2,6,13, , , ,11.0,11.0,0.0,1,4.0,Empleado_Informal
1,27.0,6,2,5,13, , , ,10.0,10.0,0.0,1,5.0,Empleado_Informal
1,29.0,6,2,6,13, , , ,11.0,11.0,0.0,2,5.0,Empleado_Informal
2,41.0,2,2,10,13,1,2,3,16.0,16.0,0.0,2,6.0,Empleado_Formal
1,43.0,2,2,10,13,1,2,3,16.0,16.0,0.0,2,6.0,Empleado_Formal
1,64.0,3,2,6,13, , , ,11.0,11.0,0.0,2,2.0,Desempleado
1,51.0,2,2,6,13, , , ,11.0,11.0,0.0,2,6.0,Empleado_Informal
2,33.0,2,2,10,13,1,2,3,16.0,16.0,0.0,2,6.0,Empleado_Informal
1,18.0,6,2,5,5, , , ,10.0,8.5,0.5,2,6.0,Empleado_Informal
2,64.0,2,2,5,13, , , ,10.0,10.0,0.0,2,6.0,Empleado_Informal
1,22.0,6,2,5,13, , , ,10.0,10.0,0.0,2,6.0,Empleado_Informal
1,34.0,2,2,6,13, , , ,11.0,11.0,0.0,2,7.0,Empleado_Informal
2,49.0,2,2,5,13, , , ,10.0,10.0,0.0,2,7.0,Empleado_Formal
1,17.0,6,2,5,5, , , ,10.0,8.5,0.5,1,2.0,Empleado_Informal
1,27.0,1,2,3,13, , , ,4.5,4.5,0.0,1,7.0,Empleado_Informal
2,23.0,1,2,6,13, , , ,11.0,11.0,0.0,1,7.0,Desempleado
2,31.0,6,2,6,13, , , ,11.0,11.0,0.0,2,6.0,Empleado_Informal
1,40.0,6,2,6,13, , , ,11.0,11.0,0.0,2,5.0,Empleado_Informal
1,39.0,1,2,5,13, , , ,10.0,10.0,0.0,1,3.0,Empleado_Informal
2,38.0,1,2,6,13, , , ,11.0,11.0,0.0,2,3.0,Empleado_Informal
1,18.0,6,2,5,13, , , ,10.0,10.0,0.0,9,0.0,Desempleado
1,47.0,1,2,5,13, , , ,10.0,10.0,0.0,2,6.0,Empleado_Informal
2,47.0,1,2,9,13, , ,3,13.5,13.5,0.0,1,6.0,Empleado_Informal
1,31.0,6,2,6,13, , , ,11.0,11.0,0.0,2,6.0,Empleado_Informal
1,26.0,6,2,6,13, , , ,11.0,11.0,0.0,2,6.0,Empleado_Informal
2,24.0,6,2,6,13, , , ,11.0,11.0,0.0,2,6.0,Empleado_Informal
1,20.0,6,2,5,6, , ,1,10.0,11.0,-1.0,2,6.0,Empleado_Informal
1,45.0,6,2,6,13, , , ,11.0,11.0,0.0,2,1.0,Empleado_Informal
1,35.0,6,2,8,13,1,2,3,14.0,14.0,0.0,2,5.0,Empleado_Informal
1,48.0,1,2,6,13, , , ,11.0,11.0,0.0,2,7.0,Empleado_Informal
2,24.0,1,2,5,13, , , ,10.0,10.0,0.0,1,1.0,Desempleado
1,26.0,1,2,5,13, , , ,10.0,10.0,0.0,1,1.0,Empleado_Informal
1,39.0,2,2,5,13, , , ,10.0,10.0,0.0,2,5.0,Desempleado
2,37.0,2,2,6,13, , , ,11.0,11.0,0.0,2,4.0,Empleado_Informal
2,20.0,6,2,5,6, , ,1,10.0,11.0,-1.0,1,4.0,Empleado_Informal
2,20.0,1,2,9,13, , ,3,13.5,13.5,0.0,1,1.0,Desempleado
1,20.0,1,2,6,13, , , ,11.0,11.0,0.0,2,1.0,Empleado_Informal
1,23.0,1,2,6,13, , , ,11.0,11.0,0.0,9,0.0,Empleado_Informal
2,22.0,1,2,6,13, , , ,11.0,11.0,0.0,9,0.0,Empleado_Informal
1,27.0,6,2,6,13, , , ,11.0,11.0,0.0,9,0.0,Empleado_Informal
1,30.0,1,2,6,13, , , ,11.0,11.0,0.0,2,2.0,Empleado_Formal
2,24.0,1,2,6,13, , , ,11.0,11.0,0.0,2,2.0,Empleado_Formal
1,44.0,1,2,6,13, , , ,11.0,11.0,0.0,6,6.0,Empleado_Informal
2,35.0,1,2,10,13,1,2,3,16.0,16.0,0.0,2,5.0,Empleado_Informal
1,17.0,6,2,5,5, , , ,10.0,8.5,0.5,1,3.0,Empleado_Informal
2,32.0,1,2,8,13,1,2,3,14.0,14.0,0.0,1,1.0,Empleado_Informal
1,35.0,1,2,10,13,1,2,3,16.0,16.0,0.0,2,4.0,Empleado_Informal
2,53.0,6,2,8,13,1,2,3,14.0,14.0,0.0,2,6.0,Empleado_Informal
2,22.0,6,2,6,13, , , ,11.0,11.0,0.0,2,6.0,Empleado_Informal
1,25.0,6,2,6,13, , , ,11.0,11.0,0.0,9,6.0,Empleado_Informal
2,30.0,5,2,6,13, , , ,11.0,11.0,0.0,1,3.0,Empleado_Informal
1,21.0,6,2,6,13, , , ,11.0,11.0,0.0,1,1.0,Empleado_Informal
2,33.0,6,2,6,13, , , ,11.0,11.0,0.0,2,3.0,Empleado_Informal
1,64.0,6,2,1,13, , , ,0.0,4.5,0.0,2,3.0,Empleado_Informal
1,46.0,1,2,6,13, , , ,11.0,11.0,0.0,2,8.0,Empleado_Formal
2,40.0,1,2,6,13, , , ,11.0,11.0,0.0,2,6.0,Empleado_Informal
1,26.0,1,2,6,13, , , ,11.0,11.0,0.0,2,5.0,Empleado_Formal
1,31.0,6,2,6,13, , , ,11.0,11.0,0.0,2,5.0,Empleado_Informal
1,27.0,1,2,10,13,1,1,3,16.0,16.0,0.0,2,6.0,Empleado_Formal
2,28.0,1,2,9,13, , ,3,13.5,13.5,0.0,2,5.0,Empleado_Formal
1,48.0,1,1,1,7, , ,3,0.0,12.5,-12.5,No Especificado,5.0,Empleado_Formal
2,48.0,1,2,9,13, , ,3,13.5,13.5,0.0,1,6.0,Desempleado
1,26.0,1,2,9,13, , ,3,13.5,13.5,0.0,1,1.0,Empleado_Informal
2,26.0,1,2,6,13, , , ,11.0,11.0,0.0,1,1.0,Empleado_Informal
1,22.0,1,2,6,13, , , ,11.0,11.0,0.0,1,1.0,Empleado_Informal
2,28.0,1,2,5,13, , , ,10.0,10.0,0.0,2,6.0,Empleado_Informal
1,29.0,1,2,5,13, , , ,10.0,10.0,0.0,2,6.0,Empleado_Formal
1,42.0,1,2,6,13, , , ,11.0,11.0,0.0,2,7.0,Empleado_Formal
1,23.0,1,2,6,13, , , ,11.0,11.0,0.0,2,5.0,Empleado_Informal
1,47.0,1,2,6,13, , , ,11.0,11.0,0.0,2,6.0,Empleado_Informal
2,49.0,1,1,1,8, , ,0,0.0,14.0,-14.0,No Especificado,5.0,Desempleado
1,24.0,6,2,6,13, , , ,11.0,11.0,0.0,2,6.0,Empleado_Informal
1,45.0,6,2,5,13, , , ,10.0,10.0,0.0,1,2.0,Empleado_Informal
1,44.0,6,2,4,13, , , ,9.0,9.0,0.0,1,1.0,Empleado_Informal
1,45.0,1,2,8,13,2, ,3,14.0,14.0,0.0,1,2.0,Empleado_Informal
2,47.0,1,1,1,8, , ,0,0.0,14.0,-14.0,No Especificado,5.0,Empleado_Informal
1,44.0,1,2,6,13, , , ,11.0,11.0,0.0,2,6.0,Empleado_Informal
2,39.0,1,2,6,13, , , ,11.0,11.0,0.0,2,8.0,Empleado_Informal
1,33.0,1,1,1,7, , ,0,0.0,12.5,-12.5,No Especificado,5.0,Empleado_Informal
2,30.0,1,2,4,13, , , ,9.0,9.0,0.0,2,6.0,Empleado_Informal
1,43.0,1,2,6,9, , ,0,11.0,13.5,-2.5,2,6.0,Empleado_Formal
2,41.0,1,2,10,13,1,2,3,16.0,16.0,0.0,2,5.0,Empleado_Informal
2,48.0,6,2,10,13,1,1,3,16.0,16.0,0.0,2,6.0,Empleado_Informal
1,33.0,1,2,4,13, , , ,9.0,9.0,0.0, ,5.0,Empleado_Informal
2,38.0,1,1,1,10, , ,0,0.0,16.0,-14.0,No Especificado,5.0,Empleado_Formal
1,64.0,6,1,1,6, , ,1,0.0,11.0,-11.0,No Especificado,5.0,Empleado_Informal
1,43.0,6,1,1,6, , ,1,0.0,11.0,-11.0,No Especificado,5.0,Empleado_Informal
2,44.0,6,2,10,13,1,2,3,16.0,16.0,0.0,2,6.0,Empleado_Informal
2,24.0,6,2,6,13, , , ,11.0,11.0,0.0,2,6.0,Empleado_Informal
2,42.0,6,2,6,13, , , ,11.0,11.0,0.0,2,1.0,Empleado_Informal
1,27.0,1,2,3,13, , , ,4.5,4.5,0.0,2,5.0,Empleado_Informal
2,28.0,1,2,6,13, , , ,11.0,11.0,0.0,1,5.0,Empleado_Informal
1,46.0,1,2,8,13,1,2,3,14.0,14.0,0.0,2,6.0,Empleado_Formal
2,38.0,1,2,8,13,1,2,3,14.0,14.0,0.0,2,5.0,Empleado_Informal
2,22.0,6,2,6,13, , , ,11.0,11.0,0.0,2,5.0,Empleado_Informal
1,29.0,1,2,10,13,2, ,3,16.0,16.0,0.0,1,3.0,Empleado_Informal
2,26.0,1,2,6,13, , , ,11.0,11.0,0.0,1,3.0,Empleado_Informal
1,45.0,1,2,4,13, , , ,9.0,9.0,0.0,1,8.0,Empleado_Informal
1,51.0,1,1,1,6, , ,1,0.0,11.0,-11.0,No Especificado,5.0,Empleado_Formal
2,54.0,1,2,4,13, , , ,9.0,9.0,0.0,2,5.0,Desempleado
1,23.0,6,2,6,13, , , ,11.0,11.0,0.0,2,2.0,Empleado_Informal
1,27.0,1,2,9,13, , ,3,13.5,13.5,0.0,2,2.0,Empleado_Informal
2,24.0,1,2,4,13, , , ,9.0,9.0,0.0,2,1.0,Empleado_Informal
1,37.0,2,2,8,13,1,2,3,14.0,14.0,0.0,2,6.0,Empleado_Formal
2,41.0,2,2,8,13,2, ,3,14.0,14.0,0.0, ,5.0,Empleado_Informal
1,57.0,6,2,10,13,1,2,3,16.0,16.0,0.0,2,6.0,Empleado_Informal
2,60.0,1,2,4,13, , , ,9.0,9.0,0.0,2,3.0,Empleado_Informal
1,39.0,1,1,1,6, , ,1,0.0,11.0,-11.0,No Especificado,5.0,Empleado_Informal
1,23.0,6,2,9,13, , ,3,13.5,13.5,0.0,9,0.0,Empleado_Informal
1,23.0,6,2,9,13, , ,3,13.5,13.5,0.0,9,0.0,Empleado_Informal
2,40.0,1,2,10,13,1,2,3,16.0,16.0,0.0,2,5.0,Empleado_Formal
2,23.0,6,2,5,13, , , ,10.0,10.0,0.0,9,0.0,Empleado_Informal
2,29.0,1,2,6,13, , , ,11.0,11.0,0.0,2,2.0,Empleado_Informal
1,32.0,1,2,6,13, , , ,11.0,11.0,0.0,2,2.0,Empleado_Informal
1,59.0,2,2,5,13, , , ,10.0,10.0,0.0,2,5.0,Empleado_Informal
2,49.0,6,2,4,13, , , ,9.0,9.0,0.0,9,6.0,Empleado_Informal
2,18.0,6,2,9,13, , ,3,13.5,13.5,0.0,9,6.0,Empleado_Informal
1,18.0,6,2,6,13, , , ,11.0,11.0,0.0,9,6.0,Empleado_Informal
1,25.0,6,2,9,13, , ,3,13.5,13.5,0.0,2,5.0,Empleado_Informal
1,27.0,6,2,6,13, , , ,11.0,11.0,0.0,2,5.0,Empleado_Informal
1,25.0,1,2,6,13, , , ,11.0,11.0,0.0,2,6.0,Empleado_Informal
2,19.0,1,2,6,13, , , ,11.0,11.0,0.0,2,1.0,Empleado_Informal
1,27.0,6,2,6,13, , , ,11.0,11.0,0.0,2,5.0,Empleado_Informal
2,43.0,6,2,6,13, , , ,11.0,11.0,0.0,1,4.0,Empleado_Informal
2,34.0,6,2,6,13, , , ,11.0,11.0,0.0,1,4.0,Empleado_Informal
1,46.0,1,2,5,13, , , ,10.0,10.0,0.0,1,2.0,Empleado_Informal
2,51.0,1,2,5,13, , , ,10.0,10.0,0.0,2,1.0,Empleado_Formal
2,47.0,6,2,10,13,2, ,3,16.0,16.0,0.0,2,8.0,Empleado_Informal
1,34.0,1,2,10,13,1,2,3,16.0,16.0,0.0,2,3.0,Empleado_Formal
2,37.0,1,1,1,6, , ,1,0.0,11.0,-11.0,No Especificado,5.0,Empleado_Formal
2,33.0,6,2,10,13,1,2,3,16.0,16.0,0.0,2,7.0,Empleado_Informal
1,61.0,2,2,5,13, , , ,10.0,10.0,0.0,1,4.0,Empleado_Informal
2,54.0,2,2,5,13, , , ,10.0,10.0,0.0,2,2.0,Empleado_Informal
1,19.0,6,2,6,13, , , ,11.0,11.0,0.0,2,2.0,Desempleado
1,30.0,1,2,6,13, , , ,11.0,11.0,0.0,2,6.0,Empleado_Informal
2,26.0,1,2,6,13, , , ,11.0,11.0,0.0,2,5.0,Empleado_Informal
1,36.0,1,2,10,13,1,2,3,16.0,16.0,0.0,2,6.0,Empleado_Formal
1,34.0,1,2,9,13, , ,3,13.5,13.5,0.0,2,5.0,Empleado_Informal
2,30.0,1,2,9,13, , ,3,13.5,13.5,0.0,2,5.0,Empleado_Informal
2,51.0,4,2,10,13,1,2,3,16.0,16.0,0.0,2,5.0,Empleado_Informal
1,27.0,1,2,6,13, , , ,11.0,11.0,0.0,6,3.0,Empleado_Informal
2,52.0,6,2,6,13, , , ,11.0,11.0,0.0,9,6.0,Empleado_Formal
1,27.0,6,2,6,13, , , ,11.0,11.0,0.0,9,0.0,Empleado_Informal
2,36.0,6,2,6,13, , , ,11.0,11.0,0.0,1,6.0,Empleado_Informal
1,23.0,6,2,5,13, , , ,10.0,10.0,0.0,1,5.0,Empleado_Informal
2,42.0,6,2,9,13, , ,3,13.5,13.5,0.0,1,2.0,Empleado_Informal
1,21.0,6,2,6,13, , , ,11.0,11.0,0.0,1,3.0,Empleado_Informal
1,34.0,6,2,6,13, , , ,11.0,11.0,0.0,1,3.0,Empleado_Informal
1,35.0,6,2,6,13, , , ,11.0,11.0,0.0,2,4.0,Empleado_Informal
2,27.0,6,2,7,13, , ,3,12.5,12.5,0.0,2,5.0,Empleado_Informal
1,33.0,1,2,6,13, , , ,11.0,11.0,0.0,2,5.0,Empleado_Informal
1,61.0,1,2,4,13, , , ,9.0,9.0,0.0,2,8.0,Empleado_Informal
2,48.0,1,2,6,13, , , ,11.0,11.0,0.0,2,6.0,Empleado_Informal
1,21.0,6,2,5,13, , , ,10.0,10.0,0.0,2,6.0,Empleado_Informal
1,35.0,6,2,6,13, , , ,11.0,11.0,0.0,2,5.0,Empleado_Informal
1,39.0,1,2,5,13, , , ,10.0,10.0,0.0,2,2.0,Empleado_Informal
2,32.0,1,2,5,13, , , ,10.0,10.0,0.0,2,0.0,Empleado_Informal
1,31.0,6,2,6,13, , , ,11.0,11.0,0.0,2,7.0,Empleado_Informal
1,22.0,6,2,6,13, , , ,11.0,11.0,0.0,2,3.0,Empleado_Informal
2,38.0,1,2,10,13,1,2,3,16.0,16.0,0.0,2,3.0,Empleado_Informal
1,44.0,1,2,6,13, , , ,11.0,11.0,0.0,2,5.0,Empleado_Informal
1,27.0,2,2,9,13, , ,3,13.5,13.5,0.0,2,0.0,Empleado_Informal
2,24.0,2,2,6,13, , , ,11.0,11.0,0.0,9,0.0,Empleado_Informal
1,33.0,1,2,6,13, , , ,11.0,11.0,0.0,2,6.0,Empleado_Informal
2,29.0,1,2,8,13,1,2,3,14.0,14.0,0.0,2,5.0,Empleado_Informal
2,53.0,6,2,5,13, , , ,10.0,10.0,0.0,2,4.0,Empleado_Informal
1,37.0,6,2,9,13, , ,3,13.5,13.5,0.0,2,6.0,Empleado_Informal
1,28.0,6,2,9,13, , ,3,13.5,13.5,0.0,2,6.0,Empleado_Formal
2,30.0,6,2,8,13,1,2,3,14.0,14.0,0.0,2,5.0,Empleado_Informal
2,20.0,6,2,6,13, , , ,11.0,11.0,0.0,9,3.0,Empleado_Informal
1,30.0,6,2,6,13, , , ,11.0,11.0,0.0,2,6.0,Empleado_Informal
2,23.0,6,2,6,13, , , ,11.0,11.0,0.0,2,5.0,Empleado_Informal
2,30.0,4,2,9,13, , ,3,13.5,13.5,0.0,2,6.0,Desempleado
1,64.0,1,2,6,13, , , ,11.0,11.0,0.0,2,5.0,Empleado_Informal
1,32.0,6,2,9,13, , ,3,13.5,13.5,0.0,2,5.0,Empleado_Informal
1,25.0,6,2,6,13, , , ,11.0,11.0,0.0,2,5.0,Empleado_Informal
1,51.0,6,2,6,13, , , ,11.0,11.0,0.0,2,6.0,Desempleado
1,49.0,5,2,6,13, , , ,11.0,11.0,0.0,2,6.0,Empleado_Informal
2,23.0,1,2,6,13, , , ,11.0,11.0,0.0,2,2.0,Empleado_Formal
1,29.0,1,2,5,13, , , ,10.0,10.0,0.0,6,2.0,Empleado_Informal
1,39.0,2,2,9,13, , ,3,13.5,13.5,0.0,2,1.0,Empleado_Informal
2,30.0,2,2,10,13,1,2,3,16.0,16.0,0.0,2,1.0,Empleado_Informal
2,22.0,1,2,6,13, , , ,11.0,11.0,0.0,1,5.0,Desempleado
1,30.0,1,1,1,7, , ,3,0.0,12.5,-12.5,No Especificado,5.0,Empleado_Informal
1,40.0,1,1,1,6, , ,1,0.0,11.0,-11.0,No Especificado,5.0,Empleado_Formal
2,33.0,1,2,9,13, , ,3,13.5,13.5,0.0,2,5.0,Empleado_Informal
2,25.0,1,2,6,13, , , ,11.0,11.0,0.0,2,3.0,Empleado_Informal
1,28.0,1,2,9,13, , ,3,13.5,13.5,0.0,2,3.0,Empleado_Informal
1,45.0,1,2,6,13, , , ,11.0,11.0,0.0,2,6.0,Empleado_Informal
2,48.0,1,2,5,13, , , ,10.0,10.0,0.0,2,6.0,Desempleado
2,28.0,1,2,6,13, , , ,11.0,11.0,0.0,2,2.0,Desempleado
1,28.0,1,2,6,13, , , ,11.0,11.0,0.0,2,2.0,Empleado_Formal
2,26.0,6,2,9,13, , ,3,13.5,13.5,0.0,2,5.0,Empleado_Formal
2,31.0,6,2,6,13, , , ,11.0,11.0,0.0,1,6.0,Empleado_Informal
1,46.0,2,2,6,13, , , ,11.0,11.0,0.0,6,4.0,Empleado_Informal
2,46.0,2,2,5,13, , , ,10.0,10.0,0.0,6,4.0,Empleado_Informal
1,29.0,6,2,6,13, , , ,11.0,11.0,0.0,6,4.0,Empleado_Informal
2,24.0,1,2,6,13, , , ,11.0,11.0,0.0,2,3.0,Desempleado
1,28.0,1,2,6,13, , , ,11.0,11.0,0.0,2,3.0,Empleado_Informal
2,32.0,6,2,6,13, , , ,11.0,11.0,0.0,2,8.0,Empleado_Informal
1,31.0,1,2,8,13,1,2,3,14.0,14.0,0.0,2,6.0,Empleado_Informal
2,30.0,1,1,1,9, , ,0,0.0,13.5,-13.5,No Especificado,5.0,Desempleado
1,35.0,6,2,6,13, , , ,11.0,11.0,0.0,1,4.0,Empleado_Informal
2,29.0,1,1,1,6, , ,1,0.0,11.0,-11.0,No Especificado,5.0,Empleado_Informal
2,39.0,1,2,3,13, , , ,4.5,4.5,0.0,2,5.0,Empleado_Informal
1,43.0,1,2,3,13, , , ,4.5,4.5,0.0,2,6.0,Empleado_Informal
1,18.0,6,2,3,6, , ,1,4.5,11.0,-6.5,2,5.0,Desempleado
2,38.0,6,2,10,13,1,2,3,16.0,16.0,0.0,2,5.0,Empleado_Informal
2,32.0,6,2,6,13, , , ,11.0,11.0,0.0,1,2.0,Empleado_Informal
1,48.0,1,2,6,13, , , ,11.0,11.0,0.0,2,6.0,Empleado_Formal
1,39.0,6,2,7,13, , ,2,12.5,12.5,0.0,2,3.0,Empleado_Informal
1,33.0,1,2,6,13, , , ,11.0,11.0,0.0,1,5.0,Desempleado
2,33.0,1,2,6,13, , , ,11.0,11.0,0.0,9,0.0,Empleado_Informal
1,17.0,6,2,5,13, , , ,10.0,10.0,0.0,9,0.0,Empleado_Informal
2,30.0,1,2,9,13, , ,3,13.5,13.5,0.0,9,0.0,Empleado_Informal
1,37.0,1,2,4,13, , , ,9.0,9.0,0.0,9,0.0,Empleado_Informal
1,50.0,6,2,8,13,1,2,3,14.0,14.0,0.0,2,6.0,Empleado_Informal
1,33.0,1,2,6,13, , , ,11.0,11.0,0.0,2,2.0,Empleado_Informal
2,32.0,1,2,6,13, , , ,11.0,11.0,0.0,9,1.0,Empleado_Informal
1,30.0,1,2,5,13, , , ,10.0,10.0,0.0,9,0.0,Empleado_Informal
2,25.0,1,2,5,13, , , ,10.0,10.0,0.0,9,1.0,Empleado_Informal
1,24.0,6,2,6,13, , , ,11.0,11.0,0.0,1,1.0,Empleado_Informal
2,29.0,6,2,5,13, , , ,10.0,10.0,0.0,2,6.0,Empleado_Informal
1,27.0,6,2,6,13, , , ,11.0,11.0,0.0,2,4.0,Empleado_Informal
2,42.0,6,2,5,13, , , ,10.0,10.0,0.0,9,6.0,Desempleado
2,47.0,6,2,5,13, , , ,10.0,10.0,0.0,9,0.0,Empleado_Informal
2,45.0,6,2,4,13, , , ,9.0,9.0,0.0,9,0.0,Empleado_Informal
2,31.0,1,2,9,13, , ,3,13.5,13.5,0.0,6,5.0,Empleado_Informal
1,33.0,1,2,6,13, , , ,11.0,11.0,0.0,6,5.0,Empleado_Informal
2,32.0,6,2,10,13,1,2,3,16.0,16.0,0.0,2,6.0,Empleado_Informal
2,38.0,6,2,4,13, , , ,9.0,9.0,0.0,9,5.0,Empleado_Informal
1,20.0,6,2,5,13, , , ,10.0,10.0,0.0,9,5.0,Empleado_Informal
1,34.0,1,2,10,13,1,2,3,16.0,16.0,0.0,2,6.0,Empleado_Informal
2,30.0,1,2,10,13,1,2,3,16.0,16.0,0.0,2,6.0,Empleado_Informal
1,33.0,1,2,10,13,1,2,3,16.0,16.0,0.0,2,6.0,Empleado_Informal
2,27.0,1,2,9,13, , ,3,13.5,13.5,0.0,2,7.0,Empleado_Informal
1,60.0,6,2,6,13, , , ,11.0,11.0,0.0,2,5.0,Empleado_Informal
1,33.0,1,2,10,13,1,2,3,16.0,16.0,0.0,2,6.0,Empleado_Formal
2,30.0,1,2,8,13,1,1,3,14.0,14.0,0.0,2,6.0,Empleado_Formal
1,58.0,6,2,6,13, , , ,11.0,11.0,0.0,2,1.0,Desempleado
2,19.0,1,2,6,13, , , ,11.0,11.0,0.0,1,3.0,Empleado_Informal
1,21.0,1,2,6,13, , , ,11.0,11.0,0.0,2,1.0,Empleado_Informal
1,47.0,6,2,6,13, , , ,11.0,11.0,0.0,1,5.0,Empleado_Informal
1,52.0,4,2,10,13,1,2,3,16.0,16.0,0.0,2,5.0,Empleado_Informal
1,29.0,1,2,9,13, , ,3,13.5,13.5,0.0,2,5.0,Empleado_Formal
2,28.0,1,2,6,13, , , ,11.0,11.0,0.0,2,5.0,Empleado_Informal
1,25.0,6,2,9,13, , ,3,13.5,13.5,0.0,9,3.0,Empleado_Informal
2,48.0,1,2,5,13, , , ,10.0,10.0,0.0,2,6.0,Empleado_Informal
1,55.0,1,1,1,3, , , ,0.0,4.5,-3.0,No Especificado,5.0,Empleado_Informal
2,30.0,6,2,7,13, , ,3,12.5,12.5,0.0,2,6.0,Desempleado
2,28.0,6,2,5,13, , , ,10.0,10.0,0.0,2,5.0,Empleado_Informal
1,16.0,6,2,3,3, , , ,4.5,4.5,0.5,9,5.0,Empleado_Informal
1,42.0,1,2,6,13, , , ,11.0,11.0,0.0,2,7.0,Empleado_Informal
2,44.0,1,2,8,13,1,2,3,14.0,14.0,0.0,2,7.0,Empleado_Informal
1,26.0,1,2,3,13, , , ,4.5,4.5,0.0,1,4.0,Empleado_Informal
2,27.0,1,2,9,13, , ,3,13.5,13.5,0.0,1,1.0,Empleado_Informal
1,24.0,6,2,6,13, , , ,11.0,11.0,0.0,1,6.0,Empleado_Informal
1,34.0,1,2,6,13, , , ,11.0,11.0,0.0,2,6.0,Empleado_Informal
2,35.0,1,2,6,13, , , ,11.0,11.0,0.0,2,6.0,Empleado_Informal
2,28.0,6,2,5,13, , , ,10.0,10.0,0.0,6,3.0,Empleado_Informal
2,44.0,6,2,6,13, , , ,11.0,11.0,0.0,2,6.0,Empleado_Informal
2,31.0,6,2,6,13, , , ,11.0,11.0,0.0,2,1.0,Empleado_Informal
2,27.0,6,2,6,13, , , ,11.0,11.0,0.0,1,3.0,Empleado_Informal
1,47.0,1,2,6,13, , , ,11.0,11.0,0.0,2,5.0,Empleado_Formal
1,30.0,1,2,10,13,1,2,3,16.0,16.0,0.0,2,6.0,Empleado_Formal
2,48.0,1,2,6,13, , , ,11.0,11.0,0.0,2,5.0,Empleado_Informal
1,51.0,1,1,1,6, , ,1,0.0,11.0,-11.0,No Especificado,5.0,Empleado_Informal
2,22.0,6,2,6,7, , ,0,11.0,12.5,-1.5,2,2.0,Empleado_Informal
1,54.0,6,2,9,13, , ,3,13.5,13.5,0.0,2,6.0,Empleado_Informal
2,30.0,6,2,8,13,1,2,3,14.0,14.0,0.0,2,1.0,Empleado_Informal
1,44.0,1,2,8,13,1,2,3,14.0,14.0,0.0,2,6.0,Empleado_Informal
2,38.0,1,2,8,13,1,2,3,14.0,14.0,0.0,2,6.0,Empleado_Informal
1,29.0,1,2,5,13, , , ,10.0,10.0,0.0,2,6.0,Empleado_Informal
1,21.0,6,2,5,13, , , ,10.0,10.0,0.0,6,4.0,Empleado_Informal
2,24.0,6,2,6,13, , , ,11.0,11.0,0.0,9,2.0,Empleado_Informal
1,40.0,1,2,10,13,2, ,3,16.0,16.0,0.0,2,6.0,Empleado_Formal
2,33.0,1,2,10,13,1,2,3,16.0,16.0,0.0,2,6.0,Empleado_Informal
1,31.0,1,2,8,13,1,2,3,14.0,14.0,0.0,2,6.0,Empleado_Informal
2,29.0,1,2,10,13,1,2,3,16.0,16.0,0.0,4,6.0,Empleado_Informal
2,48.0,1,2,6,13, , , ,11.0,11.0,0.0,2,6.0,Empleado_Informal
1,43.0,1,2,6,13, , , ,11.0,11.0,0.0,2,5.0,Empleado_Informal
1,38.0,6,2,7,13, , ,2,12.5,12.5,0.0,2,6.0,Empleado_Informal
1,23.0,6,2,6,13, , , ,11.0,11.0,0.0,2,4.0,Empleado_Informal
2,26.0,6,2,7,13, , ,3,12.5,12.5,0.0,2,4.0,Empleado_Informal
1,54.0,1,2,5,13, , , ,10.0,10.0,0.0,9,0.0,Empleado_Informal
2,54.0,1,2,8,13,1,2,3,14.0,14.0,0.0,2,3.0,Desempleado
1,28.0,6,2,6,13, , , ,11.0,11.0,0.0,1,6.0,Empleado_Informal
2,34.0,1,2,10,13,1,2,3,16.0,16.0,0.0,2,1.0,Empleado_Informal
1,43.0,1,2,5,13, , , ,10.0,10.0,0.0,2,1.0,Empleado_Informal
1,64.0,1,1,1,4, , , ,0.0,6.0,-6.0,No Especificado,5.0,Empleado_Informal
1,29.0,1,2,4,13, , , ,9.0,9.0,0.0,2,6.0,Empleado_Informal
1,28.0,1,2,6,13, , , ,11.0,11.0,0.0,4,7.0,Empleado_Informal
2,29.0,1,2,10,13,1,2,3,16.0,16.0,0.0,2,2.0,Empleado_Informal
2,53.0,6,2,3,13, , , ,4.5,4.5,0.0,1,4.0,Empleado_Informal
1,36.0,1,2,7,13, , ,3,12.5,12.5,0.0,2,7.0,Empleado_Informal
1,46.0,6,2,6,13, , , ,11.0,11.0,0.0,2,5.0,Empleado_Informal
2,37.0,6,2,8,13,1,2,3,14.0,14.0,0.0,2,6.0,Empleado_Informal
2,56.0,1,2,10,13,1,2,3,16.0,16.0,0.0,2,5.0,Empleado_Informal
1,63.0,1,2,6,13, , , ,11.0,11.0,0.0,2,5.0,Empleado_Informal
2,49.0,1,2,5,13, , , ,10.0,10.0,0.0,2,3.0,Empleado_Informal
1,42.0,1,2,6,13, , , ,11.0,11.0,0.0,2,3.0,Empleado_Informal
2,28.0,6,2,6,13, , , ,11.0,11.0,0.0,2,3.0,Empleado_Informal
2,19.0,6,2,6,13, , , ,11.0,11.0,0.0,2,2.0,Empleado_Informal
1,29.0,1,2,6,13, , , ,11.0,11.0,0.0,2,5.0,Empleado_Informal
1,27.0,1,2,5,13, , , ,10.0,10.0,0.0,1,2.0,Empleado_Informal
1,47.0,1,1,1,6, , ,1,0.0,11.0,-11.0,No Especificado,5.0,Empleado_Informal
2,27.0,1,2,8,13,1,2,3,14.0,14.0,0.0,2,6.0,Empleado_Informal
1,30.0,1,2,7,13, , ,3,12.5,12.5,0.0,1,6.0,Empleado_Informal
2,27.0,6,2,7,13, , ,3,12.5,12.5,0.0,2,6.0,Empleado_Informal
2,64.0,6,2,6,13, , , ,11.0,11.0,0.0,2,2.0,Empleado_Informal
1,36.0,6,2,5,13, , , ,10.0,10.0,0.0,2,6.0,Empleado_Informal
1,44.0,6,2,5,13, , , ,10.0,10.0,0.0,2,3.0,Empleado_Informal
1,42.0,1,1,1,6, , ,1,0.0,11.0,-11.0,No Especificado,5.0,Empleado_Formal
1,35.0,6,2,10,13,1,2,3,16.0,16.0,0.0,2,8.0,Empleado_Formal
1,64.0,2,2,5,13, , , ,10.0,10.0,0.0,2,6.0,Empleado_Informal
1,29.0,6,2,5,13, , , ,10.0,10.0,0.0,9,5.0,Empleado_Informal
1,21.0,2,2,5,13, , , ,10.0,10.0,0.0,9,5.0,Empleado_Informal
2,48.0,6,2,10,13,1,2,3,16.0,16.0,0.0,9,5.0,Empleado_Informal
2,30.0,1,2,8,13,1,2,3,14.0,14.0,0.0,9,0.0,Empleado_Informal
1,25.0,1,2,9,13, , ,3,13.5,13.5,0.0,9,0.0,Empleado_Informal
2,23.0,6,2,6,13, , , ,11.0,11.0,0.0,2,3.0,Empleado_Informal
1,42.0,1,2,9,13, , ,3,13.5,13.5,0.0,2,6.0,Empleado_Informal
2,41.0,1,2,6,13, , , ,11.0,11.0,0.0,2,6.0,Empleado_Informal
1,19.0,6,2,6,13, , , ,11.0,11.0,0.0,2,2.0,Empleado_Informal
1,30.0,2,2,5,13, , , ,10.0,10.0,0.0,2,6.0,Empleado_Informal
2,22.0,2,1,1,6, , ,1,0.0,11.0,-11.0,No Especificado,5.0,Empleado_Informal
1,22.0,6,2,5,6, , ,1,10.0,11.0,-1.0,2,6.0,Empleado_Informal
1,19.0,6,2,4,5, , , ,9.0,8.5,0.5,1,6.0,Empleado_Informal
1,25.0,1,2,6,13, , , ,11.0,11.0,0.0,1,3.0,Empleado_Informal
1,23.0,1,2,5,13, , , ,10.0,10.0,0.0,2,5.0,Empleado_Formal
2,21.0,1,2,6,13, , , ,11.0,11.0,0.0,9,3.0,Empleado_Informal
2,21.0,6,2,4,13, , , ,9.0,9.0,0.0,2,2.0,Empleado_Informal
1,40.0,6,2,6,13, , , ,11.0,11.0,0.0,2,6.0,Empleado_Formal
1,39.0,2,2,7,13, , ,3,12.5,12.5,0.0,2,6.0,Empleado_Formal
2,38.0,2,2,6,13, , , ,11.0,11.0,0.0,2,5.0,Empleado_Informal
1,20.0,1,2,6,13, , , ,11.0,11.0,0.0,1,2.0,Empleado_Informal
2,28.0,1,2,6,13, , , ,11.0,11.0,0.0,2,5.0,Empleado_Informal
1,57.0,1,2,4,13, , , ,9.0,9.0,0.0,2,5.0,Empleado_Informal
2,50.0,1,2,6,13, , , ,11.0,11.0,0.0,2,5.0,Empleado_Informal
1,18.0,6,2,5,6, , ,1,10.0,11.0,-1.0,2,5.0,Empleado_Informal
2,25.0,6,2,6,13, , , ,11.0,11.0,0.0,1,3.0,Empleado_Informal
2,28.0,1,2,5,13, , , ,10.0,10.0,0.0,2,5.0,Desempleado
1,31.0,1,2,6,13, , , ,11.0,11.0,0.0,2,5.0,Empleado_Informal
2,33.0,1,2,10,13,1,2,3,16.0,16.0,0.0,2,5.0,Empleado_Informal
1,29.0,1,2,6,13, , , ,11.0,11.0,0.0,2,5.0,Empleado_Informal
2,18.0,1,2,6,13, , , ,11.0,11.0,0.0,9,0.0,Empleado_Informal
1,20.0,1,2,6,13, , , ,11.0,11.0,0.0,9,1.0,Empleado_Informal
2,26.0,1,2,9,13, , ,3,13.5,13.5,0.0,2,6.0,Empleado_Informal
1,27.0,1,2,9,13, , ,3,13.5,13.5,0.0,2,6.0,Empleado_Informal
2,49.0,4,2,8,13,1,2,3,14.0,14.0,0.0,1,2.0,Empleado_Informal
1,22.0,6,2,6,13, , , ,11.0,11.0,0.0,1,2.0,Empleado_Informal
1,36.0,1,2,11,13,1,2,3,16.0,16.0,0.0,2,6.0,Empleado_Informal
1,49.0,1,2,8,13,1,2,3,14.0,14.0,0.0,2,6.0,Empleado_Formal
2,32.0,6,2,10,13,2, ,3,16.0,16.0,0.0,2,8.0,Empleado_Informal
1,35.0,1,2,6,13, , , ,11.0,11.0,0.0,2,6.0,Empleado_Informal
2,42.0,1,2,10,13,1,2,3,16.0,16.0,0.0,2,6.0,Empleado_Informal
1,56.0,1,1,1,13, , , ,0.0,4.5,0.0,No Especificado,5.0,Empleado_Formal
1,25.0,6,2,6,13, , , ,11.0,11.0,0.0,2,5.0,Empleado_Informal
2,21.0,6,2,6,8, , ,0,11.0,14.0,-3.0,2,5.0,Empleado_Informal
2,28.0,6,2,8,13,1,1,3,14.0,14.0,0.0,2,3.0,Empleado_Informal
1,47.0,1,1,10,13,1,2,3,16.0,16.0,0.0,No Especificado,5.0,Empleado_Formal
2,20.0,6,2,9,13, , ,3,13.5,13.5,0.0,2,2.0,Empleado_Informal
2,33.0,1,2,10,13,1,1,3,16.0,16.0,0.0,2,7.0,Empleado_Informal
1,33.0,1,2,10,13,1,1,3,16.0,16.0,0.0,2,7.0,Empleado_Informal
1,39.0,2,2,9,13, , ,3,13.5,13.5,0.0,2,6.0,Empleado_Formal
2,34.0,2,2,8,13,1,2,3,14.0,14.0,0.0,2,6.0,Empleado_Informal
2,58.0,4,2,7,13, , ,3,12.5,12.5,0.0,2,5.0,Empleado_Informal
2,56.0,6,2,6,13, , , ,11.0,11.0,0.0,1,2.0,Empleado_Informal
2,30.0,6,2,6,13, , , ,11.0,11.0,0.0,2,2.0,Desempleado
1,43.0,6,2,6,13, , , ,11.0,11.0,0.0,2,1.0,Empleado_Informal
1,37.0,2,2,9,13, , ,3,13.5,13.5,0.0,2,6.0,Empleado_Informal
2,30.0,2,2,6,13, , , ,11.0,11.0,0.0,2,6.0,Empleado_Informal
2,52.0,1,2,5,13, , , ,10.0,10.0,0.0,6,4.0,Empleado_Informal
1,52.0,1,2,4,13, , , ,9.0,9.0,0.0,6,4.0,Empleado_Informal
2,48.0,6,2,6,13, , , ,11.0,11.0,0.0,2,6.0,Empleado_Informal
1,22.0,6,2,5,13, , , ,10.0,10.0,0.0,1,0.0,Empleado_Formal
1,23.0,1,2,4,13, , , ,9.0,9.0,0.0,1,4.0,Empleado_Informal
1,44.0,6,2,4,13, , , ,9.0,9.0,0.0,2,6.0,Empleado_Informal
1,20.0,6,2,4,9, , ,0,9.0,13.5,-4.5,2,3.0,Desempleado
1,30.0,1,2,3,13, , , ,4.5,4.5,0.0,9,1.0,Empleado_Informal
2,33.0,6,2,10,13,1,2,3,16.0,16.0,0.0,2,6.0,Empleado_Informal
1,34.0,1,2,7,13, , ,3,12.5,12.5,0.0,1,4.0,Empleado_Informal
2,26.0,6,2,6,13, , , ,11.0,11.0,0.0,1,3.0,Empleado_Informal
2,25.0,6,2,6,13, , , ,11.0,11.0,0.0,1,3.0,Empleado_Informal
1,21.0,1,2,5,13, , , ,10.0,10.0,0.0,9,6.0,Empleado_Informal
2,31.0,1,2,5,13, , , ,10.0,10.0,0.0,2,1.0,Empleado_Informal
2,25.0,5,2,9,13, , ,3,13.5,13.5,0.0,2,5.0,Empleado_Informal
1,28.0,1,2,6,13, , , ,11.0,11.0,0.0,2,6.0,Empleado_Informal
1,61.0,5,2,5,13, , , ,10.0,10.0,0.0,2,7.0,Empleado_Informal
1,31.0,2,1,1,6, , ,1,0.0,11.0,-11.0,No Especificado,5.0,Empleado_Formal
2,31.0,2,2,10,13,1,2,3,16.0,16.0,0.0,9,2.0,Empleado_Informal
1,54.0,5,2,6,13, , , ,11.0,11.0,0.0,9,0.0,Empleado_Informal
2,49.0,1,2,5,13, , , ,10.0,10.0,0.0,2,2.0,Empleado_Informal
1,50.0,1,2,6,13, , , ,11.0,11.0,0.0,2,3.0,Empleado_Informal
2,29.0,6,2,9,13, , ,2,13.5,13.5,0.0,2,1.0,Desempleado
1,34.0,1,2,4,13, , , ,9.0,9.0,0.0,2,7.0,Empleado_Informal
2,37.0,1,2,6,13, , , ,11.0,11.0,0.0,2,7.0,Empleado_Informal
1,38.0,5,2,4,13, , , ,9.0,9.0,0.0,2,3.0,Empleado_Informal
1,34.0,1,2,8,13,1,2,3,14.0,14.0,0.0,9,0.0,Empleado_Informal
2,26.0,1,2,8,13,1,2,3,14.0,14.0,0.0,9,0.0,Empleado_Informal
1,27.0,6,2,6,13, , , ,11.0,11.0,0.0,1,3.0,Empleado_Informal
2,44.0,6,2,10,13,1,2,3,16.0,16.0,0.0,2,5.0,Empleado_Informal
1,42.0,1,1,1,10, , ,0,0.0,16.0,-14.0,No Especificado,5.0,Empleado_Formal
1,37.0,1,2,8,13,1,2,3,14.0,14.0,0.0,2,6.0,Empleado_Formal
1,29.0,1,2,6,13, , , ,11.0,11.0,0.0,2,6.0,Empleado_Informal
1,19.0,6,2,5,13, , , ,10.0,10.0,0.0,9,1.0,Empleado_Informal
2,44.0,6,2,6,13, , , ,11.0,11.0,0.0,2,7.0,Empleado_Informal
1,28.0,6,2,3,13, , , ,4.5,4.5,0.0,2,6.0,Empleado_Informal
1,35.0,1,2,6,6, , ,1,11.0,11.0,0.0,2,2.0,Empleado_Informal
2,26.0,1,2,6,6, , ,1,11.0,11.0,0.0,2,1.0,Empleado_Informal
1,29.0,1,2,6,13, , , ,11.0,11.0,0.0,2,6.0,Empleado_Informal
2,27.0,6,2,8,13,1,2,3,14.0,14.0,0.0,2,6.0,Empleado_Informal
2,36.0,1,2,4,5, , , ,9.0,8.5,0.5,2,6.0,Empleado_Informal
1,41.0,1,2,6,13, , , ,11.0,11.0,0.0,2,5.0,Empleado_Informal
1,17.0,6,2,4,13, , , ,9.0,9.0,0.0,1,5.0,Empleado_Informal
2,38.0,1,2,4,5, , , ,9.0,8.5,0.5,2,5.0,Desempleado
1,43.0,1,1,1,6, , ,1,0.0,11.0,-11.0,No Especificado,5.0,Empleado_Informal
1,22.0,6,2,3,4, , , ,4.5,6.0,-1.5,2,3.0,Empleado_Informal
1,37.0,1,2,8,13,1,2,3,14.0,14.0,0.0,2,6.0,Empleado_Informal
2,29.0,1,2,6,13, , , ,11.0,11.0,0.0,2,6.0,Empleado_Informal
2,47.0,6,2,6,13, , , ,11.0,11.0,0.0,2,6.0,Empleado_Formal
1,23.0,6,2,6,13, , , ,11.0,11.0,0.0,2,5.0,Empleado_Formal
2,28.0,1,2,10,13,1,1,3,16.0,16.0,0.0,2,4.0,Empleado_Informal
1,47.0,1,2,6,13, , , ,11.0,11.0,0.0,2,4.0,Empleado_Informal
1,46.0,6,2,6,13, , , ,11.0,11.0,0.0,2,8.0,Empleado_Informal
1,23.0,6,2,6,13, , , ,11.0,11.0,0.0,2,2.0,Empleado_Informal
1,32.0,1,2,6,13, , , ,11.0,11.0,0.0,2,5.0,Empleado_Informal
2,25.0,1,2,9,13, , ,3,13.5,13.5,0.0,2,6.0,Empleado_Informal
1,19.0,6,2,6,13, , , ,11.0,11.0,0.0,1,2.0,Empleado_Informal
2,34.0,6,2,9,13, , ,3,13.5,13.5,0.0,2,6.0,Empleado_Informal
2,42.0,1,2,4,13, , , ,9.0,9.0,0.0,2,3.0,Empleado_Informal
1,37.0,1,2,5,13, , , ,10.0,10.0,0.0,2,5.0,Empleado_Informal
2,42.0,1,1,6,13, , , ,11.0,11.0,0.0,No Especificado,5.0,Desempleado
1,45.0,1,2,6,13, , , ,11.0,11.0,0.0,2,6.0,Empleado_Informal
1,29.0,6,2,6,13, , , ,11.0,11.0,0.0,1,5.0,Empleado_Informal
1,27.0,2,2,7,13, , ,3,12.5,12.5,0.0,2,5.0,Empleado_Formal
2,33.0,6,2,10,13,2, ,3,16.0,16.0,0.0,2,6.0,Empleado_Informal
1,32.0,6,2,3,13, , , ,4.5,4.5,0.0,9,0.0,Empleado_Informal
1,36.0,1,2,6,13, , , ,11.0,11.0,0.0,2,6.0,Empleado_Formal
1,34.0,1,2,6,13, , , ,11.0,11.0,0.0,1,5.0,Empleado_Informal
2,29.0,1,2,6,13, , , ,11.0,11.0,0.0,1,5.0,Empleado_Informal
2,52.0,6,2,5,13, , , ,10.0,10.0,0.0,1,7.0,Empleado_Informal
2,24.0,6,2,3,13, , , ,4.5,4.5,0.0,1,8.0,Empleado_Informal
1,16.0,6,2,4,13, , , ,9.0,9.0,0.0,9,1.0,Empleado_Informal
2,36.0,1,2,6,13, , , ,11.0,11.0,0.0,2,5.0,Empleado_Informal
1,38.0,1,2,6,13, , , ,11.0,11.0,0.0,1,5.0,Empleado_Informal
1,22.0,1,2,5,13, , , ,10.0,10.0,0.0,1,3.0,Empleado_Informal
2,22.0,1,2,5,13, , , ,10.0,10.0,0.0,9,2.0,Empleado_Informal
1,28.0,1,2,9,13, , ,3,13.5,13.5,0.0,2,7.0,Empleado_Informal
2,33.0,1,2,10,13,1,2,3,16.0,16.0,0.0,2,7.0,Empleado_Informal
1,39.0,1,2,9,13, , ,3,13.5,13.5,0.0,2,6.0,Empleado_Informal
2,24.0,1,2,6,13, , , ,11.0,11.0,0.0,2,4.0,Empleado_Informal
2,64.0,6,2,4,13, , , ,9.0,9.0,0.0,9,0.0,Empleado_Informal
1,39.0,2,2,10,13,1,1,3,16.0,16.0,0.0,2,6.0,Empleado_Informal
1,34.0,1,2,10,13,2, ,3,16.0,16.0,0.0,2,6.0,Empleado_Informal
2,26.0,1,2,6,13, , , ,11.0,11.0,0.0,2,6.0,Desempleado
1,20.0,6,2,6,13, , , ,11.0,11.0,0.0,9,1.0,Empleado_Informal
1,35.0,1,2,6,13, , , ,11.0,11.0,0.0,2,6.0,Empleado_Informal
1,42.0,6,2,6,13, , , ,11.0,11.0,0.0,1,5.0,Empleado_Formal
1,20.0,6,2,6,13, , , ,11.0,11.0,0.0,2,5.0,Empleado_Formal
1,50.0,2,2,10,13,1,1,0,16.0,16.0,0.0,2,8.0,Empleado_Informal
2,43.0,2,2,4,13, , , ,9.0,9.0,0.0,1,8.0,Empleado_Informal
2,29.0,6,2,5,13, , , ,10.0,10.0,0.0,2,2.0,Empleado_Informal
1,63.0,1,2,4,13, , , ,9.0,9.0,0.0,2,6.0,Empleado_Informal
2,54.0,1,2,5,13, , , ,10.0,10.0,0.0,2,6.0,Empleado_Informal
2,33.0,6,2,6,13, , , ,11.0,11.0,0.0,2,7.0,Empleado_Informal
1,49.0,5,2,10,13,1,2,3,16.0,16.0,0.0,2,6.0,Empleado_Informal
1,50.0,1,1,1,8, , ,0,0.0,14.0,-14.0,No Especificado,5.0,Empleado_Formal
2,43.0,1,2,8,13,1,2,3,14.0,14.0,0.0,2,6.0,Empleado_Informal
1,35.0,1,2,8,13,1,2,3,14.0,14.0,0.0,2,6.0,Empleado_Informal
1,40.0,1,2,6,13, , , ,11.0,11.0,0.0,2,6.0,Empleado_Formal
2,37.0,1,2,6,13, , , ,11.0,11.0,0.0,2,5.0,Empleado_Informal
1,35.0,1,2,6,13, , , ,11.0,11.0,0.0,2,6.0,Empleado_Informal
2,21.0,1,2,7,13, , ,3,12.5,12.5,0.0,2,4.0,Empleado_Informal
2,26.0,6,2,10,13,2, ,3,16.0,16.0,0.0,9,0.0,Empleado_Informal
2,37.0,6,2,8,13,1,2,3,14.0,14.0,0.0,2,6.0,Empleado_Informal
2,64.0,4,2,4,13, , , ,9.0,9.0,0.0,1,3.0,Desempleado
1,31.0,6,2,8,13,1,2,3,14.0,14.0,0.0,2,6.0,Empleado_Formal
2,26.0,5,2,6,13, , , ,11.0,11.0,0.0,1,3.0,Empleado_Informal
1,30.0,6,2,8,13,1,2,3,14.0,14.0,0.0,2,4.0,Empleado_Informal
1,52.0,5,2,8,13,1,2,3,14.0,14.0,0.0,1,8.0,Empleado_Informal
1,23.0,5,2,6,13, , , ,11.0,11.0,0.0,2,5.0,Empleado_Informal
2,30.0,1,2,7,13, , ,3,12.5,12.5,0.0,1,3.0,Empleado_Informal
1,30.0,1,1,1,6, , ,1,0.0,11.0,-11.0,No Especificado,5.0,Empleado_Informal
2,34.0,6,2,6,13, , , ,11.0,11.0,0.0,1,4.0,Empleado_Informal
1,35.0,1,2,4,13, , , ,9.0,9.0,0.0,6,6.0,Empleado_Informal
2,32.0,1,2,6,13, , , ,11.0,11.0,0.0,6,6.0,Empleado_Informal
1,27.0,1,2,6,13, , , ,11.0,11.0,0.0,6,4.0,Empleado_Informal
1,37.0,6,2,10,13,1,2,3,16.0,16.0,0.0,9,0.0,Empleado_Informal
2,23.0,6,2,6,13, , , ,11.0,11.0,0.0,2,2.0,Empleado_Informal
1,29.0,1,2,6,13, , , ,11.0,11.0,0.0,1,5.0,Empleado_Informal
2,30.0,1,2,5,13, , , ,10.0,10.0,0.0,2,5.0,Empleado_Informal
1,48.0,5,2,10,13,1,2,3,16.0,16.0,0.0,2,5.0,Empleado_Informal
2,48.0,5,2,10,13,1,2,3,16.0,16.0,0.0,2,6.0,Empleado_Informal
1,32.0,6,2,10,13,1,2,3,16.0,16.0,0.0,2,4.0,Empleado_Informal
2,38.0,1,2,4,13, , , ,9.0,9.0,0.0,2,5.0,Desempleado
1,40.0,1,2,10,13,1,2,3,16.0,16.0,0.0,2,5.0,Empleado_Informal
2,37.0,1,2,8,13,1,2,3,14.0,14.0,0.0,2,3.0,Empleado_Informal
1,36.0,1,2,7,13, , ,3,12.5,12.5,0.0,2,3.0,Empleado_Informal
2,36.0,1,2,7,13, , ,3,12.5,12.5,0.0,2,6.0,Desempleado
1,40.0,1,1,9,13, , ,3,13.5,13.5,0.0,No Especificado,5.0,Empleado_Informal
1,37.0,2,2,6,13, , , ,11.0,11.0,0.0,2,5.0,Empleado_Informal
2,31.0,2,2,8,13,2, ,3,14.0,14.0,0.0,2,5.0,Empleado_Informal
1,42.0,2,2,8,13,2, ,3,14.0,14.0,0.0,2,6.0,Empleado_Informal
1,22.0,1,2,6,13, , , ,11.0,11.0,0.0,1,1.0,Empleado_Informal
2,61.0,5,2,4,13, , , ,9.0,9.0,0.0,6,5.0,Empleado_Informal
1,35.0,1,2,7,13, , ,3,12.5,12.5,0.0,1,2.0,Empleado_Informal
1,44.0,2,2,10,13,1,2,3,16.0,16.0,0.0,6,8.0,Empleado_Informal
1,37.0,1,1,1,8, , ,2,0.0,14.0,-14.0,No Especificado,5.0,Empleado_Informal
1,32.0,1,2,5,13, , , ,10.0,10.0,0.0,2,7.0,Empleado_Informal
2,25.0,6,2,6,13, , , ,11.0,11.0,0.0,9,1.0,Empleado_Informal
2,41.0,6,2,8,13,2, ,3,14.0,14.0,0.0,2,5.0,Empleado_Informal
1,22.0,6,2,6,13, , , ,11.0,11.0,0.0,2,5.0,Empleado_Informal
1,30.0,1,2,6,13, , , ,11.0,11.0,0.0,2,6.0,Empleado_Informal
2,36.0,6,2,6,13, , , ,11.0,11.0,0.0,1,3.0,Empleado_Informal
1,28.0,1,2,9,13, , ,3,13.5,13.5,0.0,2,6.0,Empleado_Informal
2,46.0,1,2,5,13, , , ,10.0,10.0,0.0,2,2.0,Empleado_Informal
1,42.0,1,2,5,13, , , ,10.0,10.0,0.0,2,3.0,Empleado_Informal
1,31.0,1,2,10,13,1,2,3,16.0,16.0,0.0,2,6.0,Empleado_Informal
2,32.0,1,1,1,8, , ,0,0.0,14.0,-14.0,No Especificado,5.0,Empleado_Informal
1,24.0,1,2,6,13, , , ,11.0,11.0,0.0,1,3.0,Empleado_Informal
2,22.0,1,2,7,13, , ,3,12.5,12.5,0.0,2,3.0,Empleado_Informal
1,38.0,6,2,9,13, , ,3,13.5,13.5,0.0,2,5.0,Empleado_Informal
1,23.0,6,2,5,13, , , ,10.0,10.0,0.0,9,7.0,Empleado_Informal
1,46.0,2,2,10,13,1,1,3,16.0,16.0,0.0,2,6.0,Empleado_Informal
2,49.0,2,2,11,13,1,1,3,16.0,16.0,0.0,2,6.0,Empleado_Informal
2,16.0,6,2,3,5, , , ,4.5,8.5,-4.0,2,6.0,Empleado_Informal
1,20.0,6,2,7,13, , ,3,12.5,12.5,0.0,9,4.0,Empleado_Informal
2,31.0,5,2,7,13, , ,3,12.5,12.5,0.0,1,2.0,Empleado_Informal
2,45.0,1,2,5,13, , , ,10.0,10.0,0.0,2,7.0,Empleado_Informal
1,56.0,1,2,5,13, , , ,10.0,10.0,0.0,1,7.0,Empleado_Informal
2,26.0,6,2,9,13, , ,3,13.5,13.5,0.0,2,4.0,Desempleado
2,22.0,5,2,5,13, , , ,10.0,10.0,0.0,1,1.0,Empleado_Informal
2,36.0,1,2,10,13,1,2,3,16.0,16.0,0.0,2,6.0,Empleado_Informal
1,42.0,1,1,8,13,2, ,3,14.0,14.0,0.0,No Especificado,5.0,Empleado_Informal
2,41.0,6,2,6,13, , , ,11.0,11.0,0.0,2,6.0,Empleado_Informal
2,27.0,1,2,6,13, , , ,11.0,11.0,0.0,2,5.0,Empleado_Informal
1,34.0,1,2,6,13, , , ,11.0,11.0,0.0,2,5.0,Empleado_Informal
2,56.0,5,2,5,13, , , ,10.0,10.0,0.0,2,6.0,Empleado_Informal
2,35.0,6,2,8,13,1,2,3,14.0,14.0,0.0,2,5.0,Empleado_Informal
1,36.0,2,2,6,13, , , ,11.0,11.0,0.0,2,6.0,Empleado_Formal
2,39.0,2,2,10,13,1,2,3,16.0,16.0,0.0,2,6.0,Empleado_Informal
1,48.0,1,2,5,13, , , ,10.0,10.0,0.0,2,6.0,Empleado_Informal
2,44.0,1,2,5,13, , , ,10.0,10.0,0.0,2,3.0,Empleado_Informal
1,54.0,1,2,6,13, , , ,11.0,11.0,0.0,2,4.0,Empleado_Informal
2,21.0,6,2,6,13, , , ,11.0,11.0,0.0,2,2.0,Empleado_Informal
2,43.0,3,2,11,13,1,2,3,16.0,16.0,0.0,2,6.0,Empleado_Informal
1,22.0,1,2,9,13, , ,3,13.5,13.5,0.0,6,5.0,Empleado_Informal
2,23.0,1,2,5,13, , , ,10.0,10.0,0.0,1,2.0,Empleado_Informal
1,24.0,1,2,9,13, , ,3,13.5,13.5,0.0,2,4.0,Empleado_Informal
2,50.0,4,2,10,13,1,2,3,16.0,16.0,0.0,3,5.0,Empleado_Informal
2,44.0,3,2,8,13,1,2,3,14.0,14.0,0.0,2,6.0,Empleado_Formal
1,22.0,6,2,6,13, , , ,11.0,11.0,0.0,2,5.0,Empleado_Informal
2,36.0,5,2,10,13,1,2,3,16.0,16.0,0.0,2,6.0,Empleado_Informal
2,42.0,5,2,10,13,1,2,3,16.0,16.0,0.0,2,6.0,Empleado_Informal
1,50.0,2,2,6,13, , , ,11.0,11.0,0.0,2,6.0,Empleado_Informal
2,25.0,6,2,6,13, , , ,11.0,11.0,0.0,2,4.0,Empleado_Informal
1,56.0,2,2,8,13,1,2,3,14.0,14.0,0.0,2,3.0,Empleado_Informal
2,38.0,2,2,10,13,1,2,3,16.0,16.0,0.0,1,2.0,Empleado_Informal
1,21.0,6,2,6,13, , , ,11.0,11.0,0.0,1,2.0,Empleado_Formal
1,29.0,1,2,6,13, , , ,11.0,11.0,0.0,2,5.0,Empleado_Informal
2,26.0,1,2,6,13, , , ,11.0,11.0,0.0,2,5.0,Empleado_Informal
1,32.0,1,2,5,13, , , ,10.0,10.0,0.0,2,5.0,Empleado_Informal
2,32.0,1,2,5,13, , , ,10.0,10.0,0.0,2,5.0,Empleado_Informal
1,27.0,1,2,9,13, , ,3,13.5,13.5,0.0,2,4.0,Empleado_Formal
2,26.0,1,2,9,13, , ,3,13.5,13.5,0.0,2,4.0,Empleado_Formal
1,26.0,1,2,5,13, , , ,10.0,10.0,0.0,2,6.0,Empleado_Informal
2,30.0,1,1,1,10, , ,0,0.0,16.0,-14.0,No Especificado,5.0,Empleado_Informal
2,39.0,1,2,6,13, , , ,11.0,11.0,0.0,2,6.0,Empleado_Informal
1,25.0,1,2,5,13, , , ,10.0,10.0,0.0,2,6.0,Empleado_Informal
2,27.0,6,2,7,13, , ,3,12.5,12.5,0.0,2,6.0,Empleado_Informal
1,53.0,2,2,5,13, , , ,10.0,10.0,0.0,2,6.0,Empleado_Informal
2,49.0,2,2,6,13, , , ,11.0,11.0,0.0,2,3.0,Empleado_Informal
2,28.0,6,2,8,13,1,2,3,14.0,14.0,0.0,2,6.0,Empleado_Informal
1,32.0,1,2,5,13, , , ,10.0,10.0,0.0,2,4.0,Empleado_Informal
1,30.0,1,2,6,13, , , ,11.0,11.0,0.0,9,8.0,Empleado_Informal
2,26.0,1,1,1,6, , ,1,0.0,11.0,-11.0,No Especificado,5.0,Empleado_Informal
2,37.0,6,2,10,13,1,2,3,16.0,16.0,0.0,7,6.0,Empleado_Formal
1,46.0,1,2,11,13,1,1,3,16.0,16.0,0.0,2,6.0,Empleado_Formal
2,46.0,1,2,9,13, , ,3,13.5,13.5,0.0,3,6.0,Empleado_Informal
2,20.0,6,2,5,6, , ,1,10.0,11.0,-1.0,2,6.0,Empleado_Informal
2,39.0,6,2,5,13, , , ,10.0,10.0,0.0,1,5.0,Empleado_Informal
1,18.0,6,2,4,5, , , ,9.0,8.5,0.5,1,5.0,Empleado_Informal
2,40.0,6,2,5,13, , , ,10.0,10.0,0.0,1,3.0,Empleado_Informal
1,31.0,6,2,10,13,1,2,3,16.0,16.0,0.0,7,6.0,Empleado_Informal
2,24.0,6,2,6,13, , , ,11.0,11.0,0.0,9,2.0,Empleado_Informal
1,57.0,2,2,6,13, , , ,11.0,11.0,0.0,1,1.0,Empleado_Informal
2,27.0,6,2,5,13, , , ,10.0,10.0,0.0,2,1.0,Empleado_Informal
1,32.0,1,2,5,13, , , ,10.0,10.0,0.0,2,5.0,Desempleado
2,27.0,1,2,6,13, , , ,11.0,11.0,0.0,2,5.0,Empleado_Informal
2,42.0,6,2,6,13, , , ,11.0,11.0,0.0,2,6.0,Empleado_Informal
1,29.0,1,2,9,13, , ,3,13.5,13.5,0.0,2,6.0,Empleado_Formal
1,37.0,1,2,5,13, , , ,10.0,10.0,0.0,1,2.0,Desempleado
2,31.0,1,2,5,13, , , ,10.0,10.0,0.0,9,3.0,Empleado_Informal
2,17.0,6,2,5,5, , , ,10.0,8.5,0.5,9,3.0,Empleado_Informal
1,20.0,6,2,5,13, , , ,10.0,10.0,0.0,9,3.0,Empleado_Informal
2,27.0,6,2,5,13, , , ,10.0,10.0,0.0,9,0.0,Empleado_Informal
2,28.0,6,2,5,13, , , ,10.0,10.0,0.0,3,6.0,Empleado_Informal
2,24.0,6,2,5,13, , , ,10.0,10.0,0.0,9,1.0,Empleado_Informal
2,37.0,1,2,6,13, , , ,11.0,11.0,0.0,1,6.0,Desempleado
1,26.0,1,2,5,13, , , ,10.0,10.0,0.0,2,3.0,Empleado_Informal
2,16.0,6,2,5,5, , , ,10.0,8.5,0.5,9,6.0,Desempleado
1,31.0,1,2,7,13, , ,3,12.5,12.5,0.0,2,6.0,Empleado_Informal
2,36.0,6,2,6,13, , , ,11.0,11.0,0.0,2,3.0,Empleado_Informal
1,39.0,1,2,7,13, , ,3,12.5,12.5,0.0,2,4.0,Empleado_Formal
2,40.0,1,2,10,13,1,2,3,16.0,16.0,0.0,2,4.0,Empleado_Informal
2,30.0,6,2,6,13, , , ,11.0,11.0,0.0,6,2.0,Empleado_Informal
1,33.0,1,2,8,13,2, ,3,14.0,14.0,0.0,2,7.0,Empleado_Informal
1,35.0,2,2,8,13,2, ,3,14.0,14.0,0.0,2,7.0,Empleado_Informal
2,35.0,2,2,6,13, , , ,11.0,11.0,0.0,2,7.0,Empleado_Informal
1,23.0,1,2,6,13, , , ,11.0,11.0,0.0,2,2.0,Empleado_Informal
2,25.0,1,2,6,13, , , ,11.0,11.0,0.0,1,1.0,Empleado_Informal
1,39.0,1,2,8,13,2, ,3,14.0,14.0,0.0,2,6.0,Empleado_Informal
1,54.0,6,2,5,13, , , ,10.0,10.0,0.0,2,6.0,Empleado_Informal
1,31.0,6,2,4,13, , , ,9.0,9.0,0.0,2,4.0,Empleado_Informal
1,52.0,6,2,3,13, , , ,4.5,4.5,0.0,2,2.0,Empleado_Informal
1,40.0,1,2,10,13,1,2,3,16.0,16.0,0.0,2,5.0,Empleado_Informal
1,24.0,6,2,6,13, , , ,11.0,11.0,0.0,2,2.0,Empleado_Informal
1,33.0,1,2,5,13, , , ,10.0,10.0,0.0,2,2.0,Empleado_Formal
2,28.0,1,2,5,13, , , ,10.0,10.0,0.0,1,2.0,Desempleado
1,28.0,6,2,9,13, , ,3,13.5,13.5,0.0,2,6.0,Empleado_Informal
1,40.0,6,2,10,13,1,2,3,16.0,16.0,0.0,1,2.0,Empleado_Informal
2,48.0,4,2,8,13,1,2,3,14.0,14.0,0.0,2,6.0,Empleado_Informal
1,33.0,2,2,9,13, , ,3,13.5,13.5,0.0,2,6.0,Empleado_Informal
1,29.0,1,2,6,13, , , ,11.0,11.0,0.0,2,6.0,Empleado_Informal
2,31.0,1,2,6,13, , , ,11.0,11.0,0.0,2,6.0,Empleado_Informal
1,50.0,1,2,6,13, , , ,11.0,11.0,0.0,2,6.0,Empleado_Informal
2,43.0,1,2,6,13, , , ,11.0,11.0,0.0,2,6.0,Empleado_Informal
1,22.0,6,2,5,13, , , ,10.0,10.0,0.0,2,6.0,Empleado_Informal
2,29.0,1,2,6,13, , , ,11.0,11.0,0.0,2,4.0,Empleado_Informal
1,33.0,1,2,9,13, , ,3,13.5,13.5,0.0,6,1.0,Empleado_Informal
1,63.0,5,2,4,13, , , ,9.0,9.0,0.0,9,3.0,Desempleado
2,42.0,5,2,10,13,2, ,3,16.0,16.0,0.0,2,6.0,Empleado_Informal
2,49.0,1,2,10,13,1,2,3,16.0,16.0,0.0,2,3.0,Empleado_Informal
1,49.0,1,2,4,13, , , ,9.0,9.0,0.0,2,3.0,Empleado_Informal
2,33.0,6,2,8,13,1,2,3,14.0,14.0,0.0,2,6.0,Empleado_Informal
2,22.0,1,2,5,13, , , ,10.0,10.0,0.0,2,4.0,Empleado_Informal
1,64.0,1,2,11,13,1,1,3,16.0,16.0,0.0,2,6.0,Empleado_Formal
2,35.0,1,2,5,13, , , ,10.0,10.0,0.0,6,1.0,Empleado_Informal
1,38.0,1,2,6,13, , , ,11.0,11.0,0.0,9,1.0,Empleado_Informal
2,17.0,6,2,5,13, , , ,10.0,10.0,0.0,1,1.0,Empleado_Informal
2,53.0,4,2,6,13, , , ,11.0,11.0,0.0,2,6.0,Desempleado
1,37.0,6,2,6,13, , , ,11.0,11.0,0.0,2,5.0,Empleado_Informal
1,33.0,6,2,6,13, , , ,11.0,11.0,0.0,2,8.0,Empleado_Informal
1,49.0,2,2,6,13, , , ,11.0,11.0,0.0,2,4.0,Empleado_Informal
2,49.0,2,2,6,13, , , ,11.0,11.0,0.0,2,4.0,Desempleado
2,37.0,1,2,8,13,1,2,3,14.0,14.0,0.0,2,5.0,Empleado_Formal
1,32.0,1,2,9,13, , ,3,13.5,13.5,0.0,2,6.0,Empleado_Informal
1,33.0,1,2,8,13,1,2,3,14.0,14.0,0.0,2,6.0,Empleado_Informal
1,38.0,1,2,6,13, , , ,11.0,11.0,0.0,2,6.0,Empleado_Formal
2,40.0,1,2,10,13,1,2,3,16.0,16.0,0.0,2,6.0,Empleado_Informal
2,29.0,6,2,7,13, , ,3,12.5,12.5,0.0,2,5.0,Empleado_Informal
1,21.0,1,2,5,13, , , ,10.0,10.0,0.0,2,6.0,Empleado_Informal
2,20.0,1,2,6,13, , , ,11.0,11.0,0.0,1,1.0,Empleado_Informal
1,41.0,1,2,6,13, , , ,11.0,11.0,0.0,2,5.0,Empleado_Informal
2,21.0,1,2,6,13, , , ,11.0,11.0,0.0,9,0.0,Desempleado
1,25.0,1,2,6,13, , , ,11.0,11.0,0.0,9,0.0,Empleado_Informal
1,33.0,2,2,6,6, , ,1,11.0,11.0,0.0,2,6.0,Empleado_Formal
2,34.0,2,2,8,13,1,2,3,14.0,14.0,0.0,2,6.0,Empleado_Informal
1,42.0,2,1,1,6, , ,1,0.0,11.0,-11.0,No Especificado,5.0,Empleado_Informal
1,45.0,6,2,6,13, , , ,11.0,11.0,0.0,9,1.0,Empleado_Informal
1,32.0,1,2,9,13, , ,3,13.5,13.5,0.0,2,6.0,Empleado_Formal
1,30.0,1,1,1,10, , ,0,0.0,16.0,-14.0,No Especificado,5.0,Empleado_Formal
1,32.0,1,2,9,13, , ,3,13.5,13.5,0.0,2,1.0,Empleado_Informal
1,37.0,1,2,6,13, , , ,11.0,11.0,0.0,2,5.0,Empleado_Informal
2,27.0,1,2,6,13, , , ,11.0,11.0,0.0,2,5.0,Empleado_Informal
1,54.0,1,2,5,13, , , ,10.0,10.0,0.0,2,5.0,Empleado_Informal
2,36.0,1,2,10,13,1,2,3,16.0,16.0,0.0,2,8.0,Empleado_Informal
1,17.0,6,2,5,5, , , ,10.0,8.5,0.5,2,5.0,Empleado_Informal
1,27.0,6,2,6,13, , , ,11.0,11.0,0.0,2,5.0,Empleado_Informal
2,22.0,1,2,6,13, , , ,11.0,11.0,0.0,9,4.0,Empleado_Informal
1,26.0,1,2,6,13, , , ,11.0,11.0,0.0,9,5.0,Empleado_Informal
2,41.0,1,2,5,13, , , ,10.0,10.0,0.0,2,6.0,Empleado_Informal
1,43.0,1,2,6,13, , , ,11.0,11.0,0.0,4,6.0,Empleado_Informal
2,19.0,1,2,6,6, , ,1,11.0,11.0,0.0,4,6.0,Empleado_Informal
1,29.0,1,1,8,13,1,2,3,14.0,14.0,0.0,No Especificado,5.0,Empleado_Informal
1,44.0,2,2,10,13,1,2,3,16.0,16.0,0.0,2,6.0,Empleado_Informal
2,42.0,2,2,9,13, , ,3,13.5,13.5,0.0,2,6.0,Empleado_Informal
1,30.0,6,2,6,13, , , ,11.0,11.0,0.0,4,6.0,Empleado_Informal
1,26.0,1,2,8,13,1,2,3,14.0,14.0,0.0,2,7.0,Empleado_Informal
2,29.0,1,2,10,13,1,1,3,16.0,16.0,0.0,2,5.0,Empleado_Formal
1,36.0,6,2,6,13, , , ,11.0,11.0,0.0,1,6.0,Empleado_Informal
2,29.0,6,2,7,13, , ,3,12.5,12.5,0.0,1,6.0,Empleado_Informal
2,21.0,6,2,8,13,2, ,3,14.0,14.0,0.0,1,4.0,Empleado_Informal
2,21.0,1,2,10,13,1,2,3,16.0,16.0,0.0,1,1.0,Empleado_Informal
1,25.0,1,2,6,13, , , ,11.0,11.0,0.0,1,1.0,Empleado_Informal
2,20.0,6,2,6,13, , , ,11.0,11.0,0.0,1,1.0,Empleado_Informal
2,28.0,6,2,6,13, , , ,11.0,11.0,0.0,1,3.0,Empleado_Informal
1,45.0,2,4,10,13,1,1,3,16.0,16.0,0.0,2,1.0,Empleado_Informal
2,41.0,2,2,6,13, , , ,11.0,11.0,0.0,2,1.0,Empleado_Informal
2,40.0,1,2,6,13, , , ,11.0,11.0,0.0,2,6.0,Empleado_Informal
1,51.0,1,1,1,5, , , ,0.0,8.5,-8.5,No Especificado,5.0,Empleado_Informal
2,19.0,6,2,5,13, , , ,10.0,10.0,0.0,2,6.0,Empleado_Informal
1,31.0,1,2,6,13, , , ,11.0,11.0,0.0,2,8.0,Empleado_Informal
2,47.0,1,2,4,13, , , ,9.0,9.0,0.0,2,7.0,Empleado_Informal
1,33.0,6,2,5,13, , , ,10.0,10.0,0.0,2,1.0,Empleado_Informal
2,55.0,1,2,4,13, , , ,9.0,9.0,0.0,2,8.0,Empleado_Informal
1,60.0,1,1,1,8, , ,0,0.0,14.0,-14.0,No Especificado,5.0,Empleado_Informal
1,41.0,6,2,8,13,1,2,3,14.0,14.0,0.0,1,4.0,Empleado_Informal
2,49.0,6,2,9,13, , ,3,13.5,13.5,0.0,2,5.0,Empleado_Informal
1,33.0,6,2,10,13,1,2,3,16.0,16.0,0.0,2,0.0,Empleado_Informal
2,30.0,6,2,6,13, , , ,11.0,11.0,0.0,2,6.0,Empleado_Informal
1,23.0,6,2,6,13, , , ,11.0,11.0,0.0,2,3.0,Empleado_Informal
1,30.0,2,2,6,13, , , ,11.0,11.0,0.0,2,6.0,Empleado_Informal
2,25.0,2,1,1,6, , ,1,0.0,11.0,-11.0,No Especificado,5.0,Empleado_Informal
1,48.0,6,2,7,13, , ,3,12.5,12.5,0.0,2,8.0,Empleado_Informal
1,25.0,1,2,10,13,1,2,3,16.0,16.0,0.0,2,5.0,Empleado_Formal
2,30.0,1,2,10,13,1,2,3,16.0,16.0,0.0,2,6.0,Empleado_Formal
1,50.0,1,1,1,8, , ,0,0.0,14.0,-14.0,No Especificado,5.0,Empleado_Formal
1,50.0,1,1,1,6, , ,1,0.0,11.0,-11.0,No Especificado,5.0,Empleado_Informal
2,32.0,1,2,6,13, , , ,11.0,11.0,0.0,2,6.0,Empleado_Informal
2,36.0,6,2,5,13, , , ,10.0,10.0,0.0,4,3.0,Desempleado
2,61.0,6,1,1,6, , ,1,0.0,11.0,-11.0,No Especificado,5.0,Empleado_Formal
2,29.0,1,2,6,13, , , ,11.0,11.0,0.0,2,5.0,Empleado_Informal
1,43.0,1,2,6,13, , , ,11.0,11.0,0.0,2,6.0,Empleado_Informal
2,18.0,6,2,5,6, , ,1,10.0,11.0,-1.0,2,1.0,Desempleado
1,36.0,6,2,10,13,1,2,3,16.0,16.0,0.0,2,6.0,Empleado_Formal
1,24.0,6,2,6,13, , , ,11.0,11.0,0.0,2,3.0,Empleado_Informal
1,20.0,6,2,6,13, , , ,11.0,11.0,0.0,3,3.0,Empleado_Informal
1,42.0,1,2,6,13, , , ,11.0,11.0,0.0,2,6.0,Empleado_Formal
1,43.0,1,2,6,13, , , ,11.0,11.0,0.0,2,4.0,Empleado_Informal
1,30.0,1,2,6,13, , , ,11.0,11.0,0.0,1,2.0,Empleado_Informal
1,32.0,1,2,5,13, , , ,10.0,10.0,0.0,2,5.0,Empleado_Informal
1,50.0,1,2,6,13, , , ,11.0,11.0,0.0,2,6.0,Empleado_Informal
2,30.0,6,2,6,13, , , ,11.0,11.0,0.0,1,2.0,Empleado_Informal
1,28.0,6,2,5,13, , , ,10.0,10.0,0.0,1,2.0,Empleado_Informal
2,26.0,6,2,8,13,1,2,3,14.0,14.0,0.0,2,5.0,Empleado_Informal
1,25.0,6,2,6,13, , , ,11.0,11.0,0.0,9,0.0,Empleado_Informal
1,28.0,6,2,7,13, , ,3,12.5,12.5,0.0,2,6.0,Empleado_Informal
1,38.0,1,2,4,13, , , ,9.0,9.0,0.0,2,3.0,Empleado_Informal
2,38.0,1,2,10,13,1,2,3,16.0,16.0,0.0,2,3.0,Empleado_Informal
1,19.0,6,2,6,13, , , ,11.0,11.0,0.0,9,3.0,Empleado_Informal
2,31.0,1,2,8,13,1,2,3,14.0,14.0,0.0,2,6.0,Empleado_Formal
1,34.0,1,2,6,13, , , ,11.0,11.0,0.0,2,6.0,Empleado_Informal
2,16.0,6,2,4,5, , , ,9.0,8.5,0.5,1,5.0,Empleado_Informal
1,22.0,1,2,6,13, , , ,11.0,11.0,0.0,1,3.0,Empleado_Informal
2,22.0,1,2,6,13, , , ,11.0,11.0,0.0,1,3.0,Empleado_Informal
2,53.0,5,2,6,13, , , ,11.0,11.0,0.0,1,3.0,Empleado_Informal
2,34.0,6,2,9,13, , ,3,13.5,13.5,0.0,2,5.0,Empleado_Formal
2,64.0,6,2,6,13, , , ,11.0,11.0,0.0,2,3.0,Empleado_Informal
1,64.0,3,1,3,13, , , ,4.5,4.5,0.0,No Especificado,5.0,Empleado_Informal
2,17.0,6,2,4,13, , , ,9.0,9.0,0.0,4,5.0,Desempleado
1,33.0,1,2,4,13, , , ,9.0,9.0,0.0,1,6.0,Empleado_Informal
1,37.0,1,2,10,13,1,2,3,16.0,16.0,0.0,1,6.0,Empleado_Informal
1,35.0,6,2,4,13, , , ,9.0,9.0,0.0,1,2.0,Empleado_Informal
2,23.0,6,2,4,13, , , ,9.0,9.0,0.0,1,1.0,Empleado_Informal
1,31.0,1,1,1,6, , ,1,0.0,11.0,-11.0,No Especificado,5.0,Empleado_Formal
2,27.0,1,2,6,13, , , ,11.0,11.0,0.0,2,3.0,Empleado_Informal
1,38.0,1,2,10,13,1,2,3,16.0,16.0,0.0,2,5.0,Empleado_Informal
2,39.0,1,2,10,13,1,2,3,16.0,16.0,0.0,2,3.0,Empleado_Informal
2,64.0,3,2,8,13,1,2,3,14.0,14.0,0.0,2,2.0,Empleado_Informal
2,34.0,6,2,10,13,1,2,3,16.0,16.0,0.0,2,7.0,Empleado_Informal
1,30.0,6,2,7,7, , ,3,12.5,12.5,0.0,2,7.0,Empleado_Formal
2,26.0,6,2,9,13, , ,3,13.5,13.5,0.0,2,5.0,Empleado_Formal
1,49.0,1,2,5,5, , , ,10.0,8.5,0.5,2,3.0,Empleado_Informal
2,40.0,1,2,10,10, , ,3,16.0,16.0,0.0,2,3.0,Empleado_Informal
1,30.0,1,2,5,13, , , ,10.0,10.0,0.0,2,5.0,Empleado_Informal
2,26.0,1,2,9,13, , ,3,13.5,13.5,0.0,1,5.0,Empleado_Informal
1,25.0,1,2,5,13, , , ,10.0,10.0,0.0,1,6.0,Empleado_Informal
2,22.0,1,2,5,13, , , ,10.0,10.0,0.0,1,6.0,Empleado_Informal
1,58.0,1,2,6,13, , , ,11.0,11.0,0.0,2,6.0,Empleado_Informal
2,52.0,1,2,6,13, , , ,11.0,11.0,0.0,2,6.0,Empleado_Informal
1,17.0,6,2,6,13, , , ,11.0,11.0,0.0,9,0.0,Empleado_Informal
1,25.0,1,2,6,13, , , ,11.0,11.0,0.0,2,5.0,Empleado_Informal
2,58.0,6,2,5,13, , , ,10.0,10.0,0.0,2,1.0,Empleado_Informal
2,31.0,6,2,10,13,1,2,3,16.0,16.0,0.0,1,1.0,Empleado_Informal
1,29.0,6,2,6,13, , , ,11.0,11.0,0.0,2,5.0,Empleado_Formal
2,25.0,1,2,6,13, , , ,11.0,11.0,0.0,2,3.0,Empleado_Formal
1,31.0,1,1,1,8, , ,0,0.0,14.0,-14.0,No Especificado,5.0,Empleado_Formal
1,30.0,6,2,9,13, , ,3,13.5,13.5,0.0,2,5.0,Empleado_Informal
1,48.0,1,2,6,13, , , ,11.0,11.0,0.0,2,5.0,Empleado_Informal
2,48.0,1,2,7,13, , ,3,12.5,12.5,0.0,2,5.0,Empleado_Informal
1,40.0,1,1,6,13, , , ,11.0,11.0,0.0,No Especificado,5.0,Empleado_Informal
1,32.0,6,2,6,13, , , ,11.0,11.0,0.0,9,2.0,Empleado_Informal
1,36.0,1,2,6,13, , , ,11.0,11.0,0.0,2,3.0,Empleado_Informal
2,36.0,1,2,6,13, , , ,11.0,11.0,0.0,1,3.0,Empleado_Informal
1,44.0,5,2,10,13,2, ,3,16.0,16.0,0.0,2,7.0,Empleado_Informal
1,60.0,6,2,11,13,1,2,3,16.0,16.0,0.0,2,6.0,Empleado_Informal
1,30.0,1,2,6,13, , , ,11.0,11.0,0.0,2,6.0,Empleado_Informal
2,28.0,1,2,9,13, , ,3,13.5,13.5,0.0,2,5.0,Empleado_Informal
2,48.0,1,2,8,13,2, ,3,14.0,14.0,0.0,1,4.0,Empleado_Informal
1,37.0,1,2,10,13,1,2,3,16.0,16.0,0.0,9,4.0,Empleado_Informal
1,43.0,2,2,4,13, , , ,9.0,9.0,0.0,2,1.0,Empleado_Informal
2,35.0,2,2,5,13, , , ,10.0,10.0,0.0,6,1.0,Desempleado
2,30.0,6,2,6,13, , , ,11.0,11.0,0.0,2,4.0,Empleado_Informal
2,39.0,1,2,6,13, , , ,11.0,11.0,0.0,2,3.0,Empleado_Informal
1,26.0,1,2,6,13, , , ,11.0,11.0,0.0,2,3.0,Empleado_Informal
1,26.0,1,2,6,13, , , ,11.0,11.0,0.0,2,5.0,Empleado_Informal
2,20.0,1,2,5,13, , , ,10.0,10.0,0.0,9,2.0,Empleado_Informal
2,30.0,1,2,5,13, , , ,10.0,10.0,0.0,9,2.0,Empleado_Informal
1,25.0,6,2,5,13, , , ,10.0,10.0,0.0,1,2.0,Empleado_Informal
1,22.0,6,2,6,13, , , ,11.0,11.0,0.0,1,6.0,Empleado_Informal
1,26.0,1,2,3,13, , , ,4.5,4.5,0.0,1,5.0,Empleado_Informal
1,23.0,1,2,6,13, , , ,11.0,11.0,0.0,1,7.0,Empleado_Informal
2,35.0,1,2,8,13,1,2,3,14.0,14.0,0.0,2,5.0,Empleado_Informal
1,39.0,1,2,8,13,1,2,3,14.0,14.0,0.0,2,5.0,Empleado_Informal
1,27.0,1,2,9,13, , ,3,13.5,13.5,0.0,2,6.0,Empleado_Informal
2,32.0,1,1,1,6, , ,1,0.0,11.0,-11.0,No Especificado,5.0,Empleado_Informal
2,19.0,1,2,3,13, , , ,4.5,4.5,0.0,1,0.0,Desempleado
1,23.0,1,2,3,13, , , ,4.5,4.5,0.0,1,2.0,Empleado_Informal
2,38.0,6,2,9,13, , ,3,13.5,13.5,0.0,2,5.0,Empleado_Informal
2,39.0,2,2,8,13,1,2,3,14.0,14.0,0.0,2,5.0,Empleado_Informal
1,64.0,3,2,8,13,1,2,3,14.0,14.0,0.0,2,1.0,Empleado_Informal
1,43.0,2,2,5,13, , , ,10.0,10.0,0.0,2,7.0,Empleado_Formal
2,43.0,2,2,9,13, , ,3,13.5,13.5,0.0,1,3.0,Empleado_Informal
1,38.0,1,2,8,13,1,2,3,14.0,14.0,0.0,2,5.0,Empleado_Formal
2,36.0,1,2,6,6, , ,1,11.0,11.0,0.0,2,2.0,Empleado_Informal
1,16.0,6,2,3,5, , , ,4.5,8.5,-4.0,1,3.0,Empleado_Informal
1,46.0,5,2,6,13, , , ,11.0,11.0,0.0,2,6.0,Empleado_Informal
1,21.0,6,2,5,6, , ,1,10.0,11.0,-1.0,9,6.0,Empleado_Informal
1,35.0,2,2,8,13,1,1,3,14.0,14.0,0.0,2,6.0,Empleado_Formal
2,40.0,1,2,7,13, , ,3,12.5,12.5,0.0,1,1.0,Empleado_Informal
1,34.0,1,2,10,13,1,2,3,16.0,16.0,0.0,6,1.0,Empleado_Informal
2,34.0,4,2,10,13,1,1,3,16.0,16.0,0.0,2,5.0,Empleado_Informal
2,27.0,1,2,6,13, , , ,11.0,11.0,0.0,2,5.0,Empleado_Informal
1,24.0,1,2,6,13, , , ,11.0,11.0,0.0,9,2.0,Empleado_Informal
1,22.0,1,2,5,13, , , ,10.0,10.0,0.0,2,3.0,Empleado_Informal
2,52.0,1,2,5,13, , , ,10.0,10.0,0.0,1,1.0,Empleado_Informal
1,51.0,1,2,4,13, , , ,9.0,9.0,0.0,1,1.0,Empleado_Informal
2,44.0,5,2,6,13, , , ,11.0,11.0,0.0,2,3.0,Empleado_Informal
2,20.0,1,2,5,13, , , ,10.0,10.0,0.0,2,2.0,Empleado_Informal
1,20.0,1,2,9,13, , ,3,13.5,13.5,0.0,1,2.0,Empleado_Informal
2,57.0,5,2,4,13, , , ,9.0,9.0,0.0,2,4.0,Empleado_Informal
1,23.0,6,2,6,13, , , ,11.0,11.0,0.0,3,4.0,Empleado_Formal
1,54.0,6,2,7,13, , ,3,12.5,12.5,0.0,2,5.0,Empleado_Formal
2,30.0,6,2,10,13,1,2,3,16.0,16.0,0.0,2,6.0,Empleado_Informal
1,26.0,1,2,6,13, , , ,11.0,11.0,0.0,2,7.0,Empleado_Informal
2,32.0,1,2,10,13,1,2,3,16.0,16.0,0.0,2,6.0,Empleado_Informal
2,28.0,6,2,5,13, , , ,10.0,10.0,0.0,2,6.0,Empleado_Informal
2,32.0,6,2,7,13, , ,3,12.5,12.5,0.0,2,5.0,Empleado_Informal
2,26.0,3,2,5,13, , , ,10.0,10.0,0.0,2,3.0,Empleado_Informal
1,45.0,5,2,8,13,1,2,3,14.0,14.0,0.0,2,6.0,Empleado_Informal
1,34.0,1,2,10,13,1,2,3,16.0,16.0,0.0,2,7.0,Empleado_Informal
1,38.0,1,2,9,13, , ,3,13.5,13.5,0.0,2,6.0,Empleado_Formal
1,36.0,1,2,10,13,1,2,3,16.0,16.0,0.0,2,6.0,Empleado_Informal
2,32.0,1,2,10,13,1,2,3,16.0,16.0,0.0,2,6.0,Empleado_Informal
1,35.0,6,2,8,13,1,2,3,14.0,14.0,0.0,2,7.0,Empleado_Informal
2,39.0,1,2,9,13, , ,3,13.5,13.5,0.0,2,3.0,Empleado_Informal
1,37.0,1,2,11,13,1,2,3,16.0,16.0,0.0,1,6.0,Empleado_Informal
2,45.0,3,2,5,13, , , ,10.0,10.0,0.0,2,5.0,Empleado_Formal
1,39.0,2,2,6,13, , , ,11.0,11.0,0.0,2,6.0,Empleado_Informal
2,33.0,2,2,6,13, , , ,11.0,11.0,0.0,2,5.0,Empleado_Informal
1,47.0,2,2,6,13, , , ,11.0,11.0,0.0,2,6.0,Empleado_Informal
2,28.0,1,2,4,13, , , ,9.0,9.0,0.0,2,2.0,Empleado_Informal
1,38.0,1,2,4,13, , , ,9.0,9.0,0.0,2,8.0,Empleado_Informal
2,34.0,2,2,9,13, , ,3,13.5,13.5,0.0,2,6.0,Empleado_Informal
1,39.0,2,2,9,13, , ,3,13.5,13.5,0.0,2,6.0,Empleado_Informal
1,34.0,6,2,7,13, , ,3,12.5,12.5,0.0,2,3.0,Empleado_Informal
2,28.0,2,2,6,13, , , ,11.0,11.0,0.0,2,4.0,Empleado_Informal
1,29.0,2,2,7,13, , ,3,12.5,12.5,0.0,2,5.0,Empleado_Informal
2,29.0,2,2,9,13, , ,3,13.5,13.5,0.0,2,5.0,Empleado_Informal
1,33.0,2,2,6,13, , , ,11.0,11.0,0.0,2,5.0,Empleado_Informal
1,32.0,1,2,6,13, , , ,11.0,11.0,0.0,2,6.0,Empleado_Informal
1,32.0,2,2,6,13, , , ,11.0,11.0,0.0,2,3.0,Empleado_Formal
2,29.0,2,2,6,13, , , ,11.0,11.0,0.0,2,3.0,Empleado_Informal
2,22.0,6,2,9,13, , ,3,13.5,13.5,0.0,2,3.0,Empleado_Informal
2,25.0,6,2,8,13,1,2,3,14.0,14.0,0.0,2,6.0,Empleado_Informal
1,47.0,2,2,6,13, , , ,11.0,11.0,0.0,2,6.0,Empleado_Informal
1,40.0,6,2,4,13, , , ,9.0,9.0,0.0,6,1.0,Empleado_Informal
2,47.0,2,2,7,13, , ,3,12.5,12.5,0.0,2,6.0,Empleado_Informal
1,48.0,4,2,11,13,1,2,3,16.0,16.0,0.0,2,6.0,Empleado_Informal
2,35.0,1,2,7,13, , ,3,12.5,12.5,0.0,2,6.0,Empleado_Informal
1,51.0,1,1,1,9, , ,0,0.0,13.5,-13.5,No Especificado,5.0,Empleado_Formal
1,59.0,1,2,6,13, , , ,11.0,11.0,0.0,2,8.0,Empleado_Formal
2,32.0,6,2,9,13, , ,3,13.5,13.5,0.0,2,6.0,Empleado_Informal
1,28.0,1,2,9,9, , ,3,13.5,13.5,0.0,2,5.0,Empleado_Formal
2,33.0,1,2,10,13,1,1,3,16.0,16.0,0.0,2,5.0,Empleado_Formal
1,55.0,2,2,10,13,1,1,3,16.0,16.0,0.0,2,0.0,Empleado_Informal
2,53.0,2,2,10,13,1,2,3,16.0,16.0,0.0,2,3.0,Empleado_Informal
1,53.0,2,2,8,13,1,2,3,14.0,14.0,0.0,2,6.0,Empleado_Informal
2,49.0,2,2,6,13, , , ,11.0,11.0,0.0,2,6.0,Empleado_Informal
1,43.0,1,2,6,13, , , ,11.0,11.0,0.0,2,5.0,Empleado_Informal
2,37.0,1,2,10,13,1,2,3,16.0,16.0,0.0,2,6.0,Empleado_Informal
1,53.0,1,1,1,8, , ,0,0.0,14.0,-14.0,No Especificado,5.0,Empleado_Informal
2,37.0,1,2,8,13,1,2,3,14.0,14.0,0.0,2,6.0,Empleado_Informal
1,37.0,6,2,10,13,1,2,3,16.0,16.0,0.0,2,6.0,Empleado_Informal
1,48.0,1,2,4,13, , , ,9.0,9.0,0.0,2,6.0,Empleado_Informal
2,40.0,1,2,5,13, , , ,10.0,10.0,0.0,2,5.0,Empleado_Informal
2,22.0,6,2,7,13, , ,3,12.5,12.5,0.0,1,1.0,Empleado_Informal
2,36.0,6,2,6,13, , , ,11.0,11.0,0.0,2,6.0,Empleado_Formal
1,24.0,1,2,6,13, , , ,11.0,11.0,0.0,2,4.0,Empleado_Informal
2,26.0,1,2,6,13, , , ,11.0,11.0,0.0,2,4.0,Empleado_Informal
2,29.0,1,2,7,13, , ,3,12.5,12.5,0.0,2,6.0,Empleado_Informal
1,29.0,1,2,8,13,2, ,3,14.0,14.0,0.0,2,6.0,Empleado_Formal
2,37.0,5,2,10,13,1,2,3,16.0,16.0,0.0,9,1.0,Empleado_Informal
1,42.0,6,2,10,13,1,2,3,16.0,16.0,0.0,2,5.0,Empleado_Formal
1,33.0,1,2,10,13,1,2,3,16.0,16.0,0.0,2,6.0,Empleado_Informal
2,35.0,1,2,9,13, , ,3,13.5,13.5,0.0,2,5.0,Empleado_Formal
1,30.0,2,2,9,13, , ,3,13.5,13.5,0.0,2,6.0,Empleado_Formal
2,24.0,2,2,6,13, , , ,11.0,11.0,0.0,2,5.0,Desempleado
1,39.0,1,2,5,5, , , ,10.0,8.5,0.5,2,6.0,Empleado_Formal
2,29.0,1,2,6,13, , , ,11.0,11.0,0.0,2,5.0,Empleado_Informal
1,30.0,1,2,6,13, , , ,11.0,11.0,0.0,2,0.0,Empleado_Informal
1,31.0,1,2,6,13, , , ,11.0,11.0,0.0,1,3.0,Empleado_Informal
2,26.0,1,2,6,13, , , ,11.0,11.0,0.0,1,3.0,Desempleado
2,30.0,6,2,8,13,1,2,3,14.0,14.0,0.0,2,3.0,Empleado_Informal
2,27.0,6,2,6,13, , , ,11.0,11.0,0.0,1,3.0,Empleado_Informal
1,26.0,6,2,6,13, , , ,11.0,11.0,0.0,1,3.0,Empleado_Informal
1,32.0,1,2,8,13,1,2,3,14.0,14.0,0.0,2,2.0,Empleado_Informal
2,29.0,1,2,6,13, , , ,11.0,11.0,0.0,2,2.0,Desempleado
2,29.0,1,2,7,13, , ,3,12.5,12.5,0.0,2,3.0,Desempleado
1,32.0,1,2,10,13,1,1,3,16.0,16.0,0.0,2,3.0,Empleado_Informal
1,25.0,1,2,6,13, , , ,11.0,11.0,0.0,4,6.0,Empleado_Informal
2,22.0,1,2,6,13, , , ,11.0,11.0,0.0,6,5.0,Empleado_Informal
1,28.0,2,2,10,13,1,2,3,16.0,16.0,0.0,2,6.0,Empleado_Formal
1,28.0,1,2,9,13, , ,3,13.5,13.5,0.0,2,7.0,Empleado_Formal
2,35.0,1,1,1,6, , ,1,0.0,11.0,-11.0,No Especificado,5.0,Empleado_Informal
2,30.0,1,2,9,13, , ,3,13.5,13.5,0.0,2,7.0,Empleado_Informal
1,51.0,1,2,8,13,1,2,3,14.0,14.0,0.0,2,7.0,Empleado_Informal
2,58.0,6,2,8,13,1,2,3,14.0,14.0,0.0,1,5.0,Empleado_Informal
2,28.0,6,2,10,13,1,2,3,16.0,16.0,0.0,2,7.0,Empleado_Formal
1,34.0,1,2,5,13, , , ,10.0,10.0,0.0,2,6.0,Empleado_Formal
2,35.0,1,2,6,13, , , ,11.0,11.0,0.0,3,6.0,Empleado_Formal
1,48.0,1,2,10,13,1,2,3,16.0,16.0,0.0,2,6.0,Empleado_Informal
1,18.0,6,2,4,6, , ,1,9.0,11.0,-2.0,2,5.0,Empleado_Informal
2,26.0,6,2,10,13,1,2,3,16.0,16.0,0.0,2,5.0,Empleado_Informal
1,63.0,2,2,6,13, , , ,11.0,11.0,0.0,2,2.0,Empleado_Informal
2,54.0,2,2,10,13,1,2,3,16.0,16.0,0.0,2,3.0,Empleado_Informal
1,37.0,2,2,10,13,1,2,3,16.0,16.0,0.0,2,7.0,Empleado_Formal
1,58.0,2,1,1,5, , , ,0.0,8.5,-8.5,No Especificado,5.0,Empleado_Informal
2,54.0,2,2,4,13, , , ,9.0,9.0,0.0,2,8.0,Empleado_Informal
1,37.0,1,2,9,13, , ,3,13.5,13.5,0.0,2,6.0,Empleado_Formal
2,35.0,1,2,6,13, , , ,11.0,11.0,0.0,2,5.0,Empleado_Informal
1,53.0,2,2,10,13,1,1,3,16.0,16.0,0.0,2,5.0,Empleado_Formal
2,47.0,2,2,9,13, , ,3,13.5,13.5,0.0,2,5.0,Empleado_Informal
1,24.0,6,2,6,9, , ,0,11.0,13.5,-2.5,2,5.0,Empleado_Informal
1,25.0,2,2,9,13, , ,3,13.5,13.5,0.0,2,3.0,Empleado_Informal
2,26.0,2,2,9,13, , ,3,13.5,13.5,0.0,2,4.0,Empleado_Informal
2,40.0,2,2,10,13,1,2,3,16.0,16.0,0.0,2,5.0,Empleado_Informal
1,40.0,2,2,10,13,1,2,3,16.0,16.0,0.0,2,5.0,Empleado_Informal
1,44.0,6,2,8,13,1,2,3,14.0,14.0,0.0,2,8.0,Empleado_Formal
2,54.0,5,2,4,13, , , ,9.0,9.0,0.0,2,7.0,Empleado_Informal
2,48.0,2,2,10,13,1,2,3,16.0,16.0,0.0,2,6.0,Empleado_Informal
1,46.0,2,2,10,13,1,2,3,16.0,16.0,0.0,2,6.0,Empleado_Formal
2,16.0,6,2,5,5, , , ,10.0,8.5,0.5,2,6.0,Empleado_Informal
1,54.0,1,2,8,13,1,2,3,14.0,14.0,0.0,2,5.0,Empleado_Informal
2,45.0,1,1,8,8, , ,0,14.0,14.0,0.0,No Especificado,5.0,Empleado_Informal
1,30.0,6,2,7,13, , ,3,12.5,12.5,0.0,2,4.0,Empleado_Informal
2,39.0,6,2,10,13,1,2,3,16.0,16.0,0.0,2,8.0,Empleado_Formal
1,29.0,1,2,8,13,1,2,3,14.0,14.0,0.0,2,7.0,Empleado_Formal
2,31.0,1,2,10,13,1,2,3,16.0,16.0,0.0,2,8.0,Empleado_Informal
2,42.0,1,2,10,13,1,1,3,16.0,16.0,0.0,2,6.0,Empleado_Formal
1,42.0,1,2,6,13, , , ,11.0,11.0,0.0,2,5.0,Desempleado
2,33.0,1,2,9,13, , ,3,13.5,13.5,0.0,2,7.0,Empleado_Informal
1,35.0,1,2,9,13, , ,3,13.5,13.5,0.0,2,7.0,Empleado_Informal
2,37.0,6,2,8,13,1,2,3,14.0,14.0,0.0,2,6.0,Empleado_Informal
2,27.0,1,2,7,13, , ,3,12.5,12.5,0.0,2,4.0,Empleado_Informal
1,30.0,1,2,7,13, , ,3,12.5,12.5,0.0,2,6.0,Empleado_Informal
1,28.0,6,2,6,13, , , ,11.0,11.0,0.0,2,6.0,Empleado_Formal
2,31.0,6,2,9,13, , ,3,13.5,13.5,0.0,2,6.0,Empleado_Formal
2,28.0,5,2,6,13, , , ,11.0,11.0,0.0,2,8.0,Empleado_Informal
1,34.0,1,2,4,13, , , ,9.0,9.0,0.0,2,6.0,Empleado_Informal
1,16.0,6,2,5,5, , , ,10.0,8.5,0.5,1,6.0,Empleado_Informal
2,27.0,5,2,6,13, , , ,11.0,11.0,0.0,1,4.0,Empleado_Informal
1,46.0,1,2,1,13, , , ,0.0,4.5,0.0,2,5.0,Empleado_Informal
2,45.0,1,2,5,13, , , ,10.0,10.0,0.0,2,2.0,Desempleado
2,19.0,1,2,5,13, , , ,10.0,10.0,0.0,2,2.0,Empleado_Informal
1,24.0,1,2,3,13, , , ,4.5,4.5,0.0,2,1.0,Empleado_Informal
1,35.0,1,2,6,13, , , ,11.0,11.0,0.0,2,6.0,Empleado_Informal
1,18.0,6,2,5,5, , , ,10.0,8.5,0.5,9,5.0,Empleado_Informal
1,27.0,6,2,6,13, , , ,11.0,11.0,0.0,1,5.0,Empleado_Informal
2,26.0,5,2,6,13, , , ,11.0,11.0,0.0,2,4.0,Empleado_Informal
1,51.0,1,2,6,13, , , ,11.0,11.0,0.0,1,4.0,Empleado_Informal
2,47.0,1,2,6,13, , , ,11.0,11.0,0.0,1,2.0,Desempleado
2,33.0,6,2,8,13,1,2,3,14.0,14.0,0.0,2,6.0,Empleado_Informal
1,62.0,2,2,7,13, , ,3,12.5,12.5,0.0,2,7.0,Empleado_Informal
2,38.0,2,2,6,13, , , ,11.0,11.0,0.0,2,6.0,Empleado_Informal
2,26.0,6,2,10,13,1,2,3,16.0,16.0,0.0,2,6.0,Empleado_Informal
1,57.0,5,2,8,13,1,2,3,14.0,14.0,0.0,2,5.0,Empleado_Informal
1,36.0,6,2,9,13, , ,3,13.5,13.5,0.0,2,7.0,Empleado_Informal
1,23.0,1,2,6,13, , , ,11.0,11.0,0.0,2,6.0,Empleado_Informal
1,31.0,1,2,10,13,1,2,3,16.0,16.0,0.0,2,6.0,Empleado_Informal
1,38.0,2,2,10,13,2, ,3,16.0,16.0,0.0,2,7.0,Empleado_Formal
2,43.0,2,2,10,13,1,2,3,16.0,16.0,0.0,2,5.0,Empleado_Informal
1,36.0,6,2,6,13, , , ,11.0,11.0,0.0,2,5.0,Empleado_Informal
1,41.0,1,2,6,13, , , ,11.0,11.0,0.0,9,0.0,Empleado_Informal
2,47.0,1,2,8,13,1,2,3,14.0,14.0,0.0,9,0.0,Desempleado
2,20.0,1,2,5,13, , , ,10.0,10.0,0.0,9,0.0,Empleado_Informal
1,25.0,1,2,6,13, , , ,11.0,11.0,0.0,9,0.0,Empleado_Informal
2,51.0,6,2,6,13, , , ,11.0,11.0,0.0,2,4.0,Empleado_Informal
1,32.0,6,2,6,13, , , ,11.0,11.0,0.0,1,2.0,Empleado_Informal
2,22.0,6,2,6,13, , , ,11.0,11.0,0.0,2,4.0,Empleado_Informal
1,23.0,1,2,6,13, , , ,11.0,11.0,0.0,1,3.0,Empleado_Informal
1,47.0,2,2,5,13, , , ,10.0,10.0,0.0,2,2.0,Empleado_Informal
2,38.0,2,2,10,13,1,2,3,16.0,16.0,0.0,2,2.0,Empleado_Informal
1,17.0,6,2,5,6, , ,1,10.0,11.0,-1.0,2,2.0,Empleado_Informal
1,40.0,1,2,6,13, , , ,11.0,11.0,0.0,7,6.0,Empleado_Informal
2,38.0,1,2,6,13, , , ,11.0,11.0,0.0,2,6.0,Desempleado
1,30.0,2,2,6,13, , , ,11.0,11.0,0.0,9,0.0,Empleado_Formal
2,43.0,6,2,6,13, , , ,11.0,11.0,0.0,2,6.0,Empleado_Informal
1,42.0,1,2,6,13, , , ,11.0,11.0,0.0,2,6.0,Empleado_Formal
2,39.0,1,2,6,13, , , ,11.0,11.0,0.0,2,5.0,Empleado_Informal
1,19.0,6,2,5,6, , ,1,10.0,11.0,-1.0,1,8.0,Empleado_Informal
2,39.0,6,2,6,13, , , ,11.0,11.0,0.0,2,6.0,Empleado_Formal
2,19.0,6,2,5,6, , ,1,10.0,11.0,-1.0,2,5.0,Empleado_Informal
2,45.0,6,2,8,13,1,2,3,14.0,14.0,0.0,2,7.0,Empleado_Formal
1,28.0,1,2,9,13, , ,3,13.5,13.5,0.0,1,2.0,Empleado_Informal
1,28.0,1,2,6,13, , , ,11.0,11.0,0.0,2,6.0,Empleado_Informal
2,33.0,1,1,1,8, , ,0,0.0,14.0,-14.0,No Especificado,5.0,Empleado_Informal
1,22.0,1,2,6,13, , , ,11.0,11.0,0.0,4,3.0,Empleado_Informal
1,32.0,2,2,9,13, , ,3,13.5,13.5,0.0,2,6.0,Empleado_Informal
2,46.0,5,2,10,11, , ,3,16.0,16.0,-3.0,2,6.0,Empleado_Informal
2,26.0,2,2,6,13, , , ,11.0,11.0,0.0,2,6.0,Empleado_Informal
1,31.0,2,2,6,13, , , ,11.0,11.0,0.0,2,6.0,Empleado_Informal
1,33.0,2,2,9,13, , ,3,13.5,13.5,0.0,2,6.0,Empleado_Formal
2,27.0,2,2,9,13, , ,3,13.5,13.5,0.0,2,6.0,Empleado_Formal
1,28.0,6,2,9,13, , ,3,13.5,13.5,0.0,1,6.0,Empleado_Informal
2,47.0,5,2,6,13, , , ,11.0,11.0,0.0,1,1.0,Empleado_Informal
1,26.0,1,2,6,13, , , ,11.0,11.0,0.0,2,5.0,Empleado_Informal
1,29.0,6,2,6,13, , , ,11.0,11.0,0.0,1,3.0,Empleado_Informal
2,32.0,1,2,6,13, , , ,11.0,11.0,0.0,2,8.0,Desempleado
1,35.0,1,2,6,13, , , ,11.0,11.0,0.0,2,5.0,Empleado_Formal
2,45.0,1,2,10,13,1,2,3,16.0,16.0,0.0,2,4.0,Empleado_Informal
1,37.0,1,1,1,6, , ,1,0.0,11.0,-11.0,No Especificado,5.0,Empleado_Informal
2,29.0,5,2,4,13, , , ,9.0,9.0,0.0,2,3.0,Empleado_Informal
2,64.0,4,2,8,13,1,2,3,14.0,14.0,0.0,2,6.0,Empleado_Informal
2,34.0,6,2,8,13,1,2,3,14.0,14.0,0.0,2,4.0,Empleado_Informal
2,39.0,6,2,9,13, , ,3,13.5,13.5,0.0,1,1.0,Desempleado
1,36.0,1,2,8,13,1,1,3,14.0,14.0,0.0,2,4.0,Empleado_Informal
2,26.0,1,2,10,13,1,2,3,16.0,16.0,0.0,2,3.0,Empleado_Informal
1,27.0,6,2,6,13, , , ,11.0,11.0,0.0,2,4.0,Empleado_Informal
2,54.0,1,2,5,13, , , ,10.0,10.0,0.0,2,2.0,Empleado_Informal
1,64.0,1,3,8,13,1,2,3,14.0,14.0,0.0,2,2.0,Empleado_Informal
1,23.0,6,2,8,13,1,2,3,14.0,14.0,0.0,2,2.0,Empleado_Informal
2,37.0,1,2,6,13, , , ,11.0,11.0,0.0,2,3.0,Empleado_Informal
1,32.0,1,2,6,13, , , ,11.0,11.0,0.0,1,2.0,Empleado_Informal
2,27.0,1,2,9,13, , ,3,13.5,13.5,0.0,2,5.0,Empleado_Informal
1,29.0,1,2,5,13, , , ,10.0,10.0,0.0,2,6.0,Empleado_Informal
2,41.0,2,2,6,13, , , ,11.0,11.0,0.0,2,6.0,Empleado_Informal
1,44.0,2,2,4,13, , , ,9.0,9.0,0.0,2,6.0,Empleado_Informal
2,42.0,6,2,10,13,1,2,3,16.0,16.0,0.0,2,5.0,Empleado_Informal
2,59.0,6,2,6,13, , , ,11.0,11.0,0.0,9,3.0,Empleado_Informal
2,28.0,6,2,6,13, , , ,11.0,11.0,0.0,9,6.0,Empleado_Informal
1,29.0,6,2,9,13, , ,3,13.5,13.5,0.0,1,3.0,Empleado_Informal
2,59.0,6,2,10,13,1,2,3,16.0,16.0,0.0,1,4.0,Empleado_Informal
1,18.0,6,2,5,6, , ,1,10.0,11.0,-1.0,1,4.0,Empleado_Informal
2,39.0,6,2,10,13,1,2,3,16.0,16.0,0.0,2,2.0,Empleado_Informal
2,35.0,6,2,8,13,1,2,3,14.0,14.0,0.0,2,6.0,Empleado_Formal
2,59.0,6,2,6,13, , , ,11.0,11.0,0.0, ,5.0,Empleado_Informal
2,19.0,6,2,4,6, , ,1,9.0,11.0,-2.0,9,7.0,Empleado_Informal
2,44.0,3,2,4,13, , , ,9.0,9.0,0.0,2,7.0,Empleado_Informal
2,26.0,6,2,5,13, , , ,10.0,10.0,0.0,9,4.0,Empleado_Informal
2,24.0,1,2,5,13, , , ,10.0,10.0,0.0,2,5.0,Empleado_Informal
1,43.0,1,2,3,13, , , ,4.5,4.5,0.0,2,6.0,Empleado_Informal
2,25.0,6,2,6,13, , , ,11.0,11.0,0.0,1,2.0,Empleado_Informal
1,36.0,1,2,7,13, , ,3,12.5,12.5,0.0,1,3.0,Empleado_Informal
1,28.0,6,2,7,13, , ,3,12.5,12.5,0.0,1,5.0,Empleado_Informal
2,26.0,6,2,6,13, , , ,11.0,11.0,0.0,1,5.0,Empleado_Informal
2,27.0,6,2,7,13, , ,3,12.5,12.5,0.0,2,4.0,Empleado_Informal
2,24.0,1,2,6,13, , , ,11.0,11.0,0.0,1,3.0,Desempleado
1,27.0,1,2,7,13, , ,3,12.5,12.5,0.0,1,3.0,Empleado_Informal
2,32.0,5,2,8,13,1,2,3,14.0,14.0,0.0,1,4.0,Empleado_Informal
1,32.0,1,2,3,13, , , ,4.5,4.5,0.0,2,4.0,Empleado_Informal
2,26.0,1,2,5,13, , , ,10.0,10.0,0.0,6,2.0,Empleado_Informal
1,35.0,1,2,6,13, , , ,11.0,11.0,0.0,7,5.0,Empleado_Informal
2,25.0,1,2,6,13, , , ,11.0,11.0,0.0,2,5.0,Empleado_Informal
1,34.0,1,2,4,13, , , ,9.0,9.0,0.0,2,6.0,Empleado_Formal
2,35.0,1,2,9,9, , ,3,13.5,13.5,0.0,2,2.0,Desempleado
1,25.0,1,1,1,6, , ,1,0.0,11.0,-11.0,No Especificado,5.0,Empleado_Informal
1,25.0,1,2,5,13, , , ,10.0,10.0,0.0,9,5.0,Empleado_Informal
1,25.0,1,2,5,13, , , ,10.0,10.0,0.0,2,6.0,Empleado_Informal
1,33.0,1,2,10,13,1,2,3,16.0,16.0,0.0,2,7.0,Empleado_Informal
1,40.0,2,2,10,13,1,2,3,16.0,16.0,0.0,2,7.0,Empleado_Informal
1,33.0,1,2,5,13, , , ,10.0,10.0,0.0,2,5.0,Empleado_Informal
2,20.0,1,2,5,13, , , ,10.0,10.0,0.0,1,4.0,Empleado_Informal
1,27.0,6,2,6,13, , , ,11.0,11.0,0.0,2,6.0,Empleado_Informal
1,31.0,6,2,5,13, , , ,10.0,10.0,0.0,1,2.0,Empleado_Informal
1,35.0,5,2,5,13, , , ,10.0,10.0,0.0,9,3.0,Empleado_Informal
1,34.0,1,1,1,6, , ,1,0.0,11.0,-11.0,No Especificado,5.0,Empleado_Informal
1,39.0,6,2,10,13,1,2,3,16.0,16.0,0.0,2,5.0,Empleado_Informal
1,26.0,1,2,10,13,1,2,3,16.0,16.0,0.0,2,1.0,Empleado_Informal
2,24.0,1,2,6,13, , , ,11.0,11.0,0.0,1,0.0,Empleado_Informal
1,28.0,1,2,6,13, , , ,11.0,11.0,0.0,1,2.0,Empleado_Informal
1,25.0,6,2,5,13, , , ,10.0,10.0,0.0,2,1.0,Empleado_Informal
1,32.0,1,2,5,13, , , ,10.0,10.0,0.0,1,3.0,Empleado_Informal
2,26.0,1,2,9,13, , ,3,13.5,13.5,0.0,1,3.0,Empleado_Informal
1,51.0,2,2,10,13,1,2,3,16.0,16.0,0.0,2,6.0,Empleado_Informal
2,40.0,2,2,10,13,1,2,3,16.0,16.0,0.0,2,7.0,Empleado_Informal
1,26.0,1,2,6,13, , , ,11.0,11.0,0.0,2,6.0,Empleado_Informal
2,24.0,1,1,1,8, , ,0,0.0,14.0,-14.0,No Especificado,5.0,Empleado_Informal
1,33.0,1,2,3,13, , , ,4.5,4.5,0.0,2,3.0,Empleado_Formal
1,49.0,1,2,4,13, , , ,9.0,9.0,0.0,2,2.0,Empleado_Informal
1,33.0,1,1,1,7, , ,0,0.0,12.5,-12.5,No Especificado,5.0,Empleado_Informal
2,38.0,1,2,6,13, , , ,11.0,11.0,0.0,2,6.0,Empleado_Informal
1,20.0,6,2,5,13, , , ,10.0,10.0,0.0,2,4.0,Empleado_Informal
1,18.0,6,2,5,5, , , ,10.0,8.5,0.5,2,4.0,Empleado_Informal
1,53.0,2,2,6,13, , , ,11.0,11.0,0.0,9,1.0,Empleado_Informal
2,55.0,2,2,5,13, , , ,10.0,10.0,0.0,9,1.0,Desempleado
1,31.0,2,2,6,13, , , ,11.0,11.0,0.0,2,2.0,Empleado_Informal
1,42.0,1,2,8,13,1,2,3,14.0,14.0,0.0,2,6.0,Empleado_Formal
2,37.0,1,2,8,13,1,2,3,14.0,14.0,0.0,2,5.0,Empleado_Informal
1,26.0,1,2,9,13, , ,3,13.5,13.5,0.0,9,2.0,Empleado_Informal
1,37.0,1,2,6,13, , , ,11.0,11.0,0.0,2,3.0,Empleado_Informal
2,35.0,1,2,5,13, , , ,10.0,10.0,0.0,2,3.0,Empleado_Informal
2,26.0,6,2,5,13, , , ,10.0,10.0,0.0,9,5.0,Empleado_Informal
2,30.0,6,2,6,13, , , ,11.0,11.0,0.0,1,3.0,Empleado_Informal
1,27.0,6,2,6,13, , , ,11.0,11.0,0.0,1,3.0,Empleado_Informal
1,43.0,1,2,5,13, , , ,10.0,10.0,0.0,2,6.0,Empleado_Informal
2,36.0,1,2,10,13,1,2,3,16.0,16.0,0.0,2,6.0,Empleado_Informal
1,27.0,1,2,6,13, , , ,11.0,11.0,0.0,2,4.0,Empleado_Informal
2,27.0,1,2,6,13, , , ,11.0,11.0,0.0,2,3.0,Empleado_Informal
1,43.0,4,2,5,13, , , ,10.0,10.0,0.0,6,6.0,Empleado_Informal
1,19.0,6,2,5,13, , , ,10.0,10.0,0.0,1,6.0,Empleado_Informal
1,36.0,6,2,6,13, , , ,11.0,11.0,0.0,1,6.0,Empleado_Informal
1,20.0,6,2,6,13, , , ,11.0,11.0,0.0,1,6.0,Empleado_Informal
2,30.0,5,2,9,13, , ,3,13.5,13.5,0.0,2,6.0,Empleado_Informal
2,22.0,5,2,6,13, , , ,11.0,11.0,0.0,1,3.0,Empleado_Informal
1,28.0,6,2,10,13,1,2,3,16.0,16.0,0.0,2,5.0,Empleado_Informal
2,43.0,6,2,8,13,2, ,3,14.0,14.0,0.0,2,6.0,Empleado_Informal
2,35.0,5,2,6,13, , , ,11.0,11.0,0.0,2,6.0,Empleado_Informal
2,37.0,6,2,10,13,1,2,3,16.0,16.0,0.0,2,6.0,Empleado_Informal
2,39.0,6,2,10,13,1,2,3,16.0,16.0,0.0,2,5.0,Empleado_Informal
1,45.0,2,2,8,13,1,2,3,14.0,14.0,0.0,2,8.0,Empleado_Formal
2,34.0,6,2,10,13,1,2,3,16.0,16.0,0.0,2,5.0,Empleado_Informal
2,33.0,6,2,7,13, , ,3,12.5,12.5,0.0,2,6.0,Empleado_Informal
1,37.0,6,2,7,13, , ,3,12.5,12.5,0.0,2,6.0,Empleado_Informal
1,37.0,1,2,8,13,2, ,3,14.0,14.0,0.0,2,6.0,Empleado_Informal
2,36.0,1,2,10,13,1,1,3,16.0,16.0,0.0,2,5.0,Empleado_Informal
1,38.0,1,2,6,13, , , ,11.0,11.0,0.0,2,8.0,Empleado_Informal
2,42.0,1,2,5,13, , , ,10.0,10.0,0.0,2,6.0,Empleado_Informal
1,47.0,1,2,6,13, , , ,11.0,11.0,0.0,2,6.0,Empleado_Informal
2,22.0,6,2,5,13, , , ,10.0,10.0,0.0,2,6.0,Empleado_Informal
2,42.0,6,2,6,13, , , ,11.0,11.0,0.0,1,3.0,Empleado_Informal
1,27.0,6,2,6,13, , , ,11.0,11.0,0.0,1,3.0,Empleado_Informal
1,22.0,1,2,6,13, , , ,11.0,11.0,0.0,2,2.0,Empleado_Informal
2,21.0,1,2,6,13, , , ,11.0,11.0,0.0,2,1.0,Empleado_Informal
2,32.0,1,2,6,13, , , ,11.0,11.0,0.0,9,1.0,Empleado_Informal
1,39.0,1,2,6,13, , , ,11.0,11.0,0.0,2,1.0,Empleado_Informal
2,34.0,6,2,8,13,1,2,3,14.0,14.0,0.0,2,2.0,Empleado_Informal
2,57.0,6,1,3,3, , , ,4.5,4.5,0.5,No Especificado,5.0,Empleado_Informal
1,53.0,1,2,5,13, , , ,10.0,10.0,0.0,2,6.0,Empleado_Informal
2,50.0,1,2,10,13,1,2,3,16.0,16.0,0.0,2,5.0,Empleado_Informal
1,32.0,6,2,6,13, , , ,11.0,11.0,0.0,2,6.0,Empleado_Formal
1,33.0,1,2,6,13, , , ,11.0,11.0,0.0,2,4.0,Empleado_Informal
1,51.0,2,2,4,13, , , ,9.0,9.0,0.0,2,6.0,Empleado_Informal
2,42.0,2,2,9,13, , ,3,13.5,13.5,0.0,2,3.0,Empleado_Informal
1,20.0,6,2,6,13, , , ,11.0,11.0,0.0,2,3.0,Empleado_Informal
1,35.0,6,2,6,13, , , ,11.0,11.0,0.0,2,2.0,Empleado_Formal
1,26.0,2,2,6,13, , , ,11.0,11.0,0.0,2,1.0,Empleado_Informal
2,21.0,2,2,8,13,1,2,3,14.0,14.0,0.0,2,1.0,Empleado_Informal
1,40.0,6,2,10,13,1,2,3,16.0,16.0,0.0,2,7.0,Empleado_Informal
2,44.0,6,2,10,13,1,2,3,16.0,16.0,0.0,1,5.0,Empleado_Informal
2,22.0,6,2,5,13, , , ,10.0,10.0,0.0,2,5.0,Empleado_Informal
2,50.0,6,2,10,13,1,2,3,16.0,16.0,0.0,2,7.0,Empleado_Informal
2,31.0,1,2,10,13,1,2,3,16.0,16.0,0.0,2,3.0,Empleado_Formal
1,35.0,1,2,6,13, , , ,11.0,11.0,0.0,1,3.0,Empleado_Informal
1,47.0,1,2,5,13, , , ,10.0,10.0,0.0,2,6.0,Empleado_Informal
2,44.0,1,2,10,13,1,1,3,16.0,16.0,0.0,2,7.0,Empleado_Informal
1,42.0,2,2,10,13,1,1,3,16.0,16.0,0.0,2,7.0,Empleado_Formal
2,42.0,2,2,10,13,2, ,3,16.0,16.0,0.0,2,6.0,Desempleado
1,23.0,6,2,5,6, , ,1,10.0,11.0,-1.0,2,6.0,Empleado_Informal
2,39.0,1,2,6,13, , , ,11.0,11.0,0.0,9,0.0,Empleado_Informal
1,31.0,1,2,6,13, , , ,11.0,11.0,0.0,9,0.0,Empleado_Informal
1,24.0,6,2,5,13, , , ,10.0,10.0,0.0,9,0.0,Empleado_Informal
2,17.0,6,2,5,13, , , ,10.0,10.0,0.0,9,0.0,Empleado_Informal
2,32.0,1,2,3,13, , , ,4.5,4.5,0.0,2,2.0,Empleado_Informal
1,34.0,1,1,1,6, , ,1,0.0,11.0,-11.0,No Especificado,5.0,Empleado_Formal
1,16.0,6,2,3,13, , , ,4.5,4.5,0.0,2,5.0,Empleado_Informal
1,21.0,6,2,5,13, , , ,10.0,10.0,0.0,9,0.0,Empleado_Informal
1,48.0,3,2,10,13,1,2,3,16.0,16.0,0.0,2,2.0,Empleado_Informal
1,16.0,6,2,4,13, , , ,9.0,9.0,0.0,1,1.0,Desempleado
2,52.0,6,2,5,13, , , ,10.0,10.0,0.0,2,5.0,Empleado_Informal
1,40.0,1,2,6,13, , , ,11.0,11.0,0.0,2,7.0,Empleado_Formal
2,31.0,1,2,8,13,1,2,3,14.0,14.0,0.0,2,5.0,Empleado_Informal
1,31.0,1,2,9,13, , ,3,13.5,13.5,0.0,2,6.0,Empleado_Informal
1,41.0,1,2,6,13, , , ,11.0,11.0,0.0,2,6.0,Empleado_Informal
2,39.0,1,2,8,13,1,2,3,14.0,14.0,0.0,2,5.0,Empleado_Informal
1,22.0,6,2,6,13, , , ,11.0,11.0,0.0,2,3.0,Empleado_Informal
2,16.0,6,2,3,5, , , ,4.5,8.5,-4.0,2,5.0,Empleado_Informal
1,26.0,1,2,6,13, , , ,11.0,11.0,0.0,2,7.0,Empleado_Informal
1,26.0,1,2,6,13, , , ,11.0,11.0,0.0,2,1.0,Empleado_Informal
2,38.0,2,2,10,13,2, ,3,16.0,16.0,0.0,2,6.0,Empleado_Formal
2,44.0,6,2,9,13, , ,3,13.5,13.5,0.0,2,6.0,Empleado_Informal
1,33.0,1,2,8,13,2, ,3,14.0,14.0,0.0,2,7.0,Empleado_Informal
2,39.0,1,2,10,13,1,2,3,16.0,16.0,0.0,2,7.0,Empleado_Informal
1,33.0,6,2,6,13, , , ,11.0,11.0,0.0,2,6.0,Empleado_Informal
1,26.0,1,2,6,13, , , ,11.0,11.0,0.0,1,1.0,Empleado_Informal
2,24.0,1,2,5,13, , , ,10.0,10.0,0.0,1,1.0,Empleado_Informal
1,33.0,1,2,4,13, , , ,9.0,9.0,0.0,2,3.0,Empleado_Formal
1,61.0,2,2,4,13, , , ,9.0,9.0,0.0,2,6.0,Empleado_Informal
2,20.0,6,2,3,6, , ,1,4.5,11.0,-6.5,2,6.0,Empleado_Informal
1,51.0,5,2,7,13, , ,3,12.5,12.5,0.0,2,3.0,Empleado_Informal
1,38.0,6,2,8,13,1,2,3,14.0,14.0,0.0,2,2.0,Empleado_Informal
2,30.0,1,2,8,13,1,2,3,14.0,14.0,0.0,2,6.0,Empleado_Informal
1,32.0,1,2,8,13,1,2,3,14.0,14.0,0.0,2,6.0,Empleado_Informal
2,25.0,6,2,7,13, , ,3,12.5,12.5,0.0,1,2.0,Empleado_Informal
2,23.0,1,2,6,13, , , ,11.0,11.0,0.0,1,3.0,Empleado_Informal
1,25.0,1,2,6,13, , , ,11.0,11.0,0.0,1,3.0,Empleado_Informal
1,34.0,6,2,7,13, , ,3,12.5,12.5,0.0,1,5.0,Empleado_Informal
2,27.0,1,2,6,13, , , ,11.0,11.0,0.0,2,3.0,Desempleado
1,34.0,1,2,8,13,1,2,3,14.0,14.0,0.0,2,3.0,Empleado_Informal
1,42.0,1,2,7,13, , ,3,12.5,12.5,0.0,1,5.0,Empleado_Informal
1,28.0,6,2,6,13, , , ,11.0,11.0,0.0,1,3.0,Empleado_Informal
2,41.0,2,2,6,13, , , ,11.0,11.0,0.0,2,5.0,Empleado_Informal
1,47.0,2,2,3,13, , , ,4.5,4.5,0.0,2,2.0,Empleado_Informal
1,28.0,1,2,4,13, , , ,9.0,9.0,0.0,2,1.0,Empleado_Informal
2,24.0,1,2,5,13, , , ,10.0,10.0,0.0,2,0.0,Empleado_Informal
1,31.0,2,2,6,13, , , ,11.0,11.0,0.0,2,6.0,Desempleado
1,39.0,1,2,5,13, , , ,10.0,10.0,0.0,6,6.0,Empleado_Informal
1,34.0,6,2,10,13,1,2,3,16.0,16.0,0.0,9,3.0,Empleado_Informal
2,32.0,2,2,10,13,1,2,3,16.0,16.0,0.0,9,1.0,Empleado_Informal
2,38.0,6,2,6,13, , , ,11.0,11.0,0.0,1,1.0,Empleado_Informal
1,19.0,6,2,5,5, , , ,10.0,8.5,0.5,9,1.0,Empleado_Informal
1,18.0,6,2,5,13, , , ,10.0,10.0,0.0,9,2.0,Empleado_Informal
1,16.0,6,2,4,13, , , ,9.0,9.0,0.0,9,3.0,Empleado_Informal
1,32.0,6,2,9,13, , ,3,13.5,13.5,0.0,1,2.0,Empleado_Informal
2,53.0,6,2,4,4, , , ,9.0,6.0,0.5,9,1.0,Empleado_Informal
2,32.0,6,2,9,9, , ,3,13.5,13.5,0.0,2,6.0,Empleado_Informal
1,24.0,1,2,5,5, , , ,10.0,8.5,0.5,9,1.0,Empleado_Informal
2,22.0,1,2,5,5, , , ,10.0,8.5,0.5,9,1.0,Empleado_Informal
1,41.0,2,2,10,13,1,2,3,16.0,16.0,0.0,2,6.0,Empleado_Informal
2,37.0,2,2,10,13,1,2,3,16.0,16.0,0.0,2,6.0,Empleado_Informal
2,19.0,6,2,5,6, , ,1,10.0,11.0,-1.0,2,7.0,Empleado_Informal
2,55.0,2,2,5,13, , , ,10.0,10.0,0.0,2,4.0,Empleado_Informal
1,27.0,6,2,10,13,2, ,3,16.0,16.0,0.0,2,3.0,Empleado_Informal
1,24.0,1,3,6,13, , , ,11.0,11.0,0.0,9,6.0,Empleado_Informal
2,25.0,1,2,6,13, , , ,11.0,11.0,0.0,2,6.0,Empleado_Informal
2,36.0,2,2,7,13, , ,3,12.5,12.5,0.0,9,3.0,Empleado_Informal
1,39.0,2,2,7,13, , ,3,12.5,12.5,0.0,1,4.0,Empleado_Informal
1,32.0,1,1,1,8, , ,0,0.0,14.0,-14.0,No Especificado,5.0,Empleado_Informal
1,28.0,6,2,3,3, , , ,4.5,4.5,0.5,2,5.0,Empleado_Informal
2,42.0,1,2,5,13, , , ,10.0,10.0,0.0,2,5.0,Empleado_Informal
1,42.0,1,2,8,13,2, ,3,14.0,14.0,0.0,2,5.0,Empleado_Formal
2,34.0,1,2,9,13, , ,3,13.5,13.5,0.0,2,5.0,Empleado_Informal
1,36.0,1,2,6,13, , , ,11.0,11.0,0.0,2,6.0,Empleado_Informal
2,31.0,1,1,1,6, , ,1,0.0,11.0,-11.0,No Especificado,5.0,Empleado_Informal
1,29.0,1,2,5,13, , , ,10.0,10.0,0.0,9,1.0,Empleado_Informal
1,37.0,2,2,6,13, , , ,11.0,11.0,0.0,2,6.0,Empleado_Informal
2,36.0,2,2,10,13,1,2,3,16.0,16.0,0.0,2,6.0,Empleado_Informal
1,50.0,2,2,6,13, , , ,11.0,11.0,0.0,2,1.0,Empleado_Informal
2,57.0,2,2,6,13, , , ,11.0,11.0,0.0,2,1.0,Empleado_Informal
2,41.0,1,2,6,13, , , ,11.0,11.0,0.0,2,6.0,Empleado_Informal
1,42.0,1,2,8,13,1,2,3,14.0,14.0,0.0,2,7.0,Empleado_Informal
2,50.0,4,2,10,13,1,2,3,16.0,16.0,0.0,2,6.0,Empleado_Formal
2,26.0,6,2,8,13,1,2,3,14.0,14.0,0.0,2,6.0,Empleado_Informal
1,31.0,1,1,1,6, , ,0,0.0,11.0,-11.0,No Especificado,5.0,Empleado_Formal
2,30.0,1,2,6,13, , , ,11.0,11.0,0.0,2,6.0,Empleado_Informal
2,31.0,1,2,6,13, , , ,11.0,11.0,0.0,2,5.0,Empleado_Informal
1,49.0,1,1,4,6, , ,1,9.0,11.0,-2.0,No Especificado,5.0,Empleado_Informal
1,25.0,6,2,7,13, , ,3,12.5,12.5,0.0,1,3.0,Empleado_Informal
1,33.0,1,2,8,13,1,2,3,14.0,14.0,0.0,1,3.0,Empleado_Informal
2,27.0,6,2,7,13, , ,3,12.5,12.5,0.0,1,2.0,Empleado_Informal
2,34.0,6,2,6,13, , , ,11.0,11.0,0.0,1,4.0,Empleado_Informal
1,23.0,6,2,6,13, , , ,11.0,11.0,0.0,1,3.0,Empleado_Informal
2,64.0,1,2,7,13, , ,3,12.5,12.5,0.0,2,5.0,Empleado_Informal
2,34.0,6,2,6,7, , ,0,11.0,12.5,-1.5,2,6.0,Empleado_Informal
2,35.0,1,2,4,13, , , ,9.0,9.0,0.0,2,6.0,Desempleado
1,35.0,1,2,7,13, , ,3,12.5,12.5,0.0,2,6.0,Empleado_Informal
2,31.0,6,2,8,13,1,2,3,14.0,14.0,0.0,2,6.0,Empleado_Informal
1,43.0,6,2,10,13,1,2,3,16.0,16.0,0.0,9,1.0,Empleado_Informal
2,36.0,5,2,10,13,1,2,3,16.0,16.0,0.0,2,6.0,Empleado_Informal
2,32.0,5,2,8,13,1,2,3,14.0,14.0,0.0,2,6.0,Empleado_Informal
1,29.0,1,2,7,13, , ,3,12.5,12.5,0.0,2,5.0,Empleado_Informal
2,24.0,1,2,4,13, , , ,9.0,9.0,0.0,2,5.0,Empleado_Informal
1,45.0,1,2,4,13, , , ,9.0,9.0,0.0,2,6.0,Empleado_Informal
2,33.0,1,2,6,13, , , ,11.0,11.0,0.0,2,6.0,Empleado_Informal
1,26.0,1,2,6,13, , , ,11.0,11.0,0.0,2,4.0,Empleado_Formal
2,26.0,1,2,6,13, , , ,11.0,11.0,0.0,2,4.0,Empleado_Informal
1,31.0,6,2,6,13, , , ,11.0,11.0,0.0,9,0.0,Empleado_Informal
2,44.0,6,2,10,13,1,2,3,16.0,16.0,0.0,1,2.0,Empleado_Informal
1,19.0,6,2,5,13, , , ,10.0,10.0,0.0,9,0.0,Empleado_Informal
1,47.0,6,2,4,13, , , ,9.0,9.0,0.0,9,5.0,Empleado_Informal
1,31.0,1,2,7,13, , ,3,12.5,12.5,0.0,2,6.0,Desempleado
2,36.0,1,2,8,13,1,2,3,14.0,14.0,0.0,2,7.0,Empleado_Informal
2,54.0,6,2,6,13, , , ,11.0,11.0,0.0,2,2.0,Empleado_Informal
2,32.0,6,2,9,13, , ,3,13.5,13.5,0.0,2,2.0,Empleado_Informal
1,42.0,2,2,10,13,1,2,3,16.0,16.0,0.0,2,3.0,Empleado_Informal
1,48.0,4,2,8,13,1,2,3,14.0,14.0,0.0,1,2.0,Empleado_Informal
1,24.0,6,2,4,13, , , ,9.0,9.0,0.0,1,2.0,Empleado_Informal
1,40.0,5,2,8,13,2, ,3,14.0,14.0,0.0,2,3.0,Empleado_Informal
1,37.0,5,2,7,13, , ,3,12.5,12.5,0.0,1,2.0,Empleado_Informal
2,38.0,5,2,8,13,2, ,3,14.0,14.0,0.0,2,3.0,Empleado_Informal
1,39.0,1,2,8,13,1,2,3,14.0,14.0,0.0,2,5.0,Empleado_Informal
1,35.0,1,2,6,13, , , ,11.0,11.0,0.0,2,6.0,Empleado_Informal
2,26.0,1,1,1,6, , ,1,0.0,11.0,-11.0,No Especificado,5.0,Empleado_Informal
2,33.0,3,2,8,13,1,2,3,14.0,14.0,0.0,2,5.0,Empleado_Informal
1,32.0,2,2,7,13, , ,3,12.5,12.5,0.0,9,5.0,Empleado_Informal
2,29.0,2,2,6,13, , , ,11.0,11.0,0.0,9,5.0,Empleado_Informal
1,34.0,1,1,1,8, , ,0,0.0,14.0,-14.0,No Especificado,5.0,Empleado_Informal
2,28.0,1,2,10,13,1,2,3,16.0,16.0,0.0,2,6.0,Empleado_Informal
1,24.0,1,2,6,13, , , ,11.0,11.0,0.0,2,5.0,Empleado_Informal
2,26.0,1,2,5,13, , , ,10.0,10.0,0.0,2,5.0,Empleado_Informal
1,41.0,1,2,6,13, , , ,11.0,11.0,0.0,2,5.0,Empleado_Formal
2,42.0,1,2,10,13,1,1,3,16.0,16.0,0.0,2,5.0,Empleado_Informal
2,36.0,1,2,4,13, , , ,9.0,9.0,0.0,2,5.0,Empleado_Informal
1,28.0,1,2,6,13, , , ,11.0,11.0,0.0,2,5.0,Empleado_Informal
2,53.0,6,2,4,13, , , ,9.0,9.0,0.0,6,1.0,Empleado_Informal
2,34.0,6,2,6,13, , , ,11.0,11.0,0.0,2,6.0,Empleado_Informal
1,52.0,4,2,9,13, , ,3,13.5,13.5,0.0,2,6.0,Empleado_Formal
1,19.0,6,2,6,13, , , ,11.0,11.0,0.0,1,5.0,Empleado_Informal
1,41.0,1,2,8,13,1,2,3,14.0,14.0,0.0,2,6.0,Empleado_Formal
2,39.0,1,2,5,13, , , ,10.0,10.0,0.0,1,1.0,Empleado_Informal
1,27.0,1,2,5,13, , , ,10.0,10.0,0.0,1,2.0,Empleado_Informal
2,34.0,1,2,9,13, , ,3,13.5,13.5,0.0,1,3.0,Desempleado
1,39.0,1,2,6,13, , , ,11.0,11.0,0.0,1,3.0,Empleado_Informal
1,24.0,1,2,7,13, , ,3,12.5,12.5,0.0,1,5.0,Empleado_Informal
2,26.0,1,2,6,13, , , ,11.0,11.0,0.0,1,5.0,Desempleado
2,26.0,6,2,7,13, , ,3,12.5,12.5,0.0,1,6.0,Empleado_Informal
2,26.0,6,2,7,13, , ,3,12.5,12.5,0.0,1,6.0,Empleado_Informal
1,31.0,6,2,6,13, , , ,11.0,11.0,0.0,1,6.0,Empleado_Informal
1,27.0,6,2,6,13, , , ,11.0,11.0,0.0,1,3.0,Empleado_Informal
2,31.0,6,2,7,13, , ,3,12.5,12.5,0.0,1,3.0,Empleado_Informal
2,41.0,1,2,7,13, , ,3,12.5,12.5,0.0,2,6.0,Empleado_Informal
1,42.0,1,2,8,13,1,2,3,14.0,14.0,0.0,2,6.0,Empleado_Informal
1,39.0,6,2,7,13, , ,3,12.5,12.5,0.0,1,5.0,Empleado_Informal
2,42.0,5,2,8,13,1,2,3,14.0,14.0,0.0,2,5.0,Empleado_Informal
2,31.0,1,2,8,13,1,2,3,14.0,14.0,0.0,1,7.0,Empleado_Informal
1,35.0,1,2,4,13, , , ,9.0,9.0,0.0,1,7.0,Empleado_Informal
1,41.0,1,2,4,13, , , ,9.0,9.0,0.0,1,6.0,Empleado_Informal
2,40.0,1,2,8,13,1,2,3,14.0,14.0,0.0,2,7.0,Empleado_Informal
1,44.0,1,2,10,13,1,2,3,16.0,16.0,0.0,2,7.0,Empleado_Informal
2,27.0,6,2,6,13, , , ,11.0,11.0,0.0,2,5.0,Empleado_Informal
1,31.0,6,2,6,13, , , ,11.0,11.0,0.0,1,3.0,Empleado_Informal
1,30.0,6,2,7,13, , ,3,12.5,12.5,0.0,1,3.0,Empleado_Informal
1,22.0,6,2,6,13, , , ,11.0,11.0,0.0,1,3.0,Desempleado
2,26.0,1,2,6,13, , , ,11.0,11.0,0.0,2,5.0,Desempleado
1,31.0,1,2,6,13, , , ,11.0,11.0,0.0,2,5.0,Empleado_Informal
1,33.0,6,2,9,13, , ,3,13.5,13.5,0.0,2,3.0,Empleado_Informal
1,34.0,6,2,7,13, , ,3,12.5,12.5,0.0,2,5.0,Empleado_Informal
2,24.0,1,2,6,13, , , ,11.0,11.0,0.0,9,0.0,Desempleado
1,25.0,1,2,6,13, , , ,11.0,11.0,0.0,9,0.0,Empleado_Informal
1,30.0,6,2,6,13, , , ,11.0,11.0,0.0,1,6.0,Empleado_Formal
1,39.0,1,2,6,13, , , ,11.0,11.0,0.0,2,6.0,Empleado_Informal
2,29.0,1,1,1,6, , ,1,0.0,11.0,-11.0,No Especificado,5.0,Empleado_Informal
2,42.0,6,2,3,13, , , ,4.5,4.5,0.0,9,0.0,Empleado_Informal
1,20.0,6,2,6,13, , , ,11.0,11.0,0.0,1,3.0,Empleado_Informal
2,24.0,1,2,9,13, , ,3,13.5,13.5,0.0,2,6.0,Empleado_Informal
1,27.0,1,2,5,13, , , ,10.0,10.0,0.0,2,6.0,Empleado_Informal
2,57.0,6,2,10,13,1,2,3,16.0,16.0,0.0,2,5.0,Empleado_Informal
1,20.0,1,2,5,13, , , ,10.0,10.0,0.0,2,5.0,Desempleado
1,31.0,6,2,9,13, , ,3,13.5,13.5,0.0,2,4.0,Empleado_Informal
1,30.0,1,2,4,13, , , ,9.0,9.0,0.0,2,3.0,Empleado_Informal
2,29.0,1,2,10,13,1,2,3,16.0,16.0,0.0,2,3.0,Empleado_Informal
2,35.0,5,2,6,13, , , ,11.0,11.0,0.0,1,2.0,Empleado_Informal
1,16.0,6,1,5,13, , , ,10.0,10.0,0.0,No Especificado,5.0,Empleado_Informal
1,30.0,1,2,9,13, , ,3,13.5,13.5,0.0,2,6.0,Empleado_Formal
1,33.0,1,1,1,8, , ,0,0.0,14.0,-14.0,No Especificado,5.0,Empleado_Formal
1,40.0,1,1,1,10, , ,0,0.0,16.0,-14.0,No Especificado,5.0,Empleado_Informal
2,37.0,1,2,10,13,1,1,3,16.0,16.0,0.0,2,6.0,Empleado_Informal
2,63.0,4,2,10,11, , ,3,16.0,16.0,-3.0,2,5.0,Empleado_Informal
2,31.0,2,2,9,13, , ,3,13.5,13.5,0.0,2,6.0,Desempleado
1,39.0,2,2,5,13, , , ,10.0,10.0,0.0,2,6.0,Empleado_Informal
1,37.0,1,2,10,13,1,2,3,16.0,16.0,0.0,2,5.0,Empleado_Informal
2,31.0,1,2,8,13,1,2,3,14.0,14.0,0.0,2,5.0,Desempleado
1,39.0,6,2,8,13,1,2,3,14.0,14.0,0.0,2,5.0,Empleado_Informal
2,35.0,1,2,10,13,2, ,3,16.0,16.0,0.0,2,5.0,Empleado_Informal
1,34.0,1,2,9,13, , ,3,13.5,13.5,0.0,2,6.0,Empleado_Informal
2,44.0,1,2,6,13, , , ,11.0,11.0,0.0,2,2.0,Empleado_Informal
1,48.0,1,2,6,13, , , ,11.0,11.0,0.0,2,2.0,Empleado_Informal
1,29.0,6,2,4,13, , , ,9.0,9.0,0.0,2,4.0,Empleado_Informal
2,38.0,5,2,5,13, , , ,10.0,10.0,0.0,2,5.0,Empleado_Informal
2,43.0,2,2,10,13,1,2,3,16.0,16.0,0.0,2,5.0,Empleado_Formal
1,42.0,2,2,10,13,1,2,3,16.0,16.0,0.0,2,5.0,Empleado_Formal
1,34.0,1,2,5,13, , , ,10.0,10.0,0.0,2,3.0,Empleado_Informal
2,32.0,1,2,6,13, , , ,11.0,11.0,0.0,2,2.0,Empleado_Informal
1,43.0,6,2,6,13, , , ,11.0,11.0,0.0,2,2.0,Empleado_Informal
2,38.0,6,2,4,13, , , ,9.0,9.0,0.0,6,1.0,Empleado_Informal
2,19.0,6,2,4,13, , , ,9.0,9.0,0.0,1,1.0,Empleado_Informal
2,27.0,1,2,7,13, , ,3,12.5,12.5,0.0,2,6.0,Empleado_Informal
1,24.0,1,2,5,13, , , ,10.0,10.0,0.0,2,6.0,Empleado_Informal
2,32.0,1,2,8,13,1,2,3,14.0,14.0,0.0,2,6.0,Empleado_Informal
1,34.0,1,2,6,13, , , ,11.0,11.0,0.0,2,6.0,Empleado_Informal
1,43.0,6,2,6,13, , , ,11.0,11.0,0.0,1,3.0,Empleado_Informal
1,20.0,6,2,5,13, , , ,10.0,10.0,0.0,9,3.0,Empleado_Informal
1,33.0,6,2,8,13,1,2,3,14.0,14.0,0.0,2,5.0,Empleado_Informal
2,56.0,1,2,6,13, , , ,11.0,11.0,0.0,2,5.0,Empleado_Informal
1,62.0,1,2,3,13, , , ,4.5,4.5,0.0,2,4.0,Empleado_Informal
1,53.0,1,2,5,13, , , ,10.0,10.0,0.0,2,4.0,Empleado_Informal
2,41.0,1,2,6,13, , , ,11.0,11.0,0.0,2,4.0,Empleado_Informal
1,28.0,1,2,8,13,1,2,3,14.0,14.0,0.0,2,5.0,Empleado_Informal
2,30.0,1,2,10,13,1,2,3,16.0,16.0,0.0,2,5.0,Empleado_Informal
2,39.0,6,2,5,13, , , ,10.0,10.0,0.0,2,4.0,Empleado_Informal
1,21.0,6,2,6,13, , , ,11.0,11.0,0.0,1,4.0,Desempleado
2,30.0,6,2,6,13, , , ,11.0,11.0,0.0,2,6.0,Empleado_Informal
2,46.0,6,2,8,13,1,2,3,14.0,14.0,0.0,2,4.0,Desempleado
2,27.0,6,2,5,13, , , ,10.0,10.0,0.0,2,6.0,Empleado_Informal
2,27.0,1,2,5,13, , , ,10.0,10.0,0.0,1,8.0,Empleado_Informal
1,26.0,1,2,6,13, , , ,11.0,11.0,0.0,1,6.0,Empleado_Informal
2,54.0,1,2,8,13,1,2,3,14.0,14.0,0.0,2,5.0,Empleado_Informal
1,62.0,1,2,7,13, , ,3,12.5,12.5,0.0,2,4.0,Empleado_Informal
1,33.0,6,2,9,13, , ,3,13.5,13.5,0.0,2,4.0,Empleado_Informal
1,31.0,6,2,10,13,1,1,3,16.0,16.0,0.0,2,5.0,Empleado_Informal
1,38.0,1,2,8,13,1,2,3,14.0,14.0,0.0,2,6.0,Empleado_Informal
2,37.0,1,2,8,13,1,2,3,14.0,14.0,0.0,2,6.0,Empleado_Informal
1,27.0,1,2,10,13,1,2,3,16.0,16.0,0.0,2,6.0,Empleado_Formal
1,30.0,1,2,6,13, , , ,11.0,11.0,0.0,2,6.0,Empleado_Informal
1,31.0,6,2,6,13, , , ,11.0,11.0,0.0,2,3.0,Empleado_Informal
1,43.0,1,2,6,13, , , ,11.0,11.0,0.0,2,7.0,Empleado_Informal
2,37.0,1,2,10,13,1,2,3,16.0,16.0,0.0,2,6.0,Empleado_Informal
2,58.0,6,2,4,13, , , ,9.0,9.0,0.0,2,6.0,Empleado_Informal
2,24.0,6,2,6,13, , , ,11.0,11.0,0.0,6,3.0,Desempleado
1,23.0,1,2,5,13, , , ,10.0,10.0,0.0,1,2.0,Empleado_Informal
2,22.0,6,2,6,13, , , ,11.0,11.0,0.0,2,4.0,Empleado_Informal
2,32.0,6,2,10,13,1,2,3,16.0,16.0,0.0,1,3.0,Empleado_Informal
2,30.0,6,2,6,13, , , ,11.0,11.0,0.0,9,2.0,Empleado_Informal
1,33.0,1,2,6,13, , , ,11.0,11.0,0.0,1,3.0,Empleado_Informal
2,45.0,1,2,6,13, , , ,11.0,11.0,0.0,2,5.0,Empleado_Informal
1,43.0,1,2,5,13, , , ,10.0,10.0,0.0,2,6.0,Empleado_Informal
2,20.0,6,2,5,6, , ,1,10.0,11.0,-1.0,2,5.0,Empleado_Informal
2,33.0,5,2,6,13, , , ,11.0,11.0,0.0,2,5.0,Empleado_Informal
1,32.0,1,2,5,13, , , ,10.0,10.0,0.0,2,4.0,Empleado_Informal
1,42.0,1,2,3,13, , , ,4.5,4.5,0.0,1,2.0,Empleado_Informal
1,36.0,6,2,4,13, , , ,9.0,9.0,0.0,1,2.0,Empleado_Informal
1,61.0,2,1,1,6, , ,1,0.0,11.0,-11.0,No Especificado,5.0,Empleado_Informal
1,30.0,6,2,9,13, , ,3,13.5,13.5,0.0,1,6.0,Empleado_Informal
1,31.0,1,2,9,13, , ,3,13.5,13.5,0.0,2,6.0,Empleado_Informal
1,35.0,1,2,6,13, , , ,11.0,11.0,0.0,2,6.0,Empleado_Informal
2,28.0,1,2,9,13, , ,3,13.5,13.5,0.0,2,6.0,Empleado_Informal
2,36.0,6,2,6,13, , , ,11.0,11.0,0.0,2,6.0,Empleado_Informal
1,30.0,6,2,6,13, , , ,11.0,11.0,0.0,2,3.0,Empleado_Formal
1,21.0,1,2,6,13, , , ,11.0,11.0,0.0,1,3.0,Empleado_Informal
2,26.0,1,2,5,13, , , ,10.0,10.0,0.0,2,6.0,Desempleado
2,46.0,6,2,9,13, , ,3,13.5,13.5,0.0,2,1.0,Empleado_Informal
1,34.0,6,2,5,13, , , ,10.0,10.0,0.0,2,2.0,Empleado_Informal
2,30.0,1,2,10,13,1,2,3,16.0,16.0,0.0,2,4.0,Empleado_Formal
1,35.0,1,2,10,13,1,2,3,16.0,16.0,0.0,2,6.0,Empleado_Formal
1,27.0,6,2,5,13, , , ,10.0,10.0,0.0,2,1.0,Empleado_Informal
1,26.0,6,2,6,13, , , ,11.0,11.0,0.0,2,5.0,Empleado_Informal
2,35.0,6,2,7,13, , ,3,12.5,12.5,0.0,2,7.0,Empleado_Informal
2,53.0,6,2,3,13, , , ,4.5,4.5,0.0,9,7.0,Empleado_Informal
1,45.0,1,2,6,13, , , ,11.0,11.0,0.0,2,6.0,Empleado_Informal
2,42.0,1,2,6,13, , , ,11.0,11.0,0.0,2,6.0,Desempleado
1,23.0,1,2,3,13, , , ,4.5,4.5,0.0,9,2.0,Empleado_Informal
2,28.0,1,1,1,7, , ,0,0.0,12.5,-12.5,No Especificado,5.0,Empleado_Informal
1,23.0,6,2,9,13, , ,3,13.5,13.5,0.0,2,5.0,Empleado_Informal
1,27.0,6,2,6,13, , , ,11.0,11.0,0.0,1,4.0,Empleado_Informal
2,40.0,1,1,1,6, , ,1,0.0,11.0,-11.0,No Especificado,5.0,Empleado_Informal
1,39.0,1,2,5,13, , , ,10.0,10.0,0.0,1,5.0,Empleado_Informal
1,20.0,6,1,1,6, , ,1,0.0,11.0,-11.0,No Especificado,5.0,Empleado_Informal
1,32.0,6,2,5,13, , , ,10.0,10.0,0.0,1,1.0,Empleado_Informal
2,24.0,1,2,6,13, , , ,11.0,11.0,0.0,1,6.0,Desempleado
1,23.0,1,2,6,13, , , ,11.0,11.0,0.0,2,5.0,Empleado_Informal
2,25.0,6,2,6,13, , , ,11.0,11.0,0.0,1,5.0,Empleado_Informal
1,29.0,6,2,6,13, , , ,11.0,11.0,0.0,1,5.0,Empleado_Informal
2,27.0,5,2,9,13, , ,3,13.5,13.5,0.0,2,3.0,Empleado_Informal
2,34.0,5,2,6,13, , , ,11.0,11.0,0.0,2,4.0,Empleado_Informal
1,19.0,1,2,5,13, , , ,10.0,10.0,0.0,1,1.0,Empleado_Informal
1,37.0,2,2,6,13, , , ,11.0,11.0,0.0,2,6.0,Empleado_Formal
2,30.0,2,2,3,13, , , ,4.5,4.5,0.0,2,6.0,Empleado_Informal
2,24.0,1,2,10,13,1,2,3,16.0,16.0,0.0,2,4.0,Empleado_Informal
1,33.0,1,2,6,13, , , ,11.0,11.0,0.0,2,4.0,Empleado_Informal
2,63.0,5,2,5,13, , , ,10.0,10.0,0.0,1,3.0,Desempleado
1,29.0,1,2,6,13, , , ,11.0,11.0,0.0,2,6.0,Empleado_Informal
2,29.0,1,1,1,5, , , ,0.0,8.5,-8.5,No Especificado,5.0,Empleado_Informal
1,35.0,2,2,9,13, , ,3,13.5,13.5,0.0,2,4.0,Empleado_Informal
1,36.0,2,2,6,13, , , ,11.0,11.0,0.0,1,2.0,Empleado_Informal
2,30.0,1,2,5,13, , , ,10.0,10.0,0.0,1,6.0,Empleado_Informal
1,38.0,1,2,8,13,1,2,3,14.0,14.0,0.0,2,6.0,Empleado_Informal
2,42.0,6,2,4,13, , , ,9.0,9.0,0.0,7,6.0,Empleado_Informal
1,48.0,1,2,6,13, , , ,11.0,11.0,0.0,2,5.0,Empleado_Informal
1,25.0,1,2,6,13, , , ,11.0,11.0,0.0,2,5.0,Empleado_Informal
2,22.0,1,2,6,13, , , ,11.0,11.0,0.0,2,3.0,Empleado_Informal
2,47.0,5,2,4,13, , , ,9.0,9.0,0.0,2,3.0,Empleado_Informal
1,20.0,6,2,5,5, , , ,10.0,8.5,0.5,2,3.0,Empleado_Informal
2,50.0,5,2,6,13, , , ,11.0,11.0,0.0,2,5.0,Empleado_Informal
2,18.0,6,2,4,6, , ,1,9.0,11.0,-2.0,2,5.0,Empleado_Informal
1,32.0,1,2,8,13,1,2,3,14.0,14.0,0.0,2,6.0,Empleado_Formal
2,30.0,1,2,10,13,1,2,3,16.0,16.0,0.0,2,6.0,Desempleado
1,30.0,1,2,8,13,1,2,3,14.0,14.0,0.0,2,6.0,Empleado_Informal
1,46.0,4,2,11,11, , ,0,16.0,16.0,-1.0,2,8.0,Empleado_Formal
1,38.0,6,2,8,13,1,2,3,14.0,14.0,0.0,2,6.0,Empleado_Formal
1,37.0,1,2,10,13,1,2,3,16.0,16.0,0.0,2,6.0,Empleado_Informal
2,38.0,1,2,10,13,1,2,3,16.0,16.0,0.0,2,6.0,Desempleado
2,31.0,5,2,8,13,1,2,3,14.0,14.0,0.0,2,3.0,Empleado_Informal
2,31.0,1,2,10,13,1,2,3,16.0,16.0,0.0,2,5.0,Empleado_Informal
1,34.0,1,2,6,13, , , ,11.0,11.0,0.0,9,3.0,Empleado_Informal
2,26.0,6,2,6,13, , , ,11.0,11.0,0.0,1,5.0,Empleado_Informal
2,26.0,6,2,3,13, , , ,4.5,4.5,0.0,1,5.0,Empleado_Informal
2,23.0,6,2,5,13, , , ,10.0,10.0,0.0,2,5.0,Empleado_Informal
1,46.0,2,1,1,6, , ,1,0.0,11.0,-11.0,No Especificado,5.0,Empleado_Formal
2,49.0,2,2,10,13,1,1,3,16.0,16.0,0.0,2,5.0,Empleado_Formal
2,27.0,5,2,6,13, , , ,11.0,11.0,0.0,2,5.0,Empleado_Informal
1,26.0,1,2,6,13, , , ,11.0,11.0,0.0,2,1.0,Empleado_Informal
2,28.0,1,2,6,13, , , ,11.0,11.0,0.0,2,1.0,Empleado_Informal
2,47.0,5,2,9,13, , ,3,13.5,13.5,0.0,2,5.0,Empleado_Informal
1,28.0,1,2,6,13, , , ,11.0,11.0,0.0,2,5.0,Empleado_Informal
2,25.0,1,1,1,7, , ,0,0.0,12.5,-12.5,No Especificado,5.0,Empleado_Informal
2,28.0,5,2,6,13, , , ,11.0,11.0,0.0,2,5.0,Empleado_Informal
2,30.0,6,2,5,13, , , ,10.0,10.0,0.0,1,8.0,Empleado_Informal
1,64.0,2,2,7,13, , ,3,12.5,12.5,0.0,2,6.0,Empleado_Informal
2,37.0,1,2,5,13, , , ,10.0,10.0,0.0,2,5.0,Empleado_Informal
1,27.0,1,2,4,13, , , ,9.0,9.0,0.0,9,6.0,Empleado_Informal
1,16.0,6,2,3,5, , , ,4.5,8.5,-4.0,2,5.0,Empleado_Informal
1,32.0,1,2,6,13, , , ,11.0,11.0,0.0,2,6.0,Empleado_Informal
2,21.0,1,2,4,13, , , ,9.0,9.0,0.0,2,1.0,Desempleado
1,24.0,1,2,6,13, , , ,11.0,11.0,0.0,2,1.0,Empleado_Informal
2,48.0,5,2,6,13, , , ,11.0,11.0,0.0,2,3.0,Empleado_Informal
2,23.0,5,2,6,13, , , ,11.0,11.0,0.0,2,3.0,Desempleado
1,30.0,1,2,6,13, , , ,11.0,11.0,0.0,2,5.0,Empleado_Informal
2,29.0,1,2,6,13, , , ,11.0,11.0,0.0,2,5.0,Empleado_Informal
1,34.0,1,2,9,13, , ,3,13.5,13.5,0.0,2,7.0,Empleado_Informal
1,24.0,6,2,9,13, , ,3,13.5,13.5,0.0,2,4.0,Empleado_Formal
2,33.0,5,2,6,13, , , ,11.0,11.0,0.0,2,6.0,Empleado_Informal
2,38.0,1,2,10,13,1,1,3,16.0,16.0,0.0,2,5.0,Empleado_Informal
1,27.0,1,2,6,13, , , ,11.0,11.0,0.0,2,5.0,Empleado_Informal
1,46.0,5,2,5,13, , , ,10.0,10.0,0.0,2,3.0,Empleado_Informal
1,64.0,2,2,8,13,1,2,3,14.0,14.0,0.0,2,5.0,Empleado_Informal
2,64.0,2,2,4,13, , , ,9.0,9.0,0.0,2,5.0,Empleado_Informal
2,33.0,6,2,6,13, , , ,11.0,11.0,0.0,2,1.0,Empleado_Informal
1,53.0,1,2,6,13, , , ,11.0,11.0,0.0,2,7.0,Empleado_Informal
2,55.0,1,2,6,13, , , ,11.0,11.0,0.0,2,6.0,Empleado_Informal
2,30.0,5,2,5,13, , , ,10.0,10.0,0.0,1,7.0,Empleado_Informal
1,21.0,6,2,5,6, , ,1,10.0,11.0,-1.0,2,6.0,Empleado_Informal
1,45.0,5,2,6,13, , , ,11.0,11.0,0.0,2,6.0,Empleado_Informal
1,20.0,1,2,5,13, , , ,10.0,10.0,0.0,9,1.0,Empleado_Informal
2,23.0,1,1,1,9, , ,0,0.0,13.5,-13.5,No Especificado,5.0,Empleado_Informal
1,25.0,6,2,6,13, , , ,11.0,11.0,0.0,2,1.0,Empleado_Informal
1,18.0,6,2,6,13, , , ,11.0,11.0,0.0,9,2.0,Empleado_Informal
1,25.0,6,2,7,13, , ,3,12.5,12.5,0.0,2,2.0,Empleado_Informal
1,28.0,1,2,6,13, , , ,11.0,11.0,0.0,2,5.0,Empleado_Informal
2,25.0,1,1,1,10, , ,0,0.0,16.0,-14.0,No Especificado,5.0,Empleado_Informal
1,41.0,1,2,6,13, , , ,11.0,11.0,0.0,2,6.0,Empleado_Informal
2,36.0,1,2,4,13, , , ,9.0,9.0,0.0,2,6.0,Empleado_Informal
2,42.0,6,2,9,13, , ,3,13.5,13.5,0.0,2,6.0,Empleado_Formal
1,45.0,1,2,4,13, , , ,9.0,9.0,0.0,2,5.0,Empleado_Informal
2,46.0,1,2,5,13, , , ,10.0,10.0,0.0,2,4.0,Empleado_Informal
2,26.0,5,2,6,13, , , ,11.0,11.0,0.0,2,4.0,Empleado_Informal
2,23.0,1,2,6,13, , , ,11.0,11.0,0.0,2,4.0,Empleado_Informal
1,28.0,1,2,5,13, , , ,10.0,10.0,0.0,2,6.0,Empleado_Informal
2,39.0,5,2,6,13, , , ,11.0,11.0,0.0,1,3.0,Empleado_Informal
2,35.0,1,2,6,13, , , ,11.0,11.0,0.0,1,2.0,Empleado_Informal
1,26.0,1,2,6,13, , , ,11.0,11.0,0.0,1,2.0,Empleado_Informal
2,30.0,5,2,6,13, , , ,11.0,11.0,0.0,9,2.0,Empleado_Informal
1,36.0,5,2,5,13, , , ,10.0,10.0,0.0,2,5.0,Empleado_Informal
1,60.0,1,2,4,13, , , ,9.0,9.0,0.0,2,5.0,Empleado_Informal
2,52.0,1,2,5,13, , , ,10.0,10.0,0.0,6,5.0,Empleado_Informal
1,43.0,1,2,8,13,1,2,3,14.0,14.0,0.0,2,6.0,Empleado_Informal
2,44.0,1,2,10,13,1,2,3,16.0,16.0,0.0,2,6.0,Empleado_Informal
2,37.0,1,2,5,13, , , ,10.0,10.0,0.0,1,2.0,Empleado_Informal
1,52.0,1,1,1,9, , ,0,0.0,13.5,-13.5,No Especificado,5.0,Empleado_Informal
1,32.0,1,2,5,13, , , ,10.0,10.0,0.0,9,4.0,Empleado_Informal
1,29.0,5,2,6,13, , , ,11.0,11.0,0.0,9,2.0,Empleado_Informal
1,46.0,1,2,6,13, , , ,11.0,11.0,0.0,9,6.0,Empleado_Informal
2,39.0,1,2,9,13, , ,3,13.5,13.5,0.0,2,5.0,Desempleado
1,21.0,6,2,5,6, , ,1,10.0,11.0,-1.0,2,5.0,Empleado_Informal
2,19.0,6,2,5,6, , ,1,10.0,11.0,-1.0,2,5.0,Empleado_Informal
2,45.0,1,2,10,13,1,2,3,16.0,16.0,0.0,1,6.0,Empleado_Informal
1,51.0,1,2,6,13, , , ,11.0,11.0,0.0,2,6.0,Desempleado
1,42.0,1,2,10,13,1,2,3,16.0,16.0,0.0,1,2.0,Empleado_Informal
2,36.0,1,2,10,13,1,2,3,16.0,16.0,0.0,1,2.0,Desempleado
2,23.0,5,2,5,13, , , ,10.0,10.0,0.0,1,3.0,Empleado_Informal
1,52.0,5,3,1,13, , , ,0.0,4.5,0.0,1,5.0,Empleado_Informal
2,31.0,3,2,9,13, , ,3,13.5,13.5,0.0,2,3.0,Empleado_Informal
1,25.0,1,2,6,13, , , ,11.0,11.0,0.0,6,4.0,Empleado_Informal
2,36.0,1,2,9,13, , ,3,13.5,13.5,0.0,6,5.0,Empleado_Informal
1,27.0,5,2,6,13, , , ,11.0,11.0,0.0,1,3.0,Empleado_Informal
1,48.0,1,2,10,13,1,2,3,16.0,16.0,0.0,6,6.0,Empleado_Informal
2,46.0,1,1,1,8, , ,0,0.0,14.0,-14.0,No Especificado,5.0,Empleado_Informal
2,27.0,1,1,1,7, , ,0,0.0,12.5,-12.5,No Especificado,5.0,Empleado_Informal
1,28.0,1,2,6,13, , , ,11.0,11.0,0.0,1,7.0,Empleado_Informal
1,35.0,1,2,5,13, , , ,10.0,10.0,0.0,2,6.0,Empleado_Formal
2,36.0,1,2,10,13,1,2,3,16.0,16.0,0.0,2,6.0,Empleado_Informal
2,44.0,5,2,6,13, , , ,11.0,11.0,0.0,2,5.0,Desempleado
1,39.0,2,2,10,13,2, ,3,16.0,16.0,0.0,1,6.0,Empleado_Informal
2,53.0,2,2,8,13,1,2,3,14.0,14.0,0.0,2,6.0,Empleado_Informal
2,39.0,6,2,7,13, , ,3,12.5,12.5,0.0,2,4.0,Empleado_Informal
2,27.0,1,2,9,13, , ,3,13.5,13.5,0.0,2,5.0,Empleado_Informal
1,33.0,1,2,6,13, , , ,11.0,11.0,0.0,2,6.0,Empleado_Informal
2,35.0,5,2,6,13, , , ,11.0,11.0,0.0,2,5.0,Empleado_Informal
2,21.0,6,2,5,6, , ,1,10.0,11.0,-1.0,2,5.0,Empleado_Informal
2,30.0,6,2,6,9, , ,0,11.0,13.5,-2.5,2,6.0,Empleado_Informal
2,41.0,1,2,8,13,1,2,3,14.0,14.0,0.0,2,6.0,Empleado_Informal
1,41.0,1,2,5,13, , , ,10.0,10.0,0.0,2,6.0,Empleado_Informal
1,19.0,6,2,5,6, , ,1,10.0,11.0,-1.0,2,6.0,Empleado_Informal
1,26.0,6,2,6,13, , , ,11.0,11.0,0.0,2,6.0,Empleado_Informal
1,33.0,1,2,8,13,1,2,3,14.0,14.0,0.0,2,5.0,Empleado_Informal
2,32.0,1,2,6,13, , , ,11.0,11.0,0.0,2,5.0,Desempleado
2,27.0,1,2,5,13, , , ,10.0,10.0,0.0,2,2.0,Desempleado
1,29.0,1,2,5,13, , , ,10.0,10.0,0.0,2,2.0,Empleado_Informal
1,34.0,1,2,5,13, , , ,10.0,10.0,0.0,2,3.0,Empleado_Informal
2,31.0,1,2,9,13, , ,3,13.5,13.5,0.0,2,3.0,Empleado_Informal
1,35.0,1,2,10,13,1,2,3,16.0,16.0,0.0,1,3.0,Empleado_Informal
2,21.0,6,2,6,13, , , ,11.0,11.0,0.0,3,3.0,Empleado_Informal
1,29.0,1,2,9,13, , ,3,13.5,13.5,0.0,2,6.0,Empleado_Informal
2,22.0,1,1,1,6, , ,1,0.0,11.0,-11.0,No Especificado,5.0,Empleado_Informal
2,24.0,1,2,5,13, , , ,10.0,10.0,0.0,2,3.0,Empleado_Informal
1,25.0,1,2,6,13, , , ,11.0,11.0,0.0,2,3.0,Empleado_Informal
2,56.0,6,2,4,13, , , ,9.0,9.0,0.0,2,6.0,Empleado_Informal
1,25.0,6,2,6,13, , , ,11.0,11.0,0.0,2,5.0,Empleado_Informal
2,34.0,1,2,9,13, , ,3,13.5,13.5,0.0,2,3.0,Empleado_Informal
1,41.0,1,2,6,13, , , ,11.0,11.0,0.0,2,3.0,Empleado_Informal
1,36.0,6,2,10,13,1,2,3,16.0,16.0,0.0,2,7.0,Empleado_Informal
1,43.0,5,2,6,13, , , ,11.0,11.0,0.0,2,5.0,Empleado_Informal
1,30.0,6,2,9,13, , ,3,13.5,13.5,0.0,2,5.0,Empleado_Informal
2,26.0,6,2,6,13, , , ,11.0,11.0,0.0,9,1.0,Empleado_Informal
1,32.0,1,1,5,13, , , ,10.0,10.0,0.0,No Especificado,5.0,Empleado_Informal
1,27.0,1,2,5,13, , , ,10.0,10.0,0.0,2,3.0,Empleado_Informal
1,33.0,5,2,5,13, , , ,10.0,10.0,0.0,1,0.0,Empleado_Informal
2,64.0,2,2,6,13, , , ,11.0,11.0,0.0,2,2.0,Empleado_Informal
2,54.0,5,2,6,13, , , ,11.0,11.0,0.0,2,6.0,Empleado_Informal
1,30.0,6,2,8,13,1,2,3,14.0,14.0,0.0,2,3.0,Empleado_Informal
1,37.0,1,2,10,13,1,2,3,16.0,16.0,0.0,2,6.0,Empleado_Informal
2,40.0,1,2,6,13, , , ,11.0,11.0,0.0,4,8.0,Empleado_Informal
2,16.0,6,2,4,5, , , ,9.0,8.5,0.5,4,6.0,Desempleado
2,22.0,1,2,6,13, , , ,11.0,11.0,0.0,4,6.0,Empleado_Informal
1,28.0,1,1,1,5, , , ,0.0,8.5,-8.5,No Especificado,5.0,Empleado_Informal
2,19.0,1,2,5,13, , , ,10.0,10.0,0.0,4,6.0,Empleado_Informal
1,19.0,1,1,1,7, , ,0,0.0,12.5,-12.5,No Especificado,5.0,Empleado_Formal
2,25.0,6,2,9,13, , ,3,13.5,13.5,0.0,2,6.0,Empleado_Informal
2,21.0,6,2,5,13, , , ,10.0,10.0,0.0,2,2.0,Empleado_Informal
2,27.0,1,2,5,13, , , ,10.0,10.0,0.0,1,1.0,Empleado_Informal
1,30.0,1,2,5,13, , , ,10.0,10.0,0.0,2,1.0,Empleado_Informal
2,32.0,1,2,8,13,1,2,3,14.0,14.0,0.0,2,5.0,Empleado_Informal
1,33.0,1,2,8,13,1,2,3,14.0,14.0,0.0,2,5.0,Empleado_Informal
1,23.0,1,2,4,13, , , ,9.0,9.0,0.0,9,3.0,Empleado_Informal
1,35.0,1,2,10,13,1,2,3,16.0,16.0,0.0,2,1.0,Empleado_Informal
2,31.0,1,2,8,13,1,2,3,14.0,14.0,0.0,1,1.0,Empleado_Informal
1,42.0,5,2,5,13, , , ,10.0,10.0,0.0,1,5.0,Empleado_Informal
2,32.0,1,1,1,10, , ,0,0.0,16.0,-14.0,No Especificado,5.0,Empleado_Informal
1,34.0,1,2,6,13, , , ,11.0,11.0,0.0,2,5.0,Empleado_Informal
1,55.0,2,2,10,13,1,2,3,16.0,16.0,0.0,2,6.0,Empleado_Formal
2,50.0,2,2,8,13,1,2,3,14.0,14.0,0.0,2,3.0,Empleado_Informal
1,23.0,6,2,6,13, , , ,11.0,11.0,0.0,2,4.0,Desempleado
1,57.0,1,2,6,13, , , ,11.0,11.0,0.0,2,4.0,Empleado_Informal
2,55.0,1,2,9,13, , ,3,13.5,13.5,0.0,2,3.0,Empleado_Informal
1,34.0,6,2,9,13, , ,3,13.5,13.5,0.0,2,6.0,Empleado_Formal
1,32.0,1,2,5,13, , , ,10.0,10.0,0.0,1,3.0,Empleado_Informal
1,52.0,1,1,1,6, , ,1,0.0,11.0,-11.0,No Especificado,5.0,Empleado_Formal
1,20.0,6,2,6,13, , , ,11.0,11.0,0.0,2,6.0,Empleado_Informal
1,28.0,6,2,9,13, , ,3,13.5,13.5,0.0,2,6.0,Empleado_Informal
1,22.0,6,2,9,13, , ,3,13.5,13.5,0.0,9,1.0,Empleado_Informal
1,63.0,6,2,5,13, , , ,10.0,10.0,0.0,9,0.0,Empleado_Informal
1,21.0,6,2,7,13, , ,3,12.5,12.5,0.0,9,0.0,Empleado_Informal
1,37.0,2,2,6,13, , , ,11.0,11.0,0.0,2,3.0,Empleado_Informal
2,32.0,2,2,6,13, , , ,11.0,11.0,0.0,2,3.0,Empleado_Informal
1,26.0,1,2,6,13, , , ,11.0,11.0,0.0,2,3.0,Empleado_Formal
1,35.0,1,2,7,13, , ,3,12.5,12.5,0.0,2,3.0,Empleado_Informal
1,35.0,6,2,5,13, , , ,10.0,10.0,0.0,2,6.0,Empleado_Informal
2,32.0,1,2,10,13,1,1,3,16.0,16.0,0.0,2,6.0,Empleado_Informal
1,33.0,1,1,1,6, , ,1,0.0,11.0,-11.0,No Especificado,5.0,Empleado_Informal
1,31.0,1,2,10,13,1,2,3,16.0,16.0,0.0,1,5.0,Empleado_Informal
2,29.0,1,1,1,8, , ,0,0.0,14.0,-14.0,No Especificado,5.0,Desempleado
1,28.0,1,2,9,13, , ,3,13.5,13.5,0.0,2,3.0,Empleado_Formal
2,29.0,1,2,10,13,1,2,3,16.0,16.0,0.0,2,3.0,Empleado_Formal
2,31.0,6,2,8,13,1,2,3,14.0,14.0,0.0,2,5.0,Empleado_Informal
2,42.0,6,2,8,13,1,2,3,14.0,14.0,0.0,2,5.0,Empleado_Informal
1,27.0,6,2,8,13,1,2,3,14.0,14.0,0.0,1,1.0,Empleado_Informal
1,54.0,1,2,6,13, , , ,11.0,11.0,0.0,2,5.0,Empleado_Informal
2,50.0,1,2,6,13, , , ,11.0,11.0,0.0,2,5.0,Empleado_Informal
2,28.0,6,2,6,13, , , ,11.0,11.0,0.0,2,6.0,Empleado_Informal
1,23.0,1,2,6,13, , , ,11.0,11.0,0.0,9,1.0,Empleado_Informal
2,19.0,1,2,5,13, , , ,10.0,10.0,0.0,9,0.0,Empleado_Informal
2,33.0,6,2,6,13, , , ,11.0,11.0,0.0,9,0.0,Empleado_Informal
1,17.0,6,2,6,13, , , ,11.0,11.0,0.0,9,0.0,Empleado_Informal
1,36.0,1,2,7,13, , ,3,12.5,12.5,0.0,2,5.0,Empleado_Informal
2,24.0,1,2,9,13, , ,3,13.5,13.5,0.0,2,4.0,Empleado_Formal
1,40.0,6,2,9,13, , ,3,13.5,13.5,0.0,2,7.0,Empleado_Informal
1,22.0,6,2,6,13, , , ,11.0,11.0,0.0, ,5.0,Empleado_Informal
2,32.0,1,2,8,13,1,1,3,14.0,14.0,0.0,2,6.0,Empleado_Informal
1,39.0,1,2,6,13, , , ,11.0,11.0,0.0,2,6.0,Empleado_Informal
1,32.0,1,2,6,13, , , ,11.0,11.0,0.0,2,6.0,Empleado_Informal
2,23.0,1,2,6,13, , , ,11.0,11.0,0.0,2,5.0,Empleado_Formal
1,38.0,1,2,5,13, , , ,10.0,10.0,0.0,2,7.0,Empleado_Informal
2,34.0,6,2,8,13,1,2,3,14.0,14.0,0.0,2,6.0,Empleado_Informal
1,50.0,1,2,5,13, , , ,10.0,10.0,0.0,2,6.0,Empleado_Informal
2,50.0,1,2,6,13, , , ,11.0,11.0,0.0,2,6.0,Empleado_Informal
2,19.0,1,1,1,6, , ,1,0.0,11.0,-11.0,No Especificado,5.0,Empleado_Informal
1,19.0,1,2,6,9, , ,0,11.0,13.5,-2.5,2,4.0,Empleado_Informal
1,45.0,2,2,8,13,1,2,3,14.0,14.0,0.0,2,6.0,Empleado_Formal
2,43.0,2,2,8,13,1,2,3,14.0,14.0,0.0,2,6.0,Empleado_Informal
1,31.0,1,2,5,13, , , ,10.0,10.0,0.0,2,5.0,Empleado_Informal
2,45.0,5,2,6,13, , , ,11.0,11.0,0.0,5,6.0,Empleado_Informal
2,16.0,6,2,4,4, , , ,9.0,6.0,0.5,9,6.0,Empleado_Informal
2,22.0,6,2,5,13, , , ,10.0,10.0,0.0,9,8.0,Empleado_Informal
1,28.0,1,2,10,13,1,2,3,16.0,16.0,0.0,2,1.0,Empleado_Informal
1,18.0,6,2,6,13, , , ,11.0,11.0,0.0,1,1.0,Empleado_Informal
1,30.0,2,2,8,13,2, ,3,14.0,14.0,0.0,9,2.0,Empleado_Informal
2,28.0,2,2,6,13, , , ,11.0,11.0,0.0,1,1.0,Empleado_Informal
1,25.0,6,2,9,13, , ,3,13.5,13.5,0.0,2,5.0,Empleado_Informal
1,24.0,6,2,5,13, , , ,10.0,10.0,0.0,2,3.0,Empleado_Informal
2,46.0,5,2,8,13,2, ,3,14.0,14.0,0.0,2,6.0,Empleado_Informal
1,42.0,2,2,6,13, , , ,11.0,11.0,0.0,2,6.0,Empleado_Informal
1,45.0,1,1,1,9, , ,0,0.0,13.5,-13.5,No Especificado,5.0,Empleado_Informal
1,32.0,1,2,6,13, , , ,11.0,11.0,0.0,2,2.0,Empleado_Informal
2,28.0,1,2,6,13, , , ,11.0,11.0,0.0,2,2.0,Empleado_Informal
1,25.0,6,2,6,13, , , ,11.0,11.0,0.0,2,2.0,Empleado_Informal
1,33.0,2,2,6,13, , , ,11.0,11.0,0.0,2,5.0,Empleado_Formal
2,32.0,2,2,10,13,2, ,3,16.0,16.0,0.0,2,4.0,Empleado_Informal
2,30.0,1,2,10,13,1,2,3,16.0,16.0,0.0,2,5.0,Empleado_Informal
1,34.0,1,2,6,13, , , ,11.0,11.0,0.0,2,5.0,Empleado_Formal
1,29.0,1,2,9,13, , ,3,13.5,13.5,0.0,2,2.0,Empleado_Formal
1,30.0,6,2,5,13, , , ,10.0,10.0,0.0,2,2.0,Empleado_Informal
2,29.0,2,2,8,13,1,2,3,14.0,14.0,0.0,2,1.0,Empleado_Informal
1,30.0,2,2,10,13,2, ,3,16.0,16.0,0.0,1,1.0,Empleado_Informal
2,36.0,6,2,8,13,1,2,3,14.0,14.0,0.0,2,8.0,Empleado_Formal
1,33.0,1,2,4,13, , , ,9.0,9.0,0.0,2,8.0,Empleado_Formal
2,32.0,1,2,9,13, , ,3,13.5,13.5,0.0,2,8.0,Empleado_Informal
2,64.0,5,2,10,13,1,2,3,16.0,16.0,0.0,2,5.0,Empleado_Informal
1,42.0,6,2,9,13, , ,3,13.5,13.5,0.0,7,3.0,Empleado_Informal
2,31.0,4,2,8,13,1,2,3,14.0,14.0,0.0,2,5.0,Empleado_Formal
1,27.0,6,2,6,13, , , ,11.0,11.0,0.0,1,5.0,Empleado_Informal
2,42.0,1,2,5,13, , , ,10.0,10.0,0.0,1,6.0,Empleado_Informal
1,35.0,1,1,1,5, , , ,0.0,8.5,-8.5,No Especificado,5.0,Empleado_Informal
1,50.0,2,2,6,13, , , ,11.0,11.0,0.0,2,1.0,Empleado_Informal
2,30.0,6,2,9,13, , ,3,13.5,13.5,0.0,9,0.0,Empleado_Informal
1,33.0,2,2,7,13, , ,3,12.5,12.5,0.0,2,5.0,Empleado_Informal
2,42.0,2,2,6,13, , , ,11.0,11.0,0.0,2,5.0,Empleado_Informal
1,57.0,2,2,6,13, , , ,11.0,11.0,0.0,2,6.0,Empleado_Informal
1,64.0,3,2,4,13, , , ,9.0,9.0,0.0,2,5.0,Empleado_Informal
1,50.0,1,2,6,13, , , ,11.0,11.0,0.0,2,6.0,Empleado_Formal
2,50.0,1,2,5,13, , , ,10.0,10.0,0.0,2,6.0,Empleado_Formal
1,31.0,2,2,10,13,1,2,3,16.0,16.0,0.0,2,6.0,Empleado_Formal
2,34.0,2,2,9,13, , ,3,13.5,13.5,0.0,2,6.0,Empleado_Formal
1,29.0,1,2,6,13, , , ,11.0,11.0,0.0,2,6.0,Empleado_Informal
2,27.0,1,2,6,13, , , ,11.0,11.0,0.0,2,6.0,Empleado_Informal
1,47.0,6,2,10,13,1,2,3,16.0,16.0,0.0,2,7.0,Empleado_Informal
1,23.0,1,2,5,13, , , ,10.0,10.0,0.0,2,5.0,Empleado_Informal
2,20.0,1,1,1,6, , ,1,0.0,11.0,-11.0,No Especificado,5.0,Desempleado
1,44.0,2,2,6,13, , , ,11.0,11.0,0.0,2,6.0,Empleado_Informal
2,42.0,2,2,6,13, , , ,11.0,11.0,0.0,2,5.0,Desempleado
1,23.0,1,2,6,13, , , ,11.0,11.0,0.0,1,5.0,Desempleado
1,34.0,1,2,5,13, , , ,10.0,10.0,0.0,2,5.0,Empleado_Formal
1,29.0,1,2,9,13, , ,3,13.5,13.5,0.0,2,6.0,Empleado_Informal
2,40.0,6,2,8,13,1,2,3,14.0,14.0,0.0,2,8.0,Empleado_Informal
2,37.0,6,2,9,13, , ,3,13.5,13.5,0.0,2,6.0,Empleado_Informal
1,43.0,1,2,3,13, , , ,4.5,4.5,0.0,1,1.0,Empleado_Informal
1,18.0,6,2,5,13, , , ,10.0,10.0,0.0,9,1.0,Empleado_Informal
1,33.0,1,2,6,13, , , ,11.0,11.0,0.0,2,4.0,Empleado_Informal
1,51.0,2,2,10,13,1,2,3,16.0,16.0,0.0,2,6.0,Empleado_Informal
2,45.0,2,2,10,13,1,2,3,16.0,16.0,0.0,2,6.0,Empleado_Informal
2,34.0,1,2,10,13,1,1,3,16.0,16.0,0.0,2,5.0,Empleado_Informal
1,37.0,1,2,10,13,1,1,3,16.0,16.0,0.0,2,6.0,Empleado_Formal
1,35.0,2,2,6,13, , , ,11.0,11.0,0.0,2,6.0,Empleado_Informal
2,39.0,2,2,10,13,1,2,3,16.0,16.0,0.0,2,5.0,Empleado_Informal
1,23.0,6,2,6,13, , , ,11.0,11.0,0.0,2,5.0,Empleado_Informal
1,32.0,1,2,6,13, , , ,11.0,11.0,0.0,2,7.0,Empleado_Informal
2,30.0,1,2,6,13, , , ,11.0,11.0,0.0,9,6.0,Empleado_Informal
1,29.0,1,2,5,13, , , ,10.0,10.0,0.0,2,6.0,Empleado_Informal
2,30.0,1,2,6,13, , , ,11.0,11.0,0.0,2,6.0,Empleado_Informal
1,53.0,2,2,6,13, , , ,11.0,11.0,0.0,2,5.0,Empleado_Informal
2,26.0,1,2,7,13, , ,3,12.5,12.5,0.0,2,5.0,Empleado_Informal
1,29.0,1,2,7,13, , ,3,12.5,12.5,0.0,2,5.0,Empleado_Formal
2,22.0,1,2,6,13, , , ,11.0,11.0,0.0,2,5.0,Empleado_Informal
1,23.0,1,2,6,13, , , ,11.0,11.0,0.0,2,5.0,Empleado_Informal
1,49.0,6,2,6,13, , , ,11.0,11.0,0.0,2,4.0,Desempleado
1,33.0,6,2,6,13, , , ,11.0,11.0,0.0,2,4.0,Empleado_Informal
1,40.0,1,1,1,6, , ,1,0.0,11.0,-11.0,No Especificado,5.0,Empleado_Formal
2,36.0,1,2,6,13, , , ,11.0,11.0,0.0,2,6.0,Empleado_Formal
1,29.0,1,2,6,13, , , ,11.0,11.0,0.0,2,6.0,Empleado_Informal
2,54.0,3,2,10,13,1,2,3,16.0,16.0,0.0,9,1.0,Empleado_Informal
1,45.0,6,2,8,13,1,2,3,14.0,14.0,0.0,2,6.0,Empleado_Informal
1,64.0,4,2,8,13,1,2,3,14.0,14.0,0.0,2,3.0,Desempleado
1,30.0,1,1,9,10, , ,3,13.5,16.0,-2.5,No Especificado,5.0,Empleado_Formal
2,29.0,1,2,9,10, , ,3,13.5,16.0,-2.5,2,7.0,Empleado_Formal
2,27.0,1,2,6,13, , , ,11.0,11.0,0.0,2,3.0,Empleado_Informal
1,36.0,1,2,6,13, , , ,11.0,11.0,0.0,2,2.0,Empleado_Formal
2,43.0,1,2,6,13, , , ,11.0,11.0,0.0,9,0.0,Empleado_Informal
1,43.0,1,2,10,13,1,2,3,16.0,16.0,0.0,2,7.0,Empleado_Formal
1,23.0,1,2,6,13, , , ,11.0,11.0,0.0,9,5.0,Empleado_Informal
1,41.0,5,2,10,13,1,2,3,16.0,16.0,0.0,2,7.0,Empleado_Formal
2,28.0,6,2,5,13, , , ,10.0,10.0,0.0,9,1.0,Empleado_Informal
2,26.0,6,2,6,13, , , ,11.0,11.0,0.0,9,1.0,Empleado_Informal
2,53.0,1,2,5,13, , , ,10.0,10.0,0.0,2,2.0,Empleado_Informal
1,31.0,1,1,1,6, , ,1,0.0,11.0,-11.0,No Especificado,5.0,Empleado_Informal
1,17.0,6,2,5,13, , , ,10.0,10.0,0.0,2,2.0,Empleado_Informal
1,30.0,1,2,10,13,1,2,3,16.0,16.0,0.0,2,6.0,Empleado_Formal
2,28.0,1,2,6,13, , , ,11.0,11.0,0.0,1,3.0,Desempleado
1,34.0,1,2,8,13,1,2,3,14.0,14.0,0.0,2,3.0,Empleado_Informal
2,26.0,1,2,7,13, , ,3,12.5,12.5,0.0,2,2.0,Desempleado
1,29.0,1,2,6,13, , , ,11.0,11.0,0.0,2,2.0,Empleado_Informal
1,26.0,1,2,6,13, , , ,11.0,11.0,0.0,1,2.0,Empleado_Informal
1,51.0,2,2,8,13,1,2,3,14.0,14.0,0.0,6,6.0,Empleado_Informal
2,40.0,2,2,10,13,1,2,3,16.0,16.0,0.0,1,5.0,Empleado_Informal
1,19.0,6,2,5,13, , , ,10.0,10.0,0.0,1,3.0,Empleado_Informal
2,34.0,1,2,6,13, , , ,11.0,11.0,0.0,2,6.0,Empleado_Informal
1,42.0,1,2,6,13, , , ,11.0,11.0,0.0,2,6.0,Empleado_Informal
2,22.0,1,2,5,13, , , ,10.0,10.0,0.0,2,5.0,Empleado_Informal
1,35.0,1,2,6,13, , , ,11.0,11.0,0.0,2,8.0,Empleado_Informal
1,34.0,1,2,4,13, , , ,9.0,9.0,0.0,2,2.0,Empleado_Informal
1,38.0,1,2,9,13, , ,3,13.5,13.5,0.0,2,6.0,Empleado_Formal
2,40.0,1,1,1,10, , ,0,0.0,16.0,-14.0,No Especificado,5.0,Empleado_Formal
1,30.0,6,2,9,13, , ,3,13.5,13.5,0.0,2,6.0,Empleado_Formal
2,30.0,1,2,8,13,1,2,3,14.0,14.0,0.0,2,6.0,Empleado_Informal
1,32.0,1,2,6,13, , , ,11.0,11.0,0.0,1,6.0,Empleado_Informal
2,20.0,6,2,6,13, , , ,11.0,11.0,0.0,2,5.0,Empleado_Informal
1,38.0,2,2,6,13, , , ,11.0,11.0,0.0,2,7.0,Empleado_Formal
2,38.0,2,2,6,13, , , ,11.0,11.0,0.0,2,6.0,Empleado_Informal
1,56.0,2,1,1,9, , ,0,0.0,13.5,-13.5,No Especificado,5.0,Empleado_Formal
2,47.0,2,2,6,13, , , ,11.0,11.0,0.0,2,5.0,Empleado_Informal
2,22.0,6,2,9,13, , ,3,13.5,13.5,0.0,2,5.0,Empleado_Informal
1,42.0,1,1,10,13,1,1,3,16.0,16.0,0.0,No Especificado,5.0,Empleado_Formal
1,54.0,3,1,10,13,2, ,3,16.0,16.0,0.0,No Especificado,5.0,Empleado_Formal
2,45.0,1,2,4,13, , , ,9.0,9.0,0.0,2,5.0,Empleado_Informal
1,52.0,1,2,6,13, , , ,11.0,11.0,0.0,2,6.0,Empleado_Informal
2,53.0,1,1,1,9, , ,0,0.0,13.5,-13.5,No Especificado,5.0,Empleado_Formal
1,41.0,1,2,5,13, , , ,10.0,10.0,0.0,2,3.0,Empleado_Informal
2,44.0,6,2,6,13, , , ,11.0,11.0,0.0,2,6.0,Empleado_Informal
2,19.0,6,2,4,6, , ,1,9.0,11.0,-2.0,2,6.0,Empleado_Informal
2,34.0,1,2,10,13,1,2,3,16.0,16.0,0.0,2,6.0,Empleado_Informal
1,42.0,1,2,6,13, , , ,11.0,11.0,0.0,2,6.0,Empleado_Formal
1,28.0,1,2,4,13, , , ,9.0,9.0,0.0,1,3.0,Empleado_Informal
1,24.0,1,2,4,13, , , ,9.0,9.0,0.0,1,3.0,Empleado_Informal
1,37.0,1,2,10,13,2, ,3,16.0,16.0,0.0,2,5.0,Empleado_Informal
2,37.0,2,2,7,13, , ,3,12.5,12.5,0.0,1,5.0,Empleado_Informal
1,42.0,2,2,6,13, , , ,11.0,11.0,0.0,1,5.0,Empleado_Informal
1,21.0,6,2,6,13, , , ,11.0,11.0,0.0,1,3.0,Empleado_Informal
1,24.0,1,2,4,13, , , ,9.0,9.0,0.0,1,2.0,Empleado_Informal
2,37.0,6,2,8,13,2, ,3,14.0,14.0,0.0,1,3.0,Empleado_Informal
2,30.0,6,2,10,13,2, ,3,16.0,16.0,0.0,2,7.0,Empleado_Informal
1,32.0,1,2,7,13, , ,3,12.5,12.5,0.0,2,6.0,Empleado_Informal
2,34.0,1,2,9,9, , ,3,13.5,13.5,0.0,2,6.0,Empleado_Informal
1,28.0,1,2,4,13, , , ,9.0,9.0,0.0,2,6.0,Empleado_Informal
1,34.0,1,2,7,13, , ,3,12.5,12.5,0.0,2,8.0,Empleado_Informal
1,56.0,2,1,6,13, , , ,11.0,11.0,0.0,No Especificado,5.0,Empleado_Formal
2,51.0,2,2,10,13,1,2,3,16.0,16.0,0.0,2,1.0,Empleado_Informal
2,34.0,6,2,7,13, , ,3,12.5,12.5,0.0,1,4.0,Empleado_Informal
1,37.0,1,2,6,13, , , ,11.0,11.0,0.0,2,7.0,Empleado_Formal
2,37.0,1,2,8,13,1,2,3,14.0,14.0,0.0,2,7.0,Empleado_Informal
1,27.0,6,2,8,13,1,2,3,14.0,14.0,0.0,9,0.0,Empleado_Informal
2,52.0,6,2,8,13,1,2,3,14.0,14.0,0.0,2,6.0,Empleado_Informal
1,30.0,2,2,8,13,1,2,3,14.0,14.0,0.0,2,6.0,Empleado_Informal
2,27.0,5,2,6,13, , , ,11.0,11.0,0.0,1,6.0,Empleado_Informal
1,34.0,6,2,6,13, , , ,11.0,11.0,0.0,1,2.0,Empleado_Informal
1,45.0,5,2,10,13,1,2,3,16.0,16.0,0.0,2,7.0,Empleado_Informal
2,47.0,1,2,5,13, , , ,10.0,10.0,0.0,2,2.0,Desempleado
1,30.0,1,2,6,13, , , ,11.0,11.0,0.0,2,2.0,Empleado_Informal
1,28.0,1,2,6,13, , , ,11.0,11.0,0.0,2,5.0,Empleado_Informal
2,27.0,1,1,1,6, , ,1,0.0,11.0,-11.0,No Especificado,5.0,Empleado_Informal
2,33.0,1,2,5,13, , , ,10.0,10.0,0.0,2,1.0,Empleado_Informal
1,27.0,1,2,5,13, , , ,10.0,10.0,0.0,1,1.0,Desempleado
1,30.0,6,2,5,13, , , ,10.0,10.0,0.0,1,2.0,Empleado_Informal
2,28.0,6,2,7,13, , ,3,12.5,12.5,0.0,2,4.0,Empleado_Informal
2,28.0,6,2,6,13, , , ,11.0,11.0,0.0,2,3.0,Empleado_Informal
2,34.0,6,2,6,13, , , ,11.0,11.0,0.0,2,6.0,Empleado_Informal
2,39.0,6,2,10,13,1,2,3,16.0,16.0,0.0,2,1.0,Empleado_Informal
1,21.0,6,2,5,13, , , ,10.0,10.0,0.0, ,5.0,Empleado_Informal
1,30.0,6,2,5,13, , , ,10.0,10.0,0.0,6,5.0,Empleado_Informal
1,31.0,6,2,4,13, , , ,9.0,9.0,0.0,1,7.0,Empleado_Informal
1,24.0,1,2,4,13, , , ,9.0,9.0,0.0,2,1.0,Empleado_Informal
1,33.0,1,2,4,13, , , ,9.0,9.0,0.0,2,4.0,Empleado_Informal
2,42.0,1,2,5,13, , , ,10.0,10.0,0.0,2,3.0,Empleado_Informal
2,18.0,6,2,6,13, , , ,11.0,11.0,0.0,1,2.0,Empleado_Informal
2,42.0,6,2,8,13,1,2,3,14.0,14.0,0.0,1,3.0,Empleado_Informal
2,20.0,6,2,6,13, , , ,11.0,11.0,0.0,1,1.0,Desempleado
2,31.0,1,2,9,13, , ,3,13.5,13.5,0.0,2,6.0,Empleado_Informal
1,30.0,1,1,1,10, , ,0,0.0,16.0,-14.0,No Especificado,5.0,Empleado_Informal
1,49.0,5,2,5,13, , , ,10.0,10.0,0.0,2,6.0,Empleado_Informal
1,39.0,1,2,6,13, , , ,11.0,11.0,0.0,1,6.0,Empleado_Informal
1,31.0,6,2,6,13, , , ,11.0,11.0,0.0,2,3.0,Empleado_Informal
1,36.0,1,2,5,13, , , ,10.0,10.0,0.0,1,3.0,Empleado_Informal
2,34.0,1,2,9,13, , ,3,13.5,13.5,0.0,1,3.0,Empleado_Informal
1,32.0,2,2,3,13, , , ,4.5,4.5,0.0,2,1.0,Empleado_Informal
2,38.0,2,2,9,13, , ,3,13.5,13.5,0.0,9,0.0,Empleado_Informal
1,19.0,6,2,5,5, , , ,10.0,8.5,0.5,2,3.0,Empleado_Informal
1,39.0,6,2,10,13,1,2,3,16.0,16.0,0.0,9,1.0,Empleado_Informal
1,33.0,1,1,1,4, , , ,0.0,6.0,-6.0,No Especificado,5.0,Empleado_Informal
2,35.0,1,2,10,13,1,2,3,16.0,16.0,0.0,6,4.0,Empleado_Informal
2,28.0,6,2,6,13, , , ,11.0,11.0,0.0,2,6.0,Empleado_Informal
2,27.0,6,2,6,13, , , ,11.0,11.0,0.0,1,1.0,Empleado_Informal
1,31.0,2,2,9,13, , ,3,13.5,13.5,0.0,2,6.0,Empleado_Formal
1,35.0,1,2,6,13, , , ,11.0,11.0,0.0,2,6.0,Empleado_Informal
1,44.0,1,2,10,13,1,2,3,16.0,16.0,0.0,2,7.0,Empleado_Informal
2,46.0,1,2,6,13, , , ,11.0,11.0,0.0,2,7.0,Empleado_Informal
2,47.0,5,2,10,13,1,2,3,16.0,16.0,0.0,2,5.0,Empleado_Informal
1,23.0,6,2,6,13, , , ,11.0,11.0,0.0,2,6.0,Empleado_Informal
1,25.0,1,2,6,13, , , ,11.0,11.0,0.0,2,6.0,Empleado_Informal
2,20.0,1,2,6,6, , ,1,11.0,11.0,0.0,2,6.0,Empleado_Informal
2,32.0,6,2,10,13,1,2,3,16.0,16.0,0.0,2,6.0,Empleado_Formal
1,35.0,1,2,10,13,1,2,3,16.0,16.0,0.0,2,6.0,Empleado_Formal
2,33.0,1,2,10,13,1,1,3,16.0,16.0,0.0,2,6.0,Empleado_Formal
1,46.0,6,2,5,13, , , ,10.0,10.0,0.0,2,2.0,Empleado_Informal
2,30.0,1,2,9,13, , ,3,13.5,13.5,0.0,9,4.0,Empleado_Informal
1,29.0,1,2,5,13, , , ,10.0,10.0,0.0,9,4.0,Empleado_Informal
2,45.0,1,2,10,13,1,2,3,16.0,16.0,0.0,2,4.0,Empleado_Informal
1,46.0,1,2,5,13, , , ,10.0,10.0,0.0,2,4.0,Empleado_Informal
2,41.0,1,2,10,13,1,2,3,16.0,16.0,0.0,2,7.0,Empleado_Informal
1,39.0,1,1,1,6, , ,1,0.0,11.0,-11.0,No Especificado,5.0,Empleado_Informal
1,23.0,6,2,8,13,1,2,3,14.0,14.0,0.0,2,1.0,Empleado_Informal
2,27.0,1,2,5,13, , , ,10.0,10.0,0.0,9,0.0,Empleado_Informal
1,29.0,1,2,10,13,1,2,3,16.0,16.0,0.0,9,0.0,Empleado_Informal
2,28.0,2,2,9,13, , ,3,13.5,13.5,0.0,9,2.0,Empleado_Informal
1,28.0,2,2,4,13, , , ,9.0,9.0,0.0,2,2.0,Empleado_Informal
2,22.0,6,2,6,13, , , ,11.0,11.0,0.0,2,1.0,Empleado_Informal
1,35.0,1,2,6,13, , , ,11.0,11.0,0.0,2,6.0,Empleado_Formal
2,31.0,1,2,6,13, , , ,11.0,11.0,0.0,2,6.0,Empleado_Informal
2,41.0,2,2,10,13,1,2,3,16.0,16.0,0.0,2,6.0,Empleado_Formal
1,50.0,2,2,4,13, , , ,9.0,9.0,0.0,2,6.0,Empleado_Informal
2,37.0,1,2,10,13,1,2,3,16.0,16.0,0.0,2,6.0,Empleado_Informal
1,41.0,1,2,6,13, , , ,11.0,11.0,0.0,2,7.0,Empleado_Informal
2,38.0,6,2,5,13, , , ,10.0,10.0,0.0,2,4.0,Empleado_Informal
1,28.0,1,2,4,13, , , ,9.0,9.0,0.0,2,5.0,Empleado_Informal
1,25.0,1,2,4,13, , , ,9.0,9.0,0.0,6,5.0,Empleado_Informal
2,39.0,1,2,6,13, , , ,11.0,11.0,0.0,2,5.0,Empleado_Informal
1,17.0,6,2,3,5, , , ,4.5,8.5,-4.0,1,5.0,Empleado_Informal
2,17.0,6,2,5,5, , , ,10.0,8.5,0.5,1,4.0,Empleado_Informal
1,36.0,1,2,11,13,1,2,3,16.0,16.0,0.0,2,6.0,Empleado_Informal
2,32.0,1,2,6,13, , , ,11.0,11.0,0.0,2,5.0,Empleado_Informal
1,37.0,2,2,6,13, , , ,11.0,11.0,0.0,2,6.0,Empleado_Informal
2,38.0,2,2,6,13, , , ,11.0,11.0,0.0,2,6.0,Empleado_Informal
1,40.0,1,2,10,13,1,2,3,16.0,16.0,0.0,2,6.0,Empleado_Informal
2,39.0,1,2,8,13,1,2,3,14.0,14.0,0.0,2,5.0,Empleado_Informal
2,38.0,1,2,10,13,1,2,3,16.0,16.0,0.0,2,5.0,Empleado_Informal
1,42.0,1,2,6,13, , , ,11.0,11.0,0.0,2,6.0,Empleado_Formal
2,32.0,5,2,9,13, , ,3,13.5,13.5,0.0,2,8.0,Empleado_Informal
1,26.0,6,2,6,13, , , ,11.0,11.0,0.0,2,6.0,Empleado_Informal
2,25.0,6,2,9,13, , ,3,13.5,13.5,0.0,2,5.0,Empleado_Informal
1,30.0,2,2,9,13, , ,3,13.5,13.5,0.0,2,2.0,Empleado_Informal
1,26.0,6,2,6,13, , , ,11.0,11.0,0.0,2,2.0,Empleado_Informal
1,35.0,1,2,9,13, , ,3,13.5,13.5,0.0,2,8.0,Empleado_Informal
2,20.0,1,2,5,13, , , ,10.0,10.0,0.0,2,5.0,Empleado_Informal
1,21.0,1,2,5,13, , , ,10.0,10.0,0.0,2,5.0,Empleado_Informal
1,27.0,1,2,6,13, , , ,11.0,11.0,0.0,2,6.0,Empleado_Informal
2,31.0,1,2,8,13,1,2,3,14.0,14.0,0.0,2,7.0,Empleado_Formal
2,50.0,5,2,8,13,1,2,3,14.0,14.0,0.0,2,6.0,Empleado_Informal
1,58.0,2,1,1,6, , ,1,0.0,11.0,-11.0,No Especificado,5.0,Empleado_Informal
2,45.0,2,2,5,13, , , ,10.0,10.0,0.0,9,1.0,Empleado_Informal
2,52.0,6,2,9,13, , ,3,13.5,13.5,0.0,2,5.0,Empleado_Informal
1,30.0,1,2,8,13,2, ,3,14.0,14.0,0.0,2,6.0,Empleado_Informal
2,22.0,1,2,6,13, , , ,11.0,11.0,0.0,2,4.0,Empleado_Informal
1,29.0,6,2,6,13, , , ,11.0,11.0,0.0,2,5.0,Empleado_Formal
1,38.0,1,1,1,8, , ,0,0.0,14.0,-14.0,No Especificado,5.0,Empleado_Formal
1,40.0,1,2,8,13,1,2,3,14.0,14.0,0.0,2,6.0,Empleado_Formal
1,30.0,1,2,6,13, , , ,11.0,11.0,0.0,2,2.0,Empleado_Informal
2,22.0,1,4,1,13, , , ,0.0,4.5,0.0,2,2.0,Empleado_Informal
1,35.0,6,2,7,13, , ,3,12.5,12.5,0.0,2,5.0,Empleado_Informal
1,38.0,6,2,6,13, , , ,11.0,11.0,0.0,2,6.0,Empleado_Informal
1,33.0,6,2,6,13, , , ,11.0,11.0,0.0,2,7.0,Empleado_Informal
2,39.0,4,2,6,13, , , ,11.0,11.0,0.0,2,6.0,Empleado_Informal
2,22.0,6,2,8,13,1,2,3,14.0,14.0,0.0,2,1.0,Empleado_Informal
1,19.0,6,2,6,13, , , ,11.0,11.0,0.0,1,1.0,Empleado_Informal
2,33.0,1,2,7,13, , ,3,12.5,12.5,0.0,2,6.0,Empleado_Informal
1,24.0,1,2,6,13, , , ,11.0,11.0,0.0,2,6.0,Empleado_Informal
2,50.0,6,2,10,13,1,2,3,16.0,16.0,0.0,1,1.0,Desempleado
1,23.0,6,2,6,13, , , ,11.0,11.0,0.0,2,8.0,Empleado_Informal
1,28.0,6,2,6,13, , , ,11.0,11.0,0.0,2,3.0,Empleado_Informal
1,29.0,1,2,6,13, , , ,11.0,11.0,0.0,2,7.0,Empleado_Informal
2,24.0,6,2,9,13, , ,3,13.5,13.5,0.0,1,3.0,Empleado_Informal
2,26.0,6,2,6,13, , , ,11.0,11.0,0.0,6,3.0,Empleado_Informal
2,33.0,6,2,6,13, , , ,11.0,11.0,0.0,9,5.0,Empleado_Informal
2,32.0,5,2,6,13, , , ,11.0,11.0,0.0,2,5.0,Empleado_Informal
2,32.0,1,1,1,10, , ,0,0.0,16.0,-14.0,No Especificado,5.0,Empleado_Formal
2,31.0,1,2,6,13, , , ,11.0,11.0,0.0,2,5.0,Empleado_Informal
1,35.0,1,2,10,13,1,2,3,16.0,16.0,0.0,2,5.0,Empleado_Informal
1,54.0,1,1,1,10, , ,0,0.0,16.0,-14.0,No Especificado,5.0,Empleado_Formal
2,33.0,6,2,8,13,1,2,3,14.0,14.0,0.0,2,5.0,Empleado_Informal
1,36.0,6,2,11,13,1,1,3,16.0,16.0,0.0,2,6.0,Empleado_Informal
1,34.0,6,2,8,13,1,2,3,14.0,14.0,0.0,2,7.0,Empleado_Informal
1,37.0,6,2,8,13,1,2,3,14.0,14.0,0.0,4,5.0,Empleado_Formal
2,48.0,6,2,10,13,1,2,3,16.0,16.0,0.0,2,5.0,Empleado_Formal
1,33.0,1,2,8,13,1,2,3,14.0,14.0,0.0,2,6.0,Empleado_Informal
2,32.0,1,2,9,13, , ,3,13.5,13.5,0.0,2,7.0,Empleado_Informal
1,25.0,1,2,6,13, , , ,11.0,11.0,0.0,2,5.0,Empleado_Informal
1,34.0,6,2,7,13, , ,3,12.5,12.5,0.0,2,6.0,Empleado_Informal
1,25.0,6,2,10,13,1,2,3,16.0,16.0,0.0,2,5.0,Empleado_Formal
2,33.0,1,2,10,13,1,1,3,16.0,16.0,0.0,2,5.0,Empleado_Formal
1,38.0,1,2,8,13,1,1,3,14.0,14.0,0.0,2,5.0,Empleado_Formal
2,39.0,1,2,10,13,1,2,3,16.0,16.0,0.0,2,5.0,Desempleado
1,32.0,1,2,10,13,1,2,3,16.0,16.0,0.0,2,6.0,Empleado_Informal
1,30.0,6,2,6,13, , , ,11.0,11.0,0.0,2,6.0,Empleado_Informal
2,41.0,6,2,6,13, , , ,11.0,11.0,0.0,2,3.0,Empleado_Informal
1,20.0,6,2,6,13, , , ,11.0,11.0,0.0,1,3.0,Empleado_Informal
2,37.0,1,2,10,13,1,2,3,16.0,16.0,0.0,2,7.0,Empleado_Informal
1,37.0,1,2,9,13, , ,3,13.5,13.5,0.0,2,7.0,Empleado_Informal
2,34.0,6,2,6,13, , , ,11.0,11.0,0.0,2,5.0,Empleado_Informal
1,35.0,1,2,10,13,1,2,3,16.0,16.0,0.0,2,7.0,Empleado_Informal
2,32.0,1,2,10,13,1,2,3,16.0,16.0,0.0,2,6.0,Empleado_Informal
2,40.0,1,2,7,13, , ,3,12.5,12.5,0.0,2,2.0,Empleado_Informal
1,40.0,1,2,4,13, , , ,9.0,9.0,0.0,2,6.0,Empleado_Informal
2,34.0,1,2,10,13,1,2,3,16.0,16.0,0.0,2,5.0,Empleado_Informal
1,39.0,1,2,8,13,1,2,3,14.0,14.0,0.0,2,5.0,Empleado_Informal
1,36.0,2,2,10,13,1,2,3,16.0,16.0,0.0,2,3.0,Empleado_Informal
1,44.0,4,2,8,13,1,2,3,14.0,14.0,0.0,1,1.0,Empleado_Informal
2,25.0,2,2,6,13, , , ,11.0,11.0,0.0,2,5.0,Empleado_Informal
1,31.0,2,2,10,13,1,2,3,16.0,16.0,0.0,2,5.0,Empleado_Formal
2,60.0,6,2,10,13,1,2,3,16.0,16.0,0.0,2,7.0,Empleado_Formal
2,31.0,1,2,8,13,1,2,3,14.0,14.0,0.0,2,3.0,Empleado_Formal
1,29.0,1,2,6,13, , , ,11.0,11.0,0.0,1,3.0,Empleado_Informal
2,28.0,1,2,7,13, , ,3,12.5,12.5,0.0,2,3.0,Desempleado
1,35.0,1,2,8,13,1,2,3,14.0,14.0,0.0,2,3.0,Empleado_Informal
1,29.0,6,2,8,13,1,2,3,14.0,14.0,0.0,2,3.0,Empleado_Informal
2,32.0,1,2,7,13, , ,3,12.5,12.5,0.0,2,6.0,Desempleado
1,35.0,1,2,8,13,1,2,3,14.0,14.0,0.0,2,6.0,Empleado_Informal
2,43.0,6,2,6,13, , , ,11.0,11.0,0.0,4,6.0,Empleado_Formal
1,25.0,6,2,8,13,1,2,3,14.0,14.0,0.0,4,6.0,Empleado_Informal
1,23.0,6,2,6,13, , , ,11.0,11.0,0.0,4,6.0,Empleado_Formal
2,39.0,2,2,8,13,1,2,3,14.0,14.0,0.0,2,6.0,Empleado_Informal
1,40.0,2,2,8,13,1,2,3,14.0,14.0,0.0,2,6.0,Empleado_Informal
1,26.0,6,2,9,13, , ,3,13.5,13.5,0.0,1,1.0,Empleado_Informal
1,38.0,1,2,8,13,1,2,3,14.0,14.0,0.0,2,6.0,Empleado_Informal
1,18.0,6,2,5,6, , ,1,10.0,11.0,-1.0,2,3.0,Empleado_Informal
1,29.0,1,2,10,13,1,2,3,16.0,16.0,0.0,2,2.0,Empleado_Informal
2,26.0,1,2,6,13, , , ,11.0,11.0,0.0,1,1.0,Desempleado
2,30.0,6,2,10,13,1,2,3,16.0,16.0,0.0,2,6.0,Empleado_Informal
2,32.0,6,2,6,13, , , ,11.0,11.0,0.0,2,4.0,Empleado_Informal
2,39.0,6,2,10,13,1,1,3,16.0,16.0,0.0,2,6.0,Empleado_Informal
1,63.0,2,2,6,13, , , ,11.0,11.0,0.0,2,5.0,Empleado_Informal
2,63.0,2,2,6,13, , , ,11.0,11.0,0.0,2,5.0,Empleado_Informal
1,31.0,2,2,8,13,1,1,3,14.0,14.0,0.0,2,6.0,Empleado_Formal
2,43.0,6,2,8,13,1,2,3,14.0,14.0,0.0,2,4.0,Empleado_Formal
1,27.0,1,2,10,13,1,2,3,16.0,16.0,0.0,2,1.0,Empleado_Informal
2,18.0,1,2,6,13, , , ,11.0,11.0,0.0,1,1.0,Empleado_Informal
2,55.0,5,2,10,13,1,2,3,16.0,16.0,0.0,2,3.0,Empleado_Informal
2,22.0,6,2,6,9, , ,0,11.0,13.5,-2.5,2,3.0,Empleado_Informal
2,29.0,1,2,6,13, , , ,11.0,11.0,0.0,2,4.0,Empleado_Informal
1,25.0,1,2,6,13, , , ,11.0,11.0,0.0,2,5.0,Empleado_Informal
1,37.0,1,2,9,13, , ,3,13.5,13.5,0.0,2,6.0,Empleado_Informal
2,32.0,1,2,9,13, , ,3,13.5,13.5,0.0,2,6.0,Empleado_Informal
1,45.0,2,2,10,13,1,2,3,16.0,16.0,0.0,9,2.0,Empleado_Informal
2,37.0,2,2,10,13,1,2,3,16.0,16.0,0.0,9,2.0,Empleado_Informal
1,23.0,6,2,6,13, , , ,11.0,11.0,0.0,2,4.0,Empleado_Informal
1,33.0,6,2,10,13,1,2,3,16.0,16.0,0.0,2,6.0,Empleado_Formal
2,27.0,6,2,10,13,1,2,3,16.0,16.0,0.0,2,6.0,Empleado_Informal
1,24.0,1,2,3,13, , , ,4.5,4.5,0.0,1,7.0,Empleado_Informal
1,56.0,2,2,8,13,1,2,3,14.0,14.0,0.0,2,4.0,Empleado_Formal
1,35.0,2,2,10,13,1,2,3,16.0,16.0,0.0,2,6.0,Empleado_Formal
1,33.0,1,2,9,13, , ,3,13.5,13.5,0.0,2,6.0,Empleado_Formal
1,40.0,1,2,6,13, , , ,11.0,11.0,0.0,1,6.0,Empleado_Informal
2,35.0,1,2,6,13, , , ,11.0,11.0,0.0,1,6.0,Empleado_Informal
1,30.0,6,2,6,13, , , ,11.0,11.0,0.0,2,5.0,Empleado_Informal
2,28.0,6,2,6,13, , , ,11.0,11.0,0.0,9,3.0,Empleado_Informal
1,31.0,1,2,6,13, , , ,11.0,11.0,0.0,2,2.0,Empleado_Formal
2,26.0,1,2,6,13, , , ,11.0,11.0,0.0,1,2.0,Empleado_Formal
1,30.0,1,2,5,13, , , ,10.0,10.0,0.0,1,4.0,Empleado_Informal
2,28.0,1,2,5,13, , , ,10.0,10.0,0.0,1,4.0,Empleado_Formal
1,39.0,6,2,6,13, , , ,11.0,11.0,0.0,2,5.0,Empleado_Formal
1,41.0,6,2,8,13,2, ,3,14.0,14.0,0.0,2,6.0,Empleado_Formal
2,26.0,6,2,6,13, , , ,11.0,11.0,0.0,2,5.0,Empleado_Informal
2,25.0,1,2,5,13, , , ,10.0,10.0,0.0,1,2.0,Desempleado
1,28.0,1,2,6,13, , , ,11.0,11.0,0.0,1,2.0,Empleado_Informal
2,32.0,1,2,6,13, , , ,11.0,11.0,0.0,2,5.0,Desempleado
1,34.0,1,2,6,13, , , ,11.0,11.0,0.0,2,5.0,Empleado_Informal
2,32.0,6,2,10,13,1,2,3,16.0,16.0,0.0,2,5.0,Empleado_Informal
1,30.0,6,2,5,13, , , ,10.0,10.0,0.0,1,3.0,Empleado_Informal
1,49.0,1,2,10,13,1,2,3,16.0,16.0,0.0,2,6.0,Empleado_Formal
2,45.0,1,2,5,13, , , ,10.0,10.0,0.0,2,6.0,Empleado_Formal
1,22.0,6,2,5,13, , , ,10.0,10.0,0.0,2,4.0,Empleado_Informal
1,47.0,1,2,8,13,1,2,3,14.0,14.0,0.0,2,6.0,Empleado_Formal
2,38.0,1,2,10,13,1,2,3,16.0,16.0,0.0,2,6.0,Empleado_Informal
1,40.0,1,2,10,13,1,2,3,16.0,16.0,0.0,2,6.0,Empleado_Formal
2,34.0,1,2,10,13,1,2,3,16.0,16.0,0.0,2,6.0,Empleado_Formal
1,48.0,2,2,8,13,2, ,3,14.0,14.0,0.0,2,6.0,Empleado_Formal
1,42.0,6,2,7,13, , ,3,12.5,12.5,0.0,2,2.0,Empleado_Informal
1,31.0,1,2,6,13, , , ,11.0,11.0,0.0,2,6.0,Empleado_Informal
2,33.0,6,2,9,13, , ,3,13.5,13.5,0.0,7,2.0,Empleado_Informal
2,40.0,6,2,5,13, , , ,10.0,10.0,0.0,2,8.0,Empleado_Informal
1,41.0,2,2,8,13,1,2,3,14.0,14.0,0.0,2,5.0,Empleado_Informal
1,29.0,1,2,10,13,1,2,3,16.0,16.0,0.0,2,6.0,Empleado_Informal
2,22.0,1,1,1,6, , ,1,0.0,11.0,-11.0,No Especificado,5.0,Empleado_Informal
2,44.0,6,2,6,13, , , ,11.0,11.0,0.0,2,2.0,Empleado_Informal
2,36.0,6,2,8,13,1,2,3,14.0,14.0,0.0,2,6.0,Empleado_Informal
2,29.0,1,2,6,13, , , ,11.0,11.0,0.0,1,3.0,Desempleado
1,30.0,1,2,6,13, , , ,11.0,11.0,0.0,2,3.0,Empleado_Informal
2,32.0,6,2,6,13, , , ,11.0,11.0,0.0,2,5.0,Empleado_Informal
1,27.0,6,2,6,13, , , ,11.0,11.0,0.0,1,2.0,Empleado_Informal
2,25.0,6,2,9,13, , ,3,13.5,13.5,0.0,2,5.0,Empleado_Informal
2,26.0,6,2,6,13, , , ,11.0,11.0,0.0,2,4.0,Empleado_Informal
1,29.0,1,2,6,13, , , ,11.0,11.0,0.0,7,6.0,Empleado_Informal
2,25.0,1,2,5,13, , , ,10.0,10.0,0.0,6,6.0,Empleado_Informal
2,37.0,5,2,6,13, , , ,11.0,11.0,0.0,2,4.0,Empleado_Informal
1,30.0,1,2,10,13,1,2,3,16.0,16.0,0.0,2,2.0,Empleado_Informal
2,23.0,6,2,5,13, , , ,10.0,10.0,0.0,6,3.0,Empleado_Informal
1,46.0,1,2,4,13, , , ,9.0,9.0,0.0,2,6.0,Empleado_Informal
2,28.0,1,2,6,13, , , ,11.0,11.0,0.0,2,5.0,Empleado_Informal
2,37.0,2,2,6,13, , , ,11.0,11.0,0.0,9,4.0,Desempleado
1,42.0,2,2,7,13, , ,3,12.5,12.5,0.0,9,4.0,Empleado_Informal
1,21.0,1,2,5,13, , , ,10.0,10.0,0.0,9,3.0,Empleado_Informal
2,32.0,5,2,8,13,1,2,3,14.0,14.0,0.0,2,5.0,Empleado_Informal
1,34.0,1,2,8,13,1,1,3,14.0,14.0,0.0,2,2.0,Empleado_Informal
1,27.0,6,2,6,13, , , ,11.0,11.0,0.0,2,3.0,Empleado_Informal
2,43.0,1,2,8,13,1,2,3,14.0,14.0,0.0,2,4.0,Empleado_Informal
1,44.0,1,2,8,13,1,2,3,14.0,14.0,0.0,2,4.0,Empleado_Informal
2,35.0,1,2,8,13,1,2,3,14.0,14.0,0.0,1,2.0,Empleado_Informal
1,35.0,1,2,7,13, , ,3,12.5,12.5,0.0,1,2.0,Empleado_Informal
2,41.0,4,2,7,13, , ,3,12.5,12.5,0.0,1,1.0,Empleado_Informal
2,37.0,5,2,4,13, , , ,9.0,9.0,0.0,1,2.0,Empleado_Informal
2,19.0,1,2,3,13, , , ,4.5,4.5,0.0,9,1.0,Empleado_Informal
1,20.0,1,2,4,13, , , ,9.0,9.0,0.0,2,1.0,Empleado_Informal
2,32.0,5,2,9,13, , ,3,13.5,13.5,0.0,6,7.0,Empleado_Informal
2,32.0,1,2,8,13,1,2,3,14.0,14.0,0.0,9,1.0,Empleado_Formal
1,29.0,1,2,10,13,1,2,3,16.0,16.0,0.0,9,0.0,Empleado_Informal
1,30.0,1,2,6,13, , , ,11.0,11.0,0.0,2,6.0,Empleado_Informal
2,29.0,1,2,9,13, , ,3,13.5,13.5,0.0,2,6.0,Empleado_Informal
1,54.0,6,2,6,13, , , ,11.0,11.0,0.0,2,7.0,Empleado_Informal
2,30.0,1,2,6,13, , , ,11.0,11.0,0.0,2,6.0,Empleado_Informal
1,56.0,1,1,10,13,1,2,3,16.0,16.0,0.0,No Especificado,5.0,Empleado_Informal
1,28.0,1,2,5,13, , , ,10.0,10.0,0.0,2,7.0,Desempleado
2,38.0,1,2,6,13, , , ,11.0,11.0,0.0,2,4.0,Empleado_Informal
2,30.0,5,2,10,13,1,2,3,16.0,16.0,0.0,2,6.0,Desempleado
2,37.0,3,2,6,13, , , ,11.0,11.0,0.0,2,3.0,Empleado_Informal
2,34.0,1,2,5,13, , , ,10.0,10.0,0.0,9,5.0,Empleado_Informal
1,40.0,1,2,6,13, , , ,11.0,11.0,0.0,2,6.0,Empleado_Informal
1,17.0,6,2,3,5, , , ,4.5,8.5,-4.0,2,8.0,Empleado_Informal
2,35.0,1,1,1,7, , ,0,0.0,12.5,-12.5,No Especificado,5.0,Empleado_Informal
1,35.0,1,2,10,13,2, ,3,16.0,16.0,0.0,2,7.0,Empleado_Informal
2,64.0,5,2,10,13,2, ,3,16.0,16.0,0.0,2,3.0,Empleado_Informal
2,22.0,6,2,3,13, , , ,4.5,4.5,0.0,9,2.0,Empleado_Informal
1,26.0,6,2,3,13, , , ,4.5,4.5,0.0,9,0.0,Desempleado
2,26.0,6,2,6,13, , , ,11.0,11.0,0.0,2,1.0,Empleado_Informal
2,59.0,5,2,3,13, , , ,4.5,4.5,0.0,2,1.0,Empleado_Informal
2,38.0,6,2,8,13,1,2,3,14.0,14.0,0.0,2,1.0,Empleado_Informal
2,30.0,2,2,6,13, , , ,11.0,11.0,0.0,2,2.0,Desempleado
1,30.0,2,2,6,13, , , ,11.0,11.0,0.0,2,2.0,Empleado_Informal
1,28.0,1,2,6,13, , , ,11.0,11.0,0.0,5,3.0,Empleado_Informal
1,34.0,6,2,7,13, , ,3,12.5,12.5,0.0,9,4.0,Empleado_Informal
1,33.0,1,1,1,8, , ,0,0.0,14.0,-14.0,No Especificado,5.0,Empleado_Informal
