sexo,edad,estado_civil,nacionalidad,nivel_educ_venezuela,nivel_educ_peru,obtuvo_titulo,homologo_titulo_peru,tiene_carrera_superior,anios_escolaridad_venezuela,anios_escolaridad_peru,brecha_educativa_anios,tipo_permiso_migratorio,tiempo_residencia_anios,condicion_laboral,fuente
1,36.0,1,2,8.0,13.0, , ,1,14.0,14.0,0.0,2,4,Empleado_Formal,ENPOVE_2022
2,33.0,6,2,10.0,13.0,1,2,1,16.0,16.0,0.0,9,3,Empleado_Informal,ENPOVE_2022
1,24.0,6,2,9.0,13.0, , ,1,13.5,13.5,0.0,9,3,Empleado_Formal,ENPOVE_2022
1,28.0,1,2,4.0,13.0, , ,1,9.0,9.0,0.0,2,4,Empleado_Formal,ENPOVE_2022
2,46.0,1,2,5.0,13.0, , ,1,10.0,10.0,0.0,9,1,Empleado_Informal,ENPOVE_2022
1,53.0,1,2,5.0,13.0, , ,1,10.0,10.0,0.0,2,4,Empleado_Informal,ENPOVE_2022
1,16.0,5,2,5.0,13.0, , ,1,10.0,10.0,0.0,9,1,Empleado_Informal,ENPOVE_2022
2,38.0,1,2,10.0,13.0,1,2,1,16.0,16.0,0.0,2,4,Empleado_Informal,ENPOVE_2022
2,33.0,1,2,9.0,13.0, , ,1,13.5,13.5,0.0,2,4,Empleado_Informal,ENPOVE_2022
2,23.0,1,2,6.0,13.0, , ,1,11.0,11.0,0.0,9,2,Desempleado,ENPOVE_2022
1,47.0,2,2,10.0,13.0,1,2,1,16.0,16.0,0.0,2,4,Empleado_Formal,ENPOVE_2022
2,38.0,1,2,5.0,13.0, , ,1,10.0,10.0,0.0,9,1,Empleado_Informal,ENPOVE_2022
1,19.0,6,2,5.0,13.0, , ,1,10.0,10.0,0.0,9,2,Empleado_Informal,ENPOVE_2022
1,17.0,6,2,5.0,13.0, , ,1,10.0,10.0,0.0,9,1,Empleado_Informal,ENPOVE_2022
1,22.0,1,2,5.0,13.0, , ,1,10.0,10.0,0.0,9,1,Empleado_Informal,ENPOVE_2022
2,18.0,1,2,5.0,13.0, , ,1,10.0,10.0,0.0,9,1,Empleado_Informal,ENPOVE_2022
2,47.0,5,2,9.0,13.0, , ,1,13.5,13.5,0.0,2,4,Empleado_Formal,ENPOVE_2022
1,14.0,6,2,1.0,4.0, , ,1,0.0,6.0,-6.0,2,4,Empleado_Informal,ENPOVE_2022
2,21.0,1,2,9.0,13.0, , ,1,13.5,13.5,0.0,9,1,Empleado_Informal,ENPOVE_2022
1,21.0,1,2,9.0,13.0, , ,1,13.5,13.5,0.0,1,4,Empleado_Informal,ENPOVE_2022
1,30.0,6,2,9.0,13.0, , ,1,13.5,13.5,0.0,9,3,Empleado_Informal,ENPOVE_2022
2,19.0,6,2,6.0,13.0, , ,1,11.0,11.0,0.0,9,1,Empleado_Informal,ENPOVE_2022
1,22.0,1,2,6.0,13.0, , ,1,11.0,11.0,0.0,9,3,Empleado_Informal,ENPOVE_2022
2,35.0,6,2,6.0,13.0, , ,1,11.0,11.0,0.0,1,4,Empleado_Informal,ENPOVE_2022
1,24.0,1,2,6.0,13.0, , ,1,11.0,11.0,0.0,9,3,Empleado_Informal,ENPOVE_2022
2,22.0,1,2,6.0,13.0, , ,1,11.0,11.0,0.0,9,2,Empleado_Informal,ENPOVE_2022
1,23.0,1,2,6.0,13.0, , ,1,11.0,11.0,0.0,9,1,Empleado_Informal,ENPOVE_2022
1,22.0,1,2,6.0,13.0, , ,1,11.0,11.0,0.0,9,2,Empleado_Informal,ENPOVE_2022
2,21.0,1,2,9.0,13.0, , ,1,13.5,13.5,0.0,9,1,Empleado_Informal,ENPOVE_2022
1,45.0,1,2,10.0,13.0,1,2,1,16.0,16.0,0.0,2,4,Empleado_Informal,ENPOVE_2022
2,43.0,1,2,6.0,13.0, , ,1,11.0,11.0,0.0,2,4,Empleado_Informal,ENPOVE_2022
2,18.0,6,2,1.0,6.0, , ,1,0.0,11.0,-11.0,9,4,Empleado_Informal,ENPOVE_2022
1,55.0,2,2,6.0,13.0, , ,1,11.0,11.0,0.0,2,5,Empleado_Informal,ENPOVE_2022
2,47.0,2,2,10.0,13.0,1,2,1,16.0,16.0,0.0,2,4,Empleado_Informal,ENPOVE_2022
1,26.0,6,2,9.0,13.0, , ,1,13.5,13.5,0.0,2,4,Empleado_Formal,ENPOVE_2022
1,21.0,6,2,9.0,13.0, , ,1,13.5,13.5,0.0,2,4,Empleado_Informal,ENPOVE_2022
1,40.0,5,2,9.0,13.0, , ,1,13.5,13.5,0.0,2,5,Empleado_Informal,ENPOVE_2022
1,18.0,6,2,1.0,6.0, , ,1,0.0,11.0,-11.0,1,4,Desempleado,ENPOVE_2022
2,22.0,6,2,6.0,13.0, , ,1,11.0,11.0,0.0,9,1,Empleado_Informal,ENPOVE_2022
1,31.0,6,2,6.0,13.0, , ,1,11.0,11.0,0.0,9,5,Empleado_Informal,ENPOVE_2022
2,28.0,1,2,6.0,13.0, , ,1,11.0,11.0,0.0,2,4,Empleado_Informal,ENPOVE_2022
1,29.0,1,2,10.0,13.0,1,2,1,16.0,16.0,0.0,2,5,Empleado_Informal,ENPOVE_2022
2,26.0,1,2,9.0,13.0, , ,1,13.5,13.5,0.0,2,5,Desempleado,ENPOVE_2022
1,25.0,6,2,5.0,13.0, , ,1,10.0,10.0,0.0,9,2,Empleado_Informal,ENPOVE_2022
1,20.0,1,2,5.0,13.0, , ,1,10.0,10.0,0.0,9,1,Empleado_Informal,ENPOVE_2022
2,24.0,1,2,5.0,13.0, , ,1,10.0,10.0,0.0,9,3,Empleado_Informal,ENPOVE_2022
2,48.0,5,2,6.0,13.0, , ,1,11.0,11.0,0.0,9,2,Empleado_Informal,ENPOVE_2022
2,41.0,5,2,5.0,13.0, , ,1,10.0,10.0,0.0,9,1,Empleado_Informal,ENPOVE_2022
1,17.0,6,2,3.0,13.0, , ,1,4.5,4.5,0.0,9,1,Empleado_Informal,ENPOVE_2022
1,30.0,2,2,5.0,13.0, , ,1,10.0,10.0,0.0,9,4,Empleado_Informal,ENPOVE_2022
2,29.0,2,2,10.0,13.0,1,2,1,16.0,16.0,0.0,9,4,Empleado_Informal,ENPOVE_2022
1,30.0,1,2,10.0,13.0,1,2,1,16.0,16.0,0.0,1,3,Empleado_Informal,ENPOVE_2022
1,24.0,1,2,6.0,13.0, , ,1,11.0,11.0,0.0,1,3,Empleado_Informal,ENPOVE_2022
1,19.0,6,2,6.0,13.0, , ,1,11.0,11.0,0.0,1,1,Empleado_Informal,ENPOVE_2022
1,28.0,1,2,6.0,13.0, , ,1,11.0,11.0,0.0,9,3,Empleado_Informal,ENPOVE_2022
2,28.0,1,2,6.0,13.0, , ,1,11.0,11.0,0.0,9,2,Empleado_Informal,ENPOVE_2022
1,23.0,6,2,6.0,13.0, , ,1,11.0,11.0,0.0,9,4,Empleado_Informal,ENPOVE_2022
2,38.0,5,2,6.0,13.0, , ,1,11.0,11.0,0.0,9,1,Empleado_Informal,ENPOVE_2022
1,14.0,6,2,4.0,13.0, , ,1,9.0,9.0,0.0,9,1,Empleado_Informal,ENPOVE_2022
2,17.0,1,2,4.0,13.0, , ,1,9.0,9.0,0.0,9,1,Desempleado,ENPOVE_2022
2,14.0,6,2,3.0,13.0, , ,1,4.5,4.5,0.0,9,1,Empleado_Informal,ENPOVE_2022
2,25.0,1,2,6.0,13.0, , ,1,11.0,11.0,0.0,9,1,Empleado_Informal,ENPOVE_2022
1,20.0,1,2,5.0,13.0, , ,1,10.0,10.0,0.0,9,2,Empleado_Informal,ENPOVE_2022
1,50.0,2,2,9.0,13.0, , ,1,13.5,13.5,0.0,9,3,Empleado_Informal,ENPOVE_2022
2,55.0,2,2,11.0,13.0,1,2,1,18.0,18.0,0.0,9,1,Desempleado,ENPOVE_2022
2,24.0,2,2,6.0,13.0, , ,1,11.0,11.0,0.0,9,3,Empleado_Formal,ENPOVE_2022
2,54.0,6,2,6.0,13.0, , ,1,11.0,11.0,0.0,9,3,Empleado_Informal,ENPOVE_2022
1,16.0,6,2,5.0,13.0, , ,1,10.0,10.0,0.0,9,3,Desempleado,ENPOVE_2022
2,33.0,1,2,10.0,13.0,1,2,1,16.0,16.0,0.0,1,3,Empleado_Formal,ENPOVE_2022
2,29.0,1,2,8.0,13.0, , ,1,14.0,14.0,0.0,9,3,Empleado_Formal,ENPOVE_2022
1,41.0,6,2,10.0,13.0,1,2,1,16.0,16.0,0.0,9,1,Empleado_Informal,ENPOVE_2022
1,69.0,3,2,3.0,13.0, , ,1,4.5,4.5,0.0,9,1,Empleado_Informal,ENPOVE_2022
2,26.0,6,2,6.0,13.0, , ,1,11.0,11.0,0.0,9,1,Empleado_Informal,ENPOVE_2022
2,18.0,6,2,6.0,13.0, , ,1,11.0,11.0,0.0,9,1,Empleado_Informal,ENPOVE_2022
1,28.0,6,2,6.0,13.0, , ,1,11.0,11.0,0.0,2,4,Empleado_Informal,ENPOVE_2022
2,45.0,1,2,9.0,13.0, , ,1,13.5,13.5,0.0,2,2,Desempleado,ENPOVE_2022
1,34.0,1,2,8.0,13.0, , ,1,14.0,14.0,0.0,2,4,Empleado_Informal,ENPOVE_2022
1,27.0,6,2,6.0,13.0, , ,1,11.0,11.0,0.0,9,0,Empleado_Informal,ENPOVE_2022
2,28.0,6,2,8.0,13.0, , ,1,14.0,14.0,0.0,9,0,Empleado_Informal,ENPOVE_2022
1,29.0,1,2,5.0,13.0, , ,1,10.0,10.0,0.0,9,2,Empleado_Informal,ENPOVE_2022
1,21.0,6,2,5.0,13.0, , ,1,10.0,10.0,0.0,9,3,Desempleado,ENPOVE_2022
1,41.0,5,2,10.0,13.0,1,2,1,16.0,16.0,0.0,2,4,Empleado_Informal,ENPOVE_2022
2,13.0,6,2,3.0,13.0, , ,1,4.5,4.5,0.0,9,1,Desempleado,ENPOVE_2022
2,23.0,5,2,3.0,13.0, , ,1,4.5,4.5,0.0,9,1,Desempleado,ENPOVE_2022
1,22.0,6,2,6.0,13.0, , ,1,11.0,11.0,0.0,9,0,Desempleado,ENPOVE_2022
1,21.0,1,2,5.0,13.0, , ,1,10.0,10.0,0.0,9,0,Empleado_Informal,ENPOVE_2022
2,33.0,1,2,10.0,13.0,1,2,1,16.0,16.0,0.0,2,1,Empleado_Formal,ENPOVE_2022
1,26.0,6,2,6.0,13.0, , ,1,11.0,11.0,0.0,2,4,Empleado_Informal,ENPOVE_2022
1,31.0,1,2,5.0,13.0, , ,1,10.0,10.0,0.0,2,6,Empleado_Informal,ENPOVE_2022
2,34.0,1,2,3.0,13.0, , ,1,4.5,4.5,0.0,2,5,Empleado_Informal,ENPOVE_2022
2,41.0,6,2,6.0,13.0, , ,1,11.0,11.0,0.0,2,4,Empleado_Informal,ENPOVE_2022
2,23.0,6,2,9.0,13.0, , ,1,13.5,13.5,0.0,9,1,Empleado_Informal,ENPOVE_2022
1,22.0,6,2,9.0,13.0, , ,1,13.5,13.5,0.0,9,1,Empleado_Formal,ENPOVE_2022
1,31.0,1,2,10.0,13.0,1,1,1,16.0,16.0,0.0,4,4,Empleado_Formal,ENPOVE_2022
2,26.0,1,2,10.0,13.0,1,2,1,16.0,16.0,0.0,1,3,Empleado_Informal,ENPOVE_2022
2,26.0,6,2,5.0,13.0, , ,1,10.0,10.0,0.0,9,1,Empleado_Informal,ENPOVE_2022
1,32.0,1,2,3.0,13.0, , ,1,4.5,4.5,0.0,9,3,Empleado_Informal,ENPOVE_2022
2,45.0,1,2,5.0,13.0, , ,1,10.0,10.0,0.0,9,1,Empleado_Informal,ENPOVE_2022
1,34.0,1,2,3.0,13.0, , ,1,4.5,4.5,0.0,9,1,Empleado_Informal,ENPOVE_2022
2,29.0,1,2,6.0,13.0, , ,1,11.0,11.0,0.0,9,2,Empleado_Informal,ENPOVE_2022
1,37.0,1,2,5.0,13.0, , ,1,10.0,10.0,0.0,9,3,Empleado_Informal,ENPOVE_2022
1,50.0,1,2,6.0,13.0, , ,1,11.0,11.0,0.0,2,4,Empleado_Informal,ENPOVE_2022
2,40.0,1,2,6.0,13.0, , ,1,11.0,11.0,0.0,2,2,Empleado_Informal,ENPOVE_2022
2,19.0,1,2,3.0,13.0, , ,1,4.5,4.5,0.0,9,2,Empleado_Informal,ENPOVE_2022
1,21.0,1,2,5.0,13.0, , ,1,10.0,10.0,0.0,9,2,Empleado_Informal,ENPOVE_2022
2,20.0,1,2,6.0,13.0, , ,1,11.0,11.0,0.0,9,1,Empleado_Informal,ENPOVE_2022
1,24.0,1,2,3.0,13.0, , ,1,4.5,4.5,0.0,9,1,Empleado_Informal,ENPOVE_2022
1,28.0,6,2,5.0,13.0, , ,1,10.0,10.0,0.0,9,1,Empleado_Informal,ENPOVE_2022
2,21.0,1,2,5.0,13.0, , ,1,10.0,10.0,0.0,9,2,Empleado_Informal,ENPOVE_2022
1,22.0,1,2,5.0,13.0, , ,1,10.0,10.0,0.0,9,2,Empleado_Informal,ENPOVE_2022
1,18.0,6,2,5.0,13.0, , ,1,10.0,10.0,0.0,9,0,Empleado_Informal,ENPOVE_2022
2,17.0,6,2,6.0,13.0, , ,1,11.0,11.0,0.0,9,0,Desempleado,ENPOVE_2022
2,29.0,1,2,6.0,13.0, , ,1,11.0,11.0,0.0,1,2,Empleado_Informal,ENPOVE_2022
1,32.0,1,2,5.0,13.0, , ,1,10.0,10.0,0.0,1,3,Empleado_Informal,ENPOVE_2022
1,21.0,6,2,3.0,13.0, , ,1,4.5,4.5,0.0,9,2,Empleado_Informal,ENPOVE_2022
1,29.0,1,2,5.0,13.0, , ,1,10.0,10.0,0.0,9,2,Empleado_Informal,ENPOVE_2022
2,31.0,1,2,10.0,13.0,1,2,1,16.0,16.0,0.0,9,4,Empleado_Informal,ENPOVE_2022
2,18.0,1,2,5.0,13.0, , ,1,10.0,10.0,0.0,9,1,Desempleado,ENPOVE_2022
1,32.0,1,2,9.0,13.0, , ,1,13.5,13.5,0.0,9,1,Empleado_Informal,ENPOVE_2022
2,25.0,1,2,8.0,13.0, , ,1,14.0,14.0,0.0,9,1,Desempleado,ENPOVE_2022
1,38.0,1,2,10.0,13.0,2, ,1,16.0,16.0,0.0,2,4,Empleado_Informal,ENPOVE_2022
2,49.0,6,2,10.0,13.0,1,2,1,16.0,16.0,0.0,9,0,Empleado_Informal,ENPOVE_2022
2,45.0,6,2,10.0,13.0,1,2,1,16.0,16.0,0.0,6,4,Empleado_Informal,ENPOVE_2022
2,52.0,6,2,10.0,13.0,1,2,1,16.0,16.0,0.0,2,0,Empleado_Informal,ENPOVE_2022
2,50.0,6,2,6.0,13.0, , ,1,11.0,11.0,0.0,9,0,Empleado_Informal,ENPOVE_2022
2,28.0,1,2,9.0,13.0, , ,1,13.5,13.5,0.0,2,4,Empleado_Informal,ENPOVE_2022
1,29.0,1,2,9.0,13.0, , ,1,13.5,13.5,0.0,1,4,Empleado_Informal,ENPOVE_2022
2,25.0,5,2,3.0,13.0, , ,1,4.5,4.5,0.0,2,3,Empleado_Formal,ENPOVE_2022
1,54.0,1,2,3.0,13.0, , ,1,4.5,4.5,0.0,2,1,Empleado_Formal,ENPOVE_2022
2,47.0,4,2,8.0,13.0, , ,1,14.0,14.0,0.0,2,4,Empleado_Informal,ENPOVE_2022
2,45.0,1,2,5.0,13.0, , ,1,10.0,10.0,0.0,1,4,Desempleado,ENPOVE_2022
1,22.0,1,2,8.0,13.0, , ,1,14.0,14.0,0.0,9,3,Empleado_Formal,ENPOVE_2022
2,25.0,1,2,9.0,13.0, , ,1,13.5,13.5,0.0,1,3,Empleado_Informal,ENPOVE_2022
2,20.0,1,2,6.0,13.0, , ,1,11.0,11.0,0.0,9,3,Empleado_Informal,ENPOVE_2022
1,21.0,1,2,6.0,13.0, , ,1,11.0,11.0,0.0,9,3,Empleado_Informal,ENPOVE_2022
1,20.0,1,2,6.0,13.0, , ,1,11.0,11.0,0.0,9,4,Empleado_Informal,ENPOVE_2022
1,30.0,1,2,9.0,13.0, , ,1,13.5,13.5,0.0,9,4,Desempleado,ENPOVE_2022
2,37.0,1,2,6.0,13.0, , ,1,11.0,11.0,0.0,9,3,Desempleado,ENPOVE_2022
1,31.0,1,2,6.0,13.0, , ,1,11.0,11.0,0.0,9,1,Empleado_Informal,ENPOVE_2022
1,32.0,1,2,5.0,13.0, , ,1,10.0,10.0,0.0,9,1,Desempleado,ENPOVE_2022
2,24.0,5,2,9.0,13.0, , ,1,13.5,13.5,0.0,9,1,Empleado_Informal,ENPOVE_2022
1,28.0,1,2,6.0,13.0, , ,1,11.0,11.0,0.0,9,4,Empleado_Informal,ENPOVE_2022
2,25.0,1,2,6.0,13.0, , ,1,11.0,11.0,0.0,9,3,Empleado_Formal,ENPOVE_2022
1,19.0,6,2,6.0,13.0, , ,1,11.0,11.0,0.0,9,3,Empleado_Formal,ENPOVE_2022
1,26.0,1,2,3.0,13.0, , ,1,4.5,4.5,0.0,9,1,Empleado_Informal,ENPOVE_2022
2,20.0,1,2,3.0,13.0, , ,1,4.5,4.5,0.0,9,1,Empleado_Informal,ENPOVE_2022
1,32.0,2,2,8.0,13.0, , ,1,14.0,14.0,0.0,2,4,Empleado_Formal,ENPOVE_2022
2,33.0,2,2,8.0,13.0, , ,1,14.0,14.0,0.0,9,4,Empleado_Informal,ENPOVE_2022
1,21.0,1,2,3.0,13.0, , ,1,4.5,4.5,0.0,9,5,Empleado_Informal,ENPOVE_2022
2,40.0,1,2,8.0,13.0, , ,1,14.0,14.0,0.0,9,4,Desempleado,ENPOVE_2022
1,13.0,6,2,1.0,5.0, , ,1,0.0,8.5,-8.5,9,4,Desempleado,ENPOVE_2022
1,29.0,6,2,6.0,13.0, , ,1,11.0,11.0,0.0,1,5,Empleado_Informal,ENPOVE_2022
2,24.0,6,2,6.0,13.0, , ,1,11.0,11.0,0.0,1,3,Empleado_Informal,ENPOVE_2022
1,40.0,5,2,3.0,13.0, , ,1,4.5,4.5,0.0,1,3,Desempleado,ENPOVE_2022
1,29.0,1,2,6.0,13.0, , ,1,11.0,11.0,0.0,1,2,Empleado_Informal,ENPOVE_2022
2,31.0,1,2,5.0,13.0, , ,1,10.0,10.0,0.0,1,1,Empleado_Informal,ENPOVE_2022
1,51.0,1,2,1.0,6.0, , ,1,0.0,11.0,-11.0,4,4,Empleado_Formal,ENPOVE_2022
2,37.0,1,2,4.0,13.0, , ,1,9.0,9.0,0.0,9,0,Empleado_Informal,ENPOVE_2022
1,51.0,5,2,6.0,13.0, , ,1,11.0,11.0,0.0,9,1,Empleado_Informal,ENPOVE_2022
2,19.0,6,2,6.0,13.0, , ,1,11.0,11.0,0.0,9,1,Desempleado,ENPOVE_2022
1,20.0,1,2,5.0,13.0, , ,1,10.0,10.0,0.0,9,1,Empleado_Informal,ENPOVE_2022
1,27.0,1,2,5.0,13.0, , ,1,10.0,10.0,0.0,2,4,Empleado_Informal,ENPOVE_2022
2,27.0,1,2,5.0,13.0, , ,1,10.0,10.0,0.0,2,4,Empleado_Informal,ENPOVE_2022
1,21.0,6,2,5.0,13.0, , ,1,10.0,10.0,0.0,9,1,Empleado_Informal,ENPOVE_2022
1,32.0,1,2,6.0,13.0, , ,1,11.0,11.0,0.0,2,4,Empleado_Informal,ENPOVE_2022
2,36.0,1,2,10.0,13.0,1,2,1,16.0,16.0,0.0,2,4,Empleado_Informal,ENPOVE_2022
1,32.0,6,2,8.0,13.0, , ,1,14.0,14.0,0.0,2,4,Empleado_Formal,ENPOVE_2022
2,35.0,1,2,6.0,13.0, , ,1,11.0,11.0,0.0,9,4,Desempleado,ENPOVE_2022
1,42.0,2,2,1.0,6.0, , ,1,0.0,11.0,-11.0,4,4,Empleado_Informal,ENPOVE_2022
2,30.0,2,2,4.0,13.0, , ,1,9.0,9.0,0.0,2,4,Desempleado,ENPOVE_2022
1,51.0,1,2,1.0,6.0, , ,1,0.0,11.0,-11.0,4,5,Empleado_Formal,ENPOVE_2022
2,47.0,1,2,1.0,13.0, , ,1,0.0,0.0,0.0,9,5,Desempleado,ENPOVE_2022
1,43.0,1,2,5.0,13.0, , ,1,10.0,10.0,0.0,1,3,Empleado_Informal,ENPOVE_2022
2,38.0,1,2,10.0,13.0,1,2,1,16.0,16.0,0.0,1,3,Empleado_Informal,ENPOVE_2022
1,45.0,6,2,3.0,13.0, , ,1,4.5,4.5,0.0,9,0,Empleado_Informal,ENPOVE_2022
2,21.0,6,2,6.0,13.0, , ,1,11.0,11.0,0.0,9,3,Empleado_Informal,ENPOVE_2022
2,21.0,6,2,5.0,13.0, , ,1,10.0,10.0,0.0,9,1,Empleado_Informal,ENPOVE_2022
1,16.0,6,2,1.0,5.0, , ,1,0.0,8.5,-8.5,9,2,Empleado_Informal,ENPOVE_2022
1,24.0,1,2,4.0,13.0, , ,1,9.0,9.0,0.0,1,0,Empleado_Informal,ENPOVE_2022
1,17.0,6,2,3.0,13.0, , ,1,4.5,4.5,0.0,9,0,Empleado_Informal,ENPOVE_2022
2,52.0,5,2,9.0,13.0, , ,1,13.5,13.5,0.0,9,3,Desempleado,ENPOVE_2022
1,32.0,1,2,5.0,13.0, , ,1,10.0,10.0,0.0,9,1,Desempleado,ENPOVE_2022
2,26.0,1,2,5.0,13.0, , ,1,10.0,10.0,0.0,9,1,Desempleado,ENPOVE_2022
2,39.0,1,2,6.0,13.0, , ,1,11.0,11.0,0.0,9,4,Empleado_Informal,ENPOVE_2022
1,20.0,1,2,6.0,13.0, , ,1,11.0,11.0,0.0,9,4,Empleado_Informal,ENPOVE_2022
1,29.0,6,2,6.0,13.0, , ,1,11.0,11.0,0.0,9,1,Empleado_Informal,ENPOVE_2022
2,40.0,5,2,6.0,13.0, , ,1,11.0,11.0,0.0,1,4,Empleado_Informal,ENPOVE_2022
1,29.0,1,2,5.0,13.0, , ,1,10.0,10.0,0.0,9,1,Empleado_Informal,ENPOVE_2022
1,23.0,6,2,5.0,13.0, , ,1,10.0,10.0,0.0,9,1,Empleado_Informal,ENPOVE_2022
1,32.0,1,2,6.0,13.0, , ,1,11.0,11.0,0.0,1,4,Empleado_Informal,ENPOVE_2022
2,56.0,5,2,1.0,13.0, , ,1,0.0,0.0,0.0,9,1,Desempleado,ENPOVE_2022
2,26.0,1,2,8.0,13.0, , ,1,14.0,14.0,0.0,9,3,Empleado_Informal,ENPOVE_2022
1,29.0,1,2,7.0,13.0, , ,1,12.5,12.5,0.0,9,3,Empleado_Informal,ENPOVE_2022
1,52.0,2,2,5.0,13.0, , ,1,10.0,10.0,0.0,9,1,Empleado_Informal,ENPOVE_2022
1,21.0,6,2,6.0,13.0, , ,1,11.0,11.0,0.0,9,1,Empleado_Informal,ENPOVE_2022
1,29.0,2,2,3.0,13.0, , ,1,4.5,4.5,0.0,1,4,Empleado_Informal,ENPOVE_2022
2,28.0,2,2,8.0,13.0, , ,1,14.0,14.0,0.0,1,4,Empleado_Informal,ENPOVE_2022
1,16.0,6,2,3.0,13.0, , ,1,4.5,4.5,0.0,9,0,Empleado_Informal,ENPOVE_2022
2,30.0,1,2,3.0,13.0, , ,1,4.5,4.5,0.0,9,1,Empleado_Informal,ENPOVE_2022
2,26.0,2,2,10.0,13.0,1,2,1,16.0,16.0,0.0,1,4,Desempleado,ENPOVE_2022
1,36.0,2,2,8.0,13.0, , ,1,14.0,14.0,0.0,1,4,Desempleado,ENPOVE_2022
2,30.0,6,2,9.0,13.0, , ,1,13.5,13.5,0.0,9,4,Desempleado,ENPOVE_2022
2,30.0,6,2,10.0,13.0,1,2,1,16.0,16.0,0.0,1,3,Desempleado,ENPOVE_2022
2,18.0,6,2,1.0,6.0, , ,1,0.0,11.0,-11.0,9,3,Empleado_Informal,ENPOVE_2022
2,21.0,5,2,6.0,13.0, , ,1,11.0,11.0,0.0,9,4,Empleado_Informal,ENPOVE_2022
1,31.0,1,2,6.0,13.0, , ,1,11.0,11.0,0.0,1,4,Empleado_Informal,ENPOVE_2022
2,36.0,1,2,6.0,13.0, , ,1,11.0,11.0,0.0,9,2,Empleado_Informal,ENPOVE_2022
1,15.0,6,2,3.0,13.0, , ,1,4.5,4.5,0.0,9,1,Desempleado,ENPOVE_2022
2,45.0,1,2,9.0,13.0, , ,1,13.5,13.5,0.0,2,4,Empleado_Informal,ENPOVE_2022
2,26.0,6,2,10.0,13.0,1,2,1,16.0,16.0,0.0,2,4,Empleado_Informal,ENPOVE_2022
2,32.0,2,2,9.0,13.0, , ,1,13.5,13.5,0.0,9,3,Empleado_Informal,ENPOVE_2022
1,60.0,2,2,5.0,13.0, , ,1,10.0,10.0,0.0,9,1,Empleado_Informal,ENPOVE_2022
2,39.0,5,2,6.0,13.0, , ,1,11.0,11.0,0.0,9,1,Empleado_Informal,ENPOVE_2022
2,35.0,5,2,10.0,13.0,1,2,1,16.0,16.0,0.0,2,4,Empleado_Formal,ENPOVE_2022
2,29.0,5,2,10.0,13.0,1,2,1,16.0,16.0,0.0,1,4,Empleado_Informal,ENPOVE_2022
2,47.0,5,2,6.0,13.0, , ,1,11.0,11.0,0.0,9,2,Desempleado,ENPOVE_2022
2,26.0,5,2,10.0,13.0,1,2,1,16.0,16.0,0.0,1,3,Empleado_Informal,ENPOVE_2022
2,38.0,5,2,5.0,13.0, , ,1,10.0,10.0,0.0,9,1,Empleado_Informal,ENPOVE_2022
1,18.0,1,2,1.0,6.0, , ,1,0.0,11.0,-11.0,9,3,Empleado_Informal,ENPOVE_2022
2,23.0,1,2,8.0,13.0, , ,1,14.0,14.0,0.0,2,4,Empleado_Informal,ENPOVE_2022
2,28.0,1,2,10.0,13.0,1,2,1,16.0,16.0,0.0,2,4,Empleado_Informal,ENPOVE_2022
1,39.0,1,2,6.0,13.0, , ,1,11.0,11.0,0.0,1,4,Empleado_Informal,ENPOVE_2022
1,40.0,5,2,10.0,13.0,1,2,1,16.0,16.0,0.0,2,4,Empleado_Informal,ENPOVE_2022
1,25.0,1,2,6.0,13.0, , ,1,11.0,11.0,0.0,9,2,Empleado_Informal,ENPOVE_2022
2,25.0,1,2,5.0,13.0, , ,1,10.0,10.0,0.0,9,4,Desempleado,ENPOVE_2022
2,32.0,5,2,8.0,13.0, , ,1,14.0,14.0,0.0,9,3,Empleado_Informal,ENPOVE_2022
2,49.0,2,2,5.0,13.0, , ,1,10.0,10.0,0.0,9,3,Empleado_Informal,ENPOVE_2022
1,54.0,2,2,1.0,11.0, , ,1,0.0,19.0,-19.0,4,6,Empleado_Formal,ENPOVE_2022
2,40.0,1,2,5.0,13.0, , ,1,10.0,10.0,0.0,9,1,Empleado_Informal,ENPOVE_2022
2,43.0,1,2,10.0,13.0,1,2,1,16.0,16.0,0.0,9,1,Empleado_Informal,ENPOVE_2022
1,46.0,1,2,6.0,13.0, , ,1,11.0,11.0,0.0,9,1,Empleado_Informal,ENPOVE_2022
1,18.0,1,2,5.0,13.0, , ,1,10.0,10.0,0.0,9,1,Empleado_Informal,ENPOVE_2022
1,35.0,1,2,8.0,13.0, , ,1,14.0,14.0,0.0,9,2,Empleado_Informal,ENPOVE_2022
2,24.0,5,2,9.0,13.0, , ,1,13.5,13.5,0.0,1,2,Empleado_Informal,ENPOVE_2022
1,41.0,6,2,4.0,13.0, , ,1,9.0,9.0,0.0,9,1,Empleado_Informal,ENPOVE_2022
1,38.0,2,2,10.0,13.0,1,2,1,16.0,16.0,0.0,9,3,Desempleado,ENPOVE_2022
1,53.0,2,2,3.0,13.0, , ,1,4.5,4.5,0.0,2,4,Desempleado,ENPOVE_2022
2,45.0,2,2,10.0,13.0,1,2,1,16.0,16.0,0.0,2,4,Empleado_Informal,ENPOVE_2022
2,20.0,6,2,3.0,13.0, , ,1,4.5,4.5,0.0,2,4,Empleado_Informal,ENPOVE_2022
1,23.0,1,2,6.0,13.0, , ,1,11.0,11.0,0.0,2,4,Empleado_Informal,ENPOVE_2022
2,51.0,1,2,5.0,13.0, , ,1,10.0,10.0,0.0,9,4,Empleado_Informal,ENPOVE_2022
1,18.0,6,2,1.0,5.0, , ,1,0.0,8.5,-8.5,9,4,Empleado_Informal,ENPOVE_2022
1,26.0,1,2,3.0,13.0, , ,1,4.5,4.5,0.0,9,3,Empleado_Informal,ENPOVE_2022
1,25.0,1,2,6.0,13.0, , ,1,11.0,11.0,0.0,9,3,Empleado_Informal,ENPOVE_2022
2,24.0,1,2,9.0,13.0, , ,1,13.5,13.5,0.0,9,3,Empleado_Informal,ENPOVE_2022
1,40.0,2,2,10.0,13.0,1,2,1,16.0,16.0,0.0,1,3,Empleado_Informal,ENPOVE_2022
2,40.0,2,2,6.0,13.0, , ,1,11.0,11.0,0.0,9,3,Empleado_Informal,ENPOVE_2022
1,18.0,6,2,5.0,13.0, , ,1,10.0,10.0,0.0,9,3,Empleado_Informal,ENPOVE_2022
1,49.0,4,2,11.0,13.0,1,2,1,18.0,18.0,0.0,9,1,Empleado_Informal,ENPOVE_2022
1,48.0,5,2,5.0,13.0, , ,1,10.0,10.0,0.0,9,1,Empleado_Informal,ENPOVE_2022
1,25.0,5,2,6.0,13.0, , ,1,11.0,11.0,0.0,9,4,Empleado_Informal,ENPOVE_2022
2,19.0,6,2,6.0,13.0, , ,1,11.0,11.0,0.0,9,3,Empleado_Informal,ENPOVE_2022
2,50.0,5,2,5.0,13.0, , ,1,10.0,10.0,0.0,9,2,Empleado_Informal,ENPOVE_2022
2,28.0,2,2,6.0,13.0, , ,1,11.0,11.0,0.0,9,4,Empleado_Informal,ENPOVE_2022
2,28.0,1,2,6.0,13.0, , ,1,11.0,11.0,0.0,9,3,Desempleado,ENPOVE_2022
1,29.0,2,2,10.0,13.0,1,2,1,16.0,16.0,0.0,2,4,Empleado_Formal,ENPOVE_2022
1,55.0,2,2,10.0,13.0,1,2,1,16.0,16.0,0.0,1,3,Empleado_Informal,ENPOVE_2022
2,16.0,6,2,1.0,5.0, , ,1,0.0,8.5,-8.5,1,3,Empleado_Informal,ENPOVE_2022
1,38.0,1,2,6.0,13.0, , ,1,11.0,11.0,0.0,2,5,Empleado_Informal,ENPOVE_2022
2,28.0,1,2,5.0,13.0, , ,1,10.0,10.0,0.0,2,4,Empleado_Informal,ENPOVE_2022
2,30.0,5,2,10.0,13.0,1,2,1,16.0,16.0,0.0,2,5,Empleado_Informal,ENPOVE_2022
2,24.0,1,2,6.0,13.0, , ,1,11.0,11.0,0.0,2,0,Empleado_Informal,ENPOVE_2022
1,28.0,1,2,6.0,13.0, , ,1,11.0,11.0,0.0,2,0,Empleado_Informal,ENPOVE_2022
1,30.0,6,2,10.0,13.0,1,2,1,16.0,16.0,0.0,1,5,Empleado_Informal,ENPOVE_2022
2,32.0,6,2,10.0,13.0,1,2,1,16.0,16.0,0.0,2,4,Empleado_Informal,ENPOVE_2022
2,54.0,1,2,10.0,13.0,1,2,1,16.0,16.0,0.0,2,4,Empleado_Informal,ENPOVE_2022
1,19.0,6,2,1.0,7.0, , ,1,0.0,12.5,-12.5,2,4,Empleado_Informal,ENPOVE_2022
2,32.0,6,2,10.0,13.0,1,2,1,16.0,16.0,0.0,9,2,Empleado_Formal,ENPOVE_2022
2,28.0,1,2,10.0,13.0,1,2,1,16.0,16.0,0.0,1,3,Empleado_Informal,ENPOVE_2022
2,28.0,2,2,9.0,13.0, , ,1,13.5,13.5,0.0,9,2,Empleado_Informal,ENPOVE_2022
1,20.0,6,2,6.0,13.0, , ,1,11.0,11.0,0.0,9,2,Empleado_Informal,ENPOVE_2022
2,57.0,3,2,10.0,13.0,2, ,1,16.0,16.0,0.0,9,1,Empleado_Informal,ENPOVE_2022
2,25.0,1,2,10.0,13.0,1,2,1,16.0,16.0,0.0,2,4,Empleado_Informal,ENPOVE_2022
1,30.0,1,2,8.0,13.0, , ,1,14.0,14.0,0.0,2,5,Empleado_Informal,ENPOVE_2022
1,30.0,2,2,8.0,13.0, , ,1,14.0,14.0,0.0,1,3,Empleado_Informal,ENPOVE_2022
2,28.0,2,2,9.0,13.0, , ,1,13.5,13.5,0.0,9,3,Desempleado,ENPOVE_2022
2,37.0,2,2,10.0,13.0,1,2,1,16.0,16.0,0.0,2,3,Empleado_Informal,ENPOVE_2022
1,37.0,2,2,10.0,13.0,1,2,1,16.0,16.0,0.0,2,3,Desempleado,ENPOVE_2022
2,27.0,2,2,6.0,13.0, , ,1,11.0,11.0,0.0,2,4,Empleado_Informal,ENPOVE_2022
2,48.0,5,2,10.0,13.0,1,2,1,16.0,16.0,0.0,1,3,Empleado_Informal,ENPOVE_2022
2,18.0,2,2,5.0,13.0, , ,1,10.0,10.0,0.0,9,0,Empleado_Informal,ENPOVE_2022
1,34.0,2,2,10.0,13.0,1,2,1,16.0,16.0,0.0,2,4,Empleado_Informal,ENPOVE_2022
2,32.0,2,2,10.0,13.0,1,2,1,16.0,16.0,0.0,2,3,Empleado_Informal,ENPOVE_2022
2,21.0,5,2,6.0,13.0, , ,1,11.0,11.0,0.0,9,1,Desempleado,ENPOVE_2022
2,30.0,1,2,6.0,13.0, , ,1,11.0,11.0,0.0,9,3,Desempleado,ENPOVE_2022
2,36.0,5,2,6.0,13.0, , ,1,11.0,11.0,0.0,1,1,Desempleado,ENPOVE_2022
2,32.0,1,2,10.0,13.0,1,2,1,16.0,16.0,0.0,4,4,Empleado_Informal,ENPOVE_2022
1,29.0,1,2,8.0,13.0, , ,1,14.0,14.0,0.0,2,3,Empleado_Informal,ENPOVE_2022
1,22.0,6,2,3.0,13.0, , ,1,4.5,4.5,0.0,9,3,Empleado_Informal,ENPOVE_2022
2,43.0,5,2,6.0,13.0, , ,1,11.0,11.0,0.0,6,4,Empleado_Informal,ENPOVE_2022
1,24.0,6,2,9.0,13.0, , ,1,13.5,13.5,0.0,6,4,Desempleado,ENPOVE_2022
1,34.0,1,2,5.0,13.0, , ,1,10.0,10.0,0.0,2,4,Empleado_Formal,ENPOVE_2022
1,50.0,1,2,6.0,13.0, , ,1,11.0,11.0,0.0,2,3,Empleado_Informal,ENPOVE_2022
2,43.0,1,2,10.0,13.0,1,2,1,16.0,16.0,0.0,2,4,Empleado_Informal,ENPOVE_2022
1,16.0,6,2,4.0,13.0, , ,1,9.0,9.0,0.0,2,4,Empleado_Informal,ENPOVE_2022
1,32.0,1,2,5.0,13.0, , ,1,10.0,10.0,0.0,9,3,Empleado_Informal,ENPOVE_2022
1,14.0,6,2,3.0,13.0, , ,1,4.5,4.5,0.0,9,1,Empleado_Informal,ENPOVE_2022
2,61.0,5,2,6.0,13.0, , ,1,11.0,11.0,0.0,9,3,Desempleado,ENPOVE_2022
2,23.0,1,2,3.0,13.0, , ,1,4.5,4.5,0.0,9,1,Desempleado,ENPOVE_2022
1,22.0,1,2,9.0,13.0, , ,1,13.5,13.5,0.0,9,2,Empleado_Informal,ENPOVE_2022
1,33.0,1,2,9.0,13.0, , ,1,13.5,13.5,0.0,1,1,Empleado_Informal,ENPOVE_2022
1,26.0,6,2,8.0,13.0, , ,1,14.0,14.0,0.0,2,4,Empleado_Informal,ENPOVE_2022
1,35.0,1,2,4.0,13.0, , ,1,9.0,9.0,0.0,1,2,Empleado_Informal,ENPOVE_2022
2,41.0,1,2,5.0,13.0, , ,1,10.0,10.0,0.0,9,3,Empleado_Informal,ENPOVE_2022
1,30.0,5,2,6.0,13.0, , ,1,11.0,11.0,0.0,9,1,Empleado_Informal,ENPOVE_2022
2,28.0,6,2,6.0,13.0, , ,1,11.0,11.0,0.0,2,4,Empleado_Formal,ENPOVE_2022
2,29.0,5,2,6.0,13.0, , ,1,11.0,11.0,0.0,9,4,Desempleado,ENPOVE_2022
1,17.0,6,2,5.0,13.0, , ,1,10.0,10.0,0.0,4,4,Desempleado,ENPOVE_2022
1,15.0,6,2,5.0,13.0, , ,1,10.0,10.0,0.0,4,4,Desempleado,ENPOVE_2022
2,32.0,2,2,10.0,13.0,1,2,1,16.0,16.0,0.0,2,3,Empleado_Informal,ENPOVE_2022
2,28.0,1,2,9.0,13.0, , ,1,13.5,13.5,0.0,2,4,Empleado_Informal,ENPOVE_2022
1,28.0,1,2,9.0,13.0, , ,1,13.5,13.5,0.0,2,4,Empleado_Informal,ENPOVE_2022
2,25.0,6,2,10.0,13.0,1,2,1,16.0,16.0,0.0,4,2,Empleado_Informal,ENPOVE_2022
2,22.0,6,2,10.0,13.0,1,2,1,16.0,16.0,0.0,4,2,Empleado_Informal,ENPOVE_2022
2,20.0,6,2,9.0,13.0, , ,1,13.5,13.5,0.0,9,1,Empleado_Informal,ENPOVE_2022
2,44.0,5,2,6.0,13.0, , ,1,11.0,11.0,0.0,9,4,Empleado_Informal,ENPOVE_2022
1,24.0,6,2,9.0,13.0, , ,1,13.5,13.5,0.0,9,4,Desempleado,ENPOVE_2022
2,20.0,6,2,6.0,13.0, , ,1,11.0,11.0,0.0,9,4,Empleado_Informal,ENPOVE_2022
1,24.0,1,2,6.0,13.0, , ,1,11.0,11.0,0.0,9,3,Empleado_Informal,ENPOVE_2022
2,22.0,1,2,5.0,13.0, , ,1,10.0,10.0,0.0,9,3,Empleado_Informal,ENPOVE_2022
1,26.0,1,2,5.0,13.0, , ,1,10.0,10.0,0.0,9,5,Empleado_Informal,ENPOVE_2022
1,33.0,3,2,5.0,13.0, , ,1,10.0,10.0,0.0,9,1,Empleado_Informal,ENPOVE_2022
1,25.0,1,2,6.0,13.0, , ,1,11.0,11.0,0.0,9,5,Empleado_Informal,ENPOVE_2022
1,33.0,5,2,5.0,13.0, , ,1,10.0,10.0,0.0,9,1,Empleado_Informal,ENPOVE_2022
1,23.0,5,2,5.0,13.0, , ,1,10.0,10.0,0.0,9,1,Empleado_Informal,ENPOVE_2022
2,32.0,1,2,6.0,13.0, , ,1,11.0,11.0,0.0,9,3,Empleado_Informal,ENPOVE_2022
1,23.0,1,2,6.0,13.0, , ,1,11.0,11.0,0.0,9,2,Desempleado,ENPOVE_2022
2,51.0,1,2,10.0,13.0,1,2,1,16.0,16.0,0.0,9,2,Desempleado,ENPOVE_2022
2,31.0,5,2,6.0,13.0, , ,1,11.0,11.0,0.0,9,1,Empleado_Informal,ENPOVE_2022
2,26.0,5,2,6.0,13.0, , ,1,11.0,11.0,0.0,9,1,Empleado_Informal,ENPOVE_2022
1,24.0,6,2,5.0,13.0, , ,1,10.0,10.0,0.0,9,1,Empleado_Informal,ENPOVE_2022
1,58.0,2,2,6.0,13.0, , ,1,11.0,11.0,0.0,9,2,Empleado_Informal,ENPOVE_2022
2,51.0,2,2,11.0,13.0,1,2,1,18.0,18.0,0.0,9,1,Empleado_Formal,ENPOVE_2022
1,22.0,1,2,4.0,13.0, , ,1,9.0,9.0,0.0,9,4,Empleado_Informal,ENPOVE_2022
2,27.0,1,2,3.0,13.0, , ,1,4.5,4.5,0.0,9,0,Desempleado,ENPOVE_2022
1,37.0,5,2,10.0,13.0,1,2,1,16.0,16.0,0.0,9,0,Desempleado,ENPOVE_2022
2,38.0,1,2,4.0,13.0, , ,1,9.0,9.0,0.0,1,4,Empleado_Informal,ENPOVE_2022
1,47.0,2,2,6.0,13.0, , ,1,11.0,11.0,0.0,2,4,Empleado_Informal,ENPOVE_2022
2,53.0,2,2,1.0,10.0, , ,1,0.0,16.0,-16.0,4,1,Empleado_Informal,ENPOVE_2022
2,15.0,6,2,1.0,5.0, , ,1,0.0,8.5,-8.5,4,3,Empleado_Informal,ENPOVE_2022
2,41.0,5,2,6.0,13.0, , ,1,11.0,11.0,0.0,9,4,Empleado_Informal,ENPOVE_2022
2,27.0,6,2,6.0,13.0, , ,1,11.0,11.0,0.0,9,3,Empleado_Informal,ENPOVE_2022
1,22.0,1,2,6.0,13.0, , ,1,11.0,11.0,0.0,9,3,Empleado_Informal,ENPOVE_2022
2,24.0,1,2,6.0,13.0, , ,1,11.0,11.0,0.0,9,2,Desempleado,ENPOVE_2022
1,25.0,1,2,6.0,13.0, , ,1,11.0,11.0,0.0,9,3,Desempleado,ENPOVE_2022
1,35.0,5,2,5.0,13.0, , ,1,10.0,10.0,0.0,9,3,Empleado_Informal,ENPOVE_2022
2,40.0,1,2,9.0,13.0, , ,1,13.5,13.5,0.0,9,5,Desempleado,ENPOVE_2022
2,20.0,6,2,1.0,6.0, , ,1,0.0,11.0,-11.0,9,5,Empleado_Informal,ENPOVE_2022
1,17.0,6,2,5.0,13.0, , ,1,10.0,10.0,0.0,9,1,Empleado_Informal,ENPOVE_2022
1,15.0,6,2,1.0,5.0, , ,1,0.0,8.5,-8.5,2,3,Empleado_Informal,ENPOVE_2022
1,21.0,2,2,9.0,13.0, , ,1,13.5,13.5,0.0,2,4,Empleado_Informal,ENPOVE_2022
2,41.0,5,2,11.0,13.0,1,2,1,18.0,18.0,0.0,1,3,Empleado_Informal,ENPOVE_2022
2,27.0,1,2,6.0,13.0, , ,1,11.0,11.0,0.0,9,4,Empleado_Informal,ENPOVE_2022
1,28.0,1,2,9.0,13.0, , ,1,13.5,13.5,0.0,2,4,Empleado_Informal,ENPOVE_2022
1,25.0,1,2,6.0,13.0, , ,1,11.0,11.0,0.0,9,3,Empleado_Informal,ENPOVE_2022
2,21.0,1,2,9.0,13.0, , ,1,13.5,13.5,0.0,9,3,Empleado_Informal,ENPOVE_2022
1,39.0,1,2,5.0,13.0, , ,1,10.0,10.0,0.0,9,3,Empleado_Informal,ENPOVE_2022
2,49.0,1,2,5.0,13.0, , ,1,10.0,10.0,0.0,9,3,Desempleado,ENPOVE_2022
1,31.0,1,2,9.0,13.0, , ,1,13.5,13.5,0.0,9,4,Empleado_Informal,ENPOVE_2022
2,25.0,1,2,10.0,13.0,1,2,1,16.0,16.0,0.0,9,3,Empleado_Informal,ENPOVE_2022
1,35.0,1,2,3.0,13.0, , ,1,4.5,4.5,0.0,9,1,Empleado_Informal,ENPOVE_2022
2,38.0,1,2,5.0,13.0, , ,1,10.0,10.0,0.0,9,1,Empleado_Informal,ENPOVE_2022
2,42.0,1,2,5.0,13.0, , ,1,10.0,10.0,0.0,9,0,Empleado_Informal,ENPOVE_2022
1,35.0,1,2,5.0,13.0, , ,1,10.0,10.0,0.0,9,0,Empleado_Informal,ENPOVE_2022
2,40.0,1,2,5.0,13.0, , ,1,10.0,10.0,0.0,4,2,Empleado_Formal,ENPOVE_2022
1,28.0,6,2,5.0,13.0, , ,1,10.0,10.0,0.0,2,4,Empleado_Informal,ENPOVE_2022
1,16.0,6,2,1.0,5.0, , ,1,0.0,8.5,-8.5,4,4,Empleado_Informal,ENPOVE_2022
1,43.0,6,2,4.0,13.0, , ,1,9.0,9.0,0.0,9,0,Empleado_Informal,ENPOVE_2022
2,55.0,5,2,8.0,13.0, , ,1,14.0,14.0,0.0,2,2,Empleado_Informal,ENPOVE_2022
1,37.0,1,2,10.0,13.0,1,2,1,16.0,16.0,0.0,2,4,Empleado_Formal,ENPOVE_2022
2,22.0,1,2,6.0,13.0, , ,1,11.0,11.0,0.0,2,5,Empleado_Informal,ENPOVE_2022
1,38.0,1,2,8.0,13.0, , ,1,14.0,14.0,0.0,2,4,Desempleado,ENPOVE_2022
1,34.0,2,2,9.0,13.0, , ,1,13.5,13.5,0.0,4,4,Empleado_Informal,ENPOVE_2022
2,39.0,2,2,5.0,13.0, , ,1,10.0,10.0,0.0,9,4,Empleado_Informal,ENPOVE_2022
2,39.0,5,2,10.0,13.0,1,2,1,16.0,16.0,0.0,2,5,Empleado_Informal,ENPOVE_2022
1,17.0,6,2,1.0,6.0, , ,1,0.0,11.0,-11.0,9,4,Empleado_Informal,ENPOVE_2022
2,25.0,1,2,10.0,13.0,1,2,1,16.0,16.0,0.0,2,4,Empleado_Formal,ENPOVE_2022
1,18.0,6,2,6.0,13.0, , ,1,11.0,11.0,0.0,9,0,Empleado_Informal,ENPOVE_2022
1,31.0,1,2,9.0,13.0, , ,1,13.5,13.5,0.0,1,4,Empleado_Informal,ENPOVE_2022
2,30.0,1,2,10.0,13.0,1,1,1,16.0,16.0,0.0,2,4,Empleado_Informal,ENPOVE_2022
2,35.0,5,2,10.0,13.0,1,2,1,16.0,16.0,0.0,1,2,Desempleado,ENPOVE_2022
2,31.0,2,2,10.0,13.0,1,2,1,16.0,16.0,0.0,2,5,Empleado_Informal,ENPOVE_2022
1,33.0,2,2,9.0,13.0, , ,1,13.5,13.5,0.0,2,4,Empleado_Informal,ENPOVE_2022
1,26.0,1,2,6.0,13.0, , ,1,11.0,11.0,0.0,1,4,Empleado_Informal,ENPOVE_2022
2,29.0,1,2,10.0,13.0,1,2,1,16.0,16.0,0.0,9,3,Empleado_Informal,ENPOVE_2022
1,35.0,1,2,4.0,13.0, , ,1,9.0,9.0,0.0,2,5,Desempleado,ENPOVE_2022
2,41.0,5,2,10.0,13.0,1,2,1,16.0,16.0,0.0,2,4,Empleado_Formal,ENPOVE_2022
2,15.0,6,2,1.0,5.0, , ,1,0.0,8.5,-8.5,6,4,Desempleado,ENPOVE_2022
2,25.0,1,2,9.0,13.0, , ,1,13.5,13.5,0.0,1,4,Desempleado,ENPOVE_2022
2,35.0,6,2,10.0,13.0,1,2,1,16.0,16.0,0.0,2,4,Empleado_Informal,ENPOVE_2022
1,33.0,1,2,6.0,13.0, , ,1,11.0,11.0,0.0,2,4,Empleado_Informal,ENPOVE_2022
1,29.0,6,2,8.0,13.0, , ,1,14.0,14.0,0.0,1,3,Empleado_Informal,ENPOVE_2022
1,44.0,2,2,7.0,13.0, , ,1,12.5,12.5,0.0,2,4,Empleado_Formal,ENPOVE_2022
1,16.0,6,2,1.0,5.0, , ,1,0.0,8.5,-8.5,2,4,Empleado_Informal,ENPOVE_2022
1,25.0,1,2,10.0,13.0,1,2,1,16.0,16.0,0.0,6,4,Empleado_Informal,ENPOVE_2022
2,19.0,1,2,6.0,13.0, , ,1,11.0,11.0,0.0,9,4,Empleado_Formal,ENPOVE_2022
1,27.0,1,2,8.0,13.0, , ,1,14.0,14.0,0.0,1,3,Empleado_Formal,ENPOVE_2022
2,27.0,1,2,6.0,13.0, , ,1,11.0,11.0,0.0,2,4,Empleado_Informal,ENPOVE_2022
2,31.0,1,2,5.0,13.0, , ,1,10.0,10.0,0.0,1,1,Desempleado,ENPOVE_2022
1,29.0,1,2,9.0,13.0, , ,1,13.5,13.5,0.0,1,5,Empleado_Informal,ENPOVE_2022
1,39.0,1,2,8.0,13.0, , ,1,14.0,14.0,0.0,2,4,Empleado_Formal,ENPOVE_2022
2,38.0,1,2,8.0,13.0, , ,1,14.0,14.0,0.0,2,4,Empleado_Informal,ENPOVE_2022
2,20.0,6,2,6.0,13.0, , ,1,11.0,11.0,0.0,9,4,Empleado_Informal,ENPOVE_2022
2,40.0,6,2,10.0,13.0,1,2,1,16.0,16.0,0.0,1,4,Empleado_Formal,ENPOVE_2022
2,23.0,1,2,9.0,13.0, , ,1,13.5,13.5,0.0,2,3,Empleado_Informal,ENPOVE_2022
1,24.0,1,2,6.0,13.0, , ,1,11.0,11.0,0.0,2,3,Empleado_Informal,ENPOVE_2022
1,54.0,1,2,4.0,13.0, , ,1,9.0,9.0,0.0,9,2,Empleado_Informal,ENPOVE_2022
1,19.0,1,2,7.0,13.0, , ,1,12.5,12.5,0.0,9,1,Empleado_Informal,ENPOVE_2022
2,28.0,2,2,8.0,13.0, , ,1,14.0,14.0,0.0,1,4,Empleado_Informal,ENPOVE_2022
1,8.0, ,2,1.0,3.0, , ,1,0.0,3.0,-3.0,1,4,Desempleado,ENPOVE_2022
1,30.0,6,2,6.0,13.0, , ,1,11.0,11.0,0.0,6,4,Empleado_Informal,ENPOVE_2022
1,62.0,2,2,4.0,13.0, , ,1,9.0,9.0,0.0,9,3,Empleado_Informal,ENPOVE_2022
2,58.0,2,2,1.0,13.0, , ,1,0.0,0.0,0.0,9,1,Empleado_Informal,ENPOVE_2022
1,38.0,5,2,4.0,13.0, , ,1,9.0,9.0,0.0,9,1,Empleado_Informal,ENPOVE_2022
1,31.0,6,2,9.0,13.0, , ,1,13.5,13.5,0.0,1,1,Empleado_Informal,ENPOVE_2022
1,20.0,6,2,9.0,13.0, , ,1,13.5,13.5,0.0,9,1,Empleado_Informal,ENPOVE_2022
1,21.0,1,2,6.0,13.0, , ,1,11.0,11.0,0.0,9,1,Empleado_Informal,ENPOVE_2022
2,18.0,1,2,5.0,13.0, , ,1,10.0,10.0,0.0,9,1,Desempleado,ENPOVE_2022
1,31.0,6,2,9.0,13.0, , ,1,13.5,13.5,0.0,9,1,Empleado_Informal,ENPOVE_2022
1,28.0,6,2,8.0,13.0, , ,1,14.0,14.0,0.0,9,1,Empleado_Informal,ENPOVE_2022
1,32.0,1,2,6.0,13.0, , ,1,11.0,11.0,0.0,2,4,Empleado_Informal,ENPOVE_2022
2,30.0,1,2,6.0,13.0, , ,1,11.0,11.0,0.0,9,4,Desempleado,ENPOVE_2022
2,12.0,6,2,1.0,3.0, , ,1,0.0,3.0,-3.0,9,4,Desempleado,ENPOVE_2022
2,31.0,6,2,4.0,13.0, , ,1,9.0,9.0,0.0,9,1,Empleado_Informal,ENPOVE_2022
1,31.0,1,2,10.0,13.0,1,2,1,16.0,16.0,0.0,2,1,Empleado_Formal,ENPOVE_2022
1,44.0,1,2,8.0,13.0, , ,1,14.0,14.0,0.0,9,1,Empleado_Informal,ENPOVE_2022
2,28.0,1,2,9.0,13.0, , ,1,13.5,13.5,0.0,9,1,Desempleado,ENPOVE_2022
1,35.0,1,2,10.0,13.0,1,2,1,16.0,16.0,0.0,2,3,Empleado_Informal,ENPOVE_2022
2,34.0,1,2,10.0,13.0,1,2,1,16.0,16.0,0.0,2,4,Empleado_Informal,ENPOVE_2022
2,26.0,6,2,10.0,13.0,1,2,1,16.0,16.0,0.0,2,4,Empleado_Informal,ENPOVE_2022
2,41.0,1,2,6.0,13.0, , ,1,11.0,11.0,0.0,1,3,Empleado_Informal,ENPOVE_2022
1,35.0,1,2,9.0,13.0, , ,1,13.5,13.5,0.0,1,4,Desempleado,ENPOVE_2022
1,25.0,1,2,6.0,13.0, , ,1,11.0,11.0,0.0,1,3,Empleado_Informal,ENPOVE_2022
2,33.0,1,2,10.0,13.0,1,2,1,16.0,16.0,0.0,2,4,Empleado_Informal,ENPOVE_2022
1,33.0,1,2,8.0,13.0, , ,1,14.0,14.0,0.0,2,4,Empleado_Informal,ENPOVE_2022
1,32.0,1,2,9.0,13.0, , ,1,13.5,13.5,0.0,9,2,Empleado_Informal,ENPOVE_2022
2,22.0,1,2,9.0,13.0, , ,1,13.5,13.5,0.0,9,2,Empleado_Informal,ENPOVE_2022
2,41.0,1,2,6.0,13.0, , ,1,11.0,11.0,0.0,9,1,Desempleado,ENPOVE_2022
1,37.0,1,2,6.0,13.0, , ,1,11.0,11.0,0.0,6,4,Empleado_Informal,ENPOVE_2022
1,13.0,6,2,4.0,13.0, , ,1,9.0,9.0,0.0,9,1,Desempleado,ENPOVE_2022
1,25.0,1,2,6.0,13.0, , ,1,11.0,11.0,0.0,9,3,Empleado_Informal,ENPOVE_2022
2,22.0,1,2,5.0,13.0, , ,1,10.0,10.0,0.0,9,2,Desempleado,ENPOVE_2022
1,44.0,1,2,3.0,13.0, , ,1,4.5,4.5,0.0,2,4,Empleado_Informal,ENPOVE_2022
1,18.0,6,2,1.0,6.0, , ,1,0.0,11.0,-11.0,2,3,Empleado_Informal,ENPOVE_2022
1,37.0,2,2,10.0,13.0,2, ,1,16.0,16.0,0.0,2,1,Empleado_Formal,ENPOVE_2022
2,40.0,5,2,6.0,13.0, , ,1,11.0,11.0,0.0,2,5,Empleado_Informal,ENPOVE_2022
1,30.0,1,2,9.0,13.0, , ,1,13.5,13.5,0.0,2,4,Empleado_Formal,ENPOVE_2022
2,38.0,1,2,6.0,13.0, , ,1,11.0,11.0,0.0,2,3,Desempleado,ENPOVE_2022
1,28.0,6,2,6.0,13.0, , ,1,11.0,11.0,0.0,2,4,Empleado_Informal,ENPOVE_2022
1,53.0,4,2,8.0,13.0, , ,1,14.0,14.0,0.0,2,4,Empleado_Informal,ENPOVE_2022
1,34.0,1,2,10.0,13.0,1,2,1,16.0,16.0,0.0,2,4,Empleado_Formal,ENPOVE_2022
2,33.0,1,2,10.0,13.0,1,2,1,16.0,16.0,0.0,1,2,Empleado_Informal,ENPOVE_2022
1,62.0,2,2,4.0,13.0, , ,1,9.0,9.0,0.0,2,4,Desempleado,ENPOVE_2022
2,55.0,2,2,5.0,13.0, , ,1,10.0,10.0,0.0,2,5,Desempleado,ENPOVE_2022
2,24.0,6,2,6.0,13.0, , ,1,11.0,11.0,0.0,2,5,Empleado_Formal,ENPOVE_2022
1,30.0,2,2,10.0,13.0,1,2,1,16.0,16.0,0.0,2,4,Empleado_Informal,ENPOVE_2022
2,30.0,2,2,11.0,13.0,1,2,1,18.0,18.0,0.0,2,4,Empleado_Formal,ENPOVE_2022
1,30.0,6,2,8.0,13.0, , ,1,14.0,14.0,0.0,1,5,Empleado_Formal,ENPOVE_2022
2,21.0,1,2,6.0,13.0, , ,1,11.0,11.0,0.0,1,4,Empleado_Informal,ENPOVE_2022
1,36.0,2,2,10.0,13.0,1,2,1,16.0,16.0,0.0,9,0,Desempleado,ENPOVE_2022
1,27.0,1,2,8.0,13.0, , ,1,14.0,14.0,0.0,9,3,Empleado_Informal,ENPOVE_2022
2,20.0,1,2,3.0,13.0, , ,1,4.5,4.5,0.0,9,2,Empleado_Informal,ENPOVE_2022
1,25.0,1,2,6.0,13.0, , ,1,11.0,11.0,0.0,9,1,Empleado_Informal,ENPOVE_2022
1,24.0,1,2,9.0,13.0, , ,1,13.5,13.5,0.0,2,4,Empleado_Formal,ENPOVE_2022
2,24.0,1,2,9.0,13.0, , ,1,13.5,13.5,0.0,2,3,Empleado_Informal,ENPOVE_2022
2,32.0,6,2,5.0,13.0, , ,1,10.0,10.0,0.0,2,4,Desempleado,ENPOVE_2022
2,21.0,1,2,5.0,13.0, , ,1,10.0,10.0,0.0,1,2,Desempleado,ENPOVE_2022
1,25.0,1,2,4.0,13.0, , ,1,9.0,9.0,0.0,9,4,Empleado_Informal,ENPOVE_2022
2,43.0,6,2,8.0,13.0, , ,1,14.0,14.0,0.0,1,2,Empleado_Informal,ENPOVE_2022
1,15.0,6,2,5.0,13.0, , ,1,10.0,10.0,0.0,9,3,Empleado_Informal,ENPOVE_2022
2,20.0,1,2,5.0,13.0, , ,1,10.0,10.0,0.0,9,4,Desempleado,ENPOVE_2022
1,24.0,6,2,5.0,13.0, , ,1,10.0,10.0,0.0,9,3,Empleado_Informal,ENPOVE_2022
1,26.0,6,2,6.0,13.0, , ,1,11.0,11.0,0.0,1,4,Empleado_Informal,ENPOVE_2022
1,30.0,6,2,10.0,13.0,1,2,1,16.0,16.0,0.0,2,5,Empleado_Informal,ENPOVE_2022
2,37.0,1,2,10.0,13.0,1,2,1,16.0,16.0,0.0,1,1,Desempleado,ENPOVE_2022
1,23.0,1,2,6.0,13.0, , ,1,11.0,11.0,0.0,1,3,Empleado_Informal,ENPOVE_2022
2,46.0,5,2,10.0,13.0,1,2,1,16.0,16.0,0.0,2,4,Empleado_Informal,ENPOVE_2022
2,30.0,5,2,6.0,13.0, , ,1,11.0,11.0,0.0,9,1,Empleado_Informal,ENPOVE_2022
1,37.0,1,2,6.0,13.0, , ,1,11.0,11.0,0.0,9,4,Empleado_Informal,ENPOVE_2022
1,48.0,2,2,8.0,13.0, , ,1,14.0,14.0,0.0,2,4,Empleado_Formal,ENPOVE_2022
2,58.0,5,2,11.0,13.0,1,2,1,18.0,18.0,0.0,9,4,Empleado_Informal,ENPOVE_2022
1,26.0,6,2,9.0,13.0, , ,1,13.5,13.5,0.0,2,5,Empleado_Formal,ENPOVE_2022
1,29.0,6,2,6.0,13.0, , ,1,11.0,11.0,0.0,1,3,Empleado_Informal,ENPOVE_2022
1,25.0,6,2,8.0,13.0, , ,1,14.0,14.0,0.0,9,2,Empleado_Informal,ENPOVE_2022
1,24.0,6,2,6.0,13.0, , ,1,11.0,11.0,0.0,1,4,Empleado_Informal,ENPOVE_2022
1,35.0,1,2,10.0,13.0,1,2,1,16.0,16.0,0.0,2,4,Empleado_Informal,ENPOVE_2022
2,39.0,5,2,10.0,13.0,1,2,1,16.0,16.0,0.0,1,4,Empleado_Informal,ENPOVE_2022
2,35.0,5,2,10.0,13.0,1,2,1,16.0,16.0,0.0,1,4,Empleado_Informal,ENPOVE_2022
2,15.0,6,2,1.0,5.0, , ,1,0.0,8.5,-8.5,9,4,Desempleado,ENPOVE_2022
2,39.0,1,2,6.0,13.0, , ,1,11.0,11.0,0.0,1,3,Desempleado,ENPOVE_2022
2,17.0,6,2,1.0,5.0, , ,1,0.0,8.5,-8.5,2,5,Desempleado,ENPOVE_2022
1,36.0,6,2,11.0,13.0,1,1,1,18.0,18.0,0.0,2,4,Empleado_Formal,ENPOVE_2022
2,24.0,1,2,8.0,13.0, , ,1,14.0,14.0,0.0,2,4,Empleado_Informal,ENPOVE_2022
1,23.0,1,2,8.0,13.0, , ,1,14.0,14.0,0.0,9,4,Empleado_Informal,ENPOVE_2022
1,36.0,2,2,10.0,13.0,1,2,1,16.0,16.0,0.0,2,3,Empleado_Formal,ENPOVE_2022
2,41.0,2,2,10.0,13.0,1,2,1,16.0,16.0,0.0,2,4,Desempleado,ENPOVE_2022
2,65.0,3,2,10.0,13.0,1,2,1,16.0,16.0,0.0,2,3,Empleado_Informal,ENPOVE_2022
2,52.0,4,2,10.0,13.0,1,2,1,16.0,16.0,0.0,2,4,Empleado_Informal,ENPOVE_2022
2,27.0,5,2,10.0,13.0,1,2,1,16.0,16.0,0.0,1,4,Empleado_Informal,ENPOVE_2022
2,29.0,1,2,10.0,13.0,1,2,1,16.0,16.0,0.0,1,3,Empleado_Formal,ENPOVE_2022
2,40.0,2,2,10.0,13.0,1,2,1,16.0,16.0,0.0,2,4,Empleado_Informal,ENPOVE_2022
1,43.0,2,2,10.0,13.0,1,2,1,16.0,16.0,0.0,2,5,Empleado_Formal,ENPOVE_2022
2,33.0,1,2,8.0,13.0, , ,1,14.0,14.0,0.0,1,4,Empleado_Informal,ENPOVE_2022
1,28.0,6,2,8.0,13.0, , ,1,14.0,14.0,0.0,2,4,Empleado_Informal,ENPOVE_2022
1,22.0,1,2,9.0,13.0, , ,1,13.5,13.5,0.0,1,4,Empleado_Informal,ENPOVE_2022
1,22.0,6,2,6.0,13.0, , ,1,11.0,11.0,0.0,1,4,Empleado_Informal,ENPOVE_2022
2,28.0,1,2,7.0,13.0, , ,1,12.5,12.5,0.0,1,1,Empleado_Formal,ENPOVE_2022
1,27.0,1,2,9.0,13.0, , ,1,13.5,13.5,0.0,9,4,Empleado_Informal,ENPOVE_2022
2,31.0,1,2,6.0,13.0, , ,1,11.0,11.0,0.0,1,4,Empleado_Informal,ENPOVE_2022
2,27.0,6,2,6.0,13.0, , ,1,11.0,11.0,0.0,1,3,Empleado_Informal,ENPOVE_2022
1,51.0,1,2,8.0,13.0, , ,1,14.0,14.0,0.0,2,4,Empleado_Informal,ENPOVE_2022
2,54.0,1,2,5.0,13.0, , ,1,10.0,10.0,0.0,1,3,Empleado_Informal,ENPOVE_2022
1,30.0,1,2,8.0,13.0, , ,1,14.0,14.0,0.0,2,5,Empleado_Formal,ENPOVE_2022
2,25.0,1,2,10.0,13.0,1,2,1,16.0,16.0,0.0,2,4,Empleado_Formal,ENPOVE_2022
2,38.0,1,2,8.0,13.0, , ,1,14.0,14.0,0.0,9,1,Empleado_Informal,ENPOVE_2022
1,35.0,1,2,10.0,13.0,1,2,1,16.0,16.0,0.0,1,5,Empleado_Formal,ENPOVE_2022
1,31.0,6,2,9.0,13.0, , ,1,13.5,13.5,0.0,3,3,Empleado_Informal,ENPOVE_2022
1,33.0,2,2,6.0,13.0, , ,1,11.0,11.0,0.0,2,4,Empleado_Informal,ENPOVE_2022
2,29.0,2,2,10.0,13.0,2, ,1,16.0,16.0,0.0,2,4,Empleado_Informal,ENPOVE_2022
2,26.0,6,2,6.0,13.0, , ,1,11.0,11.0,0.0,2,3,Empleado_Informal,ENPOVE_2022
1,22.0,6,2,5.0,13.0, , ,1,10.0,10.0,0.0,2,3,Empleado_Informal,ENPOVE_2022
2,49.0,2,2,5.0,13.0, , ,1,10.0,10.0,0.0,1,3,Empleado_Informal,ENPOVE_2022
1,64.0,2,2,6.0,13.0, , ,1,11.0,11.0,0.0,2,3,Empleado_Informal,ENPOVE_2022
1,32.0,6,2,6.0,13.0, , ,1,11.0,11.0,0.0,9,3,Empleado_Informal,ENPOVE_2022
1,48.0,5,2,6.0,13.0, , ,1,11.0,11.0,0.0,1,4,Empleado_Informal,ENPOVE_2022
2,27.0,1,2,6.0,13.0, , ,1,11.0,11.0,0.0,1,4,Empleado_Informal,ENPOVE_2022
2,28.0,1,2,4.0,13.0, , ,1,9.0,9.0,0.0,9,2,Desempleado,ENPOVE_2022
1,26.0,6,2,5.0,13.0, , ,1,10.0,10.0,0.0,9,1,Empleado_Informal,ENPOVE_2022
2,33.0,1,2,9.0,13.0, , ,1,13.5,13.5,0.0,1,3,Empleado_Informal,ENPOVE_2022
2,52.0,1,2,5.0,13.0, , ,1,10.0,10.0,0.0,9,0,Desempleado,ENPOVE_2022
1,60.0,1,2,9.0,13.0, , ,1,13.5,13.5,0.0,9,0,Empleado_Informal,ENPOVE_2022
1,17.0,6,2,5.0,13.0, , ,1,10.0,10.0,0.0,9,0,Desempleado,ENPOVE_2022
2,40.0,5,2,5.0,13.0, , ,1,10.0,10.0,0.0,2,3,Empleado_Informal,ENPOVE_2022
1,25.0,6,2,6.0,13.0, , ,1,11.0,11.0,0.0,9,1,Empleado_Informal,ENPOVE_2022
1,21.0,6,2,6.0,13.0, , ,1,11.0,11.0,0.0,9,0,Empleado_Informal,ENPOVE_2022
2,21.0,1,2,6.0,13.0, , ,1,11.0,11.0,0.0,9,3,Desempleado,ENPOVE_2022
1,27.0,1,2,6.0,13.0, , ,1,11.0,11.0,0.0,9,2,Empleado_Informal,ENPOVE_2022
1,24.0,5,2,6.0,13.0, , ,1,11.0,11.0,0.0,1,2,Empleado_Informal,ENPOVE_2022
1,25.0,1,2,6.0,13.0, , ,1,11.0,11.0,0.0,9,1,Empleado_Informal,ENPOVE_2022
2,50.0,1,2,11.0,13.0,1,2,1,18.0,18.0,0.0,2,3,Empleado_Informal,ENPOVE_2022
1,15.0,6,2,1.0,5.0, , ,1,0.0,8.5,-8.5,9,3,Desempleado,ENPOVE_2022
1,32.0,6,2,10.0,13.0,1,2,1,16.0,16.0,0.0,9,3,Empleado_Formal,ENPOVE_2022
1,21.0,6,2,6.0,13.0, , ,1,11.0,11.0,0.0,9,3,Empleado_Informal,ENPOVE_2022
1,26.0,6,2,10.0,13.0,1,2,1,16.0,16.0,0.0,9,4,Empleado_Informal,ENPOVE_2022
2,26.0,1,2,6.0,13.0, , ,1,11.0,11.0,0.0,9,4,Empleado_Informal,ENPOVE_2022
2,67.0,5,2,6.0,13.0, , ,1,11.0,11.0,0.0,9,2,Desempleado,ENPOVE_2022
1,34.0,1,2,8.0,13.0, , ,1,14.0,14.0,0.0,2,5,Empleado_Informal,ENPOVE_2022
2,28.0,1,2,8.0,13.0, , ,1,14.0,14.0,0.0,1,4,Empleado_Informal,ENPOVE_2022
1,23.0,6,2,9.0,13.0, , ,1,13.5,13.5,0.0,9,1,Empleado_Informal,ENPOVE_2022
2,14.0,6,2,4.0,13.0, , ,1,9.0,9.0,0.0,9,3,Desempleado,ENPOVE_2022
1,34.0,6,2,9.0,13.0, , ,1,13.5,13.5,0.0,2,4,Empleado_Informal,ENPOVE_2022
1,33.0,6,2,10.0,13.0,1,2,1,16.0,16.0,0.0,2,4,Empleado_Informal,ENPOVE_2022
1,45.0,1,2,4.0,13.0, , ,1,9.0,9.0,0.0,1,1,Empleado_Informal,ENPOVE_2022
2,33.0,1,2,10.0,13.0,1,2,1,16.0,16.0,0.0,2,4,Empleado_Informal,ENPOVE_2022
1,34.0,1,2,10.0,13.0,1,2,1,16.0,16.0,0.0,2,5,Empleado_Formal,ENPOVE_2022
1,52.0,1,2,10.0,13.0,1,2,1,16.0,16.0,0.0,1,1,Desempleado,ENPOVE_2022
1,41.0,1,2,5.0,13.0, , ,1,10.0,10.0,0.0,1,3,Empleado_Informal,ENPOVE_2022
2,39.0,1,2,6.0,13.0, , ,1,11.0,11.0,0.0,9,4,Empleado_Informal,ENPOVE_2022
1,34.0,2,2,6.0,13.0, , ,1,11.0,11.0,0.0,1,1,Empleado_Informal,ENPOVE_2022
2,32.0,2,2,8.0,13.0, , ,1,14.0,14.0,0.0,9,1,Desempleado,ENPOVE_2022
1,31.0,1,2,3.0,13.0, , ,1,4.5,4.5,0.0,9,3,Empleado_Informal,ENPOVE_2022
2,22.0,1,2,5.0,13.0, , ,1,10.0,10.0,0.0,9,3,Empleado_Informal,ENPOVE_2022
1,34.0,1,2,8.0,13.0, , ,1,14.0,14.0,0.0,1,4,Empleado_Informal,ENPOVE_2022
2,32.0,1,2,8.0,13.0, , ,1,14.0,14.0,0.0,2,4,Desempleado,ENPOVE_2022
1,39.0,1,2,10.0,13.0,1,2,1,16.0,16.0,0.0,2,4,Empleado_Informal,ENPOVE_2022
1,27.0,6,2,9.0,13.0, , ,1,13.5,13.5,0.0,9,6,Empleado_Informal,ENPOVE_2022
2,23.0,6,2,10.0,13.0,1,2,1,16.0,16.0,0.0,9,1,Empleado_Informal,ENPOVE_2022
1,26.0,1,2,6.0,13.0, , ,1,11.0,11.0,0.0,2,4,Empleado_Informal,ENPOVE_2022
1,40.0,1,2,5.0,13.0, , ,1,10.0,10.0,0.0,9,1,Empleado_Informal,ENPOVE_2022
2,31.0,1,2,6.0,13.0, , ,1,11.0,11.0,0.0,9,1,Empleado_Informal,ENPOVE_2022
1,49.0,2,2,4.0,13.0, , ,1,9.0,9.0,0.0,9,0,Desempleado,ENPOVE_2022
1,20.0,1,2,9.0,13.0, , ,1,13.5,13.5,0.0,9,1,Empleado_Informal,ENPOVE_2022
2,22.0,1,2,9.0,13.0, , ,1,13.5,13.5,0.0,9,0,Empleado_Informal,ENPOVE_2022
2,50.0,2,2,6.0,13.0, , ,1,11.0,11.0,0.0,1,3,Empleado_Informal,ENPOVE_2022
2,19.0,6,2,6.0,13.0, , ,1,11.0,11.0,0.0,1,3,Empleado_Informal,ENPOVE_2022
1,28.0,1,2,3.0,13.0, , ,1,4.5,4.5,0.0,6,4,Empleado_Informal,ENPOVE_2022
2,29.0,1,2,6.0,13.0, , ,1,11.0,11.0,0.0,2,1,Empleado_Informal,ENPOVE_2022
1,22.0,1,2,9.0,13.0, , ,1,13.5,13.5,0.0,9,4,Empleado_Informal,ENPOVE_2022
1,30.0,1,2,9.0,13.0, , ,1,13.5,13.5,0.0,2,4,Empleado_Informal,ENPOVE_2022
1,24.0,6,2,6.0,13.0, , ,1,11.0,11.0,0.0,2,4,Empleado_Informal,ENPOVE_2022
1,50.0,1,2,5.0,13.0, , ,1,10.0,10.0,0.0,9,3,Empleado_Informal,ENPOVE_2022
1,17.0,6,2,5.0,13.0, , ,1,10.0,10.0,0.0,9,3,Empleado_Informal,ENPOVE_2022
1,31.0,1,2,6.0,13.0, , ,1,11.0,11.0,0.0,1,4,Empleado_Informal,ENPOVE_2022
2,30.0,1,2,10.0,13.0,2, ,1,16.0,16.0,0.0,1,3,Empleado_Informal,ENPOVE_2022
2,34.0,5,2,10.0,13.0,1,2,1,16.0,16.0,0.0,2,4,Empleado_Formal,ENPOVE_2022
1,43.0,1,2,5.0,13.0, , ,1,10.0,10.0,0.0,1,2,Empleado_Informal,ENPOVE_2022
1,24.0,6,2,1.0,9.0, , ,1,0.0,13.5,-13.5,2,2,Empleado_Informal,ENPOVE_2022
1,25.0,1,2,9.0,13.0, , ,1,13.5,13.5,0.0,1,2,Empleado_Informal,ENPOVE_2022
2,39.0,1,2,9.0,13.0, , ,1,13.5,13.5,0.0,6,4,Empleado_Informal,ENPOVE_2022
2,58.0,2,2,10.0,13.0,1,2,1,16.0,16.0,0.0,2,4,Empleado_Formal,ENPOVE_2022
1,52.0,1,2,6.0,13.0, , ,1,11.0,11.0,0.0,1,3,Empleado_Informal,ENPOVE_2022
2,32.0,6,2,10.0,13.0,1,2,1,16.0,16.0,0.0,1,3,Empleado_Formal,ENPOVE_2022
1,30.0,1,2,5.0,13.0, , ,1,10.0,10.0,0.0,1,1,Empleado_Informal,ENPOVE_2022
2,32.0,2,2,10.0,13.0,1,2,1,16.0,16.0,0.0,2,6,Desempleado,ENPOVE_2022
1,28.0,1,2,9.0,13.0, , ,1,13.5,13.5,0.0,6,5,Empleado_Informal,ENPOVE_2022
2,24.0,1,2,9.0,13.0, , ,1,13.5,13.5,0.0,2,5,Empleado_Informal,ENPOVE_2022
2,28.0,6,2,6.0,13.0, , ,1,11.0,11.0,0.0,2,3,Empleado_Informal,ENPOVE_2022
2,33.0,5,2,10.0,13.0,1,1,1,16.0,16.0,0.0,2,4,Empleado_Formal,ENPOVE_2022
1,33.0,2,2,10.0,13.0,1,2,1,16.0,16.0,0.0,2,6,Empleado_Informal,ENPOVE_2022
2,44.0,5,2,11.0,13.0,1,2,1,18.0,18.0,0.0,2,3,Empleado_Informal,ENPOVE_2022
2,22.0,6,2,6.0,13.0, , ,1,11.0,11.0,0.0,1,3,Empleado_Informal,ENPOVE_2022
1,29.0,6,2,10.0,13.0,1,2,1,16.0,16.0,0.0,6,4,Empleado_Informal,ENPOVE_2022
1,55.0,2,2,9.0,13.0, , ,1,13.5,13.5,0.0,1,3,Empleado_Informal,ENPOVE_2022
2,45.0,2,2,10.0,13.0,1,2,1,16.0,16.0,0.0,2,4,Desempleado,ENPOVE_2022
1,25.0,6,2,9.0,13.0, , ,1,13.5,13.5,0.0,1,3,Empleado_Informal,ENPOVE_2022
1,23.0,6,2,9.0,13.0, , ,1,13.5,13.5,0.0,1,3,Empleado_Informal,ENPOVE_2022
1,21.0,6,2,6.0,13.0, , ,1,11.0,11.0,0.0,1,3,Empleado_Informal,ENPOVE_2022
1,39.0,6,2,10.0,13.0,1,2,1,16.0,16.0,0.0,1,3,Empleado_Informal,ENPOVE_2022
1,37.0,1,2,5.0,13.0, , ,1,10.0,10.0,0.0,2,4,Empleado_Informal,ENPOVE_2022
2,39.0,1,2,6.0,13.0, , ,1,11.0,11.0,0.0,9,3,Empleado_Informal,ENPOVE_2022
2,44.0,5,2,10.0,13.0,1,2,1,16.0,16.0,0.0,2,4,Empleado_Informal,ENPOVE_2022
1,19.0,6,2,6.0,13.0, , ,1,11.0,11.0,0.0,1,2,Empleado_Informal,ENPOVE_2022
1,46.0,6,2,10.0,13.0,1,2,1,16.0,16.0,0.0,1,3,Empleado_Informal,ENPOVE_2022
1,34.0,2,2,6.0,13.0, , ,1,11.0,11.0,0.0,6,4,Empleado_Informal,ENPOVE_2022
2,22.0,1,2,6.0,13.0, , ,1,11.0,11.0,0.0,9,3,Desempleado,ENPOVE_2022
2,36.0,1,2,9.0,13.0, , ,1,13.5,13.5,0.0,1,1,Empleado_Informal,ENPOVE_2022
1,15.0,6,2,5.0,13.0, , ,1,10.0,10.0,0.0,1,1,Empleado_Informal,ENPOVE_2022
2,44.0,6,2,10.0,13.0,1,2,1,16.0,16.0,0.0,2,5,Empleado_Informal,ENPOVE_2022
1,9.0, ,2,1.0,3.0, , ,1,0.0,3.0,-3.0,9,4,Desempleado,ENPOVE_2022
2,63.0,5,2,5.0,13.0, , ,1,10.0,10.0,0.0,6,4,Desempleado,ENPOVE_2022
1,27.0,1,2,10.0,13.0,1,2,1,16.0,16.0,0.0,1,3,Empleado_Formal,ENPOVE_2022
2,34.0,2,2,10.0,13.0,1,1,1,16.0,16.0,0.0,2,4,Empleado_Formal,ENPOVE_2022
2,50.0,4,2,6.0,13.0, , ,1,11.0,11.0,0.0,2,4,Empleado_Informal,ENPOVE_2022
1,30.0,6,2,10.0,13.0,1,2,1,16.0,16.0,0.0,1,2,Empleado_Informal,ENPOVE_2022
1,25.0,6,2,9.0,13.0, , ,1,13.5,13.5,0.0,9,3,Empleado_Informal,ENPOVE_2022
1,32.0,1,2,9.0,13.0, , ,1,13.5,13.5,0.0,2,5,Empleado_Informal,ENPOVE_2022
2,27.0,1,2,10.0,13.0,1,2,1,16.0,16.0,0.0,2,4,Empleado_Informal,ENPOVE_2022
1,38.0,1,2,6.0,13.0, , ,1,11.0,11.0,0.0,1,4,Empleado_Informal,ENPOVE_2022
2,33.0,1,2,5.0,13.0, , ,1,10.0,10.0,0.0,1,1,Empleado_Informal,ENPOVE_2022
2,33.0,5,2,10.0,13.0,1,2,1,16.0,16.0,0.0,2,5,Empleado_Formal,ENPOVE_2022
1,38.0,1,2,5.0,13.0, , ,1,10.0,10.0,0.0,6,4,Empleado_Informal,ENPOVE_2022
1,45.0,4,2,10.0,13.0,1,2,1,16.0,16.0,0.0,1,4,Empleado_Informal,ENPOVE_2022
2,30.0,5,2,6.0,13.0, , ,1,11.0,11.0,0.0,2,4,Empleado_Informal,ENPOVE_2022
1,31.0,1,2,6.0,13.0, , ,1,11.0,11.0,0.0,2,4,Empleado_Formal,ENPOVE_2022
2,28.0,1,2,9.0,13.0, , ,1,13.5,13.5,0.0,9,4,Empleado_Informal,ENPOVE_2022
2,30.0,6,2,6.0,13.0, , ,1,11.0,11.0,0.0,9,1,Empleado_Informal,ENPOVE_2022
1,38.0,6,2,5.0,13.0, , ,1,10.0,10.0,0.0,9,3,Empleado_Informal,ENPOVE_2022
1,25.0,6,2,5.0,13.0, , ,1,10.0,10.0,0.0,1,4,Empleado_Informal,ENPOVE_2022
2,15.0,6,2,1.0,5.0, , ,1,0.0,8.5,-8.5,9,2,Desempleado,ENPOVE_2022
1,20.0,1,2,5.0,13.0, , ,1,10.0,10.0,0.0,9,4,Empleado_Informal,ENPOVE_2022
1,45.0,4,2,9.0,13.0, , ,1,13.5,13.5,0.0,2,4,Empleado_Informal,ENPOVE_2022
2,25.0,1,2,9.0,13.0, , ,1,13.5,13.5,0.0,1,1,Desempleado,ENPOVE_2022
1,35.0,1,2,6.0,13.0, , ,1,11.0,11.0,0.0,1,4,Empleado_Informal,ENPOVE_2022
2,26.0,1,2,8.0,13.0, , ,1,14.0,14.0,0.0,2,4,Empleado_Formal,ENPOVE_2022
1,26.0,1,2,7.0,13.0, , ,1,12.5,12.5,0.0,2,4,Empleado_Informal,ENPOVE_2022
1,44.0,2,2,6.0,13.0, , ,1,11.0,11.0,0.0,1,1,Empleado_Informal,ENPOVE_2022
2,37.0,2,2,6.0,13.0, , ,1,11.0,11.0,0.0,1,1,Empleado_Informal,ENPOVE_2022
1,39.0,1,2,6.0,13.0, , ,1,11.0,11.0,0.0,1,3,Empleado_Formal,ENPOVE_2022
2,28.0,1,2,4.0,13.0, , ,1,9.0,9.0,0.0,1,2,Desempleado,ENPOVE_2022
1,28.0,1,2,4.0,13.0, , ,1,9.0,9.0,0.0,1,2,Empleado_Informal,ENPOVE_2022
2,21.0,1,2,6.0,13.0, , ,1,11.0,11.0,0.0,1,2,Desempleado,ENPOVE_2022
1,32.0,1,2,8.0,13.0, , ,1,14.0,14.0,0.0,1,4,Empleado_Informal,ENPOVE_2022
2,24.0,1,2,9.0,13.0, , ,1,13.5,13.5,0.0,1,4,Empleado_Informal,ENPOVE_2022
1,30.0,6,2,8.0,13.0, , ,1,14.0,14.0,0.0,1,3,Empleado_Informal,ENPOVE_2022
1,42.0,1,2,8.0,13.0, , ,1,14.0,14.0,0.0,9,1,Empleado_Informal,ENPOVE_2022
2,36.0,2,2,10.0,13.0,1,2,1,16.0,16.0,0.0,2,5,Desempleado,ENPOVE_2022
1,51.0,2,2,6.0,13.0, , ,1,11.0,11.0,0.0,2,3,Empleado_Formal,ENPOVE_2022
2,30.0,1,2,10.0,13.0,1,2,1,16.0,16.0,0.0,2,4,Empleado_Formal,ENPOVE_2022
2,20.0,6,2,9.0,13.0, , ,1,13.5,13.5,0.0,1,2,Empleado_Informal,ENPOVE_2022
2,33.0,6,2,10.0,13.0,1,2,1,16.0,16.0,0.0,2,3,Empleado_Informal,ENPOVE_2022
1,32.0,1,2,6.0,13.0, , ,1,11.0,11.0,0.0,9,4,Empleado_Informal,ENPOVE_2022
2,30.0,1,2,6.0,13.0, , ,1,11.0,11.0,0.0,9,4,Desempleado,ENPOVE_2022
2,21.0,5,2,6.0,13.0, , ,1,11.0,11.0,0.0,1,4,Empleado_Informal,ENPOVE_2022
1,20.0,6,2,6.0,13.0, , ,1,11.0,11.0,0.0,1,2,Empleado_Formal,ENPOVE_2022
2,23.0,6,2,7.0,13.0, , ,1,12.5,12.5,0.0,1,3,Empleado_Formal,ENPOVE_2022
1,27.0,1,2,8.0,13.0, , ,1,14.0,14.0,0.0,2,5,Empleado_Informal,ENPOVE_2022
1,27.0,6,2,7.0,13.0, , ,1,12.5,12.5,0.0,2,2,Empleado_Informal,ENPOVE_2022
1,24.0,6,2,6.0,13.0, , ,1,11.0,11.0,0.0,9,2,Empleado_Informal,ENPOVE_2022
1,30.0,1,2,9.0,13.0, , ,1,13.5,13.5,0.0,2,4,Empleado_Formal,ENPOVE_2022
2,32.0,1,2,10.0,13.0,1,2,1,16.0,16.0,0.0,2,4,Empleado_Formal,ENPOVE_2022
1,43.0,4,2,10.0,13.0,1,2,1,16.0,16.0,0.0,9,3,Empleado_Informal,ENPOVE_2022
1,33.0,1,2,10.0,13.0,1,2,1,16.0,16.0,0.0,2,1,Empleado_Informal,ENPOVE_2022
2,22.0,1,2,6.0,13.0, , ,1,11.0,11.0,0.0,6,1,Empleado_Informal,ENPOVE_2022
2,18.0,6,2,1.0,6.0, , ,1,0.0,11.0,-11.0,1,1,Empleado_Informal,ENPOVE_2022
1,50.0,1,2,6.0,13.0, , ,1,11.0,11.0,0.0,1,4,Desempleado,ENPOVE_2022
2,33.0,1,2,9.0,13.0, , ,1,13.5,13.5,0.0,2,4,Empleado_Informal,ENPOVE_2022
1,27.0,1,2,6.0,13.0, , ,1,11.0,11.0,0.0,9,4,Empleado_Informal,ENPOVE_2022
1,36.0,1,2,6.0,13.0, , ,1,11.0,11.0,0.0,2,4,Desempleado,ENPOVE_2022
2,37.0,1,2,6.0,13.0, , ,1,11.0,11.0,0.0,2,4,Desempleado,ENPOVE_2022
1,50.0,2,2,6.0,13.0, , ,1,11.0,11.0,0.0,6,4,Empleado_Informal,ENPOVE_2022
2,54.0,2,2,6.0,13.0, , ,1,11.0,11.0,0.0,2,3,Empleado_Informal,ENPOVE_2022
1,38.0,1,2,5.0,13.0, , ,1,10.0,10.0,0.0,1,4,Empleado_Informal,ENPOVE_2022
2,36.0,1,2,6.0,13.0, , ,1,11.0,11.0,0.0,2,4,Desempleado,ENPOVE_2022
1,61.0,1,2,4.0,13.0, , ,1,9.0,9.0,0.0,1,1,Desempleado,ENPOVE_2022
2,57.0,1,2,5.0,13.0, , ,1,10.0,10.0,0.0,1,1,Desempleado,ENPOVE_2022
1,45.0,2,2,6.0,13.0, , ,1,11.0,11.0,0.0,3,3,Desempleado,ENPOVE_2022
2,48.0,2,2,6.0,13.0, , ,1,11.0,11.0,0.0,1,3,Empleado_Informal,ENPOVE_2022
1,16.0,6,2,1.0,5.0, , ,1,0.0,8.5,-8.5,1,3,Empleado_Informal,ENPOVE_2022
1,22.0,6,2,6.0,13.0, , ,1,11.0,11.0,0.0,2,3,Empleado_Informal,ENPOVE_2022
2,27.0,5,2,6.0,13.0, , ,1,11.0,11.0,0.0,2,4,Desempleado,ENPOVE_2022
2,27.0,1,2,6.0,13.0, , ,1,11.0,11.0,0.0,2,3,Empleado_Informal,ENPOVE_2022
1,40.0,1,2,7.0,13.0, , ,1,12.5,12.5,0.0,2,4,Empleado_Informal,ENPOVE_2022
1,22.0,6,2,6.0,13.0, , ,1,11.0,11.0,0.0,2,3,Empleado_Informal,ENPOVE_2022
1,16.0,6,2,1.0,5.0, , ,1,0.0,8.5,-8.5,2,4,Empleado_Informal,ENPOVE_2022
1,26.0,1,2,8.0,13.0, , ,1,14.0,14.0,0.0,2,4,Empleado_Formal,ENPOVE_2022
2,27.0,1,2,10.0,13.0,1,2,1,16.0,16.0,0.0,2,4,Empleado_Informal,ENPOVE_2022
2,47.0,6,2,6.0,13.0, , ,1,11.0,11.0,0.0,9,4,Empleado_Informal,ENPOVE_2022
2,20.0,6,2,6.0,13.0, , ,1,11.0,11.0,0.0,1,4,Empleado_Formal,ENPOVE_2022
2,18.0,6,2,5.0,13.0, , ,1,10.0,10.0,0.0,2,4,Empleado_Informal,ENPOVE_2022
2,33.0,6,2,10.0,13.0,1,2,1,16.0,16.0,0.0,2,4,Empleado_Formal,ENPOVE_2022
1,44.0,1,2,3.0,13.0, , ,1,4.5,4.5,0.0,2,4,Empleado_Informal,ENPOVE_2022
2,50.0,1,2,6.0,13.0, , ,1,11.0,11.0,0.0,1,4,Empleado_Informal,ENPOVE_2022
1,25.0,6,2,10.0,13.0,1,2,1,16.0,16.0,0.0,1,1,Empleado_Informal,ENPOVE_2022
2,46.0,2,2,10.0,13.0,1,2,1,16.0,16.0,0.0,1,4,Desempleado,ENPOVE_2022
1,52.0,2,2,9.0,13.0, , ,1,13.5,13.5,0.0,2,4,Empleado_Formal,ENPOVE_2022
2,48.0,6,2,10.0,13.0,1,2,1,16.0,16.0,0.0,2,4,Empleado_Informal,ENPOVE_2022
1,34.0,1,2,6.0,13.0, , ,1,11.0,11.0,0.0,1,2,Empleado_Informal,ENPOVE_2022
2,29.0,1,2,10.0,13.0,1,2,1,16.0,16.0,0.0,1,2,Empleado_Informal,ENPOVE_2022
1,58.0,4,2,8.0,13.0, , ,1,14.0,14.0,0.0,9,2,Empleado_Informal,ENPOVE_2022
1,61.0,4,2,6.0,13.0, , ,1,11.0,11.0,0.0,2,4,Empleado_Informal,ENPOVE_2022
1,30.0,5,2,6.0,13.0, , ,1,11.0,11.0,0.0,1,3,Empleado_Informal,ENPOVE_2022
1,33.0,6,2,6.0,13.0, , ,1,11.0,11.0,0.0,2,4,Empleado_Formal,ENPOVE_2022
1,23.0,1,2,9.0,13.0, , ,1,13.5,13.5,0.0,1,1,Empleado_Informal,ENPOVE_2022
2,20.0,1,2,6.0,13.0, , ,1,11.0,11.0,0.0,1,1,Desempleado,ENPOVE_2022
2,48.0,2,2,6.0,13.0, , ,1,11.0,11.0,0.0,9,1,Empleado_Informal,ENPOVE_2022
1,23.0,6,2,8.0,13.0, , ,1,14.0,14.0,0.0,9,0,Empleado_Informal,ENPOVE_2022
1,40.0,1,2,6.0,13.0, , ,1,11.0,11.0,0.0,9,4,Empleado_Informal,ENPOVE_2022
2,31.0,1,2,10.0,13.0,1,2,1,16.0,16.0,0.0,9,3,Desempleado,ENPOVE_2022
1,57.0,1,2,8.0,13.0, , ,1,14.0,14.0,0.0,9,1,Desempleado,ENPOVE_2022
1,26.0,6,2,5.0,13.0, , ,1,10.0,10.0,0.0,1,4,Empleado_Informal,ENPOVE_2022
2,32.0,6,2,9.0,13.0, , ,1,13.5,13.5,0.0,1,3,Empleado_Informal,ENPOVE_2022
1,49.0,2,2,6.0,13.0, , ,1,11.0,11.0,0.0,9,1,Empleado_Informal,ENPOVE_2022
2,20.0,6,2,9.0,13.0, , ,1,13.5,13.5,0.0,1,3,Desempleado,ENPOVE_2022
2,31.0,1,2,6.0,13.0, , ,1,11.0,11.0,0.0,1,3,Desempleado,ENPOVE_2022
1,58.0,2,2,6.0,13.0, , ,1,11.0,11.0,0.0,9,1,Desempleado,ENPOVE_2022
2,51.0,2,2,9.0,13.0, , ,1,13.5,13.5,0.0,2,3,Empleado_Informal,ENPOVE_2022
1,30.0,1,2,6.0,13.0, , ,1,11.0,11.0,0.0,2,4,Empleado_Informal,ENPOVE_2022
1,34.0,6,2,10.0,13.0,1,2,1,16.0,16.0,0.0,2,4,Empleado_Formal,ENPOVE_2022
1,54.0,2,2,5.0,13.0, , ,1,10.0,10.0,0.0,1,3,Empleado_Informal,ENPOVE_2022
2,23.0,1,2,9.0,13.0, , ,1,13.5,13.5,0.0,1,3,Desempleado,ENPOVE_2022
1,23.0,1,2,6.0,13.0, , ,1,11.0,11.0,0.0,1,3,Empleado_Informal,ENPOVE_2022
2,23.0,1,2,6.0,13.0, , ,1,11.0,11.0,0.0,9,2,Empleado_Informal,ENPOVE_2022
1,28.0,1,2,8.0,13.0, , ,1,14.0,14.0,0.0,2,4,Empleado_Informal,ENPOVE_2022
1,26.0,1,2,9.0,13.0, , ,1,13.5,13.5,0.0,2,3,Empleado_Informal,ENPOVE_2022
1,58.0,2,2,6.0,13.0, , ,1,11.0,11.0,0.0,2,4,Desempleado,ENPOVE_2022
2,49.0,2,2,10.0,13.0,1,2,1,16.0,16.0,0.0,2,4,Desempleado,ENPOVE_2022
1,51.0,1,2,6.0,13.0, , ,1,11.0,11.0,0.0,2,4,Empleado_Informal,ENPOVE_2022
2,26.0,6,2,6.0,13.0, , ,1,11.0,11.0,0.0,2,4,Empleado_Informal,ENPOVE_2022
2,23.0,6,2,6.0,13.0, , ,1,11.0,11.0,0.0,1,3,Empleado_Formal,ENPOVE_2022
1,21.0,6,2,5.0,13.0, , ,1,10.0,10.0,0.0,2,4,Empleado_Formal,ENPOVE_2022
1,62.0,1,2,3.0,13.0, , ,1,4.5,4.5,0.0,1,2,Empleado_Informal,ENPOVE_2022
2,24.0,6,2,6.0,13.0, , ,1,11.0,11.0,0.0,1,2,Empleado_Informal,ENPOVE_2022
2,27.0,6,2,10.0,13.0,1,2,1,16.0,16.0,0.0,1,2,Empleado_Formal,ENPOVE_2022
1,44.0,2,2,5.0,13.0, , ,1,10.0,10.0,0.0,2,4,Empleado_Informal,ENPOVE_2022
1,48.0,2,2,6.0,13.0, , ,1,11.0,11.0,0.0,2,4,Empleado_Formal,ENPOVE_2022
2,59.0,3,2,9.0,13.0, , ,1,13.5,13.5,0.0,9,2,Desempleado,ENPOVE_2022
2,20.0,6,2,6.0,13.0, , ,1,11.0,11.0,0.0,9,2,Empleado_Informal,ENPOVE_2022
1,52.0,1,2,4.0,13.0, , ,1,9.0,9.0,0.0,2,4,Empleado_Informal,ENPOVE_2022
2,45.0,1,2,11.0,13.0,1,2,1,18.0,18.0,0.0,2,4,Desempleado,ENPOVE_2022
1,18.0,6,2,1.0,6.0, , ,1,0.0,11.0,-11.0,2,4,Desempleado,ENPOVE_2022
1,27.0,1,2,6.0,13.0, , ,1,11.0,11.0,0.0,2,4,Empleado_Informal,ENPOVE_2022
2,25.0,1,2,10.0,13.0,1,2,1,16.0,16.0,0.0,2,4,Empleado_Formal,ENPOVE_2022
1,38.0,1,2,6.0,13.0, , ,1,11.0,11.0,0.0,2,4,Empleado_Formal,ENPOVE_2022
2,36.0,1,2,8.0,13.0, , ,1,14.0,14.0,0.0,2,4,Desempleado,ENPOVE_2022
2,32.0,5,2,6.0,13.0, , ,1,11.0,11.0,0.0,2,4,Empleado_Informal,ENPOVE_2022
1,19.0,6,2,1.0,5.0, , ,1,0.0,8.5,-8.5,6,4,Empleado_Informal,ENPOVE_2022
1,17.0,6,2,1.0,5.0, , ,1,0.0,8.5,-8.5,2,4,Empleado_Informal,ENPOVE_2022
1,34.0,2,2,8.0,13.0, , ,1,14.0,14.0,0.0,2,4,Empleado_Informal,ENPOVE_2022
2,37.0,6,2,1.0,9.0, , ,1,0.0,13.5,-13.5,4,5,Empleado_Informal,ENPOVE_2022
2,60.0,2,2,1.0,6.0, , ,1,0.0,11.0,-11.0,4,4,Empleado_Informal,ENPOVE_2022
1,34.0,1,2,4.0,13.0, , ,1,9.0,9.0,0.0,2,3,Empleado_Informal,ENPOVE_2022
1,46.0,2,2,5.0,13.0, , ,1,10.0,10.0,0.0,2,5,Empleado_Informal,ENPOVE_2022
2,50.0,2,2,3.0,13.0, , ,1,4.5,4.5,0.0,1,5,Empleado_Informal,ENPOVE_2022
1,18.0,6,2,4.0,13.0, , ,1,9.0,9.0,0.0,2,5,Empleado_Informal,ENPOVE_2022
1,31.0,6,2,6.0,13.0, , ,1,11.0,11.0,0.0,9,1,Empleado_Informal,ENPOVE_2022
2,64.0,2,2,3.0,13.0, , ,1,4.5,4.5,0.0,2,4,Empleado_Informal,ENPOVE_2022
1,30.0,1,2,9.0,13.0, , ,1,13.5,13.5,0.0,2,4,Empleado_Informal,ENPOVE_2022
2,28.0,1,2,8.0,13.0, , ,1,14.0,14.0,0.0,2,4,Empleado_Informal,ENPOVE_2022
1,31.0,6,2,5.0,13.0, , ,1,10.0,10.0,0.0,2,4,Empleado_Informal,ENPOVE_2022
2,24.0,6,2,6.0,13.0, , ,1,11.0,11.0,0.0,1,3,Empleado_Informal,ENPOVE_2022
1,40.0,6,2,8.0,13.0, , ,1,14.0,14.0,0.0,4,4,Empleado_Formal,ENPOVE_2022
1,25.0,1,2,6.0,13.0, , ,1,11.0,11.0,0.0,1,3,Empleado_Informal,ENPOVE_2022
1,31.0,1,2,5.0,13.0, , ,1,10.0,10.0,0.0,9,4,Empleado_Informal,ENPOVE_2022
2,33.0,1,2,6.0,13.0, , ,1,11.0,11.0,0.0,1,3,Empleado_Formal,ENPOVE_2022
2,51.0,1,2,6.0,13.0, , ,1,11.0,11.0,0.0,2,4,Desempleado,ENPOVE_2022
1,26.0,1,2,6.0,13.0, , ,1,11.0,11.0,0.0,1,3,Empleado_Formal,ENPOVE_2022
1,30.0,1,2,9.0,13.0, , ,1,13.5,13.5,0.0,2,4,Empleado_Formal,ENPOVE_2022
2,32.0,1,2,6.0,13.0, , ,1,11.0,11.0,0.0,9,3,Empleado_Informal,ENPOVE_2022
2,61.0,6,2,6.0,13.0, , ,1,11.0,11.0,0.0,1,1,Empleado_Informal,ENPOVE_2022
2,37.0,6,2,6.0,13.0, , ,1,11.0,11.0,0.0,9,4,Empleado_Informal,ENPOVE_2022
2,29.0,6,2,6.0,13.0, , ,1,11.0,11.0,0.0,1,1,Empleado_Informal,ENPOVE_2022
2,29.0,5,2,8.0,13.0, , ,1,14.0,14.0,0.0,2,4,Empleado_Informal,ENPOVE_2022
1,43.0,1,2,5.0,13.0, , ,1,10.0,10.0,0.0,2,4,Empleado_Informal,ENPOVE_2022
2,21.0,6,2,6.0,13.0, , ,1,11.0,11.0,0.0,1,3,Empleado_Informal,ENPOVE_2022
1,32.0,1,2,5.0,13.0, , ,1,10.0,10.0,0.0,9,4,Empleado_Formal,ENPOVE_2022
2,36.0,6,2,5.0,13.0, , ,1,10.0,10.0,0.0,9,1,Desempleado,ENPOVE_2022
2,26.0,6,2,5.0,13.0, , ,1,10.0,10.0,0.0,1,4,Empleado_Informal,ENPOVE_2022
2,42.0,5,2,10.0,13.0,1,1,1,16.0,16.0,0.0,1,5,Empleado_Informal,ENPOVE_2022
2,17.0,6,2,1.0,5.0, , ,1,0.0,8.5,-8.5,2,5,Empleado_Informal,ENPOVE_2022
2,62.0,6,2,11.0,13.0,1,2,1,18.0,18.0,0.0,9,3,Desempleado,ENPOVE_2022
2,32.0,1,2,8.0,13.0, , ,1,14.0,14.0,0.0,2,5,Empleado_Informal,ENPOVE_2022
2,18.0,6,2,6.0,13.0, , ,1,11.0,11.0,0.0,9,1,Empleado_Informal,ENPOVE_2022
1,28.0,1,2,9.0,13.0, , ,1,13.5,13.5,0.0,1,3,Empleado_Informal,ENPOVE_2022
2,22.0,1,2,6.0,13.0, , ,1,11.0,11.0,0.0,1,3,Empleado_Informal,ENPOVE_2022
2,19.0,1,2,6.0,13.0, , ,1,11.0,11.0,0.0,2,3,Empleado_Informal,ENPOVE_2022
1,29.0,1,2,6.0,13.0, , ,1,11.0,11.0,0.0,2,3,Empleado_Informal,ENPOVE_2022
1,45.0,1,2,6.0,13.0, , ,1,11.0,11.0,0.0,2,4,Empleado_Informal,ENPOVE_2022
2,28.0,1,2,6.0,13.0, , ,1,11.0,11.0,0.0,1,5,Empleado_Informal,ENPOVE_2022
2,41.0,6,2,10.0,13.0,1,2,1,16.0,16.0,0.0,9,2,Empleado_Informal,ENPOVE_2022
1,32.0,2,2,10.0,13.0,1,1,1,16.0,16.0,0.0,1,6,Empleado_Formal,ENPOVE_2022
2,32.0,2,2,10.0,13.0,1,1,1,16.0,16.0,0.0,1,6,Empleado_Formal,ENPOVE_2022
2,39.0,6,2,6.0,13.0, , ,1,11.0,11.0,0.0,6,4,Empleado_Informal,ENPOVE_2022
2,32.0,1,2,10.0,13.0,1,1,1,16.0,16.0,0.0,2,5,Empleado_Formal,ENPOVE_2022
1,32.0,1,2,10.0,13.0,1,2,1,16.0,16.0,0.0,2,4,Empleado_Formal,ENPOVE_2022
1,56.0,6,2,10.0,13.0,1,2,1,16.0,16.0,0.0,2,3,Empleado_Informal,ENPOVE_2022
1,34.0,2,2,6.0,13.0, , ,1,11.0,11.0,0.0,2,6,Empleado_Formal,ENPOVE_2022
1,33.0,1,2,6.0,13.0, , ,1,11.0,11.0,0.0,2,4,Empleado_Informal,ENPOVE_2022
1,55.0,6,2,4.0,13.0, , ,1,9.0,9.0,0.0,1,1,Desempleado,ENPOVE_2022
2,27.0,6,2,6.0,13.0, , ,1,11.0,11.0,0.0,1,3,Desempleado,ENPOVE_2022
1,34.0,6,2,4.0,13.0, , ,1,9.0,9.0,0.0,2,3,Empleado_Informal,ENPOVE_2022
2,35.0,6,2,4.0,13.0, , ,1,9.0,9.0,0.0,2,4,Empleado_Informal,ENPOVE_2022
1,19.0,1,2,1.0,6.0, , ,1,0.0,11.0,-11.0,1,4,Empleado_Formal,ENPOVE_2022
1,53.0,1,2,10.0,13.0,1,2,1,16.0,16.0,0.0,9,4,Empleado_Informal,ENPOVE_2022
1,30.0,6,2,10.0,13.0,1,2,1,16.0,16.0,0.0,2,4,Empleado_Informal,ENPOVE_2022
2,32.0,6,2,8.0,13.0, , ,1,14.0,14.0,0.0,9,1,Empleado_Informal,ENPOVE_2022
1,39.0,1,2,4.0,13.0, , ,1,9.0,9.0,0.0,2,4,Empleado_Informal,ENPOVE_2022
2,36.0,1,2,5.0,13.0, , ,1,10.0,10.0,0.0,1,3,Desempleado,ENPOVE_2022
1,36.0,2,2,4.0,13.0, , ,1,9.0,9.0,0.0,2,4,Empleado_Informal,ENPOVE_2022
1,31.0,1,2,10.0,13.0,1,2,1,16.0,16.0,0.0,2,5,Empleado_Formal,ENPOVE_2022
2,34.0,1,2,10.0,13.0,1,2,1,16.0,16.0,0.0,2,5,Empleado_Formal,ENPOVE_2022
1,46.0,6,2,8.0,13.0, , ,1,14.0,14.0,0.0,2,4,Empleado_Informal,ENPOVE_2022
2,37.0,6,2,6.0,13.0, , ,1,11.0,11.0,0.0,2,3,Empleado_Informal,ENPOVE_2022
1,16.0,6,2,5.0,13.0, , ,1,10.0,10.0,0.0,2,3,Desempleado,ENPOVE_2022
1,58.0,2,2,4.0,13.0, , ,1,9.0,9.0,0.0,2,5,Empleado_Formal,ENPOVE_2022
2,33.0,6,2,6.0,13.0, , ,1,11.0,11.0,0.0,2,3,Empleado_Formal,ENPOVE_2022
1,28.0,6,2,9.0,13.0, , ,1,13.5,13.5,0.0,2,5,Empleado_Formal,ENPOVE_2022
2,25.0,6,2,6.0,13.0, , ,1,11.0,11.0,0.0,2,5,Empleado_Informal,ENPOVE_2022
1,27.0,2,2,6.0,13.0, , ,1,11.0,11.0,0.0,9,4,Empleado_Informal,ENPOVE_2022
2,28.0,2,2,6.0,13.0, , ,1,11.0,11.0,0.0,9,3,Empleado_Informal,ENPOVE_2022
2,28.0,2,2,8.0,13.0, , ,1,14.0,14.0,0.0,2,2,Empleado_Formal,ENPOVE_2022
1,45.0,6,2,7.0,13.0, , ,1,12.5,12.5,0.0,2,4,Empleado_Informal,ENPOVE_2022
1,26.0,1,2,10.0,13.0,1,2,1,16.0,16.0,0.0,2,4,Empleado_Informal,ENPOVE_2022
2,28.0,1,2,8.0,13.0, , ,1,14.0,14.0,0.0,2,3,Empleado_Informal,ENPOVE_2022
1,33.0,1,2,8.0,13.0, , ,1,14.0,14.0,0.0,2,4,Empleado_Informal,ENPOVE_2022
2,29.0,1,2,10.0,13.0,1,2,1,16.0,16.0,0.0,9,4,Empleado_Informal,ENPOVE_2022
1,48.0,2,2,6.0,13.0, , ,1,11.0,11.0,0.0,2,5,Empleado_Informal,ENPOVE_2022
1,49.0,6,2,8.0,13.0, , ,1,14.0,14.0,0.0,9,4,Empleado_Formal,ENPOVE_2022
1,27.0,1,2,8.0,13.0, , ,1,14.0,14.0,0.0,2,4,Empleado_Informal,ENPOVE_2022
1,35.0,1,2,10.0,13.0,1,2,1,16.0,16.0,0.0,2,5,Empleado_Formal,ENPOVE_2022
2,29.0,1,2,9.0,13.0, , ,1,13.5,13.5,0.0,2,4,Desempleado,ENPOVE_2022
2,21.0,6,2,9.0,13.0, , ,1,13.5,13.5,0.0,1,3,Empleado_Informal,ENPOVE_2022
1,44.0,1,2,6.0,13.0, , ,1,11.0,11.0,0.0,2,3,Empleado_Informal,ENPOVE_2022
2,38.0,1,2,10.0,13.0,1,2,1,16.0,16.0,0.0,6,4,Desempleado,ENPOVE_2022
1,30.0,1,2,10.0,13.0,1,2,1,16.0,16.0,0.0,2,4,Empleado_Informal,ENPOVE_2022
1,38.0,1,2,10.0,13.0,1,2,1,16.0,16.0,0.0,2,5,Empleado_Informal,ENPOVE_2022
2,41.0,1,2,6.0,13.0, , ,1,11.0,11.0,0.0,9,4,Desempleado,ENPOVE_2022
1,40.0,5,2,8.0,13.0, , ,1,14.0,14.0,0.0,9,3,Empleado_Informal,ENPOVE_2022
2,28.0,5,2,8.0,13.0, , ,1,14.0,14.0,0.0,2,5,Empleado_Informal,ENPOVE_2022
1,17.0,6,2,5.0,13.0, , ,1,10.0,10.0,0.0,9,1,Desempleado,ENPOVE_2022
2,27.0,5,2,8.0,13.0, , ,1,14.0,14.0,0.0,9,1,Empleado_Informal,ENPOVE_2022
1,36.0,1,2,6.0,13.0, , ,1,11.0,11.0,0.0,2,4,Empleado_Informal,ENPOVE_2022
1,59.0,1,2,5.0,13.0, , ,1,10.0,10.0,0.0,1,3,Desempleado,ENPOVE_2022
2,30.0,1,2,4.0,13.0, , ,1,9.0,9.0,0.0,1,3,Empleado_Informal,ENPOVE_2022
2,47.0,1,2,10.0,13.0,2, ,1,16.0,16.0,0.0,2,4,Empleado_Informal,ENPOVE_2022
1,24.0,1,2,6.0,13.0, , ,1,11.0,11.0,0.0,2,4,Empleado_Informal,ENPOVE_2022
2,21.0,1,2,6.0,13.0, , ,1,11.0,11.0,0.0,2,5,Empleado_Informal,ENPOVE_2022
1,30.0,1,2,6.0,13.0, , ,1,11.0,11.0,0.0,2,4,Empleado_Informal,ENPOVE_2022
2,24.0,1,2,6.0,13.0, , ,1,11.0,11.0,0.0,2,4,Empleado_Informal,ENPOVE_2022
1,21.0,1,2,6.0,13.0, , ,1,11.0,11.0,0.0,6,2,Desempleado,ENPOVE_2022
1,46.0,6,2,4.0,13.0, , ,1,9.0,9.0,0.0,9,1,Empleado_Informal,ENPOVE_2022
2,20.0,6,2,9.0,13.0, , ,1,13.5,13.5,0.0,9,1,Empleado_Informal,ENPOVE_2022
1,37.0,6,2,6.0,13.0, , ,1,11.0,11.0,0.0,2,4,Desempleado,ENPOVE_2022
1,27.0,1,2,6.0,13.0, , ,1,11.0,11.0,0.0,1,4,Empleado_Informal,ENPOVE_2022
1,31.0,6,2,6.0,13.0, , ,1,11.0,11.0,0.0,9,4,Desempleado,ENPOVE_2022
1,23.0,6,2,7.0,13.0, , ,1,12.5,12.5,0.0,9,2,Empleado_Informal,ENPOVE_2022
2,22.0,5,2,5.0,13.0, , ,1,10.0,10.0,0.0,9,0,Empleado_Informal,ENPOVE_2022
2,28.0,1,2,10.0,13.0,1,2,1,16.0,16.0,0.0,2,4,Desempleado,ENPOVE_2022
2,19.0,1,2,6.0,13.0, , ,1,11.0,11.0,0.0,1,3,Empleado_Informal,ENPOVE_2022
1,21.0,1,2,5.0,13.0, , ,1,10.0,10.0,0.0,1,2,Empleado_Informal,ENPOVE_2022
1,27.0,1,2,8.0,13.0, , ,1,14.0,14.0,0.0,2,4,Empleado_Informal,ENPOVE_2022
2,25.0,1,2,9.0,13.0, , ,1,13.5,13.5,0.0,2,4,Empleado_Informal,ENPOVE_2022
2,58.0,5,2,10.0,13.0,1,2,1,16.0,16.0,0.0,1,1,Empleado_Informal,ENPOVE_2022
1,29.0,1,2,8.0,13.0, , ,1,14.0,14.0,0.0,9,3,Empleado_Informal,ENPOVE_2022
2,23.0,1,2,6.0,13.0, , ,1,11.0,11.0,0.0,2,3,Desempleado,ENPOVE_2022
1,42.0,6,2,6.0,13.0, , ,1,11.0,11.0,0.0,2,4,Empleado_Informal,ENPOVE_2022
1,39.0,6,2,6.0,13.0, , ,1,11.0,11.0,0.0,2,5,Empleado_Informal,ENPOVE_2022
2,40.0,1,2,8.0,13.0, , ,1,14.0,14.0,0.0,2,4,Empleado_Informal,ENPOVE_2022
1,43.0,1,2,5.0,13.0, , ,1,10.0,10.0,0.0,2,4,Empleado_Informal,ENPOVE_2022
1,42.0,1,2,6.0,13.0, , ,1,11.0,11.0,0.0,2,4,Empleado_Informal,ENPOVE_2022
2,24.0,1,2,7.0,13.0, , ,1,12.5,12.5,0.0,1,0,Empleado_Informal,ENPOVE_2022
2,19.0,1,2,6.0,13.0, , ,1,11.0,11.0,0.0,9,2,Empleado_Informal,ENPOVE_2022
1,21.0,1,2,5.0,13.0, , ,1,10.0,10.0,0.0,9,4,Empleado_Informal,ENPOVE_2022
1,29.0,1,2,6.0,13.0, , ,1,11.0,11.0,0.0,1,3,Empleado_Formal,ENPOVE_2022
1,41.0,1,2,6.0,13.0, , ,1,11.0,11.0,0.0,2,4,Empleado_Informal,ENPOVE_2022
1,16.0,6,2,5.0,13.0, , ,1,10.0,10.0,0.0,9,4,Empleado_Informal,ENPOVE_2022
1,46.0,2,2,6.0,13.0, , ,1,11.0,11.0,0.0,2,4,Empleado_Informal,ENPOVE_2022
2,48.0,2,2,7.0,13.0, , ,1,12.5,12.5,0.0,2,3,Empleado_Informal,ENPOVE_2022
2,20.0,1,2,6.0,13.0, , ,1,11.0,11.0,0.0,2,4,Empleado_Informal,ENPOVE_2022
1,23.0,1,2,6.0,13.0, , ,1,11.0,11.0,0.0,2,3,Empleado_Formal,ENPOVE_2022
2,32.0,1,2,10.0,13.0,1,2,1,16.0,16.0,0.0,2,4,Empleado_Informal,ENPOVE_2022
1,46.0,2,2,6.0,13.0, , ,1,11.0,11.0,0.0,2,6,Empleado_Informal,ENPOVE_2022
2,41.0,2,2,10.0,13.0,1,2,1,16.0,16.0,0.0,2,5,Empleado_Informal,ENPOVE_2022
1,32.0,1,2,5.0,13.0, , ,1,10.0,10.0,0.0,9,3,Empleado_Informal,ENPOVE_2022
2,42.0,1,2,5.0,13.0, , ,1,10.0,10.0,0.0,1,3,Desempleado,ENPOVE_2022
1,17.0,6,2,5.0,13.0, , ,1,10.0,10.0,0.0,9,3,Desempleado,ENPOVE_2022
1,28.0,1,2,7.0,13.0, , ,1,12.5,12.5,0.0,9,3,Desempleado,ENPOVE_2022
1,32.0,6,2,6.0,13.0, , ,1,11.0,11.0,0.0,2,5,Empleado_Informal,ENPOVE_2022
1,41.0,1,2,8.0,13.0, , ,1,14.0,14.0,0.0,2,4,Empleado_Informal,ENPOVE_2022
2,32.0,1,2,8.0,13.0, , ,1,14.0,14.0,0.0,2,4,Desempleado,ENPOVE_2022
1,22.0,1,2,6.0,13.0, , ,1,11.0,11.0,0.0,1,1,Empleado_Informal,ENPOVE_2022
2,24.0,1,2,6.0,13.0, , ,1,11.0,11.0,0.0,1,1,Empleado_Informal,ENPOVE_2022
2,27.0,6,2,6.0,13.0, , ,1,11.0,11.0,0.0,1,6,Desempleado,ENPOVE_2022
2,34.0,6,2,8.0,13.0, , ,1,14.0,14.0,0.0,1,3,Empleado_Informal,ENPOVE_2022
1,37.0,1,2,6.0,13.0, , ,1,11.0,11.0,0.0,2,4,Empleado_Informal,ENPOVE_2022
1,32.0,6,2,6.0,13.0, , ,1,11.0,11.0,0.0,1,1,Empleado_Informal,ENPOVE_2022
1,18.0,6,2,6.0,13.0, , ,1,11.0,11.0,0.0,9,0,Empleado_Informal,ENPOVE_2022
2,19.0,6,2,1.0,6.0, , ,1,0.0,11.0,-11.0,1,4,Desempleado,ENPOVE_2022
1,36.0,1,2,10.0,13.0,1,2,1,16.0,16.0,0.0,1,1,Empleado_Informal,ENPOVE_2022
2,31.0,1,2,6.0,13.0, , ,1,11.0,11.0,0.0,1,1,Empleado_Informal,ENPOVE_2022
2,38.0,5,2,10.0,13.0,1,2,1,16.0,16.0,0.0,2,4,Empleado_Informal,ENPOVE_2022
1,29.0,1,2,10.0,13.0,1,2,1,16.0,16.0,0.0,2,3,Empleado_Informal,ENPOVE_2022
1,21.0,6,2,6.0,13.0, , ,1,11.0,11.0,0.0,1,4,Empleado_Informal,ENPOVE_2022
1,43.0,1,2,4.0,13.0, , ,1,9.0,9.0,0.0,2,4,Empleado_Informal,ENPOVE_2022
2,41.0,1,2,6.0,13.0, , ,1,11.0,11.0,0.0,1,4,Desempleado,ENPOVE_2022
1,17.0,6,2,1.0,5.0, , ,1,0.0,8.5,-8.5,1,4,Empleado_Informal,ENPOVE_2022
2,21.0,1,2,6.0,13.0, , ,1,11.0,11.0,0.0,1,4,Empleado_Informal,ENPOVE_2022
2,21.0,1,2,6.0,13.0, , ,1,11.0,11.0,0.0,2,4,Empleado_Informal,ENPOVE_2022
1,36.0,1,2,6.0,13.0, , ,1,11.0,11.0,0.0,2,4,Empleado_Informal,ENPOVE_2022
2,36.0,1,2,6.0,13.0, , ,1,11.0,11.0,0.0,1,4,Empleado_Informal,ENPOVE_2022
1,39.0,1,2,6.0,13.0, , ,1,11.0,11.0,0.0,2,4,Empleado_Informal,ENPOVE_2022
1,38.0,2,2,6.0,13.0, , ,1,11.0,11.0,0.0,2,4,Empleado_Informal,ENPOVE_2022
2,31.0,6,2,7.0,13.0, , ,1,12.5,12.5,0.0,1,3,Empleado_Informal,ENPOVE_2022
2,45.0,1,2,6.0,13.0, , ,1,11.0,11.0,0.0,2,4,Empleado_Informal,ENPOVE_2022
1,38.0,1,2,3.0,13.0, , ,1,4.5,4.5,0.0,2,6,Desempleado,ENPOVE_2022
1,50.0,1,2,4.0,13.0, , ,1,9.0,9.0,0.0,2,4,Empleado_Informal,ENPOVE_2022
1,40.0,2,2,6.0,13.0, , ,1,11.0,11.0,0.0,9,2,Empleado_Informal,ENPOVE_2022
1,35.0,6,2,5.0,13.0, , ,1,10.0,10.0,0.0,1,3,Empleado_Informal,ENPOVE_2022
1,28.0,1,2,6.0,13.0, , ,1,11.0,11.0,0.0,9,3,Empleado_Informal,ENPOVE_2022
2,54.0,2,2,10.0,13.0,1,2,1,16.0,16.0,0.0,9,4,Empleado_Informal,ENPOVE_2022
1,33.0,6,2,6.0,13.0, , ,1,11.0,11.0,0.0,2,3,Empleado_Formal,ENPOVE_2022
1,49.0,2,2,6.0,13.0, , ,1,11.0,11.0,0.0,2,3,Empleado_Informal,ENPOVE_2022
1,20.0,6,2,5.0,13.0, , ,1,10.0,10.0,0.0,9,2,Empleado_Formal,ENPOVE_2022
1,30.0,1,2,9.0,13.0, , ,1,13.5,13.5,0.0,2,3,Empleado_Informal,ENPOVE_2022
1,49.0,1,2,6.0,13.0, , ,1,11.0,11.0,0.0,9,5,Empleado_Informal,ENPOVE_2022
2,48.0,1,2,4.0,13.0, , ,1,9.0,9.0,0.0,9,5,Empleado_Informal,ENPOVE_2022
1,27.0,1,2,6.0,13.0, , ,1,11.0,11.0,0.0,2,4,Empleado_Informal,ENPOVE_2022
2,26.0,1,2,6.0,13.0, , ,1,11.0,11.0,0.0,4,4,Empleado_Informal,ENPOVE_2022
1,32.0,1,2,7.0,13.0, , ,1,12.5,12.5,0.0,2,4,Empleado_Informal,ENPOVE_2022
2,25.0,6,2,6.0,13.0, , ,1,11.0,11.0,0.0,9,1,Empleado_Informal,ENPOVE_2022
2,46.0,5,2,10.0,13.0,1,2,1,16.0,16.0,0.0,9,4,Empleado_Informal,ENPOVE_2022
1,43.0,1,2,6.0,13.0, , ,1,11.0,11.0,0.0,1,4,Empleado_Informal,ENPOVE_2022
1,26.0,6,2,9.0,13.0, , ,1,13.5,13.5,0.0,2,3,Empleado_Informal,ENPOVE_2022
2,40.0,1,2,6.0,13.0, , ,1,11.0,11.0,0.0,2,4,Empleado_Informal,ENPOVE_2022
1,21.0,6,2,6.0,13.0, , ,1,11.0,11.0,0.0,1,4,Empleado_Informal,ENPOVE_2022
1,47.0,1,2,6.0,13.0, , ,1,11.0,11.0,0.0,2,4,Empleado_Informal,ENPOVE_2022
1,28.0,1,2,6.0,13.0, , ,1,11.0,11.0,0.0,2,6,Empleado_Formal,ENPOVE_2022
2,26.0,1,2,6.0,13.0, , ,1,11.0,11.0,0.0,2,6,Empleado_Informal,ENPOVE_2022
1,35.0,1,2,10.0,13.0,1,2,1,16.0,16.0,0.0,2,4,Empleado_Formal,ENPOVE_2022
2,32.0,1,2,8.0,13.0, , ,1,14.0,14.0,0.0,2,4,Empleado_Formal,ENPOVE_2022
1,31.0,6,2,10.0,13.0,1,2,1,16.0,16.0,0.0,1,3,Empleado_Informal,ENPOVE_2022
2,33.0,1,2,10.0,13.0,1,2,1,16.0,16.0,0.0,1,4,Empleado_Informal,ENPOVE_2022
2,34.0,1,2,10.0,13.0,1,2,1,16.0,16.0,0.0,2,3,Empleado_Informal,ENPOVE_2022
2,54.0,6,2,10.0,13.0,1,1,1,16.0,16.0,0.0,2,5,Empleado_Informal,ENPOVE_2022
1,34.0,1,2,10.0,13.0,1,2,1,16.0,16.0,0.0,1,3,Empleado_Informal,ENPOVE_2022
1,34.0,1,2,10.0,13.0,1,1,1,16.0,16.0,0.0,2,4,Empleado_Formal,ENPOVE_2022
2,47.0,6,2,10.0,13.0,1,2,1,16.0,16.0,0.0,2,3,Empleado_Informal,ENPOVE_2022
2,28.0,6,2,5.0,13.0, , ,1,10.0,10.0,0.0,2,4,Empleado_Informal,ENPOVE_2022
1,54.0,1,2,6.0,13.0, , ,1,11.0,11.0,0.0,2,2,Empleado_Formal,ENPOVE_2022
1,25.0,6,2,6.0,13.0, , ,1,11.0,11.0,0.0,2,5,Empleado_Informal,ENPOVE_2022
1,27.0,6,2,7.0,13.0, , ,1,12.5,12.5,0.0,2,4,Empleado_Formal,ENPOVE_2022
1,25.0,1,2,4.0,13.0, , ,1,9.0,9.0,0.0,9,4,Empleado_Informal,ENPOVE_2022
2,15.0,6,2,3.0,13.0, , ,1,4.5,4.5,0.0,9,3,Desempleado,ENPOVE_2022
1,14.0,6,2,3.0,13.0, , ,1,4.5,4.5,0.0,9,2,Empleado_Informal,ENPOVE_2022
1,42.0,1,2,5.0,13.0, , ,1,10.0,10.0,0.0,9,2,Empleado_Informal,ENPOVE_2022
2,34.0,1,2,9.0,13.0, , ,1,13.5,13.5,0.0,4,3,Empleado_Formal,ENPOVE_2022
1,40.0,1,2,10.0,13.0,1,2,1,16.0,16.0,0.0,2,4,Empleado_Formal,ENPOVE_2022
1,35.0,6,2,10.0,13.0,1,2,1,16.0,16.0,0.0,2,4,Empleado_Formal,ENPOVE_2022
1,20.0,1,2,6.0,13.0, , ,1,11.0,11.0,0.0,1,4,Empleado_Informal,ENPOVE_2022
2,20.0,1,2,6.0,13.0, , ,1,11.0,11.0,0.0,9,1,Empleado_Informal,ENPOVE_2022
2,46.0,6,2,6.0,13.0, , ,1,11.0,11.0,0.0,1,4,Empleado_Informal,ENPOVE_2022
2,28.0,1,2,9.0,13.0, , ,1,13.5,13.5,0.0,2,4,Empleado_Formal,ENPOVE_2022
2,58.0,6,2,6.0,13.0, , ,1,11.0,11.0,0.0,9,3,Desempleado,ENPOVE_2022
1,26.0,6,2,10.0,13.0,1,2,1,16.0,16.0,0.0,1,2,Empleado_Informal,ENPOVE_2022
1,16.0,6,2,1.0,5.0, , ,1,0.0,8.5,-8.5,1,4,Desempleado,ENPOVE_2022
1,30.0,2,2,5.0,13.0, , ,1,10.0,10.0,0.0,1,2,Empleado_Informal,ENPOVE_2022
2,29.0,2,2,9.0,13.0, , ,1,13.5,13.5,0.0,1,2,Desempleado,ENPOVE_2022
2,28.0,1,2,4.0,13.0, , ,1,9.0,9.0,0.0,1,1,Empleado_Informal,ENPOVE_2022
1,29.0,1,2,8.0,13.0, , ,1,14.0,14.0,0.0,2,4,Empleado_Formal,ENPOVE_2022
2,26.0,5,2,6.0,13.0, , ,1,11.0,11.0,0.0,1,2,Empleado_Informal,ENPOVE_2022
1,28.0,2,2,6.0,13.0, , ,1,11.0,11.0,0.0,1,2,Empleado_Informal,ENPOVE_2022
1,35.0,1,2,10.0,13.0,1,2,1,16.0,16.0,0.0,2,4,Empleado_Informal,ENPOVE_2022
2,37.0,1,2,10.0,13.0,1,2,1,16.0,16.0,0.0,2,4,Empleado_Formal,ENPOVE_2022
1,43.0,6,2,10.0,13.0,1,2,1,16.0,16.0,0.0,2,5,Empleado_Formal,ENPOVE_2022
1,31.0,2,2,9.0,13.0, , ,1,13.5,13.5,0.0,2,4,Empleado_Formal,ENPOVE_2022
2,34.0,2,2,10.0,13.0,1,2,1,16.0,16.0,0.0,2,4,Empleado_Formal,ENPOVE_2022
1,23.0,1,2,8.0,13.0, , ,1,14.0,14.0,0.0,2,3,Empleado_Formal,ENPOVE_2022
2,56.0,2,2,6.0,13.0, , ,1,11.0,11.0,0.0,9,2,Desempleado,ENPOVE_2022
2,40.0,1,2,11.0,13.0,1,2,1,18.0,18.0,0.0,2,4,Empleado_Informal,ENPOVE_2022
1,46.0,1,2,10.0,13.0,1,2,1,16.0,16.0,0.0,2,4,Empleado_Formal,ENPOVE_2022
2,36.0,6,2,10.0,13.0,1,2,1,16.0,16.0,0.0,2,3,Empleado_Informal,ENPOVE_2022
1,37.0,1,2,8.0,13.0, , ,1,14.0,14.0,0.0,1,1,Empleado_Informal,ENPOVE_2022
2,41.0,1,2,8.0,13.0, , ,1,14.0,14.0,0.0,1,3,Empleado_Informal,ENPOVE_2022
2,25.0,1,2,8.0,13.0, , ,1,14.0,14.0,0.0,1,3,Desempleado,ENPOVE_2022
2,32.0,5,2,10.0,13.0,1,2,1,16.0,16.0,0.0,1,2,Empleado_Informal,ENPOVE_2022
2,29.0,6,2,8.0,13.0, , ,1,14.0,14.0,0.0,1,3,Empleado_Formal,ENPOVE_2022
1,22.0,5,2,6.0,13.0, , ,1,11.0,11.0,0.0,9,3,Empleado_Informal,ENPOVE_2022
1,35.0,1,2,6.0,13.0, , ,1,11.0,11.0,0.0,2,4,Empleado_Informal,ENPOVE_2022
1,17.0,6,2,1.0,5.0, , ,1,0.0,8.5,-8.5,2,4,Empleado_Informal,ENPOVE_2022
1,22.0,6,2,4.0,13.0, , ,1,9.0,9.0,0.0,2,4,Empleado_Informal,ENPOVE_2022
2,19.0,6,2,5.0,13.0, , ,1,10.0,10.0,0.0,9,1,Empleado_Informal,ENPOVE_2022
2,30.0,1,2,9.0,13.0, , ,1,13.5,13.5,0.0,4,6,Desempleado,ENPOVE_2022
1,40.0,1,2,6.0,13.0, , ,1,11.0,11.0,0.0,2,4,Empleado_Informal,ENPOVE_2022
2,53.0,6,2,10.0,13.0,1,1,1,16.0,16.0,0.0,2,4,Empleado_Informal,ENPOVE_2022
2,28.0,6,2,10.0,13.0,1,2,1,16.0,16.0,0.0,2,4,Desempleado,ENPOVE_2022
1,32.0,1,2,8.0,13.0, , ,1,14.0,14.0,0.0,2,4,Empleado_Informal,ENPOVE_2022
2,31.0,1,2,8.0,13.0, , ,1,14.0,14.0,0.0,2,4,Empleado_Informal,ENPOVE_2022
1,21.0,1,2,5.0,13.0, , ,1,10.0,10.0,0.0,9,4,Empleado_Informal,ENPOVE_2022
2,46.0,5,2,8.0,13.0, , ,1,14.0,14.0,0.0,2,4,Empleado_Informal,ENPOVE_2022
2,30.0,5,2,10.0,13.0,1,2,1,16.0,16.0,0.0,2,4,Empleado_Formal,ENPOVE_2022
2,30.0,6,2,8.0,13.0, , ,1,14.0,14.0,0.0,2,4,Empleado_Informal,ENPOVE_2022
1,53.0,1,2,6.0,13.0, , ,1,11.0,11.0,0.0,2,4,Empleado_Formal,ENPOVE_2022
1,21.0,1,2,6.0,13.0, , ,1,11.0,11.0,0.0,9,3,Desempleado,ENPOVE_2022
2,21.0,1,2,6.0,13.0, , ,1,11.0,11.0,0.0,9,3,Empleado_Informal,ENPOVE_2022
1,32.0,2,2,8.0,13.0, , ,1,14.0,14.0,0.0,2,4,Empleado_Informal,ENPOVE_2022
2,33.0,2,2,8.0,13.0, , ,1,14.0,14.0,0.0,9,4,Empleado_Informal,ENPOVE_2022
1,32.0,1,2,6.0,13.0, , ,1,11.0,11.0,0.0,2,3,Empleado_Informal,ENPOVE_2022
1,21.0,1,2,6.0,13.0, , ,1,11.0,11.0,0.0,9,3,Desempleado,ENPOVE_2022
1,40.0,1,2,6.0,13.0, , ,1,11.0,11.0,0.0,2,4,Empleado_Informal,ENPOVE_2022
1,19.0,6,2,6.0,13.0, , ,1,11.0,11.0,0.0,9,3,Desempleado,ENPOVE_2022
2,36.0,2,2,9.0,13.0, , ,1,13.5,13.5,0.0,2,7,Empleado_Informal,ENPOVE_2022
2,41.0,1,2,10.0,13.0,1,1,1,16.0,16.0,0.0,2,2,Empleado_Informal,ENPOVE_2022
2,35.0,1,2,10.0,13.0,1,1,1,16.0,16.0,0.0,2,4,Empleado_Informal,ENPOVE_2022
1,51.0,1,2,6.0,13.0, , ,1,11.0,11.0,0.0,2,3,Empleado_Formal,ENPOVE_2022
2,34.0,6,2,8.0,13.0, , ,1,14.0,14.0,0.0,2,4,Empleado_Informal,ENPOVE_2022
1,28.0,1,2,8.0,13.0, , ,1,14.0,14.0,0.0,2,4,Empleado_Formal,ENPOVE_2022
2,28.0,1,2,10.0,13.0,1,2,1,16.0,16.0,0.0,2,3,Desempleado,ENPOVE_2022
1,23.0,1,2,6.0,13.0, , ,1,11.0,11.0,0.0,2,4,Empleado_Formal,ENPOVE_2022
1,33.0,6,2,9.0,13.0, , ,1,13.5,13.5,0.0,1,1,Empleado_Formal,ENPOVE_2022
1,35.0,6,2,6.0,13.0, , ,1,11.0,11.0,0.0,2,4,Empleado_Informal,ENPOVE_2022
1,30.0,1,2,10.0,13.0,1,2,1,16.0,16.0,0.0,2,6,Empleado_Formal,ENPOVE_2022
2,21.0,1,2,9.0,13.0, , ,1,13.5,13.5,0.0,1,3,Empleado_Informal,ENPOVE_2022
2,26.0,1,2,10.0,13.0,1,2,1,16.0,16.0,0.0,2,4,Empleado_Informal,ENPOVE_2022
2,25.0,6,2,8.0,13.0, , ,1,14.0,14.0,0.0,9,4,Empleado_Informal,ENPOVE_2022
2,38.0,6,2,10.0,13.0,2, ,1,16.0,16.0,0.0,4,2,Empleado_Informal,ENPOVE_2022
1,31.0,1,2,9.0,13.0, , ,1,13.5,13.5,0.0,2,4,Empleado_Informal,ENPOVE_2022
2,37.0,6,2,4.0,13.0, , ,1,9.0,9.0,0.0,9,4,Desempleado,ENPOVE_2022
2,27.0,6,2,6.0,13.0, , ,1,11.0,11.0,0.0,2,3,Empleado_Informal,ENPOVE_2022
2,36.0,6,2,8.0,13.0, , ,1,14.0,14.0,0.0,2,4,Empleado_Informal,ENPOVE_2022
1,30.0,1,2,9.0,13.0, , ,1,13.5,13.5,0.0,2,5,Empleado_Formal,ENPOVE_2022
2,27.0,1,2,8.0,13.0, , ,1,14.0,14.0,0.0,2,5,Empleado_Formal,ENPOVE_2022
2,32.0,2,2,10.0,13.0,1,1,1,16.0,16.0,0.0,2,4,Empleado_Formal,ENPOVE_2022
2,34.0,1,2,9.0,13.0, , ,1,13.5,13.5,0.0,1,5,Empleado_Informal,ENPOVE_2022
2,47.0,2,2,6.0,13.0, , ,1,11.0,11.0,0.0,9,1,Empleado_Informal,ENPOVE_2022
2,25.0,6,2,6.0,13.0, , ,1,11.0,11.0,0.0,1,1,Empleado_Informal,ENPOVE_2022
1,29.0,1,2,5.0,13.0, , ,1,10.0,10.0,0.0,1,1,Empleado_Informal,ENPOVE_2022
2,30.0,6,2,10.0,13.0,1,2,1,16.0,16.0,0.0,2,4,Empleado_Formal,ENPOVE_2022
2,71.0,4,2,6.0,13.0, , ,1,11.0,11.0,0.0,1,4,Empleado_Informal,ENPOVE_2022
2,68.0,3,2,1.0,5.0, , ,1,0.0,8.5,-8.5,4,4,Desempleado,ENPOVE_2022
2,18.0,6,2,1.0,6.0, , ,1,0.0,11.0,-11.0,2,5,Desempleado,ENPOVE_2022
1,24.0,1,2,6.0,13.0, , ,1,11.0,11.0,0.0,2,4,Empleado_Informal,ENPOVE_2022
1,28.0,6,2,6.0,13.0, , ,1,11.0,11.0,0.0,2,3,Empleado_Informal,ENPOVE_2022
2,40.0,6,2,8.0,13.0, , ,1,14.0,14.0,0.0,2,5,Empleado_Informal,ENPOVE_2022
1,48.0,1,2,5.0,13.0, , ,1,10.0,10.0,0.0,2,3,Empleado_Informal,ENPOVE_2022
1,68.0,1,2,1.0,8.0, , ,1,0.0,14.0,-14.0,4,4,Empleado_Informal,ENPOVE_2022
2,32.0,6,2,6.0,13.0, , ,1,11.0,11.0,0.0,4,6,Empleado_Informal,ENPOVE_2022
1,45.0,5,2,4.0,13.0, , ,1,9.0,9.0,0.0,2,4,Empleado_Informal,ENPOVE_2022
1,43.0,5,2,4.0,13.0, , ,1,9.0,9.0,0.0,2,4,Empleado_Formal,ENPOVE_2022
2,29.0,6,2,9.0,13.0, , ,1,13.5,13.5,0.0,2,1,Empleado_Informal,ENPOVE_2022
1,59.0,1,2,1.0,6.0, , ,1,0.0,11.0,-11.0,4,3,Empleado_Informal,ENPOVE_2022
1,17.0,6,2,1.0,5.0, , ,1,0.0,8.5,-8.5,4,5,Desempleado,ENPOVE_2022
1,55.0,2,2,6.0,13.0, , ,1,11.0,11.0,0.0,2,3,Empleado_Informal,ENPOVE_2022
2,44.0,2,2,10.0,13.0,1,2,1,16.0,16.0,0.0,1,3,Empleado_Informal,ENPOVE_2022
1,19.0,6,2,5.0,13.0, , ,1,10.0,10.0,0.0,9,3,Empleado_Informal,ENPOVE_2022
1,31.0,6,2,10.0,13.0,1,2,1,16.0,16.0,0.0,4,5,Empleado_Formal,ENPOVE_2022
2,59.0,3,2,8.0,13.0, , ,1,14.0,14.0,0.0,2,4,Empleado_Formal,ENPOVE_2022
2,31.0,1,2,10.0,13.0,1,2,1,16.0,16.0,0.0,2,5,Empleado_Formal,ENPOVE_2022
1,33.0,1,2,10.0,13.0,1,2,1,16.0,16.0,0.0,2,5,Empleado_Informal,ENPOVE_2022
2,32.0,1,2,6.0,13.0, , ,1,11.0,11.0,0.0,2,5,Empleado_Formal,ENPOVE_2022
1,31.0,1,2,5.0,13.0, , ,1,10.0,10.0,0.0,6,5,Desempleado,ENPOVE_2022
2,26.0,1,2,10.0,13.0,1,2,1,16.0,16.0,0.0,2,5,Empleado_Informal,ENPOVE_2022
1,27.0,1,2,6.0,13.0, , ,1,11.0,11.0,0.0,9,3,Empleado_Informal,ENPOVE_2022
2,25.0,1,2,9.0,13.0, , ,1,13.5,13.5,0.0,2,4,Empleado_Informal,ENPOVE_2022
1,37.0,2,2,6.0,13.0, , ,1,11.0,11.0,0.0,2,4,Empleado_Informal,ENPOVE_2022
2,35.0,2,2,8.0,13.0, , ,1,14.0,14.0,0.0,9,2,Empleado_Informal,ENPOVE_2022
1,38.0,1,2,8.0,13.0, , ,1,14.0,14.0,0.0,2,5,Empleado_Informal,ENPOVE_2022
1,7.0, ,2,1.0,3.0, , ,1,0.0,3.0,-3.0,2,4,Desempleado,ENPOVE_2022
1,34.0,1,2,10.0,13.0,1,2,1,16.0,16.0,0.0,2,3,Empleado_Formal,ENPOVE_2022
1,27.0,6,2,6.0,13.0, , ,1,11.0,11.0,0.0,1,4,Empleado_Informal,ENPOVE_2022
1,38.0,1,2,6.0,13.0, , ,1,11.0,11.0,0.0,2,6,Empleado_Informal,ENPOVE_2022
1,66.0,1,2,8.0,13.0, , ,1,14.0,14.0,0.0,4,5,Desempleado,ENPOVE_2022
2,51.0,1,2,10.0,13.0,1,2,1,16.0,16.0,0.0,9,4,Desempleado,ENPOVE_2022
1,17.0,6,2,1.0,6.0, , ,1,0.0,11.0,-11.0,4,4,Empleado_Informal,ENPOVE_2022
1,15.0,6,2,1.0,5.0, , ,1,0.0,8.5,-8.5,4,3,Desempleado,ENPOVE_2022
1,20.0,6,2,9.0,13.0, , ,1,13.5,13.5,0.0,1,3,Empleado_Informal,ENPOVE_2022
2,45.0,1,2,10.0,13.0,1,2,1,16.0,16.0,0.0,2,4,Empleado_Informal,ENPOVE_2022
1,20.0,6,2,1.0,6.0, , ,1,0.0,11.0,-11.0,1,4,Empleado_Formal,ENPOVE_2022
2,25.0,6,2,6.0,13.0, , ,1,11.0,11.0,0.0,9,1,Empleado_Informal,ENPOVE_2022
1,28.0,1,2,3.0,13.0, , ,1,4.5,4.5,0.0,9,4,Desempleado,ENPOVE_2022
2,29.0,1,2,3.0,13.0, , ,1,4.5,4.5,0.0,9,4,Desempleado,ENPOVE_2022
1,38.0,2,2,8.0,13.0, , ,1,14.0,14.0,0.0,2,3,Desempleado,ENPOVE_2022
2,38.0,2,2,11.0,13.0,1,2,1,18.0,18.0,0.0,1,2,Empleado_Informal,ENPOVE_2022
2,17.0,6,2,1.0,6.0, , ,1,0.0,11.0,-11.0,1,2,Empleado_Informal,ENPOVE_2022
2,70.0,1,2,5.0,13.0, , ,1,10.0,10.0,0.0,2,2,Desempleado,ENPOVE_2022
1,41.0,1,2,6.0,13.0, , ,1,11.0,11.0,0.0,2,5,Empleado_Informal,ENPOVE_2022
2,37.0,6,2,10.0,13.0,1,2,1,16.0,16.0,0.0,2,0,Empleado_Formal,ENPOVE_2022
1,44.0,1,2,6.0,13.0, , ,1,11.0,11.0,0.0,2,4,Empleado_Informal,ENPOVE_2022
2,25.0,1,2,9.0,13.0, , ,1,13.5,13.5,0.0,2,4,Empleado_Informal,ENPOVE_2022
2,35.0,5,2,6.0,13.0, , ,1,11.0,11.0,0.0,1,4,Empleado_Informal,ENPOVE_2022
1,16.0,6,2,1.0,5.0, , ,1,0.0,8.5,-8.5,9,4,Desempleado,ENPOVE_2022
1,33.0,2,2,9.0,13.0, , ,1,13.5,13.5,0.0,9,4,Empleado_Informal,ENPOVE_2022
2,39.0,2,2,9.0,13.0, , ,1,13.5,13.5,0.0,9,3,Empleado_Informal,ENPOVE_2022
2,27.0,1,2,6.0,13.0, , ,1,11.0,11.0,0.0,2,5,Empleado_Informal,ENPOVE_2022
1,44.0,2,2,10.0,13.0,1,2,1,16.0,16.0,0.0,2,4,Empleado_Informal,ENPOVE_2022
1,47.0,6,2,7.0,13.0, , ,1,12.5,12.5,0.0,2,3,Empleado_Formal,ENPOVE_2022
2,30.0,1,2,8.0,13.0, , ,1,14.0,14.0,0.0,2,5,Empleado_Informal,ENPOVE_2022
2,32.0,6,2,10.0,13.0,1,2,1,16.0,16.0,0.0,2,5,Empleado_Formal,ENPOVE_2022
2,31.0,6,2,10.0,13.0,1,2,1,16.0,16.0,0.0,2,5,Empleado_Formal,ENPOVE_2022
1,49.0,2,2,10.0,13.0,2, ,1,16.0,16.0,0.0,2,4,Empleado_Informal,ENPOVE_2022
2,54.0,2,2,6.0,13.0, , ,1,11.0,11.0,0.0,2,4,Desempleado,ENPOVE_2022
1,38.0,2,2,6.0,13.0, , ,1,11.0,11.0,0.0,2,5,Empleado_Formal,ENPOVE_2022
1,15.0,6,2,5.0,13.0, , ,1,10.0,10.0,0.0,9,3,Empleado_Informal,ENPOVE_2022
1,30.0,1,2,6.0,13.0, , ,1,11.0,11.0,0.0,9,0,Empleado_Informal,ENPOVE_2022
2,31.0,1,2,10.0,13.0,1,2,1,16.0,16.0,0.0,9,0,Desempleado,ENPOVE_2022
1,29.0,1,2,6.0,13.0, , ,1,11.0,11.0,0.0,2,4,Empleado_Informal,ENPOVE_2022
1,30.0,1,2,8.0,13.0, , ,1,14.0,14.0,0.0,2,4,Empleado_Informal,ENPOVE_2022
2,29.0,1,2,10.0,13.0,1,2,1,16.0,16.0,0.0,2,4,Empleado_Informal,ENPOVE_2022
2,29.0,6,2,10.0,13.0,1,2,1,16.0,16.0,0.0,2,4,Empleado_Formal,ENPOVE_2022
2,35.0,1,2,8.0,13.0, , ,1,14.0,14.0,0.0,2,4,Empleado_Informal,ENPOVE_2022
1,38.0,1,2,10.0,13.0,1,2,1,16.0,16.0,0.0,2,4,Empleado_Informal,ENPOVE_2022
2,37.0,1,2,10.0,13.0,1,2,1,16.0,16.0,0.0,2,4,Empleado_Formal,ENPOVE_2022
1,39.0,6,2,6.0,13.0, , ,1,11.0,11.0,0.0,9,1,Empleado_Informal,ENPOVE_2022
2,34.0,6,2,8.0,13.0, , ,1,14.0,14.0,0.0,1,2,Empleado_Formal,ENPOVE_2022
1,27.0,6,2,9.0,13.0, , ,1,13.5,13.5,0.0,2,4,Empleado_Informal,ENPOVE_2022
1,48.0,1,2,6.0,13.0, , ,1,11.0,11.0,0.0,1,3,Empleado_Informal,ENPOVE_2022
1,33.0,2,2,8.0,13.0, , ,1,14.0,14.0,0.0,2,5,Empleado_Informal,ENPOVE_2022
1,33.0,2,2,10.0,13.0,1,2,1,16.0,16.0,0.0,2,4,Empleado_Informal,ENPOVE_2022
2,32.0,2,2,10.0,13.0,1,2,1,16.0,16.0,0.0,2,4,Desempleado,ENPOVE_2022
1,56.0,2,2,5.0,13.0, , ,1,10.0,10.0,0.0,2,3,Empleado_Formal,ENPOVE_2022
2,31.0,1,2,10.0,13.0,1,2,1,16.0,16.0,0.0,2,4,Empleado_Informal,ENPOVE_2022
1,27.0,1,2,5.0,13.0, , ,1,10.0,10.0,0.0,2,5,Empleado_Informal,ENPOVE_2022
1,40.0,6,2,11.0,13.0,1,2,1,18.0,18.0,0.0,2,4,Empleado_Informal,ENPOVE_2022
1,23.0,6,2,5.0,13.0, , ,1,10.0,10.0,0.0,9,1,Empleado_Informal,ENPOVE_2022
1,39.0,1,2,9.0,13.0, , ,1,13.5,13.5,0.0,2,4,Empleado_Formal,ENPOVE_2022
2,38.0,1,2,10.0,13.0,1,2,1,16.0,16.0,0.0,2,4,Empleado_Informal,ENPOVE_2022
2,45.0,5,2,10.0,13.0,1,2,1,16.0,16.0,0.0,2,5,Empleado_Informal,ENPOVE_2022
1,21.0,6,2,1.0,7.0, , ,1,0.0,12.5,-12.5,2,5,Empleado_Formal,ENPOVE_2022
1,59.0,2,2,1.0,9.0, , ,1,0.0,13.5,-13.5,4,4,Desempleado,ENPOVE_2022
2,37.0,1,2,6.0,13.0, , ,1,11.0,11.0,0.0,2,4,Desempleado,ENPOVE_2022
1,37.0,1,2,6.0,13.0, , ,1,11.0,11.0,0.0,2,3,Empleado_Informal,ENPOVE_2022
2,34.0,1,2,10.0,13.0,1,2,1,16.0,16.0,0.0,2,4,Desempleado,ENPOVE_2022
1,26.0,1,2,10.0,13.0,1,2,1,16.0,16.0,0.0,2,4,Empleado_Formal,ENPOVE_2022
1,29.0,6,2,10.0,13.0,1,2,1,16.0,16.0,0.0,2,5,Empleado_Informal,ENPOVE_2022
1,68.0,1,2,5.0,13.0, , ,1,10.0,10.0,0.0,9,1,Desempleado,ENPOVE_2022
2,37.0,2,2,10.0,13.0,1,2,1,16.0,16.0,0.0,2,4,Empleado_Formal,ENPOVE_2022
2,34.0,2,2,9.0,13.0, , ,1,13.5,13.5,0.0,2,5,Desempleado,ENPOVE_2022
2,17.0,6,2,1.0,6.0, , ,1,0.0,11.0,-11.0,4,10,Desempleado,ENPOVE_2022
2,44.0,5,2,8.0,13.0, , ,1,14.0,14.0,0.0,2,3,Empleado_Informal,ENPOVE_2022
2,44.0,5,2,11.0,13.0,1,2,1,18.0,18.0,0.0,2,4,Desempleado,ENPOVE_2022
1,20.0,1,2,6.0,13.0, , ,1,11.0,11.0,0.0,1,4,Empleado_Informal,ENPOVE_2022
2,19.0,1,2,1.0,6.0, , ,1,0.0,11.0,-11.0,1,3,Empleado_Informal,ENPOVE_2022
1,34.0,2,2,6.0,13.0, , ,1,11.0,11.0,0.0,2,5,Empleado_Informal,ENPOVE_2022
2,27.0,2,2,6.0,13.0, , ,1,11.0,11.0,0.0,9,4,Empleado_Informal,ENPOVE_2022
1,37.0,1,2,7.0,13.0, , ,1,12.5,12.5,0.0,2,4,Empleado_Formal,ENPOVE_2022
2,30.0,1,2,9.0,13.0, , ,1,13.5,13.5,0.0,2,4,Empleado_Informal,ENPOVE_2022
2,59.0,2,2,10.0,13.0,1,2,1,16.0,16.0,0.0,2,4,Desempleado,ENPOVE_2022
1,26.0,1,2,6.0,13.0, , ,1,11.0,11.0,0.0,1,3,Empleado_Informal,ENPOVE_2022
1,39.0,6,2,11.0,13.0,1,2,1,18.0,18.0,0.0,2,4,Empleado_Formal,ENPOVE_2022
2,35.0,2,2,11.0,13.0,1,1,1,18.0,18.0,0.0,2,1,Empleado_Formal,ENPOVE_2022
1,32.0,2,2,8.0,13.0, , ,1,14.0,14.0,0.0,2,4,Empleado_Informal,ENPOVE_2022
1,35.0,2,2,9.0,13.0, , ,1,13.5,13.5,0.0,2,5,Desempleado,ENPOVE_2022
2,33.0,2,2,8.0,13.0, , ,1,14.0,14.0,0.0,2,5,Empleado_Informal,ENPOVE_2022
1,48.0,1,2,10.0,13.0,1,2,1,16.0,16.0,0.0,2,5,Empleado_Informal,ENPOVE_2022
2,48.0,1,2,11.0,13.0,1,1,1,18.0,18.0,0.0,4,5,Empleado_Informal,ENPOVE_2022
1,35.0,1,2,6.0,13.0, , ,1,11.0,11.0,0.0,2,4,Empleado_Informal,ENPOVE_2022
2,43.0,1,2,5.0,13.0, , ,1,10.0,10.0,0.0,2,4,Desempleado,ENPOVE_2022
1,19.0,6,2,5.0,13.0, , ,1,10.0,10.0,0.0,1,1,Empleado_Informal,ENPOVE_2022
1,31.0,6,2,6.0,13.0, , ,1,11.0,11.0,0.0,2,4,Empleado_Informal,ENPOVE_2022
2,40.0,6,2,10.0,13.0,1,2,1,16.0,16.0,0.0,2,5,Empleado_Informal,ENPOVE_2022
2,36.0,6,2,10.0,13.0,1,2,1,16.0,16.0,0.0,9,4,Empleado_Informal,ENPOVE_2022
1,54.0,2,2,6.0,13.0, , ,1,11.0,11.0,0.0,2,4,Empleado_Formal,ENPOVE_2022
1,32.0,6,2,8.0,13.0, , ,1,14.0,14.0,0.0,2,4,Empleado_Informal,ENPOVE_2022
1,31.0,6,2,6.0,13.0, , ,1,11.0,11.0,0.0,9,0,Empleado_Informal,ENPOVE_2022
2,45.0,1,2,8.0,13.0, , ,1,14.0,14.0,0.0,1,1,Empleado_Informal,ENPOVE_2022
1,33.0,1,2,10.0,13.0,1,2,1,16.0,16.0,0.0,2,4,Empleado_Informal,ENPOVE_2022
2,31.0,1,2,10.0,13.0,1,2,1,16.0,16.0,0.0,1,3,Empleado_Informal,ENPOVE_2022
2,26.0,1,2,10.0,13.0,1,2,1,16.0,16.0,0.0,2,2,Empleado_Informal,ENPOVE_2022
1,28.0,1,2,9.0,13.0, , ,1,13.5,13.5,0.0,2,2,Empleado_Formal,ENPOVE_2022
2,32.0,6,2,1.0,6.0, , ,1,0.0,11.0,-11.0,4,6,Empleado_Formal,ENPOVE_2022
1,27.0,6,2,6.0,13.0, , ,1,11.0,11.0,0.0,4,6,Empleado_Formal,ENPOVE_2022
2,27.0,6,2,8.0,13.0, , ,1,14.0,14.0,0.0,2,4,Empleado_Formal,ENPOVE_2022
2,20.0,6,2,5.0,13.0, , ,1,10.0,10.0,0.0,4,5,Desempleado,ENPOVE_2022
1,45.0,1,2,1.0,6.0, , ,1,0.0,11.0,-11.0,4,5,Empleado_Formal,ENPOVE_2022
2,41.0,1,2,6.0,13.0, , ,1,11.0,11.0,0.0,1,4,Empleado_Informal,ENPOVE_2022
1,56.0,6,2,5.0,13.0, , ,1,10.0,10.0,0.0,2,4,Desempleado,ENPOVE_2022
1,22.0,6,2,6.0,13.0, , ,1,11.0,11.0,0.0,9,4,Empleado_Informal,ENPOVE_2022
1,31.0,1,2,6.0,13.0, , ,1,11.0,11.0,0.0,2,3,Empleado_Informal,ENPOVE_2022
2,30.0,1,2,7.0,13.0, , ,1,12.5,12.5,0.0,2,3,Empleado_Informal,ENPOVE_2022
1,22.0,6,2,5.0,13.0, , ,1,10.0,10.0,0.0,9,1,Empleado_Informal,ENPOVE_2022
1,51.0,1,2,6.0,13.0, , ,1,11.0,11.0,0.0,2,3,Empleado_Informal,ENPOVE_2022
2,59.0,6,2,3.0,13.0, , ,1,4.5,4.5,0.0,2,3,Empleado_Informal,ENPOVE_2022
2,32.0,6,2,9.0,13.0, , ,1,13.5,13.5,0.0,2,4,Empleado_Informal,ENPOVE_2022
1,43.0,6,2,4.0,13.0, , ,1,9.0,9.0,0.0,2,4,Empleado_Informal,ENPOVE_2022
1,21.0,6,2,5.0,13.0, , ,1,10.0,10.0,0.0,2,5,Desempleado,ENPOVE_2022
2,25.0,1,2,5.0,13.0, , ,1,10.0,10.0,0.0,9,0,Desempleado,ENPOVE_2022
2,26.0,1,2,6.0,13.0, , ,1,11.0,11.0,0.0,1,2,Desempleado,ENPOVE_2022
1,39.0,1,2,8.0,13.0, , ,1,14.0,14.0,0.0,6,4,Empleado_Informal,ENPOVE_2022
2,33.0,1,2,10.0,13.0,2, ,1,16.0,16.0,0.0,9,4,Empleado_Informal,ENPOVE_2022
2,48.0,1,2,5.0,13.0, , ,1,10.0,10.0,0.0,2,4,Desempleado,ENPOVE_2022
1,50.0,1,2,6.0,13.0, , ,1,11.0,11.0,0.0,2,4,Empleado_Informal,ENPOVE_2022
1,30.0,1,2,6.0,13.0, , ,1,11.0,11.0,0.0,2,4,Empleado_Informal,ENPOVE_2022
2,36.0,1,2,5.0,13.0, , ,1,10.0,10.0,0.0,1,3,Empleado_Informal,ENPOVE_2022
2,17.0,1,2,5.0,13.0, , ,1,10.0,10.0,0.0,1,3,Desempleado,ENPOVE_2022
1,19.0,1,2,5.0,13.0, , ,1,10.0,10.0,0.0,2,3,Empleado_Informal,ENPOVE_2022
1,34.0,1,2,5.0,13.0, , ,1,10.0,10.0,0.0,1,1,Empleado_Informal,ENPOVE_2022
2,24.0,1,2,9.0,13.0, , ,1,13.5,13.5,0.0,1,3,Empleado_Informal,ENPOVE_2022
1,43.0,1,2,6.0,13.0, , ,1,11.0,11.0,0.0,1,4,Empleado_Informal,ENPOVE_2022
2,44.0,1,2,6.0,13.0, , ,1,11.0,11.0,0.0,1,4,Empleado_Informal,ENPOVE_2022
1,22.0,1,2,9.0,13.0, , ,1,13.5,13.5,0.0,1,4,Empleado_Informal,ENPOVE_2022
2,20.0,6,2,6.0,13.0, , ,1,11.0,11.0,0.0,1,4,Desempleado,ENPOVE_2022
1,18.0,6,2,6.0,13.0, , ,1,11.0,11.0,0.0,1,4,Empleado_Informal,ENPOVE_2022
1,19.0,6,2,5.0,13.0, , ,1,10.0,10.0,0.0,1,3,Empleado_Informal,ENPOVE_2022
1,27.0,6,2,6.0,13.0, , ,1,11.0,11.0,0.0,2,4,Empleado_Informal,ENPOVE_2022
2,45.0,6,2,6.0,13.0, , ,1,11.0,11.0,0.0,2,3,Empleado_Informal,ENPOVE_2022
1,13.0,6,2,1.0,4.0, , ,1,0.0,6.0,-6.0,9,4,Empleado_Informal,ENPOVE_2022
1,31.0,1,2,10.0,13.0,1,2,1,16.0,16.0,0.0,9,4,Empleado_Informal,ENPOVE_2022
1,29.0,6,2,6.0,13.0, , ,1,11.0,11.0,0.0,2,4,Empleado_Informal,ENPOVE_2022
1,51.0,6,2,6.0,13.0, , ,1,11.0,11.0,0.0,1,4,Empleado_Formal,ENPOVE_2022
2,13.0,6,2,1.0,5.0, , ,1,0.0,8.5,-8.5,9,3,Desempleado,ENPOVE_2022
2,33.0,1,2,11.0,13.0,1,2,1,18.0,18.0,0.0,2,5,Desempleado,ENPOVE_2022
1,28.0,1,2,8.0,13.0, , ,1,14.0,14.0,0.0,2,4,Empleado_Informal,ENPOVE_2022
2,27.0,1,2,7.0,13.0, , ,1,12.5,12.5,0.0,2,4,Empleado_Formal,ENPOVE_2022
1,19.0,6,2,5.0,13.0, , ,1,10.0,10.0,0.0,1,1,Empleado_Informal,ENPOVE_2022
1,30.0,2,2,9.0,13.0, , ,1,13.5,13.5,0.0,2,4,Empleado_Informal,ENPOVE_2022
1,30.0,1,2,7.0,13.0, , ,1,12.5,12.5,0.0,2,4,Empleado_Informal,ENPOVE_2022
1,18.0,6,2,6.0,13.0, , ,1,11.0,11.0,0.0,1,1,Empleado_Informal,ENPOVE_2022
1,24.0,6,2,10.0,13.0,1,2,1,16.0,16.0,0.0,3,4,Empleado_Informal,ENPOVE_2022
2,43.0,2,2,11.0,13.0,1,1,1,18.0,18.0,0.0,2,5,Empleado_Informal,ENPOVE_2022
1,39.0,1,2,10.0,13.0,1,1,1,16.0,16.0,0.0,2,2,Empleado_Formal,ENPOVE_2022
1,27.0,1,2,10.0,13.0,1,2,1,16.0,16.0,0.0,2,3,Empleado_Informal,ENPOVE_2022
1,34.0,2,2,8.0,13.0, , ,1,14.0,14.0,0.0,2,4,Empleado_Informal,ENPOVE_2022
2,32.0,2,2,9.0,13.0, , ,1,13.5,13.5,0.0,2,4,Empleado_Informal,ENPOVE_2022
1,45.0,5,2,5.0,13.0, , ,1,10.0,10.0,0.0,1,1,Empleado_Formal,ENPOVE_2022
1,34.0,1,2,6.0,13.0, , ,1,11.0,11.0,0.0,9,4,Empleado_Informal,ENPOVE_2022
2,35.0,5,2,8.0,13.0, , ,1,14.0,14.0,0.0,1,4,Empleado_Informal,ENPOVE_2022
2,29.0,5,2,6.0,13.0, , ,1,11.0,11.0,0.0,9,5,Empleado_Informal,ENPOVE_2022
1,38.0,1,2,5.0,13.0, , ,1,10.0,10.0,0.0,2,4,Empleado_Formal,ENPOVE_2022
2,43.0,1,2,10.0,13.0,1,2,1,16.0,16.0,0.0,1,4,Empleado_Informal,ENPOVE_2022
1,47.0,2,2,9.0,13.0, , ,1,13.5,13.5,0.0,4,9,Empleado_Formal,ENPOVE_2022
2,42.0,2,2,1.0,8.0, , ,1,0.0,14.0,-14.0,4,9,Empleado_Formal,ENPOVE_2022
1,24.0,1,2,5.0,13.0, , ,1,10.0,10.0,0.0,4,3,Empleado_Informal,ENPOVE_2022
1,56.0,1,2,10.0,13.0,1,2,1,16.0,16.0,0.0,2,4,Empleado_Informal,ENPOVE_2022
2,31.0,5,2,10.0,13.0,1,2,1,16.0,16.0,0.0,2,5,Empleado_Formal,ENPOVE_2022
1,66.0,6,2,5.0,13.0, , ,1,10.0,10.0,0.0,1,3,Empleado_Informal,ENPOVE_2022
1,55.0,1,2,4.0,13.0, , ,1,9.0,9.0,0.0,1,3,Empleado_Informal,ENPOVE_2022
2,49.0,1,2,4.0,13.0, , ,1,9.0,9.0,0.0,9,3,Empleado_Formal,ENPOVE_2022
1,22.0,6,2,6.0,13.0, , ,1,11.0,11.0,0.0,1,3,Empleado_Formal,ENPOVE_2022
1,34.0,6,2,6.0,13.0, , ,1,11.0,11.0,0.0,9,1,Desempleado,ENPOVE_2022
1,29.0,1,2,6.0,13.0, , ,1,11.0,11.0,0.0,9,4,Empleado_Informal,ENPOVE_2022
2,26.0,1,2,6.0,13.0, , ,1,11.0,11.0,0.0,1,4,Desempleado,ENPOVE_2022
1,26.0,1,2,4.0,13.0, , ,1,9.0,9.0,0.0,6,6,Empleado_Informal,ENPOVE_2022
2,28.0,6,2,10.0,13.0,1,2,1,16.0,16.0,0.0,1,3,Empleado_Informal,ENPOVE_2022
2,44.0,2,2,6.0,13.0, , ,1,11.0,11.0,0.0,9,4,Empleado_Informal,ENPOVE_2022
1,27.0,1,2,6.0,13.0, , ,1,11.0,11.0,0.0,2,4,Empleado_Informal,ENPOVE_2022
1,17.0,6,2,5.0,13.0, , ,1,10.0,10.0,0.0,9,3,Empleado_Informal,ENPOVE_2022
2,36.0,1,2,10.0,13.0,1,2,1,16.0,16.0,0.0,2,5,Empleado_Formal,ENPOVE_2022
1,36.0,1,2,5.0,13.0, , ,1,10.0,10.0,0.0,9,4,Empleado_Informal,ENPOVE_2022
2,43.0,1,2,6.0,13.0, , ,1,11.0,11.0,0.0,9,3,Empleado_Informal,ENPOVE_2022
1,18.0,6,2,5.0,13.0, , ,1,10.0,10.0,0.0,9,4,Empleado_Informal,ENPOVE_2022
1,32.0,1,2,6.0,13.0, , ,1,11.0,11.0,0.0,9,4,Empleado_Informal,ENPOVE_2022
2,29.0,1,2,8.0,13.0, , ,1,14.0,14.0,0.0,1,4,Empleado_Informal,ENPOVE_2022
2,46.0,5,2,5.0,13.0, , ,1,10.0,10.0,0.0,2,4,Empleado_Informal,ENPOVE_2022
1,38.0,1,2,4.0,13.0, , ,1,9.0,9.0,0.0,9,4,Empleado_Informal,ENPOVE_2022
1,24.0,1,2,6.0,13.0, , ,1,11.0,11.0,0.0,9,4,Desempleado,ENPOVE_2022
2,22.0,1,2,8.0,13.0, , ,1,14.0,14.0,0.0,1,3,Empleado_Informal,ENPOVE_2022
1,36.0,1,2,5.0,13.0, , ,1,10.0,10.0,0.0,9,3,Empleado_Informal,ENPOVE_2022
2,30.0,1,2,5.0,13.0, , ,1,10.0,10.0,0.0,9,1,Desempleado,ENPOVE_2022
1,50.0,1,2,6.0,13.0, , ,1,11.0,11.0,0.0,9,3,Empleado_Informal,ENPOVE_2022
2,47.0,1,2,4.0,13.0, , ,1,9.0,9.0,0.0,9,3,Empleado_Formal,ENPOVE_2022
2,28.0,1,2,8.0,13.0, , ,1,14.0,14.0,0.0,9,4,Empleado_Informal,ENPOVE_2022
1,35.0,1,2,6.0,13.0, , ,1,11.0,11.0,0.0,9,4,Empleado_Informal,ENPOVE_2022
1,39.0,5,2,5.0,13.0, , ,1,10.0,10.0,0.0,9,1,Empleado_Informal,ENPOVE_2022
2,24.0,5,2,10.0,13.0,1,2,1,16.0,16.0,0.0,9,3,Empleado_Informal,ENPOVE_2022
1,36.0,1,2,6.0,13.0, , ,1,11.0,11.0,0.0,9,2,Empleado_Informal,ENPOVE_2022
2,30.0,1,2,5.0,13.0, , ,1,10.0,10.0,0.0,9,1,Empleado_Informal,ENPOVE_2022
2,35.0,1,2,6.0,13.0, , ,1,11.0,11.0,0.0,1,4,Empleado_Informal,ENPOVE_2022
1,48.0,2,2,6.0,13.0, , ,1,11.0,11.0,0.0,9,3,Empleado_Informal,ENPOVE_2022
2,52.0,2,2,10.0,13.0,1,2,1,16.0,16.0,0.0,9,1,Desempleado,ENPOVE_2022
1,27.0,1,2,10.0,13.0,1,2,1,16.0,16.0,0.0,9,5,Desempleado,ENPOVE_2022
1,21.0,1,2,6.0,13.0, , ,1,11.0,11.0,0.0,2,5,Desempleado,ENPOVE_2022
1,29.0,6,2,6.0,13.0, , ,1,11.0,11.0,0.0,9,3,Empleado_Informal,ENPOVE_2022
2,25.0,2,2,7.0,13.0, , ,1,12.5,12.5,0.0,9,1,Desempleado,ENPOVE_2022
2,34.0,1,2,10.0,13.0,1,2,1,16.0,16.0,0.0,1,1,Desempleado,ENPOVE_2022
1,31.0,1,2,6.0,13.0, , ,1,11.0,11.0,0.0,2,4,Empleado_Informal,ENPOVE_2022
2,38.0,2,2,6.0,13.0, , ,1,11.0,11.0,0.0,2,4,Desempleado,ENPOVE_2022
2,22.0,1,2,6.0,13.0, , ,1,11.0,11.0,0.0,1,4,Empleado_Informal,ENPOVE_2022
1,26.0,6,2,9.0,13.0, , ,1,13.5,13.5,0.0,9,4,Empleado_Informal,ENPOVE_2022
2,18.0,5,2,1.0,6.0, , ,1,0.0,11.0,-11.0,2,4,Empleado_Informal,ENPOVE_2022
2,44.0,2,2,5.0,13.0, , ,1,10.0,10.0,0.0,9,3,Empleado_Informal,ENPOVE_2022
2,21.0,6,2,6.0,13.0, , ,1,11.0,11.0,0.0,1,3,Empleado_Informal,ENPOVE_2022
2,19.0,6,2,5.0,13.0, , ,1,10.0,10.0,0.0,1,4,Empleado_Informal,ENPOVE_2022
2,24.0,6,2,9.0,13.0, , ,1,13.5,13.5,0.0,9,0,Empleado_Informal,ENPOVE_2022
1,33.0,6,2,10.0,13.0,1,2,1,16.0,16.0,0.0,1,4,Empleado_Formal,ENPOVE_2022
2,42.0,3,2,4.0,13.0, , ,1,9.0,9.0,0.0,9,1,Desempleado,ENPOVE_2022
1,22.0,1,2,6.0,13.0, , ,1,11.0,11.0,0.0,9,3,Empleado_Informal,ENPOVE_2022
2,30.0,2,2,10.0,13.0,1,2,1,16.0,16.0,0.0,1,3,Desempleado,ENPOVE_2022
1,36.0,6,2,10.0,13.0,1,2,1,16.0,16.0,0.0,3,0,Desempleado,ENPOVE_2022
2,39.0,6,2,10.0,13.0,1,2,1,16.0,16.0,0.0,6,3,Empleado_Informal,ENPOVE_2022
1,44.0,2,2,8.0,13.0, , ,1,14.0,14.0,0.0,2,4,Empleado_Informal,ENPOVE_2022
2,45.0,2,2,6.0,13.0, , ,1,11.0,11.0,0.0,1,5,Empleado_Informal,ENPOVE_2022
2,34.0,1,2,6.0,13.0, , ,1,11.0,11.0,0.0,9,3,Empleado_Informal,ENPOVE_2022
1,27.0,1,2,8.0,13.0, , ,1,14.0,14.0,0.0,2,4,Empleado_Informal,ENPOVE_2022
2,24.0,5,2,6.0,13.0, , ,1,11.0,11.0,0.0,1,3,Empleado_Informal,ENPOVE_2022
2,50.0,5,2,6.0,13.0, , ,1,11.0,11.0,0.0,9,3,Empleado_Informal,ENPOVE_2022
1,21.0,6,2,6.0,13.0, , ,1,11.0,11.0,0.0,9,1,Empleado_Informal,ENPOVE_2022
2,19.0,6,2,6.0,13.0, , ,1,11.0,11.0,0.0,9,1,Empleado_Informal,ENPOVE_2022
1,25.0,6,2,5.0,13.0, , ,1,10.0,10.0,0.0,6,4,Empleado_Informal,ENPOVE_2022
1,25.0,1,2,5.0,13.0, , ,1,10.0,10.0,0.0,9,1,Empleado_Informal,ENPOVE_2022
2,29.0,1,2,6.0,13.0, , ,1,11.0,11.0,0.0,9,1,Desempleado,ENPOVE_2022
2,31.0,2,2,10.0,13.0,1,1,1,16.0,16.0,0.0,2,4,Empleado_Informal,ENPOVE_2022
2,25.0,5,2,6.0,13.0, , ,1,11.0,11.0,0.0,4,4,Empleado_Informal,ENPOVE_2022
1,24.0,6,2,10.0,13.0,1,2,1,16.0,16.0,0.0,9,0,Empleado_Informal,ENPOVE_2022
1,26.0,1,2,6.0,13.0, , ,1,11.0,11.0,0.0,2,4,Empleado_Informal,ENPOVE_2022
2,32.0,1,2,6.0,13.0, , ,1,11.0,11.0,0.0,1,3,Empleado_Informal,ENPOVE_2022
2,57.0,5,2,6.0,13.0, , ,1,11.0,11.0,0.0,9,3,Empleado_Informal,ENPOVE_2022
1,19.0,6,2,5.0,13.0, , ,1,10.0,10.0,0.0,9,3,Empleado_Informal,ENPOVE_2022
1,25.0,6,2,6.0,13.0, , ,1,11.0,11.0,0.0,1,3,Empleado_Informal,ENPOVE_2022
2,23.0,5,2,5.0,13.0, , ,1,10.0,10.0,0.0,9,4,Desempleado,ENPOVE_2022
2,50.0,5,2,10.0,13.0,1,2,1,16.0,16.0,0.0,9,3,Empleado_Informal,ENPOVE_2022
1,28.0,6,2,6.0,13.0, , ,1,11.0,11.0,0.0,9,1,Empleado_Informal,ENPOVE_2022
2,25.0,1,2,6.0,13.0, , ,1,11.0,11.0,0.0,9,0,Desempleado,ENPOVE_2022
1,22.0,1,2,6.0,13.0, , ,1,11.0,11.0,0.0,9,0,Desempleado,ENPOVE_2022
1,18.0,6,2,5.0,13.0, , ,1,10.0,10.0,0.0,9,0,Empleado_Informal,ENPOVE_2022
1,19.0,1,2,6.0,13.0, , ,1,11.0,11.0,0.0,9,1,Empleado_Informal,ENPOVE_2022
2,18.0,1,2,5.0,13.0, , ,1,10.0,10.0,0.0,9,0,Empleado_Informal,ENPOVE_2022
1,36.0,1,2,9.0,13.0, , ,1,13.5,13.5,0.0,2,3,Empleado_Formal,ENPOVE_2022
1,34.0,1,2,4.0,13.0, , ,1,9.0,9.0,0.0,9,5,Empleado_Informal,ENPOVE_2022
2,46.0,1,2,4.0,13.0, , ,1,9.0,9.0,0.0,9,3,Empleado_Informal,ENPOVE_2022
2,13.0,6,2,1.0,5.0, , ,1,0.0,8.5,-8.5,9,2,Empleado_Informal,ENPOVE_2022
1,21.0,1,2,6.0,13.0, , ,1,11.0,11.0,0.0,9,4,Empleado_Informal,ENPOVE_2022
1,16.0,6,2,5.0,13.0, , ,1,10.0,10.0,0.0,9,1,Empleado_Informal,ENPOVE_2022
2,27.0,5,2,8.0,13.0, , ,1,14.0,14.0,0.0,1,3,Empleado_Informal,ENPOVE_2022
1,32.0,2,2,6.0,13.0, , ,1,11.0,11.0,0.0,2,5,Empleado_Formal,ENPOVE_2022
2,65.0,3,2,8.0,13.0, , ,1,14.0,14.0,0.0,1,4,Empleado_Informal,ENPOVE_2022
1,25.0,1,2,9.0,13.0, , ,1,13.5,13.5,0.0,9,4,Empleado_Informal,ENPOVE_2022
2,27.0,1,2,9.0,13.0, , ,1,13.5,13.5,0.0,9,4,Empleado_Informal,ENPOVE_2022
1,20.0,6,2,5.0,13.0, , ,1,10.0,10.0,0.0,1,2,Desempleado,ENPOVE_2022
1,27.0,1,2,5.0,13.0, , ,1,10.0,10.0,0.0,1,2,Empleado_Informal,ENPOVE_2022
1,28.0,1,2,9.0,13.0, , ,1,13.5,13.5,0.0,2,4,Empleado_Informal,ENPOVE_2022
1,24.0,5,2,9.0,13.0, , ,1,13.5,13.5,0.0,9,4,Empleado_Informal,ENPOVE_2022
1,37.0,6,2,6.0,13.0, , ,1,11.0,11.0,0.0,9,1,Empleado_Formal,ENPOVE_2022
1,20.0,1,2,6.0,13.0, , ,1,11.0,11.0,0.0,1,3,Empleado_Informal,ENPOVE_2022
2,30.0,6,2,10.0,13.0,1,2,1,16.0,16.0,0.0,9,4,Empleado_Informal,ENPOVE_2022
2,31.0,1,2,6.0,13.0, , ,1,11.0,11.0,0.0,9,4,Empleado_Informal,ENPOVE_2022
2,27.0,1,2,7.0,13.0, , ,1,12.5,12.5,0.0,9,4,Desempleado,ENPOVE_2022
1,37.0,5,2,10.0,13.0,1,2,1,16.0,16.0,0.0,9,1,Empleado_Informal,ENPOVE_2022
1,38.0,1,2,6.0,13.0, , ,1,11.0,11.0,0.0,9,4,Empleado_Informal,ENPOVE_2022
2,37.0,5,2,6.0,13.0, , ,1,11.0,11.0,0.0,9,0,Empleado_Informal,ENPOVE_2022
2,36.0,5,2,6.0,13.0, , ,1,11.0,11.0,0.0,6,4,Empleado_Informal,ENPOVE_2022
1,29.0,1,2,8.0,13.0, , ,1,14.0,14.0,0.0,2,4,Empleado_Formal,ENPOVE_2022
2,31.0,1,2,10.0,13.0,1,2,1,16.0,16.0,0.0,9,4,Empleado_Informal,ENPOVE_2022
1,34.0,2,2,6.0,13.0, , ,1,11.0,11.0,0.0,2,4,Empleado_Formal,ENPOVE_2022
1,20.0,1,2,6.0,13.0, , ,1,11.0,11.0,0.0,9,3,Empleado_Informal,ENPOVE_2022
2,17.0,1,2,5.0,13.0, , ,1,10.0,10.0,0.0,9,2,Desempleado,ENPOVE_2022
1,41.0,4,2,10.0,13.0,1,2,1,16.0,16.0,0.0,2,5,Empleado_Formal,ENPOVE_2022
1,25.0,1,2,6.0,13.0, , ,1,11.0,11.0,0.0,2,4,Empleado_Informal,ENPOVE_2022
1,28.0,6,2,8.0,13.0, , ,1,14.0,14.0,0.0,2,4,Empleado_Formal,ENPOVE_2022
1,30.0,1,2,9.0,13.0, , ,1,13.5,13.5,0.0,2,5,Empleado_Informal,ENPOVE_2022
1,36.0,1,2,3.0,13.0, , ,1,4.5,4.5,0.0,9,1,Empleado_Informal,ENPOVE_2022
2,29.0,1,2,5.0,13.0, , ,1,10.0,10.0,0.0,2,3,Desempleado,ENPOVE_2022
2,24.0,1,2,6.0,13.0, , ,1,11.0,11.0,0.0,9,4,Empleado_Informal,ENPOVE_2022
1,21.0,1,2,5.0,13.0, , ,1,10.0,10.0,0.0,6,4,Empleado_Informal,ENPOVE_2022
1,28.0,6,2,10.0,13.0,1,2,1,16.0,16.0,0.0,2,4,Empleado_Informal,ENPOVE_2022
2,45.0,5,2,10.0,13.0,2, ,1,16.0,16.0,0.0,9,3,Empleado_Informal,ENPOVE_2022
2,25.0,3,2,6.0,13.0, , ,1,11.0,11.0,0.0,9,0,Empleado_Informal,ENPOVE_2022
1,22.0,1,2,6.0,13.0, , ,1,11.0,11.0,0.0,9,3,Empleado_Informal,ENPOVE_2022
2,24.0,1,2,10.0,13.0,1,2,1,16.0,16.0,0.0,9,3,Desempleado,ENPOVE_2022
1,28.0,6,2,9.0,13.0, , ,1,13.5,13.5,0.0,1,4,Empleado_Informal,ENPOVE_2022
2,27.0,1,2,9.0,13.0, , ,1,13.5,13.5,0.0,9,3,Empleado_Informal,ENPOVE_2022
1,28.0,1,2,6.0,13.0, , ,1,11.0,11.0,0.0,2,3,Empleado_Formal,ENPOVE_2022
2,47.0,2,2,10.0,13.0,1,2,1,16.0,16.0,0.0,2,4,Empleado_Formal,ENPOVE_2022
1,47.0,2,2,8.0,13.0, , ,1,14.0,14.0,0.0,2,4,Empleado_Formal,ENPOVE_2022
1,18.0,6,2,1.0,6.0, , ,1,0.0,11.0,-11.0,2,4,Empleado_Formal,ENPOVE_2022
1,38.0,1,2,6.0,13.0, , ,1,11.0,11.0,0.0,2,4,Empleado_Informal,ENPOVE_2022
2,29.0,1,2,8.0,13.0, , ,1,14.0,14.0,0.0,2,4,Empleado_Informal,ENPOVE_2022
2,24.0,6,2,9.0,13.0, , ,1,13.5,13.5,0.0,1,4,Empleado_Informal,ENPOVE_2022
1,32.0,6,2,5.0,13.0, , ,1,10.0,10.0,0.0,9,0,Empleado_Informal,ENPOVE_2022
2,44.0,5,2,6.0,13.0, , ,1,11.0,11.0,0.0,9,3,Empleado_Informal,ENPOVE_2022
1,28.0,6,2,10.0,13.0,1,2,1,16.0,16.0,0.0,2,4,Empleado_Informal,ENPOVE_2022
2,28.0,1,2,10.0,13.0,1,2,1,16.0,16.0,0.0,2,4,Desempleado,ENPOVE_2022
1,37.0,1,2,6.0,13.0, , ,1,11.0,11.0,0.0,2,4,Empleado_Informal,ENPOVE_2022
2,35.0,1,2,6.0,13.0, , ,1,11.0,11.0,0.0,9,3,Empleado_Informal,ENPOVE_2022
1,30.0,1,2,10.0,13.0,1,2,1,16.0,16.0,0.0,6,4,Empleado_Informal,ENPOVE_2022
2,30.0,1,2,10.0,13.0,1,2,1,16.0,16.0,0.0,2,4,Empleado_Formal,ENPOVE_2022
1,25.0,1,2,5.0,13.0, , ,1,10.0,10.0,0.0,9,1,Empleado_Informal,ENPOVE_2022
2,23.0,1,2,5.0,13.0, , ,1,10.0,10.0,0.0,9,1,Desempleado,ENPOVE_2022
1,30.0,2,2,9.0,13.0, , ,1,13.5,13.5,0.0,2,4,Empleado_Formal,ENPOVE_2022
1,42.0,1,2,7.0,13.0, , ,1,12.5,12.5,0.0,9,1,Empleado_Informal,ENPOVE_2022
2,50.0,6,2,6.0,13.0, , ,1,11.0,11.0,0.0,9,1,Empleado_Informal,ENPOVE_2022
2,25.0,1,2,9.0,13.0, , ,1,13.5,13.5,0.0,2,4,Empleado_Informal,ENPOVE_2022
1,36.0,2,2,8.0,13.0, , ,1,14.0,14.0,0.0,2,4,Empleado_Formal,ENPOVE_2022
1,23.0,6,2,6.0,13.0, , ,1,11.0,11.0,0.0,1,5,Empleado_Informal,ENPOVE_2022
1,25.0,1,2,9.0,13.0, , ,1,13.5,13.5,0.0,9,1,Empleado_Informal,ENPOVE_2022
1,27.0,6,2,6.0,13.0, , ,1,11.0,11.0,0.0,1,1,Empleado_Informal,ENPOVE_2022
1,22.0,6,2,6.0,13.0, , ,1,11.0,11.0,0.0,9,0,Empleado_Informal,ENPOVE_2022
1,34.0,6,2,9.0,13.0, , ,1,13.5,13.5,0.0,2,5,Empleado_Informal,ENPOVE_2022
2,41.0,2,2,6.0,13.0, , ,1,11.0,11.0,0.0,1,3,Empleado_Informal,ENPOVE_2022
1,22.0,6,2,6.0,13.0, , ,1,11.0,11.0,0.0,1,3,Empleado_Informal,ENPOVE_2022
2,57.0,5,2,9.0,13.0, , ,1,13.5,13.5,0.0,2,5,Empleado_Formal,ENPOVE_2022
2,34.0,1,2,4.0,13.0, , ,1,9.0,9.0,0.0,1,4,Empleado_Formal,ENPOVE_2022
2,19.0,6,2,1.0,6.0, , ,1,0.0,11.0,-11.0,1,4,Empleado_Formal,ENPOVE_2022
2,33.0,1,2,6.0,13.0, , ,1,11.0,11.0,0.0,1,4,Empleado_Formal,ENPOVE_2022
2,28.0,1,2,6.0,13.0, , ,1,11.0,11.0,0.0,9,3,Desempleado,ENPOVE_2022
1,38.0,1,2,6.0,13.0, , ,1,11.0,11.0,0.0,9,3,Empleado_Formal,ENPOVE_2022
1,25.0,1,2,4.0,13.0, , ,1,9.0,9.0,0.0,9,3,Empleado_Informal,ENPOVE_2022
2,19.0,1,2,1.0,5.0, , ,1,0.0,8.5,-8.5,9,3,Desempleado,ENPOVE_2022
1,26.0,1,2,6.0,13.0, , ,1,11.0,11.0,0.0,9,3,Empleado_Informal,ENPOVE_2022
2,31.0,1,2,4.0,13.0, , ,1,9.0,9.0,0.0,9,3,Empleado_Informal,ENPOVE_2022
1,25.0,6,2,6.0,13.0, , ,1,11.0,11.0,0.0,9,1,Empleado_Informal,ENPOVE_2022
1,23.0,5,2,6.0,13.0, , ,1,11.0,11.0,0.0,9,1,Empleado_Informal,ENPOVE_2022
2,21.0,1,2,6.0,13.0, , ,1,11.0,11.0,0.0,9,3,Empleado_Informal,ENPOVE_2022
1,50.0,2,2,3.0,13.0, , ,1,4.5,4.5,0.0,9,1,Empleado_Informal,ENPOVE_2022
2,34.0,5,2,10.0,13.0,1,2,1,16.0,16.0,0.0,1,4,Empleado_Informal,ENPOVE_2022
1,16.0,6,2,4.0,13.0, , ,1,9.0,9.0,0.0,9,4,Empleado_Informal,ENPOVE_2022
1,24.0,1,2,5.0,13.0, , ,1,10.0,10.0,0.0,9,1,Empleado_Informal,ENPOVE_2022
2,22.0,1,2,5.0,13.0, , ,1,10.0,10.0,0.0,9,1,Desempleado,ENPOVE_2022
1,41.0,6,2,3.0,13.0, , ,1,4.5,4.5,0.0,9,1,Empleado_Informal,ENPOVE_2022
1,30.0,6,2,3.0,13.0, , ,1,4.5,4.5,0.0,9,1,Empleado_Informal,ENPOVE_2022
1,19.0,6,2,5.0,13.0, , ,1,10.0,10.0,0.0,9,1,Empleado_Informal,ENPOVE_2022
1,26.0,6,2,4.0,13.0, , ,1,9.0,9.0,0.0,9,1,Empleado_Informal,ENPOVE_2022
1,15.0,6,2,1.0,5.0, , ,1,0.0,8.5,-8.5,9,3,Empleado_Informal,ENPOVE_2022
1,29.0,6,2,6.0,13.0, , ,1,11.0,11.0,0.0,9,3,Empleado_Informal,ENPOVE_2022
2,26.0,6,2,9.0,13.0, , ,1,13.5,13.5,0.0,1,2,Empleado_Formal,ENPOVE_2022
1,37.0,6,2,8.0,13.0, , ,1,14.0,14.0,0.0,2,3,Empleado_Informal,ENPOVE_2022
1,35.0,2,2,8.0,13.0, , ,1,14.0,14.0,0.0,9,2,Empleado_Informal,ENPOVE_2022
2,25.0,2,2,5.0,13.0, , ,1,10.0,10.0,0.0,4,2,Empleado_Formal,ENPOVE_2022
2,44.0,1,2,10.0,13.0,1,2,1,16.0,16.0,0.0,2,4,Empleado_Formal,ENPOVE_2022
1,25.0,6,2,5.0,13.0, , ,1,10.0,10.0,0.0,9,1,Empleado_Informal,ENPOVE_2022
1,26.0,1,2,6.0,13.0, , ,1,11.0,11.0,0.0,1,3,Empleado_Informal,ENPOVE_2022
2,24.0,1,2,8.0,13.0, , ,1,14.0,14.0,0.0,1,3,Empleado_Informal,ENPOVE_2022
1,35.0,1,2,10.0,13.0,1,2,1,16.0,16.0,0.0,2,5,Empleado_Formal,ENPOVE_2022
2,28.0,1,2,9.0,13.0, , ,1,13.5,13.5,0.0,2,4,Empleado_Formal,ENPOVE_2022
1,18.0,6,2,1.0,6.0, , ,1,0.0,11.0,-11.0,9,4,Empleado_Informal,ENPOVE_2022
1,24.0,1,2,6.0,13.0, , ,1,11.0,11.0,0.0,9,3,Empleado_Informal,ENPOVE_2022
1,39.0,1,2,8.0,13.0, , ,1,14.0,14.0,0.0,2,4,Empleado_Informal,ENPOVE_2022
1,37.0,1,2,5.0,13.0, , ,1,10.0,10.0,0.0,9,1,Empleado_Informal,ENPOVE_2022
2,38.0,1,2,10.0,13.0,2, ,1,16.0,16.0,0.0,9,0,Desempleado,ENPOVE_2022
1,19.0,6,2,5.0,13.0, , ,1,10.0,10.0,0.0,9,0,Empleado_Informal,ENPOVE_2022
1,30.0,1,2,9.0,13.0, , ,1,13.5,13.5,0.0,1,4,Empleado_Informal,ENPOVE_2022
2,26.0,1,2,8.0,13.0, , ,1,14.0,14.0,0.0,1,4,Empleado_Informal,ENPOVE_2022
1,62.0,1,2,1.0,6.0, , ,1,0.0,11.0,-11.0,2,4,Desempleado,ENPOVE_2022
2,40.0,1,2,6.0,13.0, , ,1,11.0,11.0,0.0,2,4,Empleado_Informal,ENPOVE_2022
1,27.0,1,2,6.0,13.0, , ,1,11.0,11.0,0.0,9,4,Empleado_Informal,ENPOVE_2022
1,22.0,5,2,8.0,13.0, , ,1,14.0,14.0,0.0,9,1,Empleado_Informal,ENPOVE_2022
1,28.0,1,2,6.0,13.0, , ,1,11.0,11.0,0.0,2,4,Empleado_Informal,ENPOVE_2022
2,23.0,1,2,6.0,13.0, , ,1,11.0,11.0,0.0,2,4,Desempleado,ENPOVE_2022
1,27.0,1,2,6.0,13.0, , ,1,11.0,11.0,0.0,9,4,Empleado_Informal,ENPOVE_2022
1,23.0,1,2,4.0,13.0, , ,1,9.0,9.0,0.0,9,4,Empleado_Informal,ENPOVE_2022
2,20.0,1,2,6.0,13.0, , ,1,11.0,11.0,0.0,1,4,Empleado_Informal,ENPOVE_2022
1,25.0,1,2,6.0,13.0, , ,1,11.0,11.0,0.0,2,4,Empleado_Informal,ENPOVE_2022
2,22.0,1,2,6.0,13.0, , ,1,11.0,11.0,0.0,9,4,Desempleado,ENPOVE_2022
1,37.0,1,2,10.0,13.0,1,2,1,16.0,16.0,0.0,9,4,Empleado_Informal,ENPOVE_2022
1,23.0,1,2,6.0,13.0, , ,1,11.0,11.0,0.0,9,1,Empleado_Formal,ENPOVE_2022
2,26.0,1,2,6.0,13.0, , ,1,11.0,11.0,0.0,9,3,Empleado_Informal,ENPOVE_2022
1,25.0,1,2,6.0,13.0, , ,1,11.0,11.0,0.0,9,4,Empleado_Informal,ENPOVE_2022
1,64.0,1,2,1.0,10.0, , ,1,0.0,16.0,-16.0,4,3,Empleado_Informal,ENPOVE_2022
2,44.0,1,2,10.0,13.0,2, ,1,16.0,16.0,0.0,1,3,Empleado_Formal,ENPOVE_2022
1,25.0,6,2,6.0,13.0, , ,1,11.0,11.0,0.0,9,1,Empleado_Informal,ENPOVE_2022
2,25.0,6,2,6.0,13.0, , ,1,11.0,11.0,0.0,9,1,Empleado_Informal,ENPOVE_2022
2,36.0,1,2,8.0,13.0, , ,1,14.0,14.0,0.0,2,4,Desempleado,ENPOVE_2022
1,39.0,1,2,8.0,13.0, , ,1,14.0,14.0,0.0,2,4,Desempleado,ENPOVE_2022
1,23.0,6,2,5.0,13.0, , ,1,10.0,10.0,0.0,1,2,Empleado_Informal,ENPOVE_2022
1,20.0,6,2,6.0,13.0, , ,1,11.0,11.0,0.0,9,1,Empleado_Informal,ENPOVE_2022
1,35.0,1,2,8.0,13.0, , ,1,14.0,14.0,0.0,6,4,Empleado_Informal,ENPOVE_2022
2,38.0,1,2,8.0,13.0, , ,1,14.0,14.0,0.0,1,4,Empleado_Informal,ENPOVE_2022
1,19.0,6,2,6.0,13.0, , ,1,11.0,11.0,0.0,9,1,Desempleado,ENPOVE_2022
1,34.0,5,2,9.0,13.0, , ,1,13.5,13.5,0.0,1,4,Empleado_Informal,ENPOVE_2022
2,33.0,1,2,10.0,13.0,1,2,1,16.0,16.0,0.0,1,2,Empleado_Informal,ENPOVE_2022
1,17.0,6,2,5.0,13.0, , ,1,10.0,10.0,0.0,1,1,Empleado_Informal,ENPOVE_2022
1,37.0,2,2,6.0,13.0, , ,1,11.0,11.0,0.0,1,4,Empleado_Informal,ENPOVE_2022
1,19.0,6,2,6.0,13.0, , ,1,11.0,11.0,0.0,9,1,Empleado_Informal,ENPOVE_2022
2,26.0,1,2,5.0,13.0, , ,1,10.0,10.0,0.0,9,4,Desempleado,ENPOVE_2022
1,57.0,5,2,1.0,13.0, , ,1,0.0,0.0,0.0,9,3,Empleado_Informal,ENPOVE_2022
1,34.0,2,2,5.0,13.0, , ,1,10.0,10.0,0.0,9,1,Empleado_Informal,ENPOVE_2022
2,33.0,2,2,5.0,13.0, , ,1,10.0,10.0,0.0,1,1,Desempleado,ENPOVE_2022
2,36.0,1,2,1.0,13.0, , ,1,0.0,0.0,0.0,9,1,Empleado_Informal,ENPOVE_2022
1,40.0,1,2,6.0,13.0, , ,1,11.0,11.0,0.0,9,1,Empleado_Informal,ENPOVE_2022
1,17.0,6,2,3.0,13.0, , ,1,4.5,4.5,0.0,9,1,Empleado_Informal,ENPOVE_2022
1,43.0,1,2,5.0,13.0, , ,1,10.0,10.0,0.0,9,4,Empleado_Informal,ENPOVE_2022
1,18.0,6,2,1.0,6.0, , ,1,0.0,11.0,-11.0,1,3,Empleado_Informal,ENPOVE_2022
2,16.0,6,2,1.0,5.0, , ,1,0.0,8.5,-8.5,1,3,Desempleado,ENPOVE_2022
1,28.0,1,2,8.0,13.0, , ,1,14.0,14.0,0.0,2,4,Empleado_Informal,ENPOVE_2022
1,35.0,1,2,6.0,13.0, , ,1,11.0,11.0,0.0,9,3,Empleado_Informal,ENPOVE_2022
2,24.0,1,2,5.0,13.0, , ,1,10.0,10.0,0.0,9,3,Empleado_Informal,ENPOVE_2022
2,29.0,2,2,10.0,13.0,1,2,1,16.0,16.0,0.0,2,5,Empleado_Formal,ENPOVE_2022
1,35.0,1,2,5.0,13.0, , ,1,10.0,10.0,0.0,9,1,Empleado_Informal,ENPOVE_2022
2,35.0,2,2,5.0,13.0, , ,1,10.0,10.0,0.0,9,4,Empleado_Informal,ENPOVE_2022
1,37.0,2,2,5.0,13.0, , ,1,10.0,10.0,0.0,9,4,Empleado_Informal,ENPOVE_2022
1,23.0,1,2,5.0,13.0, , ,1,10.0,10.0,0.0,9,2,Empleado_Informal,ENPOVE_2022
2,22.0,1,2,6.0,13.0, , ,1,11.0,11.0,0.0,9,1,Desempleado,ENPOVE_2022
2,50.0,2,2,10.0,13.0,1,1,1,16.0,16.0,0.0,1,5,Empleado_Formal,ENPOVE_2022
2,24.0,1,2,9.0,13.0, , ,1,13.5,13.5,0.0,1,4,Empleado_Informal,ENPOVE_2022
2,20.0,1,2,5.0,13.0, , ,1,10.0,10.0,0.0,9,1,Desempleado,ENPOVE_2022
1,37.0,1,2,6.0,13.0, , ,1,11.0,11.0,0.0,1,4,Empleado_Formal,ENPOVE_2022
2,35.0,1,2,10.0,13.0,1,1,1,16.0,16.0,0.0,1,4,Empleado_Informal,ENPOVE_2022
2,21.0,1,2,5.0,13.0, , ,1,10.0,10.0,0.0,9,2,Empleado_Informal,ENPOVE_2022
1,28.0,1,2,5.0,13.0, , ,1,10.0,10.0,0.0,9,4,Empleado_Informal,ENPOVE_2022
1,16.0,6,2,5.0,13.0, , ,1,10.0,10.0,0.0,9,2,Empleado_Informal,ENPOVE_2022
2,27.0,6,2,7.0,13.0, , ,1,12.5,12.5,0.0,9,4,Empleado_Informal,ENPOVE_2022
2,43.0,1,2,5.0,13.0, , ,1,10.0,10.0,0.0,1,3,Empleado_Informal,ENPOVE_2022
2,29.0,1,2,6.0,13.0, , ,1,11.0,11.0,0.0,9,6,Empleado_Informal,ENPOVE_2022
2,31.0,1,2,6.0,13.0, , ,1,11.0,11.0,0.0,1,1,Empleado_Informal,ENPOVE_2022
2,17.0,6,2,1.0,6.0, , ,1,0.0,11.0,-11.0,9,3,Desempleado,ENPOVE_2022
1,62.0,1,2,4.0,13.0, , ,1,9.0,9.0,0.0,2,3,Empleado_Informal,ENPOVE_2022
2,54.0,1,2,6.0,13.0, , ,1,11.0,11.0,0.0,9,3,Empleado_Informal,ENPOVE_2022
1,36.0,1,2,6.0,13.0, , ,1,11.0,11.0,0.0,2,4,Empleado_Informal,ENPOVE_2022
2,25.0,1,2,6.0,13.0, , ,1,11.0,11.0,0.0,1,3,Empleado_Informal,ENPOVE_2022
1,54.0,2,2,5.0,13.0, , ,1,10.0,10.0,0.0,1,3,Empleado_Informal,ENPOVE_2022
1,10.0, ,2,1.0,4.0, , ,1,0.0,6.0,-6.0,1,2,Desempleado,ENPOVE_2022
2,26.0,6,2,10.0,13.0,1,2,1,16.0,16.0,0.0,2,0,Empleado_Informal,ENPOVE_2022
2,42.0,5,2,6.0,13.0, , ,1,11.0,11.0,0.0,9,3,Empleado_Informal,ENPOVE_2022
2,42.0,5,2,6.0,13.0, , ,1,11.0,11.0,0.0,9,3,Empleado_Informal,ENPOVE_2022
1,21.0,6,2,5.0,13.0, , ,1,10.0,10.0,0.0,9,3,Empleado_Informal,ENPOVE_2022
1,42.0,1,2,4.0,13.0, , ,1,9.0,9.0,0.0,9,4,Empleado_Informal,ENPOVE_2022
2,17.0,6,2,1.0,6.0, , ,1,0.0,11.0,-11.0,9,4,Empleado_Informal,ENPOVE_2022
1,23.0,6,2,4.0,13.0, , ,1,9.0,9.0,0.0,9,4,Empleado_Informal,ENPOVE_2022
2,58.0,5,2,4.0,13.0, , ,1,9.0,9.0,0.0,9,1,Desempleado,ENPOVE_2022
2,24.0,1,2,9.0,13.0, , ,1,13.5,13.5,0.0,9,1,Desempleado,ENPOVE_2022
1,20.0,1,2,4.0,13.0, , ,1,9.0,9.0,0.0,9,3,Empleado_Informal,ENPOVE_2022
2,24.0,1,2,3.0,13.0, , ,1,4.5,4.5,0.0,1,3,Desempleado,ENPOVE_2022
1,36.0,2,2,3.0,13.0, , ,1,4.5,4.5,0.0,9,0,Empleado_Informal,ENPOVE_2022
2,32.0,2,2,4.0,13.0, , ,1,9.0,9.0,0.0,9,0,Empleado_Formal,ENPOVE_2022
1,24.0,1,2,6.0,13.0, , ,1,11.0,11.0,0.0,2,4,Empleado_Informal,ENPOVE_2022
1,25.0,6,2,9.0,13.0, , ,1,13.5,13.5,0.0,9,4,Empleado_Informal,ENPOVE_2022
1,27.0,5,2,5.0,13.0, , ,1,10.0,10.0,0.0,9,3,Empleado_Informal,ENPOVE_2022
1,32.0,1,2,9.0,13.0, , ,1,13.5,13.5,0.0,4,4,Empleado_Formal,ENPOVE_2022
2,25.0,1,2,9.0,13.0, , ,1,13.5,13.5,0.0,9,4,Empleado_Informal,ENPOVE_2022
1,34.0,6,2,6.0,13.0, , ,1,11.0,11.0,0.0,9,0,Desempleado,ENPOVE_2022
1,30.0,1,2,8.0,13.0, , ,1,14.0,14.0,0.0,2,4,Empleado_Informal,ENPOVE_2022
2,34.0,1,2,6.0,13.0, , ,1,11.0,11.0,0.0,6,5,Empleado_Informal,ENPOVE_2022
1,18.0,6,2,6.0,13.0, , ,1,11.0,11.0,0.0,9,4,Empleado_Informal,ENPOVE_2022
2,27.0,1,2,6.0,13.0, , ,1,11.0,11.0,0.0,1,4,Empleado_Informal,ENPOVE_2022
1,29.0,1,2,3.0,13.0, , ,1,4.5,4.5,0.0,1,4,Empleado_Informal,ENPOVE_2022
2,35.0,5,2,8.0,13.0, , ,1,14.0,14.0,0.0,1,4,Empleado_Informal,ENPOVE_2022
1,23.0,6,2,9.0,13.0, , ,1,13.5,13.5,0.0,6,4,Empleado_Informal,ENPOVE_2022
2,20.0,6,2,9.0,13.0, , ,1,13.5,13.5,0.0,1,3,Empleado_Informal,ENPOVE_2022
2,33.0,5,2,9.0,13.0, , ,1,13.5,13.5,0.0,2,5,Empleado_Formal,ENPOVE_2022
1,59.0,5,2,4.0,13.0, , ,1,9.0,9.0,0.0,1,2,Empleado_Informal,ENPOVE_2022
2,63.0,5,2,8.0,13.0, , ,1,14.0,14.0,0.0,9,5,Empleado_Informal,ENPOVE_2022
2,46.0,5,2,11.0,13.0,1,2,1,18.0,18.0,0.0,2,4,Empleado_Informal,ENPOVE_2022
2,24.0,6,2,10.0,13.0,1,2,1,16.0,16.0,0.0,1,2,Empleado_Informal,ENPOVE_2022
2,34.0,5,2,9.0,13.0, , ,1,13.5,13.5,0.0,2,5,Empleado_Formal,ENPOVE_2022
1,63.0,1,2,7.0,13.0, , ,1,12.5,12.5,0.0,6,4,Empleado_Formal,ENPOVE_2022
2,20.0,6,2,1.0,7.0, , ,1,0.0,12.5,-12.5,6,4,Empleado_Informal,ENPOVE_2022
1,24.0,1,2,3.0,13.0, , ,1,4.5,4.5,0.0,9,4,Empleado_Informal,ENPOVE_2022
1,36.0,1,2,4.0,13.0, , ,1,9.0,9.0,0.0,1,4,Empleado_Informal,ENPOVE_2022
1,22.0,6,2,9.0,13.0, , ,1,13.5,13.5,0.0,9,3,Empleado_Informal,ENPOVE_2022
1,26.0,6,2,4.0,13.0, , ,1,9.0,9.0,0.0,9,5,Empleado_Informal,ENPOVE_2022
1,31.0,1,2,9.0,13.0, , ,1,13.5,13.5,0.0,6,4,Empleado_Informal,ENPOVE_2022
2,33.0,1,2,10.0,13.0,1,2,1,16.0,16.0,0.0,2,3,Empleado_Informal,ENPOVE_2022
2,49.0,2,2,3.0,13.0, , ,1,4.5,4.5,0.0,9,4,Empleado_Informal,ENPOVE_2022
1,51.0,2,2,4.0,13.0, , ,1,9.0,9.0,0.0,9,4,Empleado_Informal,ENPOVE_2022
2,22.0,1,2,4.0,13.0, , ,1,9.0,9.0,0.0,1,4,Empleado_Informal,ENPOVE_2022
1,37.0,2,2,9.0,13.0, , ,1,13.5,13.5,0.0,1,4,Empleado_Informal,ENPOVE_2022
2,35.0,2,2,10.0,13.0,1,2,1,16.0,16.0,0.0,1,4,Empleado_Informal,ENPOVE_2022
2,22.0,1,2,9.0,13.0, , ,1,13.5,13.5,0.0,2,4,Empleado_Formal,ENPOVE_2022
1,27.0,1,2,9.0,13.0, , ,1,13.5,13.5,0.0,2,4,Empleado_Informal,ENPOVE_2022
1,49.0,1,2,4.0,13.0, , ,1,9.0,9.0,0.0,9,1,Empleado_Informal,ENPOVE_2022
2,49.0,1,2,3.0,13.0, , ,1,4.5,4.5,0.0,9,1,Empleado_Informal,ENPOVE_2022
1,30.0,6,2,9.0,13.0, , ,1,13.5,13.5,0.0,9,4,Empleado_Informal,ENPOVE_2022
2,64.0,4,2,6.0,13.0, , ,1,11.0,11.0,0.0,1,1,Empleado_Informal,ENPOVE_2022
2,43.0,1,2,11.0,13.0,1,1,1,18.0,18.0,0.0,2,4,Empleado_Formal,ENPOVE_2022
1,50.0,1,2,11.0,13.0,1,1,1,18.0,18.0,0.0,1,3,Empleado_Formal,ENPOVE_2022
1,34.0,2,2,10.0,13.0,1,2,1,16.0,16.0,0.0,9,3,Empleado_Informal,ENPOVE_2022
2,27.0,2,2,10.0,13.0,1,2,1,16.0,16.0,0.0,1,3,Empleado_Informal,ENPOVE_2022
1,25.0,1,2,6.0,13.0, , ,1,11.0,11.0,0.0,9,1,Empleado_Informal,ENPOVE_2022
2,27.0,1,2,10.0,13.0,1,2,1,16.0,16.0,0.0,9,1,Desempleado,ENPOVE_2022
1,38.0,1,2,3.0,13.0, , ,1,4.5,4.5,0.0,1,4,Empleado_Informal,ENPOVE_2022
1,26.0,2,2,6.0,13.0, , ,1,11.0,11.0,0.0,1,4,Empleado_Informal,ENPOVE_2022
1,54.0,2,2,6.0,13.0, , ,1,11.0,11.0,0.0,1,4,Empleado_Informal,ENPOVE_2022
1,20.0,6,2,6.0,13.0, , ,1,11.0,11.0,0.0,1,4,Empleado_Informal,ENPOVE_2022
1,26.0,1,2,6.0,13.0, , ,1,11.0,11.0,0.0,1,4,Empleado_Informal,ENPOVE_2022
2,23.0,1,2,8.0,13.0, , ,1,14.0,14.0,0.0,9,3,Desempleado,ENPOVE_2022
2,40.0,5,2,4.0,13.0, , ,1,9.0,9.0,0.0,9,3,Empleado_Informal,ENPOVE_2022
2,20.0,6,2,4.0,13.0, , ,1,9.0,9.0,0.0,1,3,Empleado_Informal,ENPOVE_2022
2,39.0,6,2,10.0,13.0,1,2,1,16.0,16.0,0.0,2,4,Empleado_Formal,ENPOVE_2022
1,33.0,2,2,4.0,13.0, , ,1,9.0,9.0,0.0,2,5,Empleado_Informal,ENPOVE_2022
1,27.0,6,2,8.0,13.0, , ,1,14.0,14.0,0.0,2,4,Empleado_Informal,ENPOVE_2022
1,24.0,1,2,8.0,13.0, , ,1,14.0,14.0,0.0,2,4,Empleado_Formal,ENPOVE_2022
1,37.0,6,2,10.0,13.0,1,2,1,16.0,16.0,0.0,1,4,Empleado_Informal,ENPOVE_2022
1,35.0,2,2,8.0,13.0, , ,1,14.0,14.0,0.0,2,4,Empleado_Informal,ENPOVE_2022
2,36.0,2,2,10.0,13.0,1,2,1,16.0,16.0,0.0,2,4,Desempleado,ENPOVE_2022
2,41.0,1,2,8.0,13.0, , ,1,14.0,14.0,0.0,1,3,Desempleado,ENPOVE_2022
2,44.0,5,2,8.0,13.0, , ,1,14.0,14.0,0.0,9,1,Empleado_Informal,ENPOVE_2022
1,39.0,5,2,4.0,13.0, , ,1,9.0,9.0,0.0,9,1,Empleado_Informal,ENPOVE_2022
1,24.0,6,2,4.0,13.0, , ,1,9.0,9.0,0.0,9,2,Empleado_Informal,ENPOVE_2022
2,35.0,1,2,10.0,13.0,1,2,1,16.0,16.0,0.0,2,2,Desempleado,ENPOVE_2022
2,64.0,4,2,10.0,13.0,1,2,1,16.0,16.0,0.0,9,2,Desempleado,ENPOVE_2022
2,50.0,4,2,4.0,13.0, , ,1,9.0,9.0,0.0,9,4,Empleado_Informal,ENPOVE_2022
1,22.0,6,2,4.0,13.0, , ,1,9.0,9.0,0.0,9,4,Empleado_Informal,ENPOVE_2022
2,22.0,6,2,4.0,13.0, , ,1,9.0,9.0,0.0,9,4,Empleado_Informal,ENPOVE_2022
2,27.0,5,2,3.0,13.0, , ,1,4.5,4.5,0.0,9,3,Empleado_Formal,ENPOVE_2022
1,41.0,1,2,6.0,13.0, , ,1,11.0,11.0,0.0,1,4,Empleado_Informal,ENPOVE_2022
1,17.0,6,2,1.0,6.0, , ,1,0.0,11.0,-11.0,9,3,Empleado_Informal,ENPOVE_2022
2,41.0,6,2,10.0,13.0,1,2,1,16.0,16.0,0.0,1,3,Empleado_Informal,ENPOVE_2022
2,31.0,1,2,9.0,13.0, , ,1,13.5,13.5,0.0,9,4,Empleado_Informal,ENPOVE_2022
1,39.0,1,2,4.0,13.0, , ,1,9.0,9.0,0.0,2,4,Empleado_Informal,ENPOVE_2022
1,19.0,6,2,4.0,13.0, , ,1,9.0,9.0,0.0,9,1,Empleado_Informal,ENPOVE_2022
1,36.0,6,2,10.0,13.0,1,2,1,16.0,16.0,0.0,2,4,Empleado_Informal,ENPOVE_2022
1,34.0,6,2,10.0,13.0,1,2,1,16.0,16.0,0.0,9,4,Empleado_Informal,ENPOVE_2022
2,36.0,1,2,11.0,13.0,1,2,1,18.0,18.0,0.0,9,3,Empleado_Informal,ENPOVE_2022
2,47.0,5,2,3.0,13.0, , ,1,4.5,4.5,0.0,9,1,Empleado_Informal,ENPOVE_2022
1,26.0,6,2,3.0,13.0, , ,1,4.5,4.5,0.0,9,1,Empleado_Informal,ENPOVE_2022
1,30.0,1,2,4.0,13.0, , ,1,9.0,9.0,0.0,9,1,Empleado_Informal,ENPOVE_2022
2,22.0,1,2,4.0,13.0, , ,1,9.0,9.0,0.0,9,1,Desempleado,ENPOVE_2022
1,32.0,1,2,9.0,13.0, , ,1,13.5,13.5,0.0,6,4,Empleado_Informal,ENPOVE_2022
2,39.0,2,2,10.0,13.0,1,2,1,16.0,16.0,0.0,2,4,Empleado_Informal,ENPOVE_2022
1,39.0,2,2,6.0,13.0, , ,1,11.0,11.0,0.0,2,4,Empleado_Informal,ENPOVE_2022
1,37.0,2,2,8.0,13.0, , ,1,14.0,14.0,0.0,2,4,Empleado_Informal,ENPOVE_2022
2,39.0,2,2,10.0,13.0,1,2,1,16.0,16.0,0.0,2,4,Empleado_Informal,ENPOVE_2022
1,35.0,6,2,10.0,13.0,1,2,1,16.0,16.0,0.0,2,4,Empleado_Informal,ENPOVE_2022
1,46.0,5,2,8.0,13.0, , ,1,14.0,14.0,0.0,1,3,Empleado_Informal,ENPOVE_2022
1,41.0,6,2,8.0,13.0, , ,1,14.0,14.0,0.0,2,4,Empleado_Informal,ENPOVE_2022
2,28.0,5,2,8.0,13.0, , ,1,14.0,14.0,0.0,1,4,Empleado_Informal,ENPOVE_2022
2,24.0,1,2,4.0,13.0, , ,1,9.0,9.0,0.0,2,4,Empleado_Informal,ENPOVE_2022
1,26.0,1,2,4.0,13.0, , ,1,9.0,9.0,0.0,2,3,Empleado_Informal,ENPOVE_2022
2,38.0,2,2,11.0,13.0,1,1,1,18.0,18.0,0.0,2,4,Empleado_Formal,ENPOVE_2022
2,35.0,6,2,10.0,13.0,1,2,1,16.0,16.0,0.0,2,5,Empleado_Informal,ENPOVE_2022
2,23.0,1,2,4.0,13.0, , ,1,9.0,9.0,0.0,2,4,Empleado_Informal,ENPOVE_2022
1,41.0,1,2,3.0,13.0, , ,1,4.5,4.5,0.0,9,2,Desempleado,ENPOVE_2022
1,22.0,1,2,3.0,13.0, , ,1,4.5,4.5,0.0,9,1,Empleado_Informal,ENPOVE_2022
2,37.0,6,2,3.0,13.0, , ,1,4.5,4.5,0.0,9,2,Desempleado,ENPOVE_2022
1,22.0,1,2,3.0,13.0, , ,1,4.5,4.5,0.0,9,0,Empleado_Informal,ENPOVE_2022
2,47.0,5,2,4.0,13.0, , ,1,9.0,9.0,0.0,9,4,Desempleado,ENPOVE_2022
2,20.0,5,2,3.0,13.0, , ,1,4.5,4.5,0.0,9,3,Empleado_Informal,ENPOVE_2022
1,50.0,1,2,3.0,13.0, , ,1,4.5,4.5,0.0,1,5,Empleado_Informal,ENPOVE_2022
1,27.0,6,2,4.0,13.0, , ,1,9.0,9.0,0.0,1,4,Empleado_Informal,ENPOVE_2022
1,23.0,3,2,8.0,13.0, , ,1,14.0,14.0,0.0,1,3,Empleado_Informal,ENPOVE_2022
2,24.0,6,2,8.0,13.0, , ,1,14.0,14.0,0.0,9,4,Empleado_Informal,ENPOVE_2022
2,30.0,1,2,4.0,13.0, , ,1,9.0,9.0,0.0,2,4,Desempleado,ENPOVE_2022
2,29.0,6,2,10.0,13.0,1,2,1,16.0,16.0,0.0,1,3,Empleado_Informal,ENPOVE_2022
2,22.0,1,2,4.0,13.0, , ,1,9.0,9.0,0.0,9,3,Empleado_Informal,ENPOVE_2022
2,38.0,5,2,6.0,13.0, , ,1,11.0,11.0,0.0,1,5,Empleado_Informal,ENPOVE_2022
1,18.0,6,2,3.0,13.0, , ,1,4.5,4.5,0.0,9,3,Empleado_Informal,ENPOVE_2022
2,16.0,6,2,3.0,13.0, , ,1,4.5,4.5,0.0,1,3,Empleado_Informal,ENPOVE_2022
2,18.0,6,2,4.0,13.0, , ,1,9.0,9.0,0.0,9,1,Empleado_Informal,ENPOVE_2022
1,41.0,1,2,4.0,13.0, , ,1,9.0,9.0,0.0,1,4,Empleado_Informal,ENPOVE_2022
2,37.0,1,2,10.0,13.0,1,2,1,16.0,16.0,0.0,9,2,Empleado_Informal,ENPOVE_2022
1,18.0,6,2,9.0,13.0, , ,1,13.5,13.5,0.0,9,1,Empleado_Informal,ENPOVE_2022
2,66.0,1,2,6.0,13.0, , ,1,11.0,11.0,0.0,9,1,Empleado_Informal,ENPOVE_2022
2,28.0,5,2,6.0,13.0, , ,1,11.0,11.0,0.0,1,3,Empleado_Informal,ENPOVE_2022
1,27.0,1,2,9.0,13.0, , ,1,13.5,13.5,0.0,1,4,Empleado_Informal,ENPOVE_2022
1,43.0,1,2,4.0,13.0, , ,1,9.0,9.0,0.0,1,1,Empleado_Informal,ENPOVE_2022
2,24.0,2,2,4.0,13.0, , ,1,9.0,9.0,0.0,9,1,Empleado_Informal,ENPOVE_2022
1,30.0,2,2,4.0,13.0, , ,1,9.0,9.0,0.0,1,1,Empleado_Informal,ENPOVE_2022
1,30.0,1,2,6.0,13.0, , ,1,11.0,11.0,0.0,1,2,Empleado_Informal,ENPOVE_2022
2,29.0,1,2,9.0,13.0, , ,1,13.5,13.5,0.0,1,2,Desempleado,ENPOVE_2022
1,24.0,6,2,4.0,13.0, , ,1,9.0,9.0,0.0,9,1,Empleado_Informal,ENPOVE_2022
1,54.0,2,2,8.0,13.0, , ,1,14.0,14.0,0.0,2,4,Empleado_Informal,ENPOVE_2022
1,32.0,6,2,9.0,13.0, , ,1,13.5,13.5,0.0,1,4,Empleado_Informal,ENPOVE_2022
1,34.0,6,2,9.0,13.0, , ,1,13.5,13.5,0.0,2,4,Empleado_Informal,ENPOVE_2022
1,36.0,1,2,9.0,13.0, , ,1,13.5,13.5,0.0,9,3,Empleado_Informal,ENPOVE_2022
1,30.0,2,2,10.0,13.0,1,1,1,16.0,16.0,0.0,2,4,Empleado_Formal,ENPOVE_2022
2,28.0,1,2,8.0,13.0, , ,1,14.0,14.0,0.0,2,4,Desempleado,ENPOVE_2022
1,28.0,1,2,8.0,13.0, , ,1,14.0,14.0,0.0,9,1,Empleado_Informal,ENPOVE_2022
1,27.0,1,2,3.0,13.0, , ,1,4.5,4.5,0.0,1,3,Empleado_Informal,ENPOVE_2022
2,30.0,5,2,3.0,13.0, , ,1,4.5,4.5,0.0,9,3,Empleado_Informal,ENPOVE_2022
2,32.0,6,2,10.0,13.0,1,2,1,16.0,16.0,0.0,2,3,Empleado_Informal,ENPOVE_2022
2,34.0,6,2,9.0,13.0, , ,1,13.5,13.5,0.0,2,3,Empleado_Informal,ENPOVE_2022
1,27.0,6,2,7.0,13.0, , ,1,12.5,12.5,0.0,1,3,Empleado_Informal,ENPOVE_2022
2,47.0,2,2,4.0,13.0, , ,1,9.0,9.0,0.0,1,3,Empleado_Informal,ENPOVE_2022
1,50.0,2,2,4.0,13.0, , ,1,9.0,9.0,0.0,1,3,Empleado_Informal,ENPOVE_2022
2,23.0,2,2,1.0,7.0, , ,1,0.0,12.5,-12.5,2,4,Empleado_Informal,ENPOVE_2022
2,39.0,1,2,3.0,13.0, , ,1,4.5,4.5,0.0,1,2,Empleado_Informal,ENPOVE_2022
2,19.0,6,2,4.0,13.0, , ,1,9.0,9.0,0.0,9,2,Empleado_Informal,ENPOVE_2022
2,43.0,4,2,10.0,13.0,2, ,1,16.0,16.0,0.0,1,4,Empleado_Informal,ENPOVE_2022
2,18.0,6,2,1.0,6.0, , ,1,0.0,11.0,-11.0,1,4,Empleado_Informal,ENPOVE_2022
1,42.0,5,2,3.0,13.0, , ,1,4.5,4.5,0.0,9,0,Empleado_Informal,ENPOVE_2022
2,53.0,4,2,6.0,13.0, , ,1,11.0,11.0,0.0,9,4,Empleado_Informal,ENPOVE_2022
1,35.0,2,2,4.0,13.0, , ,1,9.0,9.0,0.0,1,4,Empleado_Informal,ENPOVE_2022
2,32.0,2,2,8.0,13.0, , ,1,14.0,14.0,0.0,1,4,Empleado_Formal,ENPOVE_2022
1,31.0,1,2,4.0,13.0, , ,1,9.0,9.0,0.0,2,4,Empleado_Informal,ENPOVE_2022
2,39.0,1,2,4.0,13.0, , ,1,9.0,9.0,0.0,6,4,Empleado_Informal,ENPOVE_2022
2,22.0,1,2,4.0,13.0, , ,1,9.0,9.0,0.0,1,3,Empleado_Informal,ENPOVE_2022
1,23.0,1,2,3.0,13.0, , ,1,4.5,4.5,0.0,9,3,Empleado_Informal,ENPOVE_2022
2,31.0,1,2,10.0,13.0,1,2,1,16.0,16.0,0.0,2,1,Empleado_Informal,ENPOVE_2022
1,29.0,1,2,8.0,13.0, , ,1,14.0,14.0,0.0,2,4,Empleado_Informal,ENPOVE_2022
2,17.0,6,2,4.0,13.0, , ,1,9.0,9.0,0.0,9,1,Empleado_Informal,ENPOVE_2022
2,27.0,6,2,9.0,13.0, , ,1,13.5,13.5,0.0,2,3,Empleado_Informal,ENPOVE_2022
1,33.0,1,2,3.0,13.0, , ,1,4.5,4.5,0.0,9,3,Empleado_Informal,ENPOVE_2022
2,42.0,1,2,4.0,13.0, , ,1,9.0,9.0,0.0,1,3,Empleado_Informal,ENPOVE_2022
2,23.0,6,2,4.0,13.0, , ,1,9.0,9.0,0.0,1,3,Empleado_Informal,ENPOVE_2022
2,21.0,5,2,4.0,13.0, , ,1,9.0,9.0,0.0,1,3,Empleado_Informal,ENPOVE_2022
1,32.0,2,2,3.0,13.0, , ,1,4.5,4.5,0.0,1,3,Empleado_Informal,ENPOVE_2022
1,26.0,6,2,10.0,13.0,1,2,1,16.0,16.0,0.0,2,4,Empleado_Informal,ENPOVE_2022
1,19.0,6,2,4.0,13.0, , ,1,9.0,9.0,0.0,1,4,Empleado_Informal,ENPOVE_2022
2,33.0,2,2,9.0,13.0, , ,1,13.5,13.5,0.0,2,3,Desempleado,ENPOVE_2022
1,40.0,2,2,3.0,13.0, , ,1,4.5,4.5,0.0,6,3,Empleado_Informal,ENPOVE_2022
2,34.0,2,2,4.0,13.0, , ,1,9.0,9.0,0.0,9,3,Empleado_Informal,ENPOVE_2022
2,24.0,5,2,9.0,13.0, , ,1,13.5,13.5,0.0,9,3,Empleado_Informal,ENPOVE_2022
2,43.0,5,2,10.0,13.0,1,2,1,16.0,16.0,0.0,2,4,Empleado_Informal,ENPOVE_2022
2,42.0,6,2,10.0,13.0,1,2,1,16.0,16.0,0.0,2,4,Empleado_Formal,ENPOVE_2022
2,36.0,6,2,10.0,13.0,1,2,1,16.0,16.0,0.0,2,4,Empleado_Informal,ENPOVE_2022
2,26.0,1,2,4.0,13.0, , ,1,9.0,9.0,0.0,9,5,Empleado_Informal,ENPOVE_2022
1,24.0,1,2,4.0,13.0, , ,1,9.0,9.0,0.0,2,4,Empleado_Informal,ENPOVE_2022
1,32.0,1,2,9.0,13.0, , ,1,13.5,13.5,0.0,1,5,Empleado_Informal,ENPOVE_2022
1,23.0,1,2,8.0,13.0, , ,1,14.0,14.0,0.0,1,3,Empleado_Informal,ENPOVE_2022
2,24.0,1,2,9.0,13.0, , ,1,13.5,13.5,0.0,1,14,Empleado_Informal,ENPOVE_2022
2,34.0,5,2,5.0,13.0, , ,1,10.0,10.0,0.0,1,3,Empleado_Informal,ENPOVE_2022
1,16.0,6,2,5.0,13.0, , ,1,10.0,10.0,0.0,9,1,Empleado_Informal,ENPOVE_2022
2,61.0,3,2,5.0,13.0, , ,1,10.0,10.0,0.0,9,2,Desempleado,ENPOVE_2022
2,40.0,2,2,10.0,13.0,1,2,1,16.0,16.0,0.0,2,4,Empleado_Formal,ENPOVE_2022
2,64.0,5,2,3.0,13.0, , ,1,4.5,4.5,0.0,9,1,Desempleado,ENPOVE_2022
2,27.0,2,2,8.0,13.0, , ,1,14.0,14.0,0.0,9,4,Desempleado,ENPOVE_2022
2,17.0,6,2,4.0,13.0, , ,1,9.0,9.0,0.0,9,1,Desempleado,ENPOVE_2022
1,33.0,2,2,6.0,13.0, , ,1,11.0,11.0,0.0,1,4,Empleado_Informal,ENPOVE_2022
2,34.0,2,2,8.0,13.0, , ,1,14.0,14.0,0.0,1,4,Empleado_Formal,ENPOVE_2022
1,33.0,6,2,8.0,13.0, , ,1,14.0,14.0,0.0,2,5,Empleado_Informal,ENPOVE_2022
1,22.0,1,2,6.0,13.0, , ,1,11.0,11.0,0.0,9,3,Empleado_Informal,ENPOVE_2022
2,44.0,5,2,4.0,13.0, , ,1,9.0,9.0,0.0,9,4,Empleado_Informal,ENPOVE_2022
2,23.0,6,2,6.0,13.0, , ,1,11.0,11.0,0.0,9,4,Empleado_Informal,ENPOVE_2022
1,39.0,2,2,11.0,13.0,1,1,1,18.0,18.0,0.0,1,5,Empleado_Formal,ENPOVE_2022
2,36.0,2,2,10.0,13.0,1,2,1,16.0,16.0,0.0,4,5,Empleado_Informal,ENPOVE_2022
2,49.0,1,2,3.0,13.0, , ,1,4.5,4.5,0.0,2,3,Empleado_Informal,ENPOVE_2022
1,49.0,1,2,4.0,13.0, , ,1,9.0,9.0,0.0,9,3,Empleado_Informal,ENPOVE_2022
1,25.0,6,2,4.0,13.0, , ,1,9.0,9.0,0.0,2,4,Empleado_Informal,ENPOVE_2022
1,25.0,1,2,4.0,13.0, , ,1,9.0,9.0,0.0,2,4,Empleado_Informal,ENPOVE_2022
2,37.0,1,2,4.0,13.0, , ,1,9.0,9.0,0.0,2,4,Empleado_Informal,ENPOVE_2022
1,35.0,1,2,8.0,13.0, , ,1,14.0,14.0,0.0,2,4,Empleado_Informal,ENPOVE_2022
2,35.0,1,2,10.0,13.0,1,2,1,16.0,16.0,0.0,2,4,Empleado_Formal,ENPOVE_2022
2,32.0,1,2,10.0,13.0,1,2,1,16.0,16.0,0.0,2,4,Empleado_Formal,ENPOVE_2022
1,36.0,1,2,10.0,13.0,1,2,1,16.0,16.0,0.0,2,4,Empleado_Informal,ENPOVE_2022
2,51.0,6,2,9.0,13.0, , ,1,13.5,13.5,0.0,9,1,Empleado_Informal,ENPOVE_2022
2,37.0,5,2,10.0,13.0,1,2,1,16.0,16.0,0.0,1,2,Empleado_Informal,ENPOVE_2022
1,16.0,6,2,1.0,5.0, , ,1,0.0,8.5,-8.5,9,3,Empleado_Informal,ENPOVE_2022
2,26.0,1,2,6.0,13.0, , ,1,11.0,11.0,0.0,6,4,Empleado_Informal,ENPOVE_2022
1,31.0,1,2,6.0,13.0, , ,1,11.0,11.0,0.0,6,4,Empleado_Informal,ENPOVE_2022
1,30.0,1,2,5.0,13.0, , ,1,10.0,10.0,0.0,9,3,Empleado_Informal,ENPOVE_2022
1,25.0,2,2,8.0,13.0, , ,1,14.0,14.0,0.0,1,4,Empleado_Informal,ENPOVE_2022
1,24.0,1,2,6.0,13.0, , ,1,11.0,11.0,0.0,1,0,Empleado_Informal,ENPOVE_2022
2,25.0,1,2,6.0,13.0, , ,1,11.0,11.0,0.0,9,1,Desempleado,ENPOVE_2022
1,31.0,1,2,6.0,13.0, , ,1,11.0,11.0,0.0,1,4,Empleado_Informal,ENPOVE_2022
1,55.0,5,2,4.0,13.0, , ,1,9.0,9.0,0.0,9,1,Empleado_Informal,ENPOVE_2022
2,23.0,1,2,5.0,13.0, , ,1,10.0,10.0,0.0,9,3,Empleado_Informal,ENPOVE_2022
1,19.0,1,2,4.0,13.0, , ,1,9.0,9.0,0.0,9,0,Empleado_Informal,ENPOVE_2022
1,44.0,1,2,6.0,13.0, , ,1,11.0,11.0,0.0,1,3,Empleado_Informal,ENPOVE_2022
1,32.0,1,2,10.0,13.0,1,2,1,16.0,16.0,0.0,1,4,Empleado_Informal,ENPOVE_2022
1,31.0,5,2,6.0,13.0, , ,1,11.0,11.0,0.0,9,2,Empleado_Informal,ENPOVE_2022
1,31.0,2,2,8.0,13.0, , ,1,14.0,14.0,0.0,9,3,Empleado_Informal,ENPOVE_2022
2,29.0,2,2,9.0,13.0, , ,1,13.5,13.5,0.0,9,2,Empleado_Informal,ENPOVE_2022
2,20.0,6,2,1.0,6.0, , ,1,0.0,11.0,-11.0,4,4,Empleado_Informal,ENPOVE_2022
2,33.0,1,2,10.0,13.0,1,2,1,16.0,16.0,0.0,2,4,Empleado_Formal,ENPOVE_2022
1,54.0,2,2,8.0,13.0, , ,1,14.0,14.0,0.0,2,4,Empleado_Formal,ENPOVE_2022
2,56.0,2,2,8.0,13.0, , ,1,14.0,14.0,0.0,2,4,Empleado_Informal,ENPOVE_2022
1,24.0,6,2,4.0,13.0, , ,1,9.0,9.0,0.0,2,5,Desempleado,ENPOVE_2022
2,44.0,2,2,4.0,13.0, , ,1,9.0,9.0,0.0,9,1,Empleado_Informal,ENPOVE_2022
2,32.0,6,2,10.0,13.0,1,2,1,16.0,16.0,0.0,9,4,Empleado_Informal,ENPOVE_2022
1,27.0,2,2,3.0,13.0, , ,1,4.5,4.5,0.0,9,4,Empleado_Informal,ENPOVE_2022
2,30.0,2,2,10.0,13.0,1,2,1,16.0,16.0,0.0,1,4,Desempleado,ENPOVE_2022
2,43.0,4,2,10.0,13.0,1,2,1,16.0,16.0,0.0,1,3,Empleado_Informal,ENPOVE_2022
1,24.0,6,2,9.0,13.0, , ,1,13.5,13.5,0.0,6,4,Empleado_Informal,ENPOVE_2022
2,55.0,2,2,11.0,13.0,1,2,1,18.0,18.0,0.0,2,4,Empleado_Informal,ENPOVE_2022
1,57.0,2,2,10.0,13.0,1,2,1,16.0,16.0,0.0,1,3,Empleado_Informal,ENPOVE_2022
2,27.0,6,2,10.0,13.0,1,2,1,16.0,16.0,0.0,1,3,Empleado_Informal,ENPOVE_2022
1,29.0,6,2,10.0,13.0,1,2,1,16.0,16.0,0.0,1,3,Empleado_Informal,ENPOVE_2022
2,58.0,3,2,5.0,13.0, , ,1,10.0,10.0,0.0,6,4,Empleado_Informal,ENPOVE_2022
1,30.0,1,2,6.0,13.0, , ,1,11.0,11.0,0.0,9,4,Empleado_Formal,ENPOVE_2022
2,30.0,6,2,10.0,13.0,1,2,1,16.0,16.0,0.0,2,5,Empleado_Formal,ENPOVE_2022
1,23.0,6,2,4.0,13.0, , ,1,9.0,9.0,0.0,2,5,Empleado_Formal,ENPOVE_2022
1,27.0,6,2,3.0,13.0, , ,1,4.5,4.5,0.0,9,1,Empleado_Informal,ENPOVE_2022
1,44.0,1,2,8.0,13.0, , ,1,14.0,14.0,0.0,1,4,Desempleado,ENPOVE_2022
2,23.0,6,2,4.0,13.0, , ,1,9.0,9.0,0.0,9,4,Empleado_Informal,ENPOVE_2022
2,31.0,6,2,10.0,13.0,1,2,1,16.0,16.0,0.0,1,3,Empleado_Informal,ENPOVE_2022
2,34.0,6,2,9.0,13.0, , ,1,13.5,13.5,0.0,2,4,Empleado_Informal,ENPOVE_2022
1,36.0,1,2,3.0,13.0, , ,1,4.5,4.5,0.0,9,4,Empleado_Informal,ENPOVE_2022
1,42.0,5,2,3.0,13.0, , ,1,4.5,4.5,0.0,9,1,Empleado_Formal,ENPOVE_2022
2,21.0,6,2,4.0,13.0, , ,1,9.0,9.0,0.0,9,3,Empleado_Informal,ENPOVE_2022
1,25.0,6,2,8.0,13.0, , ,1,14.0,14.0,0.0,2,4,Empleado_Informal,ENPOVE_2022
2,25.0,1,2,4.0,13.0, , ,1,9.0,9.0,0.0,2,4,Desempleado,ENPOVE_2022
1,70.0,2,2,4.0,13.0, , ,1,9.0,9.0,0.0,2,3,Desempleado,ENPOVE_2022
2,59.0,5,2,10.0,13.0,1,2,1,16.0,16.0,0.0,2,4,Empleado_Informal,ENPOVE_2022
2,29.0,6,2,9.0,13.0, , ,1,13.5,13.5,0.0,1,3,Empleado_Informal,ENPOVE_2022
1,22.0,6,2,4.0,13.0, , ,1,9.0,9.0,0.0,9,1,Empleado_Informal,ENPOVE_2022
1,38.0,2,2,4.0,13.0, , ,1,9.0,9.0,0.0,2,3,Empleado_Formal,ENPOVE_2022
2,26.0,5,2,4.0,13.0, , ,1,9.0,9.0,0.0,9,3,Empleado_Informal,ENPOVE_2022
2,21.0,6,2,4.0,13.0, , ,1,9.0,9.0,0.0,2,4,Empleado_Informal,ENPOVE_2022
1,30.0,1,2,9.0,13.0, , ,1,13.5,13.5,0.0,2,4,Empleado_Informal,ENPOVE_2022
2,36.0,1,2,8.0,13.0, , ,1,14.0,14.0,0.0,2,4,Desempleado,ENPOVE_2022
1,28.0,1,2,10.0,13.0,1,2,1,16.0,16.0,0.0,1,3,Empleado_Informal,ENPOVE_2022
1,29.0,1,2,4.0,13.0, , ,1,9.0,9.0,0.0,1,3,Empleado_Informal,ENPOVE_2022
2,29.0,1,2,8.0,13.0, , ,1,14.0,14.0,0.0,1,4,Empleado_Informal,ENPOVE_2022
1,32.0,5,2,4.0,13.0, , ,1,9.0,9.0,0.0,9,4,Empleado_Informal,ENPOVE_2022
1,14.0,6,2,1.0,5.0, , ,1,0.0,8.5,-8.5,2,4,Desempleado,ENPOVE_2022
2,54.0,6,2,6.0,13.0, , ,1,11.0,11.0,0.0,9,2,Empleado_Informal,ENPOVE_2022
1,30.0,1,2,6.0,13.0, , ,1,11.0,11.0,0.0,2,5,Empleado_Informal,ENPOVE_2022
1,25.0,6,2,6.0,13.0, , ,1,11.0,11.0,0.0,9,4,Empleado_Informal,ENPOVE_2022
1,24.0,6,2,6.0,13.0, , ,1,11.0,11.0,0.0,9,5,Empleado_Informal,ENPOVE_2022
2,32.0,5,2,10.0,13.0,2, ,1,16.0,16.0,0.0,2,4,Empleado_Informal,ENPOVE_2022
2,55.0,5,2,8.0,13.0, , ,1,14.0,14.0,0.0,1,4,Empleado_Informal,ENPOVE_2022
2,39.0,1,2,10.0,13.0,1,2,1,16.0,16.0,0.0,9,3,Empleado_Informal,ENPOVE_2022
1,21.0,6,2,4.0,13.0, , ,1,9.0,9.0,0.0,9,3,Empleado_Informal,ENPOVE_2022
1,54.0,5,2,3.0,13.0, , ,1,4.5,4.5,0.0,9,0,Empleado_Informal,ENPOVE_2022
2,53.0,3,2,10.0,13.0,1,2,1,16.0,16.0,0.0,9,1,Empleado_Informal,ENPOVE_2022
1,19.0,6,2,4.0,13.0, , ,1,9.0,9.0,0.0,9,1,Empleado_Informal,ENPOVE_2022
1,19.0,1,2,3.0,13.0, , ,1,4.5,4.5,0.0,9,4,Desempleado,ENPOVE_2022
1,29.0,6,2,8.0,13.0, , ,1,14.0,14.0,0.0,2,4,Empleado_Formal,ENPOVE_2022
1,23.0,6,2,4.0,13.0, , ,1,9.0,9.0,0.0,2,3,Empleado_Formal,ENPOVE_2022
1,27.0,6,2,7.0,13.0, , ,1,12.5,12.5,0.0,2,5,Empleado_Formal,ENPOVE_2022
1,27.0,6,2,4.0,13.0, , ,1,9.0,9.0,0.0,2,4,Empleado_Formal,ENPOVE_2022
1,53.0,2,2,3.0,13.0, , ,1,4.5,4.5,0.0,1,3,Empleado_Informal,ENPOVE_2022
2,36.0,2,2,11.0,13.0,1,2,1,18.0,18.0,0.0,1,3,Desempleado,ENPOVE_2022
2,32.0,5,2,4.0,13.0, , ,1,9.0,9.0,0.0,9,3,Empleado_Informal,ENPOVE_2022
1,16.0,6,2,1.0,5.0, , ,1,0.0,8.5,-8.5,9,3,Desempleado,ENPOVE_2022
1,37.0,1,2,4.0,13.0, , ,1,9.0,9.0,0.0,1,3,Empleado_Informal,ENPOVE_2022
2,36.0,1,2,3.0,13.0, , ,1,4.5,4.5,0.0,1,3,Desempleado,ENPOVE_2022
1,27.0,1,2,4.0,13.0, , ,1,9.0,9.0,0.0,9,4,Empleado_Informal,ENPOVE_2022
2,36.0,2,2,3.0,13.0, , ,1,4.5,4.5,0.0,9,0,Empleado_Informal,ENPOVE_2022
2,42.0,2,2,10.0,13.0,1,2,1,16.0,16.0,0.0,2,4,Desempleado,ENPOVE_2022
2,26.0,1,2,4.0,13.0, , ,1,9.0,9.0,0.0,9,2,Empleado_Informal,ENPOVE_2022
1,26.0,1,2,3.0,13.0, , ,1,4.5,4.5,0.0,9,2,Empleado_Informal,ENPOVE_2022
2,27.0,5,2,3.0,13.0, , ,1,4.5,4.5,0.0,9,4,Desempleado,ENPOVE_2022
2,8.0, ,2,3.0,13.0, , ,1,4.5,4.5,0.0,9,4,Desempleado,ENPOVE_2022
1,41.0,1,2,3.0,13.0, , ,1,4.5,4.5,0.0,9,1,Empleado_Informal,ENPOVE_2022
1,28.0,2,2,6.0,13.0, , ,1,11.0,11.0,0.0,2,3,Empleado_Informal,ENPOVE_2022
2,32.0,2,2,10.0,13.0,1,2,1,16.0,16.0,0.0,9,3,Desempleado,ENPOVE_2022
1,27.0,1,2,3.0,13.0, , ,1,4.5,4.5,0.0,9,3,Empleado_Informal,ENPOVE_2022
2,36.0,5,2,4.0,13.0, , ,1,9.0,9.0,0.0,9,4,Desempleado,ENPOVE_2022
1,33.0,6,2,9.0,13.0, , ,1,13.5,13.5,0.0,9,4,Empleado_Informal,ENPOVE_2022
1,25.0,6,2,7.0,13.0, , ,1,12.5,12.5,0.0,9,2,Empleado_Informal,ENPOVE_2022
1,36.0,2,2,9.0,13.0, , ,1,13.5,13.5,0.0,9,4,Empleado_Informal,ENPOVE_2022
2,36.0,2,2,4.0,13.0, , ,1,9.0,9.0,0.0,9,4,Empleado_Informal,ENPOVE_2022
2,21.0,6,2,4.0,13.0, , ,1,9.0,9.0,0.0,9,3,Empleado_Informal,ENPOVE_2022
2,37.0,5,2,6.0,13.0, , ,1,11.0,11.0,0.0,1,3,Empleado_Informal,ENPOVE_2022
2,29.0,2,2,9.0,13.0, , ,1,13.5,13.5,0.0,4,5,Empleado_Informal,ENPOVE_2022
2,31.0,3,2,6.0,13.0, , ,1,11.0,11.0,0.0,4,1,Empleado_Informal,ENPOVE_2022
1,38.0,1,2,6.0,13.0, , ,1,11.0,11.0,0.0,2,4,Empleado_Informal,ENPOVE_2022
2,43.0,1,2,6.0,13.0, , ,1,11.0,11.0,0.0,9,3,Empleado_Informal,ENPOVE_2022
1,29.0,1,2,9.0,13.0, , ,1,13.5,13.5,0.0,9,4,Empleado_Informal,ENPOVE_2022
1,44.0,1,2,5.0,13.0, , ,1,10.0,10.0,0.0,9,3,Empleado_Informal,ENPOVE_2022
2,25.0,1,2,6.0,13.0, , ,1,11.0,11.0,0.0,9,4,Desempleado,ENPOVE_2022
2,55.0,6,2,3.0,13.0, , ,1,4.5,4.5,0.0,9,3,Empleado_Informal,ENPOVE_2022
1,37.0,1,2,3.0,13.0, , ,1,4.5,4.5,0.0,9,3,Empleado_Informal,ENPOVE_2022
1,20.0,6,2,4.0,13.0, , ,1,9.0,9.0,0.0,9,3,Empleado_Informal,ENPOVE_2022
1,44.0,1,2,5.0,13.0, , ,1,10.0,10.0,0.0,9,0,Empleado_Informal,ENPOVE_2022
1,43.0,1,2,6.0,13.0, , ,1,11.0,11.0,0.0,2,4,Empleado_Informal,ENPOVE_2022
2,32.0,1,2,4.0,13.0, , ,1,9.0,9.0,0.0,9,3,Empleado_Informal,ENPOVE_2022
1,24.0,6,2,6.0,13.0, , ,1,11.0,11.0,0.0,2,4,Empleado_Informal,ENPOVE_2022
1,48.0,2,2,6.0,13.0, , ,1,11.0,11.0,0.0,9,1,Desempleado,ENPOVE_2022
2,48.0,2,2,6.0,13.0, , ,1,11.0,11.0,0.0,9,1,Empleado_Informal,ENPOVE_2022
2,32.0,1,2,9.0,13.0, , ,1,13.5,13.5,0.0,2,4,Empleado_Informal,ENPOVE_2022
1,33.0,1,2,9.0,13.0, , ,1,13.5,13.5,0.0,2,4,Empleado_Informal,ENPOVE_2022
1,52.0,1,2,6.0,13.0, , ,1,11.0,11.0,0.0,2,4,Empleado_Informal,ENPOVE_2022
2,20.0,6,2,1.0,6.0, , ,1,0.0,11.0,-11.0,4,4,Empleado_Informal,ENPOVE_2022
1,37.0,1,2,4.0,13.0, , ,1,9.0,9.0,0.0,9,1,Empleado_Informal,ENPOVE_2022
2,37.0,1,2,4.0,13.0, , ,1,9.0,9.0,0.0,9,1,Empleado_Informal,ENPOVE_2022
1,35.0,6,2,4.0,13.0, , ,1,9.0,9.0,0.0,9,4,Empleado_Informal,ENPOVE_2022
1,27.0,6,2,3.0,13.0, , ,1,4.5,4.5,0.0,9,3,Empleado_Informal,ENPOVE_2022
2,19.0,1,2,5.0,13.0, , ,1,10.0,10.0,0.0,9,1,Desempleado,ENPOVE_2022
1,18.0,1,2,6.0,13.0, , ,1,11.0,11.0,0.0,9,1,Empleado_Informal,ENPOVE_2022
1,28.0,2,2,9.0,13.0, , ,1,13.5,13.5,0.0,2,5,Empleado_Informal,ENPOVE_2022
2,31.0,2,2,10.0,13.0,1,2,1,16.0,16.0,0.0,2,5,Empleado_Informal,ENPOVE_2022
2,21.0,1,2,4.0,13.0, , ,1,9.0,9.0,0.0,1,4,Empleado_Informal,ENPOVE_2022
1,34.0,1,2,3.0,13.0, , ,1,4.5,4.5,0.0,9,2,Desempleado,ENPOVE_2022
1,21.0,1,2,3.0,13.0, , ,1,4.5,4.5,0.0,9,2,Empleado_Informal,ENPOVE_2022
1,26.0,1,2,9.0,13.0, , ,1,13.5,13.5,0.0,9,0,Empleado_Informal,ENPOVE_2022
1,36.0,5,2,3.0,13.0, , ,1,4.5,4.5,0.0,9,0,Empleado_Informal,ENPOVE_2022
2,22.0,1,2,4.0,13.0, , ,1,9.0,9.0,0.0,9,0,Desempleado,ENPOVE_2022
2,22.0,1,2,4.0,13.0, , ,1,9.0,9.0,0.0,9,1,Desempleado,ENPOVE_2022
1,25.0,1,2,4.0,13.0, , ,1,9.0,9.0,0.0,9,4,Empleado_Informal,ENPOVE_2022
1,18.0,1,2,4.0,13.0, , ,1,9.0,9.0,0.0,9,1,Empleado_Informal,ENPOVE_2022
1,28.0,2,2,3.0,13.0, , ,1,4.5,4.5,0.0,9,0,Empleado_Informal,ENPOVE_2022
2,19.0,1,2,3.0,13.0, , ,1,4.5,4.5,0.0,9,4,Desempleado,ENPOVE_2022
2,39.0,3,2,4.0,13.0, , ,1,9.0,9.0,0.0,2,4,Empleado_Informal,ENPOVE_2022
2,18.0,6,2,1.0,6.0, , ,1,0.0,11.0,-11.0,2,4,Empleado_Informal,ENPOVE_2022
2,33.0,6,2,10.0,13.0,1,2,1,16.0,16.0,0.0,2,4,Empleado_Informal,ENPOVE_2022
1,18.0,6,2,1.0,6.0, , ,1,0.0,11.0,-11.0,9,3,Empleado_Informal,ENPOVE_2022
2,59.0,1,2,4.0,13.0, , ,1,9.0,9.0,0.0,9,4,Empleado_Informal,ENPOVE_2022
1,68.0,1,2,3.0,13.0, , ,1,4.5,4.5,0.0,9,2,Desempleado,ENPOVE_2022
2,23.0,4,2,3.0,13.0, , ,1,4.5,4.5,0.0,9,3,Empleado_Informal,ENPOVE_2022
1,29.0,1,2,4.0,13.0, , ,1,9.0,9.0,0.0,9,3,Empleado_Informal,ENPOVE_2022
2,29.0,1,2,3.0,13.0, , ,1,4.5,4.5,0.0,9,3,Desempleado,ENPOVE_2022
1,15.0,6,2,3.0,13.0, , ,1,4.5,4.5,0.0,9,2,Empleado_Informal,ENPOVE_2022
2,23.0,1,2,4.0,13.0, , ,1,9.0,9.0,0.0,1,3,Desempleado,ENPOVE_2022
1,24.0,1,2,9.0,13.0, , ,1,13.5,13.5,0.0,9,4,Empleado_Informal,ENPOVE_2022
2,47.0,1,2,8.0,13.0, , ,1,14.0,14.0,0.0,2,4,Empleado_Informal,ENPOVE_2022
1,60.0,1,2,7.0,13.0, , ,1,12.5,12.5,0.0,1,4,Empleado_Informal,ENPOVE_2022
2,30.0,1,2,8.0,13.0, , ,1,14.0,14.0,0.0,2,4,Empleado_Informal,ENPOVE_2022
1,36.0,1,2,4.0,13.0, , ,1,9.0,9.0,0.0,1,4,Empleado_Formal,ENPOVE_2022
2,47.0,2,2,3.0,13.0, , ,1,4.5,4.5,0.0,2,4,Empleado_Informal,ENPOVE_2022
1,48.0,2,2,4.0,13.0, , ,1,9.0,9.0,0.0,2,5,Empleado_Formal,ENPOVE_2022
1,39.0,1,2,4.0,13.0, , ,1,9.0,9.0,0.0,9,1,Empleado_Informal,ENPOVE_2022
1,34.0,1,2,3.0,13.0, , ,1,4.5,4.5,0.0,9,3,Empleado_Informal,ENPOVE_2022
1,31.0,2,2,3.0,13.0, , ,1,4.5,4.5,0.0,1,3,Empleado_Informal,ENPOVE_2022
1,21.0,1,2,3.0,13.0, , ,1,4.5,4.5,0.0,9,2,Empleado_Informal,ENPOVE_2022
2,20.0,1,2,3.0,13.0, , ,1,4.5,4.5,0.0,9,2,Empleado_Informal,ENPOVE_2022
1,58.0,5,2,3.0,13.0, , ,1,4.5,4.5,0.0,9,1,Desempleado,ENPOVE_2022
1,42.0,1,2,8.0,13.0, , ,1,14.0,14.0,0.0,9,2,Empleado_Informal,ENPOVE_2022
1,18.0,6,2,4.0,13.0, , ,1,9.0,9.0,0.0,9,1,Empleado_Informal,ENPOVE_2022
2,40.0,1,2,4.0,13.0, , ,1,9.0,9.0,0.0,9,4,Empleado_Informal,ENPOVE_2022
1,43.0,1,2,1.0,13.0, , ,1,0.0,0.0,0.0,9,5,Empleado_Informal,ENPOVE_2022
2,33.0,1,2,5.0,13.0, , ,1,10.0,10.0,0.0,9,1,Desempleado,ENPOVE_2022
1,22.0,1,2,5.0,13.0, , ,1,10.0,10.0,0.0,9,1,Empleado_Informal,ENPOVE_2022
2,35.0,1,2,10.0,13.0,2, ,1,16.0,16.0,0.0,9,3,Desempleado,ENPOVE_2022
1,36.0,1,2,4.0,13.0, , ,1,9.0,9.0,0.0,9,4,Empleado_Informal,ENPOVE_2022
2,39.0,1,2,9.0,13.0, , ,1,13.5,13.5,0.0,9,2,Desempleado,ENPOVE_2022
1,44.0,1,2,4.0,13.0, , ,1,9.0,9.0,0.0,9,3,Empleado_Informal,ENPOVE_2022
2,21.0,1,2,6.0,13.0, , ,1,11.0,11.0,0.0,9,3,Desempleado,ENPOVE_2022
1,23.0,1,2,6.0,13.0, , ,1,11.0,11.0,0.0,9,4,Empleado_Informal,ENPOVE_2022
1,24.0,1,2,10.0,13.0,1,2,1,16.0,16.0,0.0,9,3,Empleado_Informal,ENPOVE_2022
1,52.0,2,2,4.0,13.0, , ,1,9.0,9.0,0.0,9,1,Empleado_Informal,ENPOVE_2022
1,40.0,1,2,6.0,13.0, , ,1,11.0,11.0,0.0,6,4,Empleado_Informal,ENPOVE_2022
2,40.0,1,2,9.0,13.0, , ,1,13.5,13.5,0.0,9,3,Empleado_Informal,ENPOVE_2022
2,18.0,6,2,6.0,13.0, , ,1,11.0,11.0,0.0,9,1,Empleado_Informal,ENPOVE_2022
1,17.0,6,2,5.0,13.0, , ,1,10.0,10.0,0.0,9,1,Empleado_Informal,ENPOVE_2022
1,16.0,6,2,5.0,13.0, , ,1,10.0,10.0,0.0,9,1,Empleado_Informal,ENPOVE_2022
1,35.0,1,2,9.0,13.0, , ,1,13.5,13.5,0.0,2,4,Empleado_Informal,ENPOVE_2022
1,30.0,1,2,10.0,13.0,1,2,1,16.0,16.0,0.0,9,4,Empleado_Informal,ENPOVE_2022
2,37.0,1,2,10.0,13.0,1,2,1,16.0,16.0,0.0,1,4,Empleado_Informal,ENPOVE_2022
2,29.0,1,2,10.0,13.0,1,2,1,16.0,16.0,0.0,9,4,Empleado_Informal,ENPOVE_2022
1,43.0,1,2,6.0,13.0, , ,1,11.0,11.0,0.0,2,4,Empleado_Informal,ENPOVE_2022
1,39.0,1,2,6.0,13.0, , ,1,11.0,11.0,0.0,2,4,Empleado_Informal,ENPOVE_2022
2,28.0,1,2,10.0,13.0,1,2,1,16.0,16.0,0.0,9,4,Empleado_Informal,ENPOVE_2022
2,52.0,3,2,4.0,13.0, , ,1,9.0,9.0,0.0,9,3,Empleado_Informal,ENPOVE_2022
2,24.0,1,2,4.0,13.0, , ,1,9.0,9.0,0.0,1,4,Desempleado,ENPOVE_2022
1,23.0,6,2,4.0,13.0, , ,1,9.0,9.0,0.0,2,4,Empleado_Informal,ENPOVE_2022
2,37.0,1,2,10.0,13.0,1,2,1,16.0,16.0,0.0,9,4,Empleado_Informal,ENPOVE_2022
1,16.0,6,2,3.0,13.0, , ,1,4.5,4.5,0.0,9,3,Empleado_Informal,ENPOVE_2022
2,46.0,5,2,10.0,13.0,1,2,1,16.0,16.0,0.0,2,4,Empleado_Informal,ENPOVE_2022
1,18.0,6,2,1.0,6.0, , ,1,0.0,11.0,-11.0,2,4,Desempleado,ENPOVE_2022
2,76.0,3,2,4.0,13.0, , ,1,9.0,9.0,0.0,1,4,Desempleado,ENPOVE_2022
1,50.0,6,2,10.0,13.0,1,2,1,16.0,16.0,0.0,2,4,Empleado_Formal,ENPOVE_2022
1,31.0,1,2,4.0,13.0, , ,1,9.0,9.0,0.0,9,2,Empleado_Informal,ENPOVE_2022
2,24.0,1,2,3.0,13.0, , ,1,4.5,4.5,0.0,2,3,Desempleado,ENPOVE_2022
1,31.0,1,2,3.0,13.0, , ,1,4.5,4.5,0.0,2,4,Empleado_Formal,ENPOVE_2022
2,27.0,1,2,3.0,13.0, , ,1,4.5,4.5,0.0,9,3,Empleado_Informal,ENPOVE_2022
1,34.0,1,2,4.0,13.0, , ,1,9.0,9.0,0.0,9,3,Empleado_Informal,ENPOVE_2022
2,28.0,1,2,9.0,13.0, , ,1,13.5,13.5,0.0,9,4,Desempleado,ENPOVE_2022
1,31.0,1,2,4.0,13.0, , ,1,9.0,9.0,0.0,2,4,Empleado_Informal,ENPOVE_2022
2,58.0,2,2,4.0,13.0, , ,1,9.0,9.0,0.0,1,4,Desempleado,ENPOVE_2022
1,67.0,2,2,3.0,13.0, , ,1,4.5,4.5,0.0,2,4,Empleado_Informal,ENPOVE_2022
2,28.0,6,2,4.0,13.0, , ,1,9.0,9.0,0.0,1,4,Empleado_Informal,ENPOVE_2022
2,30.0,6,2,5.0,13.0, , ,1,10.0,10.0,0.0,2,0,Empleado_Informal,ENPOVE_2022
1,41.0,5,2,6.0,13.0, , ,1,11.0,11.0,0.0,1,4,Empleado_Informal,ENPOVE_2022
2,53.0,1,2,6.0,13.0, , ,1,11.0,11.0,0.0,9,3,Empleado_Informal,ENPOVE_2022
1,46.0,1,2,6.0,13.0, , ,1,11.0,11.0,0.0,9,3,Empleado_Informal,ENPOVE_2022
1,24.0,6,2,5.0,13.0, , ,1,10.0,10.0,0.0,9,2,Empleado_Informal,ENPOVE_2022
2,34.0,1,2,6.0,13.0, , ,1,11.0,11.0,0.0,9,3,Desempleado,ENPOVE_2022
1,40.0,1,2,6.0,13.0, , ,1,11.0,11.0,0.0,9,5,Empleado_Informal,ENPOVE_2022
2,22.0,1,2,6.0,13.0, , ,1,11.0,11.0,0.0,9,3,Empleado_Informal,ENPOVE_2022
1,27.0,2,2,6.0,13.0, , ,1,11.0,11.0,0.0,2,3,Empleado_Informal,ENPOVE_2022
2,43.0,2,2,5.0,13.0, , ,1,10.0,10.0,0.0,2,3,Empleado_Informal,ENPOVE_2022
2,17.0,1,2,5.0,13.0, , ,1,10.0,10.0,0.0,4,3,Empleado_Informal,ENPOVE_2022
1,33.0,1,2,10.0,13.0,1,2,1,16.0,16.0,0.0,2,4,Empleado_Informal,ENPOVE_2022
2,32.0,1,2,10.0,13.0,1,2,1,16.0,16.0,0.0,2,4,Empleado_Informal,ENPOVE_2022
1,30.0,6,2,6.0,13.0, , ,1,11.0,11.0,0.0,9,3,Empleado_Informal,ENPOVE_2022
1,33.0,6,2,5.0,13.0, , ,1,10.0,10.0,0.0,9,3,Empleado_Informal,ENPOVE_2022
1,22.0,6,2,8.0,13.0, , ,1,14.0,14.0,0.0,1,1,Empleado_Informal,ENPOVE_2022
1,21.0,6,2,6.0,13.0, , ,1,11.0,11.0,0.0,1,1,Empleado_Informal,ENPOVE_2022
2,33.0,1,2,6.0,13.0, , ,1,11.0,11.0,0.0,9,1,Empleado_Informal,ENPOVE_2022
1,22.0,1,2,6.0,13.0, , ,1,11.0,11.0,0.0,9,1,Empleado_Informal,ENPOVE_2022
1,14.0,6,2,5.0,13.0, , ,1,10.0,10.0,0.0,9,1,Desempleado,ENPOVE_2022
2,50.0,1,2,5.0,13.0, , ,1,10.0,10.0,0.0,1,4,Empleado_Informal,ENPOVE_2022
1,52.0,1,2,6.0,13.0, , ,1,11.0,11.0,0.0,9,3,Empleado_Informal,ENPOVE_2022
2,33.0,1,2,5.0,13.0, , ,1,10.0,10.0,0.0,9,2,Empleado_Informal,ENPOVE_2022
1,28.0,1,2,5.0,13.0, , ,1,10.0,10.0,0.0,9,2,Empleado_Informal,ENPOVE_2022
1,16.0,6,2,5.0,13.0, , ,1,10.0,10.0,0.0,9,3,Empleado_Informal,ENPOVE_2022
2,42.0,1,2,5.0,13.0, , ,1,10.0,10.0,0.0,1,5,Desempleado,ENPOVE_2022
1,33.0,1,2,5.0,13.0, , ,1,10.0,10.0,0.0,2,5,Empleado_Informal,ENPOVE_2022
2,26.0,1,2,5.0,13.0, , ,1,10.0,10.0,0.0,9,3,Empleado_Informal,ENPOVE_2022
1,27.0,1,2,6.0,13.0, , ,1,11.0,11.0,0.0,9,3,Empleado_Informal,ENPOVE_2022
2,22.0,1,2,4.0,13.0, , ,1,9.0,9.0,0.0,9,3,Desempleado,ENPOVE_2022
1,36.0,1,2,3.0,13.0, , ,1,4.5,4.5,0.0,9,4,Empleado_Informal,ENPOVE_2022
2,34.0,1,2,4.0,13.0, , ,1,9.0,9.0,0.0,9,3,Desempleado,ENPOVE_2022
2,40.0,2,2,8.0,13.0, , ,1,14.0,14.0,0.0,2,5,Desempleado,ENPOVE_2022
2,24.0,5,2,6.0,13.0, , ,1,11.0,11.0,0.0,9,4,Empleado_Informal,ENPOVE_2022
2,23.0,1,2,9.0,13.0, , ,1,13.5,13.5,0.0,2,4,Empleado_Informal,ENPOVE_2022
2,29.0,5,2,6.0,13.0, , ,1,11.0,11.0,0.0,9,0,Empleado_Informal,ENPOVE_2022
1,21.0,6,2,1.0,8.0, , ,1,0.0,14.0,-14.0,1,4,Empleado_Informal,ENPOVE_2022
2,49.0,4,2,11.0,13.0,1,2,1,18.0,18.0,0.0,9,0,Empleado_Informal,ENPOVE_2022
1,25.0,6,2,10.0,13.0,1,2,1,16.0,16.0,0.0,6,3,Desempleado,ENPOVE_2022
2,21.0,1,2,4.0,13.0, , ,1,9.0,9.0,0.0,1,3,Desempleado,ENPOVE_2022
1,24.0,1,2,4.0,13.0, , ,1,9.0,9.0,0.0,1,4,Empleado_Informal,ENPOVE_2022
1,23.0,6,2,7.0,13.0, , ,1,12.5,12.5,0.0,6,4,Empleado_Informal,ENPOVE_2022
1,25.0,6,2,9.0,13.0, , ,1,13.5,13.5,0.0,1,4,Empleado_Informal,ENPOVE_2022
1,59.0,1,2,3.0,13.0, , ,1,4.5,4.5,0.0,1,3,Empleado_Informal,ENPOVE_2022
2,54.0,1,2,3.0,13.0, , ,1,4.5,4.5,0.0,1,2,Desempleado,ENPOVE_2022
1,31.0,5,2,9.0,13.0, , ,1,13.5,13.5,0.0,1,4,Empleado_Informal,ENPOVE_2022
2,20.0,5,2,4.0,13.0, , ,1,9.0,9.0,0.0,1,3,Desempleado,ENPOVE_2022
1,41.0,5,2,4.0,13.0, , ,1,9.0,9.0,0.0,1,4,Empleado_Informal,ENPOVE_2022
1,21.0,6,2,6.0,13.0, , ,1,11.0,11.0,0.0,1,4,Empleado_Informal,ENPOVE_2022
2,46.0,1,2,5.0,13.0, , ,1,10.0,10.0,0.0,9,4,Empleado_Informal,ENPOVE_2022
1,27.0,1,2,6.0,13.0, , ,1,11.0,11.0,0.0,1,2,Empleado_Informal,ENPOVE_2022
1,18.0,6,2,4.0,13.0, , ,1,9.0,9.0,0.0,9,4,Empleado_Informal,ENPOVE_2022
1,46.0,5,2,10.0,13.0,1,2,1,16.0,16.0,0.0,9,2,Empleado_Informal,ENPOVE_2022
1,58.0,2,2,6.0,13.0, , ,1,11.0,11.0,0.0,1,3,Empleado_Informal,ENPOVE_2022
1,30.0,1,2,5.0,13.0, , ,1,10.0,10.0,0.0,9,1,Empleado_Informal,ENPOVE_2022
2,32.0,2,2,10.0,13.0,1,2,1,16.0,16.0,0.0,1,4,Empleado_Formal,ENPOVE_2022
1,48.0,1,2,6.0,13.0, , ,1,11.0,11.0,0.0,2,4,Empleado_Informal,ENPOVE_2022
2,36.0,5,2,6.0,13.0, , ,1,11.0,11.0,0.0,9,1,Empleado_Informal,ENPOVE_2022
2,32.0,6,2,10.0,13.0,1,2,1,16.0,16.0,0.0,1,4,Empleado_Informal,ENPOVE_2022
1,49.0,1,2,4.0,13.0, , ,1,9.0,9.0,0.0,2,4,Empleado_Informal,ENPOVE_2022
1,16.0,6,2,3.0,13.0, , ,1,4.5,4.5,0.0,2,4,Empleado_Informal,ENPOVE_2022
2,27.0,6,2,9.0,13.0, , ,1,13.5,13.5,0.0,2,5,Empleado_Informal,ENPOVE_2022
1,29.0,1,2,9.0,13.0, , ,1,13.5,13.5,0.0,6,4,Empleado_Formal,ENPOVE_2022
1,31.0,1,2,8.0,13.0, , ,1,14.0,14.0,0.0,1,4,Empleado_Informal,ENPOVE_2022
1,38.0,2,2,8.0,13.0, , ,1,14.0,14.0,0.0,1,3,Empleado_Informal,ENPOVE_2022
1,39.0,2,2,10.0,13.0,1,2,1,16.0,16.0,0.0,2,4,Empleado_Formal,ENPOVE_2022
2,43.0,2,2,11.0,13.0,1,1,1,18.0,18.0,0.0,2,4,Desempleado,ENPOVE_2022
2,72.0,3,2,4.0,13.0, , ,1,9.0,9.0,0.0,1,4,Desempleado,ENPOVE_2022
2,16.0,6,2,1.0,5.0, , ,1,0.0,8.5,-8.5,2,3,Desempleado,ENPOVE_2022
2,35.0,6,2,4.0,13.0, , ,1,9.0,9.0,0.0,2,5,Empleado_Informal,ENPOVE_2022
1,24.0,6,2,6.0,13.0, , ,1,11.0,11.0,0.0,2,4,Empleado_Informal,ENPOVE_2022
2,31.0,6,2,10.0,13.0,1,2,1,16.0,16.0,0.0,2,5,Empleado_Formal,ENPOVE_2022
2,32.0,1,2,8.0,13.0, , ,1,14.0,14.0,0.0,2,3,Empleado_Informal,ENPOVE_2022
2,17.0,6,2,1.0,6.0, , ,1,0.0,11.0,-11.0,9,3,Empleado_Informal,ENPOVE_2022
1,37.0,1,2,3.0,13.0, , ,1,4.5,4.5,0.0,9,4,Empleado_Formal,ENPOVE_2022
2,30.0,1,2,10.0,13.0,1,2,1,16.0,16.0,0.0,2,4,Desempleado,ENPOVE_2022
1,31.0,1,2,4.0,13.0, , ,1,9.0,9.0,0.0,9,4,Empleado_Informal,ENPOVE_2022
1,42.0,2,2,10.0,13.0,1,1,1,16.0,16.0,0.0,1,3,Empleado_Informal,ENPOVE_2022
2,38.0,2,2,10.0,13.0,1,2,1,16.0,16.0,0.0,1,3,Empleado_Informal,ENPOVE_2022
1,44.0,2,2,11.0,13.0,1,2,1,18.0,18.0,0.0,2,2,Empleado_Informal,ENPOVE_2022
2,43.0,2,2,10.0,13.0,1,2,1,16.0,16.0,0.0,2,2,Empleado_Informal,ENPOVE_2022
1,58.0,1,2,4.0,13.0, , ,1,9.0,9.0,0.0,2,4,Empleado_Informal,ENPOVE_2022
2,21.0,1,2,4.0,13.0, , ,1,9.0,9.0,0.0,2,4,Empleado_Informal,ENPOVE_2022
1,28.0,1,2,4.0,13.0, , ,1,9.0,9.0,0.0,9,1,Empleado_Informal,ENPOVE_2022
2,25.0,1,2,4.0,13.0, , ,1,9.0,9.0,0.0,9,0,Empleado_Informal,ENPOVE_2022
2,30.0,6,2,10.0,13.0,2, ,1,16.0,16.0,0.0,2,4,Empleado_Formal,ENPOVE_2022
1,36.0,1,2,9.0,13.0, , ,1,13.5,13.5,0.0,9,4,Empleado_Informal,ENPOVE_2022
2,35.0,1,2,9.0,13.0, , ,1,13.5,13.5,0.0,1,2,Empleado_Informal,ENPOVE_2022
1,21.0,6,2,3.0,13.0, , ,1,4.5,4.5,0.0,9,1,Empleado_Informal,ENPOVE_2022
2,45.0,1,2,6.0,13.0, , ,1,11.0,11.0,0.0,9,3,Empleado_Informal,ENPOVE_2022
2,24.0,1,2,4.0,13.0, , ,1,9.0,9.0,0.0,1,3,Empleado_Formal,ENPOVE_2022
1,22.0,1,2,3.0,13.0, , ,1,4.5,4.5,0.0,9,5,Empleado_Informal,ENPOVE_2022
2,45.0,5,2,4.0,13.0, , ,1,9.0,9.0,0.0,6,4,Empleado_Formal,ENPOVE_2022
1,22.0,1,2,3.0,13.0, , ,1,4.5,4.5,0.0,1,1,Empleado_Informal,ENPOVE_2022
2,27.0,1,2,8.0,13.0, , ,1,14.0,14.0,0.0,1,1,Empleado_Informal,ENPOVE_2022
2,29.0,5,2,8.0,13.0, , ,1,14.0,14.0,0.0,9,4,Empleado_Informal,ENPOVE_2022
2,48.0,5,2,4.0,13.0, , ,1,9.0,9.0,0.0,9,4,Desempleado,ENPOVE_2022
1,50.0,6,2,4.0,13.0, , ,1,9.0,9.0,0.0,9,2,Empleado_Informal,ENPOVE_2022
1,39.0,2,2,10.0,13.0,1,2,1,16.0,16.0,0.0,2,3,Empleado_Informal,ENPOVE_2022
2,52.0,3,2,11.0,13.0,1,2,1,18.0,18.0,0.0,2,4,Empleado_Informal,ENPOVE_2022
2,30.0,6,2,11.0,13.0,1,2,1,18.0,18.0,0.0,1,3,Empleado_Informal,ENPOVE_2022
2,24.0,6,2,4.0,13.0, , ,1,9.0,9.0,0.0,2,4,Empleado_Informal,ENPOVE_2022
2,20.0,5,2,4.0,13.0, , ,1,9.0,9.0,0.0,9,1,Empleado_Informal,ENPOVE_2022
1,40.0,5,2,8.0,13.0, , ,1,14.0,14.0,0.0,9,2,Empleado_Informal,ENPOVE_2022
2,29.0,2,2,10.0,13.0,1,2,1,16.0,16.0,0.0,1,4,Desempleado,ENPOVE_2022
2,46.0,6,2,10.0,13.0,1,2,1,16.0,16.0,0.0,9,3,Desempleado,ENPOVE_2022
2,32.0,6,2,9.0,13.0, , ,1,13.5,13.5,0.0,2,4,Desempleado,ENPOVE_2022
2,29.0,6,2,4.0,13.0, , ,1,9.0,9.0,0.0,9,3,Desempleado,ENPOVE_2022
1,30.0,1,2,4.0,13.0, , ,1,9.0,9.0,0.0,9,3,Empleado_Informal,ENPOVE_2022
2,26.0,1,2,8.0,13.0, , ,1,14.0,14.0,0.0,9,4,Empleado_Informal,ENPOVE_2022
2,21.0,6,2,3.0,13.0, , ,1,4.5,4.5,0.0,9,2,Empleado_Informal,ENPOVE_2022
1,11.0, ,2,3.0,13.0, , ,1,4.5,4.5,0.0,9,1,Desempleado,ENPOVE_2022
2,8.0, ,2,3.0,13.0, , ,1,4.5,4.5,0.0,9,1,Desempleado,ENPOVE_2022
2,31.0,1,2,4.0,13.0, , ,1,9.0,9.0,0.0,9,1,Desempleado,ENPOVE_2022
1,6.0, ,2,2.0,13.0, , ,1,0.0,0.0,0.0,9,1,Desempleado,ENPOVE_2022
1,15.0,6,2,1.0,5.0, , ,1,0.0,8.5,-8.5,9,4,Desempleado,ENPOVE_2022
2,51.0,5,2,3.0,13.0, , ,1,4.5,4.5,0.0,9,4,Empleado_Informal,ENPOVE_2022
1,66.0,5,2,1.0,6.0, , ,1,0.0,11.0,-11.0,4,4,Desempleado,ENPOVE_2022
1,24.0,1,2,3.0,13.0, , ,1,4.5,4.5,0.0,9,1,Empleado_Informal,ENPOVE_2022
1,44.0,1,2,3.0,13.0, , ,1,4.5,4.5,0.0,9,3,Empleado_Informal,ENPOVE_2022
1,11.0, ,2,1.0,3.0, , ,1,0.0,3.0,-3.0,9,3,Desempleado,ENPOVE_2022
1,9.0, ,2,1.0,3.0, , ,1,0.0,3.0,-3.0,9,3,Desempleado,ENPOVE_2022
2,21.0,5,2,5.0,13.0, , ,1,10.0,10.0,0.0,9,0,Empleado_Informal,ENPOVE_2022
1,24.0,6,2,10.0,13.0,1,2,1,16.0,16.0,0.0,2,4,Empleado_Formal,ENPOVE_2022
2,40.0,1,2,7.0,13.0, , ,1,12.5,12.5,0.0,2,5,Empleado_Informal,ENPOVE_2022
2,29.0,2,2,7.0,13.0, , ,1,12.5,12.5,0.0,2,4,Empleado_Formal,ENPOVE_2022
1,18.0,6,2,6.0,13.0, , ,1,11.0,11.0,0.0,9,0,Empleado_Informal,ENPOVE_2022
2,27.0,1,2,6.0,13.0, , ,1,11.0,11.0,0.0,9,2,Desempleado,ENPOVE_2022
1,25.0,6,2,4.0,13.0, , ,1,9.0,9.0,0.0,9,3,Empleado_Informal,ENPOVE_2022
2,40.0,6,2,3.0,13.0, , ,1,4.5,4.5,0.0,2,4,Desempleado,ENPOVE_2022
2,19.0,6,2,3.0,13.0, , ,1,4.5,4.5,0.0,9,4,Empleado_Informal,ENPOVE_2022
2,19.0,6,2,1.0,6.0, , ,1,0.0,11.0,-11.0,9,4,Empleado_Informal,ENPOVE_2022
2,19.0,6,2,1.0,6.0, , ,1,0.0,11.0,-11.0,1,4,Empleado_Informal,ENPOVE_2022
2,14.0,6,2,1.0,5.0, , ,1,0.0,8.5,-8.5,1,4,Desempleado,ENPOVE_2022
1,34.0,1,2,4.0,13.0, , ,1,9.0,9.0,0.0,1,3,Empleado_Informal,ENPOVE_2022
1,9.0, ,2,1.0,3.0, , ,1,0.0,3.0,-3.0,9,3,Desempleado,ENPOVE_2022
1,21.0,6,2,7.0,13.0, , ,1,12.5,12.5,0.0,1,1,Empleado_Informal,ENPOVE_2022
1,24.0,1,2,3.0,13.0, , ,1,4.5,4.5,0.0,9,1,Empleado_Informal,ENPOVE_2022
2,29.0,1,2,4.0,13.0, , ,1,9.0,9.0,0.0,9,2,Empleado_Informal,ENPOVE_2022
2,55.0,5,2,3.0,13.0, , ,1,4.5,4.5,0.0,9,2,Desempleado,ENPOVE_2022
2,29.0,1,2,9.0,13.0, , ,1,13.5,13.5,0.0,9,3,Empleado_Informal,ENPOVE_2022
1,31.0,6,2,4.0,13.0, , ,1,9.0,9.0,0.0,9,3,Empleado_Informal,ENPOVE_2022
2,33.0,1,2,10.0,13.0,1,2,1,16.0,16.0,0.0,2,4,Empleado_Informal,ENPOVE_2022
1,33.0,1,2,4.0,13.0, , ,1,9.0,9.0,0.0,2,1,Empleado_Formal,ENPOVE_2022
1,25.0,6,2,4.0,13.0, , ,1,9.0,9.0,0.0,1,3,Empleado_Informal,ENPOVE_2022
1,33.0,6,2,9.0,13.0, , ,1,13.5,13.5,0.0,6,4,Empleado_Informal,ENPOVE_2022
1,23.0,6,2,9.0,13.0, , ,1,13.5,13.5,0.0,1,4,Desempleado,ENPOVE_2022
2,36.0,5,2,9.0,13.0, , ,1,13.5,13.5,0.0,6,4,Empleado_Informal,ENPOVE_2022
1,61.0,1,2,8.0,13.0, , ,1,14.0,14.0,0.0,9,1,Desempleado,ENPOVE_2022
1,20.0,6,2,1.0,6.0, , ,1,0.0,11.0,-11.0,4,3,Empleado_Formal,ENPOVE_2022
2,39.0,6,2,8.0,13.0, , ,1,14.0,14.0,0.0,1,3,Empleado_Informal,ENPOVE_2022
2,25.0,1,2,6.0,13.0, , ,1,11.0,11.0,0.0,2,2,Empleado_Informal,ENPOVE_2022
1,28.0,1,2,8.0,13.0, , ,1,14.0,14.0,0.0,2,4,Empleado_Informal,ENPOVE_2022
1,33.0,5,2,10.0,13.0,1,2,1,16.0,16.0,0.0,1,3,Empleado_Informal,ENPOVE_2022
1,42.0,1,2,11.0,13.0,1,2,1,18.0,18.0,0.0,2,4,Empleado_Informal,ENPOVE_2022
2,44.0,5,2,6.0,13.0, , ,1,11.0,11.0,0.0,9,5,Empleado_Formal,ENPOVE_2022
2,20.0,6,2,1.0,6.0, , ,1,0.0,11.0,-11.0,1,5,Desempleado,ENPOVE_2022
1,36.0,1,2,10.0,13.0,2, ,1,16.0,16.0,0.0,4,4,Empleado_Formal,ENPOVE_2022
2,35.0,5,2,6.0,13.0, , ,1,11.0,11.0,0.0,9,1,Empleado_Informal,ENPOVE_2022
1,50.0,5,2,6.0,13.0, , ,1,11.0,11.0,0.0,9,0,Empleado_Informal,ENPOVE_2022
2,23.0,1,2,3.0,13.0, , ,1,4.5,4.5,0.0,9,3,Empleado_Informal,ENPOVE_2022
1,42.0,1,2,10.0,13.0,1,2,1,16.0,16.0,0.0,2,4,Empleado_Informal,ENPOVE_2022
2,40.0,1,2,1.0,10.0, , ,1,0.0,16.0,-16.0,2,4,Empleado_Informal,ENPOVE_2022
2,17.0,6,2,1.0,6.0, , ,1,0.0,11.0,-11.0,9,4,Desempleado,ENPOVE_2022
1,22.0,6,2,4.0,13.0, , ,1,9.0,9.0,0.0,2,3,Empleado_Informal,ENPOVE_2022
1,28.0,2,2,10.0,13.0,1,2,1,16.0,16.0,0.0,9,1,Empleado_Informal,ENPOVE_2022
2,28.0,2,2,10.0,13.0,1,2,1,16.0,16.0,0.0,9,1,Empleado_Informal,ENPOVE_2022
2,29.0,6,2,4.0,13.0, , ,1,9.0,9.0,0.0,9,2,Empleado_Informal,ENPOVE_2022
1,40.0,2,2,10.0,13.0,1,2,1,16.0,16.0,0.0,2,4,Empleado_Informal,ENPOVE_2022
2,33.0,2,2,10.0,13.0,1,2,1,16.0,16.0,0.0,2,4,Desempleado,ENPOVE_2022
2,42.0,2,2,10.0,13.0,1,2,1,16.0,16.0,0.0,1,3,Empleado_Informal,ENPOVE_2022
1,22.0,5,2,6.0,13.0, , ,1,11.0,11.0,0.0,6,4,Empleado_Informal,ENPOVE_2022
1,20.0,1,2,4.0,13.0, , ,1,9.0,9.0,0.0,9,1,Empleado_Informal,ENPOVE_2022
1,31.0,6,2,4.0,13.0, , ,1,9.0,9.0,0.0,1,4,Empleado_Informal,ENPOVE_2022
1,34.0,1,2,4.0,13.0, , ,1,9.0,9.0,0.0,2,4,Empleado_Informal,ENPOVE_2022
1,57.0,2,2,11.0,13.0,1,2,1,18.0,18.0,0.0,1,1,Empleado_Informal,ENPOVE_2022
2,56.0,2,2,10.0,13.0,1,2,1,16.0,16.0,0.0,1,1,Desempleado,ENPOVE_2022
1,31.0,1,2,10.0,13.0,1,2,1,16.0,16.0,0.0,2,4,Empleado_Formal,ENPOVE_2022
1,33.0,1,2,4.0,13.0, , ,1,9.0,9.0,0.0,9,2,Empleado_Informal,ENPOVE_2022
2,43.0,6,2,4.0,13.0, , ,1,9.0,9.0,0.0,9,1,Empleado_Formal,ENPOVE_2022
1,15.0,6,2,3.0,13.0, , ,1,4.5,4.5,0.0,9,1,Empleado_Informal,ENPOVE_2022
1,10.0, ,2,3.0,13.0, , ,1,4.5,4.5,0.0,9,1,Desempleado,ENPOVE_2022
2,38.0,6,2,10.0,13.0,1,2,1,16.0,16.0,0.0,1,4,Empleado_Formal,ENPOVE_2022
1,20.0,6,2,3.0,13.0, , ,1,4.5,4.5,0.0,9,2,Empleado_Informal,ENPOVE_2022
2,17.0,6,2,4.0,13.0, , ,1,9.0,9.0,0.0,9,0,Desempleado,ENPOVE_2022
2,16.0,6,2,3.0,13.0, , ,1,4.5,4.5,0.0,9,1,Empleado_Informal,ENPOVE_2022
2,49.0,1,2,4.0,13.0, , ,1,9.0,9.0,0.0,2,4,Empleado_Informal,ENPOVE_2022
2,19.0,6,2,6.0,13.0, , ,1,11.0,11.0,0.0,9,3,Desempleado,ENPOVE_2022
1,26.0,6,2,6.0,13.0, , ,1,11.0,11.0,0.0,9,2,Empleado_Informal,ENPOVE_2022
2,26.0,5,2,6.0,13.0, , ,1,11.0,11.0,0.0,9,0,Desempleado,ENPOVE_2022
2,18.0,6,2,5.0,13.0, , ,1,10.0,10.0,0.0,9,0,Desempleado,ENPOVE_2022
1,40.0,5,2,9.0,13.0, , ,1,13.5,13.5,0.0,2,4,Empleado_Formal,ENPOVE_2022
1,24.0,1,2,9.0,13.0, , ,1,13.5,13.5,0.0,9,4,Empleado_Informal,ENPOVE_2022
2,24.0,1,2,8.0,13.0, , ,1,14.0,14.0,0.0,9,3,Empleado_Informal,ENPOVE_2022
1,27.0,6,2,9.0,13.0, , ,1,13.5,13.5,0.0,6,3,Empleado_Informal,ENPOVE_2022
1,34.0,1,2,10.0,13.0,1,2,1,16.0,16.0,0.0,2,4,Empleado_Formal,ENPOVE_2022
2,33.0,1,2,8.0,13.0, , ,1,14.0,14.0,0.0,2,4,Empleado_Informal,ENPOVE_2022
1,34.0,2,2,7.0,13.0, , ,1,12.5,12.5,0.0,2,4,Empleado_Informal,ENPOVE_2022
2,37.0,2,2,6.0,13.0, , ,1,11.0,11.0,0.0,9,4,Empleado_Informal,ENPOVE_2022
1,55.0,6,2,10.0,13.0,1,2,1,16.0,16.0,0.0,2,4,Empleado_Informal,ENPOVE_2022
1,24.0,6,2,9.0,13.0, , ,1,13.5,13.5,0.0,2,4,Empleado_Informal,ENPOVE_2022
1,51.0,2,2,8.0,13.0, , ,1,14.0,14.0,0.0,1,3,Empleado_Formal,ENPOVE_2022
2,42.0,3,2,8.0,13.0, , ,1,14.0,14.0,0.0,2,5,Empleado_Informal,ENPOVE_2022
1,25.0,2,2,7.0,13.0, , ,1,12.5,12.5,0.0,9,3,Empleado_Informal,ENPOVE_2022
2,30.0,5,2,4.0,13.0, , ,1,9.0,9.0,0.0,2,4,Empleado_Formal,ENPOVE_2022
1,23.0,6,2,4.0,13.0, , ,1,9.0,9.0,0.0,1,3,Empleado_Informal,ENPOVE_2022
2,33.0,6,2,4.0,13.0, , ,1,9.0,9.0,0.0,9,1,Empleado_Informal,ENPOVE_2022
2,38.0,6,2,7.0,13.0, , ,1,12.5,12.5,0.0,9,5,Empleado_Informal,ENPOVE_2022
2,24.0,5,2,4.0,13.0, , ,1,9.0,9.0,0.0,9,4,Empleado_Informal,ENPOVE_2022
2,38.0,6,2,4.0,13.0, , ,1,9.0,9.0,0.0,1,4,Empleado_Informal,ENPOVE_2022
1,37.0,1,2,3.0,13.0, , ,1,4.5,4.5,0.0,1,4,Empleado_Informal,ENPOVE_2022
2,32.0,1,2,8.0,13.0, , ,1,14.0,14.0,0.0,1,3,Desempleado,ENPOVE_2022
1,37.0,6,2,8.0,13.0, , ,1,14.0,14.0,0.0,4,4,Empleado_Informal,ENPOVE_2022
2,21.0,6,2,4.0,13.0, , ,1,9.0,9.0,0.0,9,1,Empleado_Informal,ENPOVE_2022
2,42.0,5,2,4.0,13.0, , ,1,9.0,9.0,0.0,9,1,Empleado_Informal,ENPOVE_2022
1,18.0,6,2,4.0,13.0, , ,1,9.0,9.0,0.0,9,1,Empleado_Informal,ENPOVE_2022
1,33.0,6,2,8.0,13.0, , ,1,14.0,14.0,0.0,2,0,Empleado_Formal,ENPOVE_2022
2,23.0,6,2,4.0,13.0, , ,1,9.0,9.0,0.0,1,3,Empleado_Informal,ENPOVE_2022
1,29.0,1,2,4.0,13.0, , ,1,9.0,9.0,0.0,1,3,Empleado_Informal,ENPOVE_2022
2,28.0,1,2,4.0,13.0, , ,1,9.0,9.0,0.0,1,3,Empleado_Informal,ENPOVE_2022
1,57.0,2,2,3.0,13.0, , ,1,4.5,4.5,0.0,9,3,Empleado_Informal,ENPOVE_2022
2,30.0,5,2,8.0,13.0, , ,1,14.0,14.0,0.0,9,3,Empleado_Informal,ENPOVE_2022
2,21.0,1,2,6.0,13.0, , ,1,11.0,11.0,0.0,1,4,Empleado_Informal,ENPOVE_2022
2,23.0,1,2,9.0,13.0, , ,1,13.5,13.5,0.0,1,3,Desempleado,ENPOVE_2022
1,32.0,1,2,6.0,13.0, , ,1,11.0,11.0,0.0,9,3,Empleado_Informal,ENPOVE_2022
1,36.0,2,2,10.0,13.0,1,2,1,16.0,16.0,0.0,2,4,Empleado_Informal,ENPOVE_2022
2,31.0,2,2,8.0,13.0, , ,1,14.0,14.0,0.0,1,4,Empleado_Informal,ENPOVE_2022
2,21.0,1,2,5.0,13.0, , ,1,10.0,10.0,0.0,9,4,Empleado_Informal,ENPOVE_2022
1,31.0,1,2,6.0,13.0, , ,1,11.0,11.0,0.0,9,3,Empleado_Informal,ENPOVE_2022
1,23.0,5,2,6.0,13.0, , ,1,11.0,11.0,0.0,9,4,Empleado_Informal,ENPOVE_2022
1,15.0,6,2,3.0,13.0, , ,1,4.5,4.5,0.0,9,3,Empleado_Informal,ENPOVE_2022
2,23.0,1,2,10.0,13.0,1,2,1,16.0,16.0,0.0,9,1,Empleado_Informal,ENPOVE_2022
2,20.0,1,2,1.0,6.0, , ,1,0.0,11.0,-11.0,6,3,Desempleado,ENPOVE_2022
2,25.0,5,2,6.0,13.0, , ,1,11.0,11.0,0.0,9,4,Desempleado,ENPOVE_2022
2,38.0,6,2,3.0,13.0, , ,1,4.5,4.5,0.0,9,4,Empleado_Informal,ENPOVE_2022
1,21.0,6,2,3.0,13.0, , ,1,4.5,4.5,0.0,9,4,Empleado_Informal,ENPOVE_2022
1,28.0,1,2,8.0,13.0, , ,1,14.0,14.0,0.0,9,4,Empleado_Informal,ENPOVE_2022
2,27.0,1,2,4.0,13.0, , ,1,9.0,9.0,0.0,9,4,Desempleado,ENPOVE_2022
2,27.0,6,2,9.0,13.0, , ,1,13.5,13.5,0.0,9,3,Desempleado,ENPOVE_2022
2,47.0,5,2,5.0,13.0, , ,1,10.0,10.0,0.0,9,4,Desempleado,ENPOVE_2022
1,25.0,5,2,9.0,13.0, , ,1,13.5,13.5,0.0,9,1,Empleado_Informal,ENPOVE_2022
1,24.0,1,2,3.0,13.0, , ,1,4.5,4.5,0.0,9,4,Empleado_Informal,ENPOVE_2022
1,19.0,1,2,3.0,13.0, , ,1,4.5,4.5,0.0,9,4,Empleado_Informal,ENPOVE_2022
1,31.0,2,2,3.0,13.0, , ,1,4.5,4.5,0.0,9,4,Empleado_Informal,ENPOVE_2022
2,22.0,1,2,6.0,13.0, , ,1,11.0,11.0,0.0,9,3,Desempleado,ENPOVE_2022
1,39.0,6,2,4.0,13.0, , ,1,9.0,9.0,0.0,2,1,Empleado_Informal,ENPOVE_2022
2,32.0,1,2,3.0,13.0, , ,1,4.5,4.5,0.0,9,2,Empleado_Informal,ENPOVE_2022
1,34.0,1,2,3.0,13.0, , ,1,4.5,4.5,0.0,9,3,Empleado_Informal,ENPOVE_2022
1,35.0,1,2,10.0,13.0,1,2,1,16.0,16.0,0.0,2,4,Empleado_Informal,ENPOVE_2022
2,22.0,6,2,4.0,13.0, , ,1,9.0,9.0,0.0,1,4,Empleado_Informal,ENPOVE_2022
1,23.0,1,2,4.0,13.0, , ,1,9.0,9.0,0.0,9,4,Empleado_Informal,ENPOVE_2022
2,17.0,6,2,6.0,13.0, , ,1,11.0,11.0,0.0,9,4,Desempleado,ENPOVE_2022
2,34.0,5,2,5.0,13.0, , ,1,10.0,10.0,0.0,9,4,Empleado_Informal,ENPOVE_2022
1,33.0,2,2,9.0,13.0, , ,1,13.5,13.5,0.0,2,4,Empleado_Formal,ENPOVE_2022
2,43.0,1,2,4.0,13.0, , ,1,9.0,9.0,0.0,9,2,Desempleado,ENPOVE_2022
1,41.0,1,2,3.0,13.0, , ,1,4.5,4.5,0.0,1,2,Empleado_Informal,ENPOVE_2022
1,23.0,6,2,4.0,13.0, , ,1,9.0,9.0,0.0,9,3,Desempleado,ENPOVE_2022
1,30.0,1,2,3.0,13.0, , ,1,4.5,4.5,0.0,9,0,Desempleado,ENPOVE_2022
2,26.0,6,2,3.0,13.0, , ,1,4.5,4.5,0.0,9,1,Empleado_Informal,ENPOVE_2022
2,25.0,1,2,10.0,13.0,1,2,1,16.0,16.0,0.0,9,1,Empleado_Informal,ENPOVE_2022
1,25.0,1,2,4.0,13.0, , ,1,9.0,9.0,0.0,9,1,Desempleado,ENPOVE_2022
2,56.0,1,2,4.0,13.0, , ,1,9.0,9.0,0.0,2,4,Empleado_Informal,ENPOVE_2022
1,35.0,6,2,4.0,13.0, , ,1,9.0,9.0,0.0,1,3,Empleado_Informal,ENPOVE_2022
2,27.0,5,2,9.0,13.0, , ,1,13.5,13.5,0.0,1,3,Desempleado,ENPOVE_2022
1,33.0,1,2,10.0,13.0,1,2,1,16.0,16.0,0.0,9,4,Empleado_Informal,ENPOVE_2022
2,33.0,5,2,9.0,13.0, , ,1,13.5,13.5,0.0,1,4,Empleado_Informal,ENPOVE_2022
2,23.0,1,2,4.0,13.0, , ,1,9.0,9.0,0.0,9,1,Desempleado,ENPOVE_2022
1,28.0,1,2,10.0,13.0,1,2,1,16.0,16.0,0.0,9,4,Empleado_Informal,ENPOVE_2022
2,31.0,1,2,10.0,13.0,1,2,1,16.0,16.0,0.0,1,4,Empleado_Informal,ENPOVE_2022
2,43.0,2,2,8.0,13.0, , ,1,14.0,14.0,0.0,9,1,Empleado_Informal,ENPOVE_2022
1,12.0,6,2,3.0,13.0, , ,1,4.5,4.5,0.0,9,1,Desempleado,ENPOVE_2022
1,34.0,1,2,4.0,13.0, , ,1,9.0,9.0,0.0,9,3,Empleado_Informal,ENPOVE_2022
1,12.0,6,2,1.0,3.0, , ,1,0.0,3.0,-3.0,9,3,Desempleado,ENPOVE_2022
1,25.0,1,2,4.0,13.0, , ,1,9.0,9.0,0.0,9,4,Empleado_Informal,ENPOVE_2022
2,32.0,1,2,8.0,13.0, , ,1,14.0,14.0,0.0,9,1,Empleado_Informal,ENPOVE_2022
1,27.0,1,2,10.0,13.0,1,2,1,16.0,16.0,0.0,9,1,Empleado_Informal,ENPOVE_2022
2,27.0,6,2,9.0,13.0, , ,1,13.5,13.5,0.0,9,4,Desempleado,ENPOVE_2022
2,57.0,2,2,10.0,13.0,2, ,1,16.0,16.0,0.0,9,4,Empleado_Informal,ENPOVE_2022
1,22.0,1,2,3.0,13.0, , ,1,4.5,4.5,0.0,9,5,Empleado_Informal,ENPOVE_2022
2,56.0,6,2,3.0,13.0, , ,1,4.5,4.5,0.0,9,2,Desempleado,ENPOVE_2022
2,34.0,6,2,10.0,13.0,1,2,1,16.0,16.0,0.0,1,4,Empleado_Informal,ENPOVE_2022
2,19.0,1,2,4.0,13.0, , ,1,9.0,9.0,0.0,1,3,Empleado_Informal,ENPOVE_2022
1,25.0,1,2,4.0,13.0, , ,1,9.0,9.0,0.0,1,3,Empleado_Informal,ENPOVE_2022
1,26.0,6,2,3.0,13.0, , ,1,4.5,4.5,0.0,1,4,Empleado_Informal,ENPOVE_2022
1,21.0,1,2,1.0,5.0, , ,1,0.0,8.5,-8.5,9,3,Empleado_Informal,ENPOVE_2022
2,21.0,1,2,4.0,13.0, , ,1,9.0,9.0,0.0,9,1,Empleado_Informal,ENPOVE_2022
2,22.0,6,2,4.0,13.0, , ,1,9.0,9.0,0.0,9,4,Empleado_Informal,ENPOVE_2022
1,24.0,1,2,4.0,13.0, , ,1,9.0,9.0,0.0,9,1,Empleado_Informal,ENPOVE_2022
2,16.0,1,2,3.0,13.0, , ,1,4.5,4.5,0.0,9,1,Empleado_Informal,ENPOVE_2022
2,30.0,1,2,3.0,13.0, , ,1,4.5,4.5,0.0,9,3,Desempleado,ENPOVE_2022
1,43.0,1,2,5.0,13.0, , ,1,10.0,10.0,0.0,1,3,Empleado_Informal,ENPOVE_2022
1,36.0,1,2,8.0,13.0, , ,1,14.0,14.0,0.0,9,2,Empleado_Informal,ENPOVE_2022
2,44.0,2,2,10.0,13.0,1,2,1,16.0,16.0,0.0,6,4,Desempleado,ENPOVE_2022
1,36.0,2,2,6.0,13.0, , ,1,11.0,11.0,0.0,6,4,Empleado_Informal,ENPOVE_2022
2,47.0,2,2,6.0,13.0, , ,1,11.0,11.0,0.0,9,3,Empleado_Informal,ENPOVE_2022
1,30.0,6,2,6.0,13.0, , ,1,11.0,11.0,0.0,1,3,Empleado_Informal,ENPOVE_2022
2,26.0,1,2,10.0,13.0,1,2,1,16.0,16.0,0.0,1,2,Desempleado,ENPOVE_2022
1,29.0,1,2,5.0,13.0, , ,1,10.0,10.0,0.0,1,2,Empleado_Informal,ENPOVE_2022
2,21.0,6,2,9.0,13.0, , ,1,13.5,13.5,0.0,2,4,Empleado_Formal,ENPOVE_2022
2,21.0,6,2,6.0,13.0, , ,1,11.0,11.0,0.0,9,1,Empleado_Informal,ENPOVE_2022
1,28.0,5,2,8.0,13.0, , ,1,14.0,14.0,0.0,1,4,Empleado_Informal,ENPOVE_2022
1,56.0,2,2,6.0,13.0, , ,1,11.0,11.0,0.0,2,4,Empleado_Informal,ENPOVE_2022
2,32.0,1,2,10.0,13.0,1,2,1,16.0,16.0,0.0,2,4,Empleado_Informal,ENPOVE_2022
1,36.0,1,2,8.0,13.0, , ,1,14.0,14.0,0.0,2,4,Empleado_Informal,ENPOVE_2022
1,28.0,6,2,9.0,13.0, , ,1,13.5,13.5,0.0,1,1,Empleado_Informal,ENPOVE_2022
2,23.0,1,2,9.0,13.0, , ,1,13.5,13.5,0.0,2,4,Empleado_Informal,ENPOVE_2022
2,25.0,5,2,9.0,13.0, , ,1,13.5,13.5,0.0,9,3,Empleado_Informal,ENPOVE_2022
1,35.0,1,2,8.0,13.0, , ,1,14.0,14.0,0.0,2,4,Empleado_Formal,ENPOVE_2022
2,30.0,1,2,6.0,13.0, , ,1,11.0,11.0,0.0,2,4,Empleado_Informal,ENPOVE_2022
1,31.0,1,2,4.0,13.0, , ,1,9.0,9.0,0.0,9,4,Empleado_Informal,ENPOVE_2022
1,39.0,1,2,7.0,13.0, , ,1,12.5,12.5,0.0,9,1,Empleado_Informal,ENPOVE_2022
2,33.0,1,2,10.0,13.0,1,2,1,16.0,16.0,0.0,9,1,Empleado_Informal,ENPOVE_2022
1,36.0,5,2,8.0,13.0, , ,1,14.0,14.0,0.0,9,0,Empleado_Informal,ENPOVE_2022
1,28.0,1,2,6.0,13.0, , ,1,11.0,11.0,0.0,9,0,Empleado_Formal,ENPOVE_2022
2,12.0,6,2,4.0,13.0, , ,1,9.0,9.0,0.0,9,0,Desempleado,ENPOVE_2022
1,20.0,6,2,9.0,13.0, , ,1,13.5,13.5,0.0,9,0,Desempleado,ENPOVE_2022
1,21.0,6,2,6.0,13.0, , ,1,11.0,11.0,0.0,1,4,Empleado_Informal,ENPOVE_2022
2,55.0,2,2,9.0,13.0, , ,1,13.5,13.5,0.0,1,3,Desempleado,ENPOVE_2022
1,26.0,1,2,5.0,13.0, , ,1,10.0,10.0,0.0,9,0,Empleado_Informal,ENPOVE_2022
1,36.0,5,2,4.0,13.0, , ,1,9.0,9.0,0.0,9,5,Empleado_Informal,ENPOVE_2022
1,21.0,1,2,9.0,13.0, , ,1,13.5,13.5,0.0,9,2,Empleado_Informal,ENPOVE_2022
2,20.0,1,2,6.0,13.0, , ,1,11.0,11.0,0.0,1,1,Empleado_Informal,ENPOVE_2022
2,50.0,5,2,9.0,13.0, , ,1,13.5,13.5,0.0,1,1,Empleado_Informal,ENPOVE_2022
1,21.0,6,2,6.0,13.0, , ,1,11.0,11.0,0.0,1,3,Empleado_Informal,ENPOVE_2022
2,26.0,5,2,9.0,13.0, , ,1,13.5,13.5,0.0,2,4,Empleado_Informal,ENPOVE_2022
1,24.0,1,2,6.0,13.0, , ,1,11.0,11.0,0.0,1,3,Empleado_Informal,ENPOVE_2022
2,42.0,1,2,10.0,13.0,1,2,1,16.0,16.0,0.0,1,1,Empleado_Informal,ENPOVE_2022
1,50.0,1,2,6.0,13.0, , ,1,11.0,11.0,0.0,1,3,Empleado_Informal,ENPOVE_2022
1,39.0,5,2,10.0,13.0,1,2,1,16.0,16.0,0.0,1,3,Empleado_Informal,ENPOVE_2022
2,47.0,1,2,9.0,13.0, , ,1,13.5,13.5,0.0,1,4,Empleado_Informal,ENPOVE_2022
1,17.0,6,2,5.0,13.0, , ,1,10.0,10.0,0.0,1,4,Empleado_Informal,ENPOVE_2022
1,21.0,6,2,6.0,13.0, , ,1,11.0,11.0,0.0,9,3,Empleado_Informal,ENPOVE_2022
2,21.0,6,2,6.0,13.0, , ,1,11.0,11.0,0.0,1,3,Empleado_Formal,ENPOVE_2022
1,24.0,1,2,9.0,13.0, , ,1,13.5,13.5,0.0,1,4,Empleado_Informal,ENPOVE_2022
1,27.0,2,2,9.0,13.0, , ,1,13.5,13.5,0.0,2,4,Empleado_Informal,ENPOVE_2022
1,22.0,6,2,9.0,13.0, , ,1,13.5,13.5,0.0,1,3,Empleado_Formal,ENPOVE_2022
1,26.0,1,2,6.0,13.0, , ,1,11.0,11.0,0.0,2,3,Empleado_Informal,ENPOVE_2022
2,52.0,1,2,10.0,13.0,1,1,1,16.0,16.0,0.0,2,4,Empleado_Formal,ENPOVE_2022
2,53.0,1,2,9.0,13.0, , ,1,13.5,13.5,0.0,1,4,Empleado_Informal,ENPOVE_2022
1,27.0,6,2,9.0,13.0, , ,1,13.5,13.5,0.0,2,4,Empleado_Informal,ENPOVE_2022
2,17.0,6,2,6.0,13.0, , ,1,11.0,11.0,0.0,2,1,Empleado_Informal,ENPOVE_2022
1,25.0,1,2,9.0,13.0, , ,1,13.5,13.5,0.0,2,4,Empleado_Informal,ENPOVE_2022
2,25.0,1,2,6.0,13.0, , ,1,11.0,11.0,0.0,2,4,Empleado_Informal,ENPOVE_2022
2,39.0,6,2,6.0,13.0, , ,1,11.0,11.0,0.0,1,4,Empleado_Informal,ENPOVE_2022
1,18.0,6,2,5.0,13.0, , ,1,10.0,10.0,0.0,9,4,Empleado_Informal,ENPOVE_2022
1,15.0,6,2,5.0,13.0, , ,1,10.0,10.0,0.0,9,4,Empleado_Informal,ENPOVE_2022
2,35.0,2,2,6.0,13.0, , ,1,11.0,11.0,0.0,1,2,Empleado_Informal,ENPOVE_2022
1,40.0,2,2,6.0,13.0, , ,1,11.0,11.0,0.0,1,4,Empleado_Informal,ENPOVE_2022
2,16.0,6,2,1.0,5.0, , ,1,0.0,8.5,-8.5,9,1,Empleado_Informal,ENPOVE_2022
1,26.0,6,2,7.0,13.0, , ,1,12.5,12.5,0.0,2,3,Empleado_Informal,ENPOVE_2022
2,17.0,6,2,5.0,13.0, , ,1,10.0,10.0,0.0,9,1,Empleado_Informal,ENPOVE_2022
1,22.0,6,2,6.0,13.0, , ,1,11.0,11.0,0.0,9,3,Empleado_Informal,ENPOVE_2022
1,44.0,1,2,6.0,13.0, , ,1,11.0,11.0,0.0,2,3,Empleado_Informal,ENPOVE_2022
2,34.0,1,2,10.0,13.0,1,2,1,16.0,16.0,0.0,2,5,Empleado_Informal,ENPOVE_2022
1,40.0,2,2,6.0,13.0, , ,1,11.0,11.0,0.0,2,5,Empleado_Informal,ENPOVE_2022
1,29.0,1,2,6.0,13.0, , ,1,11.0,11.0,0.0,4,3,Empleado_Formal,ENPOVE_2022
2,66.0,2,2,1.0,7.0, , ,1,0.0,12.5,-12.5,4,3,Empleado_Informal,ENPOVE_2022
1,34.0,2,2,9.0,13.0, , ,1,13.5,13.5,0.0,4,2,Empleado_Formal,ENPOVE_2022
1,34.0,2,2,6.0,13.0, , ,1,11.0,11.0,0.0,2,3,Empleado_Informal,ENPOVE_2022
1,47.0,1,2,6.0,13.0, , ,1,11.0,11.0,0.0,2,5,Empleado_Informal,ENPOVE_2022
1,15.0,6,2,1.0,5.0, , ,1,0.0,8.5,-8.5,1,3,Empleado_Informal,ENPOVE_2022
1,27.0,1,2,9.0,13.0, , ,1,13.5,13.5,0.0,1,4,Empleado_Informal,ENPOVE_2022
2,28.0,1,2,9.0,13.0, , ,1,13.5,13.5,0.0,2,4,Empleado_Informal,ENPOVE_2022
1,50.0,1,2,6.0,13.0, , ,1,11.0,11.0,0.0,2,3,Empleado_Informal,ENPOVE_2022
2,49.0,1,2,7.0,13.0, , ,1,12.5,12.5,0.0,2,4,Empleado_Informal,ENPOVE_2022
2,27.0,6,2,10.0,13.0,2, ,1,16.0,16.0,0.0,2,4,Desempleado,ENPOVE_2022
2,33.0,5,2,10.0,13.0,1,2,1,16.0,16.0,0.0,2,1,Empleado_Informal,ENPOVE_2022
2,27.0,6,2,6.0,13.0, , ,1,11.0,11.0,0.0,1,4,Empleado_Informal,ENPOVE_2022
1,33.0,1,2,3.0,13.0, , ,1,4.5,4.5,0.0,9,1,Empleado_Informal,ENPOVE_2022
1,47.0,1,2,4.0,13.0, , ,1,9.0,9.0,0.0,9,1,Empleado_Informal,ENPOVE_2022
1,23.0,6,2,1.0,7.0, , ,1,0.0,12.5,-12.5,4,5,Empleado_Informal,ENPOVE_2022
2,16.0,6,2,5.0,13.0, , ,1,10.0,10.0,0.0,9,1,Desempleado,ENPOVE_2022
2,25.0,1,2,6.0,13.0, , ,1,11.0,11.0,0.0,9,3,Empleado_Informal,ENPOVE_2022
1,52.0,6,2,6.0,13.0, , ,1,11.0,11.0,0.0,2,4,Empleado_Informal,ENPOVE_2022
1,41.0,1,2,5.0,13.0, , ,1,10.0,10.0,0.0,2,3,Empleado_Informal,ENPOVE_2022
2,36.0,1,2,6.0,13.0, , ,1,11.0,11.0,0.0,9,2,Desempleado,ENPOVE_2022
1,34.0,1,2,7.0,13.0, , ,1,12.5,12.5,0.0,1,3,Empleado_Informal,ENPOVE_2022
2,30.0,1,2,9.0,13.0, , ,1,13.5,13.5,0.0,1,3,Empleado_Informal,ENPOVE_2022
1,35.0,6,2,6.0,13.0, , ,1,11.0,11.0,0.0,1,1,Empleado_Informal,ENPOVE_2022
2,40.0,1,2,6.0,13.0, , ,1,11.0,11.0,0.0,1,2,Empleado_Informal,ENPOVE_2022
1,21.0,6,2,6.0,13.0, , ,1,11.0,11.0,0.0,9,2,Empleado_Informal,ENPOVE_2022
2,18.0,6,2,5.0,13.0, , ,1,10.0,10.0,0.0,9,1,Desempleado,ENPOVE_2022
1,23.0,1,2,6.0,13.0, , ,1,11.0,11.0,0.0,2,4,Empleado_Informal,ENPOVE_2022
1,39.0,1,2,6.0,13.0, , ,1,11.0,11.0,0.0,2,4,Empleado_Informal,ENPOVE_2022
2,20.0,1,2,6.0,13.0, , ,1,11.0,11.0,0.0,9,1,Empleado_Informal,ENPOVE_2022
1,59.0,1,2,4.0,13.0, , ,1,9.0,9.0,0.0,9,1,Empleado_Informal,ENPOVE_2022
2,37.0,1,2,7.0,13.0, , ,1,12.5,12.5,0.0,9,1,Desempleado,ENPOVE_2022
1,34.0,6,2,10.0,13.0,1,2,1,16.0,16.0,0.0,2,4,Desempleado,ENPOVE_2022
1,27.0,1,2,6.0,13.0, , ,1,11.0,11.0,0.0,9,2,Empleado_Informal,ENPOVE_2022
2,23.0,1,2,6.0,13.0, , ,1,11.0,11.0,0.0,9,1,Empleado_Informal,ENPOVE_2022
2,29.0,6,2,8.0,13.0, , ,1,14.0,14.0,0.0,2,4,Empleado_Informal,ENPOVE_2022
2,21.0,1,2,6.0,13.0, , ,1,11.0,11.0,0.0,9,1,Empleado_Informal,ENPOVE_2022
1,25.0,6,2,9.0,13.0, , ,1,13.5,13.5,0.0,2,4,Empleado_Formal,ENPOVE_2022
1,36.0,6,2,6.0,13.0, , ,1,11.0,11.0,0.0,2,2,Empleado_Informal,ENPOVE_2022
1,34.0,6,2,5.0,13.0, , ,1,10.0,10.0,0.0,2,4,Empleado_Informal,ENPOVE_2022
1,32.0,1,2,6.0,13.0, , ,1,11.0,11.0,0.0,2,4,Empleado_Informal,ENPOVE_2022
1,29.0,1,2,9.0,13.0, , ,1,13.5,13.5,0.0,2,4,Empleado_Informal,ENPOVE_2022
1,39.0,4,2,6.0,13.0, , ,1,11.0,11.0,0.0,9,1,Empleado_Informal,ENPOVE_2022
1,21.0,6,2,6.0,13.0, , ,1,11.0,11.0,0.0,2,3,Empleado_Informal,ENPOVE_2022
1,21.0,6,2,6.0,13.0, , ,1,11.0,11.0,0.0,2,3,Empleado_Informal,ENPOVE_2022
2,16.0,6,2,5.0,13.0, , ,1,10.0,10.0,0.0,2,4,Empleado_Formal,ENPOVE_2022
1,22.0,6,2,6.0,13.0, , ,1,11.0,11.0,0.0,9,1,Empleado_Informal,ENPOVE_2022
1,38.0,1,2,10.0,13.0,2, ,1,16.0,16.0,0.0,2,4,Empleado_Formal,ENPOVE_2022
2,30.0,1,2,10.0,13.0,1,2,1,16.0,16.0,0.0,2,4,Empleado_Informal,ENPOVE_2022
1,31.0,1,2,10.0,13.0,1,2,1,16.0,16.0,0.0,1,4,Empleado_Informal,ENPOVE_2022
1,31.0,1,2,10.0,13.0,1,2,1,16.0,16.0,0.0,2,4,Empleado_Formal,ENPOVE_2022
2,26.0,1,2,9.0,13.0, , ,1,13.5,13.5,0.0,2,4,Empleado_Informal,ENPOVE_2022
2,32.0,6,2,10.0,13.0,1,2,1,16.0,16.0,0.0,2,4,Empleado_Informal,ENPOVE_2022
2,37.0,1,2,10.0,13.0,1,2,1,16.0,16.0,0.0,2,4,Empleado_Informal,ENPOVE_2022
1,36.0,1,2,10.0,13.0,1,2,1,16.0,16.0,0.0,1,1,Empleado_Informal,ENPOVE_2022
2,30.0,6,2,10.0,13.0,1,1,1,16.0,16.0,0.0,1,1,Empleado_Informal,ENPOVE_2022
2,31.0,6,2,8.0,13.0, , ,1,14.0,14.0,0.0,2,5,Empleado_Informal,ENPOVE_2022
2,49.0,2,2,8.0,13.0, , ,1,14.0,14.0,0.0,4,5,Desempleado,ENPOVE_2022
1,21.0,6,2,6.0,13.0, , ,1,11.0,11.0,0.0,4,5,Desempleado,ENPOVE_2022
2,19.0,6,2,1.0,6.0, , ,1,0.0,11.0,-11.0,4,5,Empleado_Formal,ENPOVE_2022
1,21.0,6,2,6.0,13.0, , ,1,11.0,11.0,0.0,9,4,Empleado_Informal,ENPOVE_2022
2,20.0,6,2,6.0,13.0, , ,1,11.0,11.0,0.0,9,1,Empleado_Informal,ENPOVE_2022
2,49.0,6,2,6.0,13.0, , ,1,11.0,11.0,0.0,6,4,Empleado_Informal,ENPOVE_2022
2,28.0,1,2,10.0,13.0,2, ,1,16.0,16.0,0.0,2,4,Empleado_Informal,ENPOVE_2022
2,31.0,5,2,6.0,13.0, , ,1,11.0,11.0,0.0,2,3,Empleado_Informal,ENPOVE_2022
1,23.0,6,2,5.0,13.0, , ,1,10.0,10.0,0.0,9,0,Empleado_Informal,ENPOVE_2022
1,19.0,6,2,5.0,13.0, , ,1,10.0,10.0,0.0,9,0,Empleado_Informal,ENPOVE_2022
2,51.0,1,2,7.0,13.0, , ,1,12.5,12.5,0.0,2,3,Empleado_Informal,ENPOVE_2022
2,25.0,6,2,6.0,13.0, , ,1,11.0,11.0,0.0,1,3,Empleado_Informal,ENPOVE_2022
2,31.0,6,2,7.0,13.0, , ,1,12.5,12.5,0.0,2,4,Empleado_Informal,ENPOVE_2022
2,29.0,6,2,7.0,13.0, , ,1,12.5,12.5,0.0,2,3,Empleado_Informal,ENPOVE_2022
1,34.0,6,2,6.0,13.0, , ,1,11.0,11.0,0.0,1,2,Empleado_Informal,ENPOVE_2022
2,25.0,6,2,6.0,13.0, , ,1,11.0,11.0,0.0,9,4,Empleado_Informal,ENPOVE_2022
2,34.0,5,2,9.0,13.0, , ,1,13.5,13.5,0.0,2,4,Empleado_Informal,ENPOVE_2022
1,35.0,1,2,6.0,13.0, , ,1,11.0,11.0,0.0,2,4,Empleado_Formal,ENPOVE_2022
2,32.0,1,2,9.0,13.0, , ,1,13.5,13.5,0.0,2,4,Empleado_Informal,ENPOVE_2022
2,34.0,6,2,9.0,13.0, , ,1,13.5,13.5,0.0,2,5,Empleado_Formal,ENPOVE_2022
1,35.0,2,2,8.0,13.0, , ,1,14.0,14.0,0.0,2,4,Empleado_Informal,ENPOVE_2022
1,22.0,1,2,5.0,13.0, , ,1,10.0,10.0,0.0,2,4,Empleado_Informal,ENPOVE_2022
2,38.0,5,2,8.0,13.0, , ,1,14.0,14.0,0.0,1,2,Empleado_Informal,ENPOVE_2022
2,21.0,6,2,6.0,13.0, , ,1,11.0,11.0,0.0,9,3,Empleado_Informal,ENPOVE_2022
1,32.0,5,2,10.0,13.0,1,2,1,16.0,16.0,0.0,2,4,Empleado_Informal,ENPOVE_2022
1,30.0,1,2,9.0,13.0, , ,1,13.5,13.5,0.0,9,4,Empleado_Informal,ENPOVE_2022
1,44.0,6,2,3.0,13.0, , ,1,4.5,4.5,0.0,1,4,Empleado_Informal,ENPOVE_2022
1,43.0,5,2,6.0,13.0, , ,1,11.0,11.0,0.0,2,4,Empleado_Informal,ENPOVE_2022
2,26.0,1,2,6.0,13.0, , ,1,11.0,11.0,0.0,2,4,Empleado_Informal,ENPOVE_2022
2,68.0,5,2,6.0,13.0, , ,1,11.0,11.0,0.0,1,2,Desempleado,ENPOVE_2022
1,41.0,6,2,6.0,13.0, , ,1,11.0,11.0,0.0,2,4,Empleado_Informal,ENPOVE_2022
2,40.0,2,2,6.0,13.0, , ,1,11.0,11.0,0.0,2,4,Empleado_Informal,ENPOVE_2022
2,23.0,5,2,9.0,13.0, , ,1,13.5,13.5,0.0,9,3,Empleado_Informal,ENPOVE_2022
1,47.0,1,2,6.0,13.0, , ,1,11.0,11.0,0.0,2,5,Empleado_Formal,ENPOVE_2022
2,42.0,1,2,5.0,13.0, , ,1,10.0,10.0,0.0,9,1,Empleado_Informal,ENPOVE_2022
1,19.0,6,2,6.0,13.0, , ,1,11.0,11.0,0.0,9,1,Empleado_Informal,ENPOVE_2022
2,38.0,5,2,6.0,13.0, , ,1,11.0,11.0,0.0,9,4,Empleado_Informal,ENPOVE_2022
1,19.0,6,2,1.0,6.0, , ,1,0.0,11.0,-11.0,2,3,Empleado_Informal,ENPOVE_2022
2,31.0,5,2,7.0,13.0, , ,1,12.5,12.5,0.0,9,4,Empleado_Informal,ENPOVE_2022
1,36.0,1,2,8.0,13.0, , ,1,14.0,14.0,0.0,2,0,Empleado_Formal,ENPOVE_2022
2,51.0,4,2,5.0,13.0, , ,1,10.0,10.0,0.0,2,4,Empleado_Informal,ENPOVE_2022
1,28.0,6,2,5.0,13.0, , ,1,10.0,10.0,0.0,9,1,Empleado_Informal,ENPOVE_2022
1,37.0,2,2,8.0,13.0, , ,1,14.0,14.0,0.0,1,4,Empleado_Informal,ENPOVE_2022
2,34.0,2,2,10.0,13.0,1,2,1,16.0,16.0,0.0,2,4,Empleado_Informal,ENPOVE_2022
1,33.0,2,2,6.0,13.0, , ,1,11.0,11.0,0.0,1,4,Desempleado,ENPOVE_2022
2,28.0,2,2,10.0,13.0,1,2,1,16.0,16.0,0.0,2,3,Empleado_Informal,ENPOVE_2022
1,30.0,1,2,10.0,13.0,1,2,1,16.0,16.0,0.0,9,0,Empleado_Informal,ENPOVE_2022
1,46.0,1,2,7.0,13.0, , ,1,12.5,12.5,0.0,2,4,Empleado_Informal,ENPOVE_2022
2,42.0,1,2,7.0,13.0, , ,1,12.5,12.5,0.0,1,4,Empleado_Informal,ENPOVE_2022
1,17.0,6,2,1.0,6.0, , ,1,0.0,11.0,-11.0,1,4,Desempleado,ENPOVE_2022
2,61.0,2,2,6.0,13.0, , ,1,11.0,11.0,0.0,9,0,Desempleado,ENPOVE_2022
1,27.0,1,2,6.0,13.0, , ,1,11.0,11.0,0.0,9,3,Empleado_Informal,ENPOVE_2022
2,30.0,1,2,7.0,13.0, , ,1,12.5,12.5,0.0,2,4,Empleado_Informal,ENPOVE_2022
1,44.0,1,2,10.0,13.0,1,2,1,16.0,16.0,0.0,1,3,Empleado_Informal,ENPOVE_2022
1,65.0,2,2,4.0,13.0, , ,1,9.0,9.0,0.0,9,3,Empleado_Informal,ENPOVE_2022
1,32.0,6,2,8.0,13.0, , ,1,14.0,14.0,0.0,2,5,Empleado_Informal,ENPOVE_2022
1,34.0,1,2,6.0,13.0, , ,1,11.0,11.0,0.0,2,4,Empleado_Formal,ENPOVE_2022
2,40.0,1,2,5.0,13.0, , ,1,10.0,10.0,0.0,2,1,Empleado_Formal,ENPOVE_2022
1,27.0,1,2,5.0,13.0, , ,1,10.0,10.0,0.0,2,4,Empleado_Informal,ENPOVE_2022
2,25.0,1,2,4.0,13.0, , ,1,9.0,9.0,0.0,9,3,Empleado_Informal,ENPOVE_2022
1,32.0,2,2,10.0,13.0,1,2,1,16.0,16.0,0.0,2,5,Empleado_Informal,ENPOVE_2022
2,32.0,2,2,10.0,13.0,1,2,1,16.0,16.0,0.0,2,4,Desempleado,ENPOVE_2022
1,31.0,1,2,6.0,13.0, , ,1,11.0,11.0,0.0,2,4,Empleado_Informal,ENPOVE_2022
2,27.0,1,2,6.0,13.0, , ,1,11.0,11.0,0.0,2,4,Empleado_Informal,ENPOVE_2022
1,73.0,5,2,5.0,13.0, , ,1,10.0,10.0,0.0,9,3,Desempleado,ENPOVE_2022
1,17.0,6,2,5.0,13.0, , ,1,10.0,10.0,0.0,9,1,Empleado_Informal,ENPOVE_2022
1,35.0,1,2,6.0,13.0, , ,1,11.0,11.0,0.0,2,4,Empleado_Informal,ENPOVE_2022
2,43.0,1,2,6.0,13.0, , ,1,11.0,11.0,0.0,2,2,Empleado_Informal,ENPOVE_2022
1,24.0,1,2,4.0,13.0, , ,1,9.0,9.0,0.0,2,4,Empleado_Informal,ENPOVE_2022
2,23.0,1,2,9.0,13.0, , ,1,13.5,13.5,0.0,1,4,Empleado_Informal,ENPOVE_2022
1,39.0,6,2,6.0,13.0, , ,1,11.0,11.0,0.0,2,4,Empleado_Informal,ENPOVE_2022
1,23.0,1,2,4.0,13.0, , ,1,9.0,9.0,0.0,9,2,Empleado_Informal,ENPOVE_2022
2,22.0,1,2,6.0,13.0, , ,1,11.0,11.0,0.0,9,2,Empleado_Informal,ENPOVE_2022
2,21.0,1,2,6.0,13.0, , ,1,11.0,11.0,0.0,9,1,Desempleado,ENPOVE_2022
1,27.0,1,2,6.0,13.0, , ,1,11.0,11.0,0.0,9,2,Empleado_Informal,ENPOVE_2022
1,28.0,1,2,8.0,13.0, , ,1,14.0,14.0,0.0,2,4,Empleado_Informal,ENPOVE_2022
2,20.0,1,2,6.0,13.0, , ,1,11.0,11.0,0.0,1,3,Empleado_Informal,ENPOVE_2022
1,24.0,1,2,6.0,13.0, , ,1,11.0,11.0,0.0,9,2,Desempleado,ENPOVE_2022
2,21.0,1,2,9.0,13.0, , ,1,13.5,13.5,0.0,9,1,Empleado_Informal,ENPOVE_2022
2,23.0,6,2,6.0,13.0, , ,1,11.0,11.0,0.0,2,4,Empleado_Informal,ENPOVE_2022
2,30.0,6,2,8.0,13.0, , ,1,14.0,14.0,0.0,2,4,Empleado_Informal,ENPOVE_2022
2,46.0,6,2,8.0,13.0, , ,1,14.0,14.0,0.0,2,3,Empleado_Formal,ENPOVE_2022
1,36.0,2,2,10.0,13.0,1,2,1,16.0,16.0,0.0,2,4,Empleado_Formal,ENPOVE_2022
2,38.0,2,2,10.0,13.0,1,2,1,16.0,16.0,0.0,4,4,Empleado_Informal,ENPOVE_2022
2,29.0,1,2,10.0,13.0,1,2,1,16.0,16.0,0.0,1,4,Empleado_Informal,ENPOVE_2022
1,29.0,1,2,6.0,13.0, , ,1,11.0,11.0,0.0,2,4,Empleado_Informal,ENPOVE_2022
1,32.0,6,2,6.0,13.0, , ,1,11.0,11.0,0.0,2,4,Empleado_Formal,ENPOVE_2022
1,41.0,6,2,8.0,13.0, , ,1,14.0,14.0,0.0,1,2,Empleado_Informal,ENPOVE_2022
1,29.0,6,2,6.0,13.0, , ,1,11.0,11.0,0.0,2,4,Empleado_Informal,ENPOVE_2022
2,21.0,1,2,9.0,13.0, , ,1,13.5,13.5,0.0,1,1,Empleado_Informal,ENPOVE_2022
1,32.0,6,2,8.0,13.0, , ,1,14.0,14.0,0.0,9,3,Empleado_Informal,ENPOVE_2022
2,31.0,6,2,6.0,13.0, , ,1,11.0,11.0,0.0,2,4,Empleado_Informal,ENPOVE_2022
1,48.0,6,2,6.0,13.0, , ,1,11.0,11.0,0.0,9,1,Empleado_Informal,ENPOVE_2022
2,19.0,6,2,5.0,13.0, , ,1,10.0,10.0,0.0,9,0,Empleado_Informal,ENPOVE_2022
1,44.0,1,2,10.0,13.0,1,2,1,16.0,16.0,0.0,2,4,Empleado_Informal,ENPOVE_2022
2,32.0,1,2,9.0,13.0, , ,1,13.5,13.5,0.0,2,4,Empleado_Informal,ENPOVE_2022
1,24.0,6,2,1.0,13.0, , ,1,0.0,0.0,0.0,2,4,Empleado_Informal,ENPOVE_2022
2,52.0,6,2,5.0,13.0, , ,1,10.0,10.0,0.0,9,2,Empleado_Informal,ENPOVE_2022
2,14.0,6,2,1.0,5.0, , ,1,0.0,8.5,-8.5,9,2,Desempleado,ENPOVE_2022
1,32.0,1,2,6.0,13.0, , ,1,11.0,11.0,0.0,2,4,Empleado_Informal,ENPOVE_2022
2,33.0,1,2,6.0,13.0, , ,1,11.0,11.0,0.0,2,4,Empleado_Formal,ENPOVE_2022
1,32.0,1,2,8.0,13.0, , ,1,14.0,14.0,0.0,1,3,Empleado_Informal,ENPOVE_2022
2,28.0,1,2,8.0,13.0, , ,1,14.0,14.0,0.0,1,3,Empleado_Formal,ENPOVE_2022
2,24.0,6,2,8.0,13.0, , ,1,14.0,14.0,0.0,2,3,Empleado_Informal,ENPOVE_2022
2,19.0,6,2,6.0,13.0, , ,1,11.0,11.0,0.0,1,2,Empleado_Informal,ENPOVE_2022
1,15.0,6,2,1.0,5.0, , ,1,0.0,8.5,-8.5,1,2,Empleado_Informal,ENPOVE_2022
2,15.0,6,2,1.0,5.0, , ,1,0.0,8.5,-8.5,1,2,Desempleado,ENPOVE_2022
2,55.0,2,2,5.0,13.0, , ,1,10.0,10.0,0.0,9,2,Desempleado,ENPOVE_2022
2,25.0,6,2,5.0,13.0, , ,1,10.0,10.0,0.0,9,2,Empleado_Informal,ENPOVE_2022
1,28.0,6,2,5.0,13.0, , ,1,10.0,10.0,0.0,9,1,Empleado_Informal,ENPOVE_2022
1,38.0,1,2,6.0,13.0, , ,1,11.0,11.0,0.0,1,4,Empleado_Informal,ENPOVE_2022
1,28.0,1,2,6.0,13.0, , ,1,11.0,11.0,0.0,2,4,Empleado_Informal,ENPOVE_2022
2,26.0,1,2,10.0,13.0,1,2,1,16.0,16.0,0.0,9,4,Empleado_Informal,ENPOVE_2022
1,20.0,6,2,1.0,6.0, , ,1,0.0,11.0,-11.0,1,4,Empleado_Informal,ENPOVE_2022
1,38.0,2,2,5.0,13.0, , ,1,10.0,10.0,0.0,9,4,Empleado_Informal,ENPOVE_2022
2,31.0,2,2,9.0,13.0, , ,1,13.5,13.5,0.0,9,4,Empleado_Informal,ENPOVE_2022
1,40.0,1,2,6.0,13.0, , ,1,11.0,11.0,0.0,9,3,Empleado_Informal,ENPOVE_2022
1,42.0,1,2,6.0,13.0, , ,1,11.0,11.0,0.0,9,2,Empleado_Informal,ENPOVE_2022
1,22.0,6,2,4.0,13.0, , ,1,9.0,9.0,0.0,9,1,Empleado_Informal,ENPOVE_2022
1,16.0,6,2,5.0,13.0, , ,1,10.0,10.0,0.0,9,1,Empleado_Informal,ENPOVE_2022
2,24.0,1,2,10.0,13.0,1,2,1,16.0,16.0,0.0,2,4,Empleado_Informal,ENPOVE_2022
1,28.0,6,2,8.0,13.0, , ,1,14.0,14.0,0.0,2,1,Empleado_Formal,ENPOVE_2022
2,24.0,1,2,9.0,13.0, , ,1,13.5,13.5,0.0,2,3,Empleado_Informal,ENPOVE_2022
1,27.0,1,2,6.0,13.0, , ,1,11.0,11.0,0.0,1,4,Empleado_Informal,ENPOVE_2022
1,39.0,2,2,6.0,13.0, , ,1,11.0,11.0,0.0,2,5,Empleado_Formal,ENPOVE_2022
2,33.0,2,2,8.0,13.0, , ,1,14.0,14.0,0.0,2,5,Empleado_Informal,ENPOVE_2022
1,46.0,1,2,10.0,13.0,2, ,1,16.0,16.0,0.0,2,5,Empleado_Informal,ENPOVE_2022
2,27.0,6,2,10.0,13.0,2, ,1,16.0,16.0,0.0,2,5,Empleado_Informal,ENPOVE_2022
1,32.0,2,2,8.0,13.0, , ,1,14.0,14.0,0.0,2,1,Empleado_Formal,ENPOVE_2022
2,28.0,2,2,10.0,13.0,2, ,1,16.0,16.0,0.0,2,4,Empleado_Informal,ENPOVE_2022
2,52.0,6,2,10.0,13.0,2, ,1,16.0,16.0,0.0,2,2,Empleado_Informal,ENPOVE_2022
1,36.0,2,2,8.0,13.0, , ,1,14.0,14.0,0.0,1,4,Empleado_Informal,ENPOVE_2022
2,30.0,2,2,8.0,13.0, , ,1,14.0,14.0,0.0,9,4,Empleado_Informal,ENPOVE_2022
1,30.0,1,2,8.0,13.0, , ,1,14.0,14.0,0.0,2,4,Empleado_Informal,ENPOVE_2022
2,30.0,1,2,8.0,13.0, , ,1,14.0,14.0,0.0,2,4,Empleado_Informal,ENPOVE_2022
2,42.0,6,2,10.0,13.0,2, ,1,16.0,16.0,0.0,1,2,Empleado_Informal,ENPOVE_2022
2,30.0,6,2,10.0,13.0,2, ,1,16.0,16.0,0.0,9,2,Empleado_Informal,ENPOVE_2022
2,30.0,2,2,10.0,13.0,1,1,1,16.0,16.0,0.0,2,3,Empleado_Formal,ENPOVE_2022
2,24.0,2,2,6.0,13.0, , ,1,11.0,11.0,0.0,9,4,Empleado_Informal,ENPOVE_2022
2,30.0,1,2,10.0,13.0,2, ,1,16.0,16.0,0.0,2,4,Empleado_Informal,ENPOVE_2022
1,52.0,2,2,5.0,13.0, , ,1,10.0,10.0,0.0,1,3,Empleado_Informal,ENPOVE_2022
2,45.0,2,2,5.0,13.0, , ,1,10.0,10.0,0.0,9,3,Empleado_Informal,ENPOVE_2022
1,19.0,6,2,1.0,6.0, , ,1,0.0,11.0,-11.0,9,3,Empleado_Informal,ENPOVE_2022
2,29.0,1,2,6.0,13.0, , ,1,11.0,11.0,0.0,9,3,Desempleado,ENPOVE_2022
1,58.0,2,2,4.0,13.0, , ,1,9.0,9.0,0.0,9,3,Desempleado,ENPOVE_2022
2,23.0,1,2,6.0,13.0, , ,1,11.0,11.0,0.0,6,4,Desempleado,ENPOVE_2022
1,31.0,1,2,9.0,13.0, , ,1,13.5,13.5,0.0,1,4,Empleado_Informal,ENPOVE_2022
1,24.0,6,2,6.0,13.0, , ,1,11.0,11.0,0.0,9,4,Empleado_Formal,ENPOVE_2022
2,30.0,1,2,10.0,13.0,1,1,1,16.0,16.0,0.0,2,4,Empleado_Informal,ENPOVE_2022
1,23.0,6,2,9.0,13.0, , ,1,13.5,13.5,0.0,2,3,Empleado_Informal,ENPOVE_2022
2,31.0,5,2,6.0,13.0, , ,1,11.0,11.0,0.0,9,3,Desempleado,ENPOVE_2022
2,32.0,5,2,6.0,13.0, , ,1,11.0,11.0,0.0,9,1,Empleado_Informal,ENPOVE_2022
2,20.0,6,2,6.0,13.0, , ,1,11.0,11.0,0.0,2,4,Empleado_Informal,ENPOVE_2022
2,54.0,5,2,10.0,13.0,1,2,1,16.0,16.0,0.0,1,2,Desempleado,ENPOVE_2022
2,25.0,6,2,9.0,13.0, , ,1,13.5,13.5,0.0,2,4,Empleado_Formal,ENPOVE_2022
1,27.0,2,2,6.0,13.0, , ,1,11.0,11.0,0.0,2,4,Empleado_Informal,ENPOVE_2022
2,27.0,2,2,9.0,13.0, , ,1,13.5,13.5,0.0,2,4,Desempleado,ENPOVE_2022
2,29.0,1,2,10.0,13.0,1,2,1,16.0,16.0,0.0,1,4,Desempleado,ENPOVE_2022
1,18.0,6,2,6.0,13.0, , ,1,11.0,11.0,0.0,9,1,Empleado_Informal,ENPOVE_2022
2,29.0,5,2,10.0,13.0,1,2,1,16.0,16.0,0.0,2,4,Empleado_Informal,ENPOVE_2022
2,39.0,4,2,10.0,13.0,1,2,1,16.0,16.0,0.0,2,4,Empleado_Informal,ENPOVE_2022
1,41.0,1,2,6.0,13.0, , ,1,11.0,11.0,0.0,2,3,Empleado_Formal,ENPOVE_2022
2,34.0,1,2,8.0,13.0, , ,1,14.0,14.0,0.0,2,4,Empleado_Informal,ENPOVE_2022
1,38.0,2,2,6.0,13.0, , ,1,11.0,11.0,0.0,1,5,Empleado_Informal,ENPOVE_2022
2,25.0,1,2,6.0,13.0, , ,1,11.0,11.0,0.0,2,4,Empleado_Informal,ENPOVE_2022
1,29.0,1,2,9.0,13.0, , ,1,13.5,13.5,0.0,2,4,Empleado_Informal,ENPOVE_2022
2,34.0,1,2,8.0,13.0, , ,1,14.0,14.0,0.0,1,4,Empleado_Informal,ENPOVE_2022
2,37.0,5,2,10.0,13.0,1,2,1,16.0,16.0,0.0,2,4,Empleado_Informal,ENPOVE_2022
1,45.0,4,2,10.0,13.0,1,2,1,16.0,16.0,0.0,2,7,Empleado_Informal,ENPOVE_2022
1,26.0,1,2,5.0,13.0, , ,1,10.0,10.0,0.0,9,3,Empleado_Informal,ENPOVE_2022
2,26.0,1,2,6.0,13.0, , ,1,11.0,11.0,0.0,9,1,Empleado_Informal,ENPOVE_2022
1,59.0,4,2,6.0,13.0, , ,1,11.0,11.0,0.0,9,1,Empleado_Informal,ENPOVE_2022
1,23.0,6,2,4.0,13.0, , ,1,9.0,9.0,0.0,9,1,Empleado_Informal,ENPOVE_2022
2,43.0,6,2,5.0,13.0, , ,1,10.0,10.0,0.0,9,1,Empleado_Informal,ENPOVE_2022
1,30.0,1,2,6.0,13.0, , ,1,11.0,11.0,0.0,9,1,Empleado_Informal,ENPOVE_2022
2,30.0,1,2,10.0,13.0,1,2,1,16.0,16.0,0.0,1,1,Empleado_Informal,ENPOVE_2022
1,13.0,6,2,5.0,13.0, , ,1,10.0,10.0,0.0,1,1,Desempleado,ENPOVE_2022
2,47.0,1,2,10.0,13.0,1,2,1,16.0,16.0,0.0,2,4,Empleado_Informal,ENPOVE_2022
1,17.0,6,2,1.0,6.0, , ,1,0.0,11.0,-11.0,2,3,Empleado_Informal,ENPOVE_2022
2,63.0,6,2,10.0,13.0,1,2,1,16.0,16.0,0.0,1,1,Empleado_Informal,ENPOVE_2022
1,52.0,6,2,9.0,13.0, , ,1,13.5,13.5,0.0,2,5,Empleado_Informal,ENPOVE_2022
1,55.0,6,2,6.0,13.0, , ,1,11.0,11.0,0.0,1,3,Empleado_Informal,ENPOVE_2022
2,25.0,1,2,8.0,13.0, , ,1,14.0,14.0,0.0,2,1,Empleado_Informal,ENPOVE_2022
1,23.0,1,2,6.0,13.0, , ,1,11.0,11.0,0.0,1,4,Empleado_Informal,ENPOVE_2022
1,33.0,6,2,9.0,13.0, , ,1,13.5,13.5,0.0,1,2,Empleado_Formal,ENPOVE_2022
1,35.0,2,2,10.0,13.0,1,2,1,16.0,16.0,0.0,2,5,Empleado_Formal,ENPOVE_2022
1,57.0,6,2,5.0,13.0, , ,1,10.0,10.0,0.0,2,3,Empleado_Formal,ENPOVE_2022
1,36.0,1,2,6.0,13.0, , ,1,11.0,11.0,0.0,1,5,Empleado_Informal,ENPOVE_2022
1,33.0,1,2,6.0,13.0, , ,1,11.0,11.0,0.0,1,3,Desempleado,ENPOVE_2022
2,21.0,6,2,6.0,13.0, , ,1,11.0,11.0,0.0,1,3,Empleado_Informal,ENPOVE_2022
2,36.0,6,2,7.0,13.0, , ,1,12.5,12.5,0.0,2,4,Empleado_Informal,ENPOVE_2022
1,29.0,1,2,6.0,13.0, , ,1,11.0,11.0,0.0,1,3,Empleado_Informal,ENPOVE_2022
2,30.0,1,2,7.0,13.0, , ,1,12.5,12.5,0.0,1,3,Empleado_Informal,ENPOVE_2022
2,34.0,6,2,7.0,13.0, , ,1,12.5,12.5,0.0,1,2,Empleado_Informal,ENPOVE_2022
2,28.0,6,2,6.0,13.0, , ,1,11.0,11.0,0.0,1,2,Empleado_Informal,ENPOVE_2022
1,41.0,6,2,7.0,13.0, , ,1,12.5,12.5,0.0,9,1,Empleado_Informal,ENPOVE_2022
1,32.0,1,2,6.0,13.0, , ,1,11.0,11.0,0.0,6,3,Empleado_Informal,ENPOVE_2022
2,31.0,1,2,7.0,13.0, , ,1,12.5,12.5,0.0,1,3,Empleado_Informal,ENPOVE_2022
2,27.0,6,2,6.0,13.0, , ,1,11.0,11.0,0.0,1,3,Empleado_Informal,ENPOVE_2022
1,31.0,6,2,6.0,13.0, , ,1,11.0,11.0,0.0,1,4,Empleado_Informal,ENPOVE_2022
1,26.0,6,2,6.0,13.0, , ,1,11.0,11.0,0.0,1,4,Empleado_Informal,ENPOVE_2022
1,51.0,2,2,6.0,13.0, , ,1,11.0,11.0,0.0,2,4,Desempleado,ENPOVE_2022
1,26.0,6,2,10.0,13.0,1,2,1,16.0,16.0,0.0,2,4,Empleado_Formal,ENPOVE_2022
2,27.0,5,2,10.0,13.0,1,2,1,16.0,16.0,0.0,2,4,Empleado_Informal,ENPOVE_2022
1,54.0,1,2,6.0,13.0, , ,1,11.0,11.0,0.0,2,5,Empleado_Informal,ENPOVE_2022
1,18.0,6,2,6.0,13.0, , ,1,11.0,11.0,0.0,9,1,Empleado_Informal,ENPOVE_2022
2,28.0,6,2,6.0,13.0, , ,1,11.0,11.0,0.0,2,5,Empleado_Informal,ENPOVE_2022
2,15.0,6,2,5.0,13.0, , ,1,10.0,10.0,0.0,9,1,Desempleado,ENPOVE_2022
1,17.0,6,2,5.0,13.0, , ,1,10.0,10.0,0.0,9,1,Empleado_Informal,ENPOVE_2022
1,28.0,1,2,10.0,13.0,2, ,1,16.0,16.0,0.0,1,4,Empleado_Informal,ENPOVE_2022
2,28.0,6,2,7.0,13.0, , ,1,12.5,12.5,0.0,1,5,Desempleado,ENPOVE_2022
2,30.0,6,2,10.0,13.0,1,2,1,16.0,16.0,0.0,1,3,Empleado_Informal,ENPOVE_2022
1,22.0,6,2,10.0,13.0,1,2,1,16.0,16.0,0.0,2,4,Empleado_Informal,ENPOVE_2022
1,20.0,6,2,5.0,13.0, , ,1,10.0,10.0,0.0,2,8,Empleado_Informal,ENPOVE_2022
2,40.0,5,2,10.0,13.0,2, ,1,16.0,16.0,0.0,2,4,Empleado_Informal,ENPOVE_2022
1,63.0,2,2,8.0,13.0, , ,1,14.0,14.0,0.0,2,4,Empleado_Informal,ENPOVE_2022
1,33.0,6,2,8.0,13.0, , ,1,14.0,14.0,0.0,4,5,Empleado_Informal,ENPOVE_2022
1,40.0,2,2,10.0,13.0,1,2,1,16.0,16.0,0.0,2,4,Empleado_Informal,ENPOVE_2022
2,39.0,2,2,6.0,13.0, , ,1,11.0,11.0,0.0,2,3,Empleado_Informal,ENPOVE_2022
2,18.0,6,2,1.0,6.0, , ,1,0.0,11.0,-11.0,1,3,Empleado_Informal,ENPOVE_2022
1,31.0,5,2,5.0,13.0, , ,1,10.0,10.0,0.0,9,3,Empleado_Informal,ENPOVE_2022
1,44.0,5,2,8.0,13.0, , ,1,14.0,14.0,0.0,1,2,Empleado_Informal,ENPOVE_2022
1,55.0,5,2,5.0,13.0, , ,1,10.0,10.0,0.0,2,3,Empleado_Informal,ENPOVE_2022
1,25.0,6,2,5.0,13.0, , ,1,10.0,10.0,0.0,9,4,Empleado_Informal,ENPOVE_2022
2,51.0,5,2,5.0,13.0, , ,1,10.0,10.0,0.0,9,3,Desempleado,ENPOVE_2022
1,28.0,6,2,10.0,13.0,1,2,1,16.0,16.0,0.0,2,4,Empleado_Informal,ENPOVE_2022
1,25.0,6,2,6.0,13.0, , ,1,11.0,11.0,0.0,9,1,Empleado_Informal,ENPOVE_2022
2,21.0,6,2,9.0,13.0, , ,1,13.5,13.5,0.0,9,1,Empleado_Informal,ENPOVE_2022
1,51.0,2,2,6.0,13.0, , ,1,11.0,11.0,0.0,2,5,Desempleado,ENPOVE_2022
2,48.0,2,2,10.0,13.0,1,2,1,16.0,16.0,0.0,2,4,Empleado_Informal,ENPOVE_2022
2,24.0,6,2,6.0,13.0, , ,1,11.0,11.0,0.0,2,4,Empleado_Informal,ENPOVE_2022
1,36.0,1,2,6.0,13.0, , ,1,11.0,11.0,0.0,9,4,Empleado_Informal,ENPOVE_2022
1,36.0,1,2,8.0,13.0, , ,1,14.0,14.0,0.0,9,2,Empleado_Informal,ENPOVE_2022
1,30.0,6,2,9.0,13.0, , ,1,13.5,13.5,0.0,9,3,Empleado_Informal,ENPOVE_2022
1,26.0,5,2,10.0,13.0,1,2,1,16.0,16.0,0.0,9,4,Empleado_Informal,ENPOVE_2022
2,29.0,4,2,6.0,13.0, , ,1,11.0,11.0,0.0,1,4,Empleado_Informal,ENPOVE_2022
1,37.0,2,2,7.0,13.0, , ,1,12.5,12.5,0.0,2,2,Empleado_Informal,ENPOVE_2022
2,33.0,5,2,10.0,13.0,1,2,1,16.0,16.0,0.0,1,4,Desempleado,ENPOVE_2022
2,45.0,6,2,10.0,13.0,1,2,1,16.0,16.0,0.0,2,4,Empleado_Informal,ENPOVE_2022
2,25.0,3,2,8.0,13.0, , ,1,14.0,14.0,0.0,1,1,Empleado_Informal,ENPOVE_2022
2,19.0,6,2,4.0,13.0, , ,1,9.0,9.0,0.0,1,2,Empleado_Informal,ENPOVE_2022
1,20.0,6,2,8.0,13.0, , ,1,14.0,14.0,0.0,1,2,Empleado_Informal,ENPOVE_2022
2,31.0,6,2,9.0,13.0, , ,1,13.5,13.5,0.0,1,5,Empleado_Informal,ENPOVE_2022
2,31.0,6,2,7.0,13.0, , ,1,12.5,12.5,0.0,2,3,Empleado_Informal,ENPOVE_2022
2,37.0,6,2,7.0,13.0, , ,1,12.5,12.5,0.0,2,5,Empleado_Informal,ENPOVE_2022
1,38.0,1,2,10.0,13.0,1,2,1,16.0,16.0,0.0,1,3,Empleado_Informal,ENPOVE_2022
2,36.0,1,2,8.0,13.0, , ,1,14.0,14.0,0.0,1,3,Empleado_Informal,ENPOVE_2022
1,35.0,1,2,10.0,13.0,1,2,1,16.0,16.0,0.0,1,3,Empleado_Informal,ENPOVE_2022
2,32.0,1,2,10.0,13.0,1,2,1,16.0,16.0,0.0,1,3,Empleado_Informal,ENPOVE_2022
2,23.0,6,2,4.0,13.0, , ,1,9.0,9.0,0.0,2,4,Empleado_Informal,ENPOVE_2022
1,28.0,1,2,10.0,13.0,1,2,1,16.0,16.0,0.0,1,4,Empleado_Formal,ENPOVE_2022
2,26.0,2,2,10.0,13.0,2, ,1,16.0,16.0,0.0,2,4,Empleado_Formal,ENPOVE_2022
2,25.0,6,2,8.0,13.0, , ,1,14.0,14.0,0.0,2,5,Empleado_Informal,ENPOVE_2022
1,33.0,6,2,9.0,13.0, , ,1,13.5,13.5,0.0,2,4,Empleado_Informal,ENPOVE_2022
2,25.0,6,2,4.0,13.0, , ,1,9.0,9.0,0.0,9,2,Empleado_Informal,ENPOVE_2022
2,35.0,6,2,10.0,13.0,1,2,1,16.0,16.0,0.0,2,3,Empleado_Informal,ENPOVE_2022
1,29.0,6,2,4.0,13.0, , ,1,9.0,9.0,0.0,2,4,Empleado_Informal,ENPOVE_2022
2,22.0,6,2,5.0,13.0, , ,1,10.0,10.0,0.0,2,4,Empleado_Informal,ENPOVE_2022
2,34.0,1,2,9.0,13.0, , ,1,13.5,13.5,0.0,9,4,Empleado_Informal,ENPOVE_2022
2,29.0,1,2,9.0,13.0, , ,1,13.5,13.5,0.0,2,4,Empleado_Informal,ENPOVE_2022
2,51.0,6,2,3.0,13.0, , ,1,4.5,4.5,0.0,1,2,Empleado_Informal,ENPOVE_2022
2,49.0,6,2,6.0,13.0, , ,1,11.0,11.0,0.0,1,1,Empleado_Informal,ENPOVE_2022
1,16.0,6,2,4.0,13.0, , ,1,9.0,9.0,0.0,1,1,Empleado_Informal,ENPOVE_2022
2,45.0,6,2,10.0,13.0,1,1,1,16.0,16.0,0.0,2,4,Empleado_Formal,ENPOVE_2022
1,51.0,2,2,10.0,13.0,1,2,1,16.0,16.0,0.0,2,4,Empleado_Informal,ENPOVE_2022
2,44.0,2,2,10.0,13.0,2, ,1,16.0,16.0,0.0,2,4,Empleado_Informal,ENPOVE_2022
1,57.0,2,2,4.0,13.0, , ,1,9.0,9.0,0.0,1,0,Desempleado,ENPOVE_2022
2,29.0,6,2,7.0,13.0, , ,1,12.5,12.5,0.0,2,4,Empleado_Informal,ENPOVE_2022
2,29.0,6,2,5.0,13.0, , ,1,10.0,10.0,0.0,2,3,Empleado_Informal,ENPOVE_2022
1,36.0,2,2,8.0,13.0, , ,1,14.0,14.0,0.0,2,1,Empleado_Formal,ENPOVE_2022
1,37.0,1,2,9.0,13.0, , ,1,13.5,13.5,0.0,1,3,Empleado_Informal,ENPOVE_2022
2,26.0,1,2,10.0,13.0,2, ,1,16.0,16.0,0.0,1,3,Empleado_Formal,ENPOVE_2022
1,32.0,1,2,7.0,13.0, , ,1,12.5,12.5,0.0,3,5,Empleado_Formal,ENPOVE_2022
1,36.0,1,2,10.0,13.0,1,2,1,16.0,16.0,0.0,2,5,Empleado_Formal,ENPOVE_2022
2,32.0,1,2,8.0,13.0, , ,1,14.0,14.0,0.0,2,0,Empleado_Formal,ENPOVE_2022
1,24.0,6,2,8.0,13.0, , ,1,14.0,14.0,0.0,2,4,Empleado_Formal,ENPOVE_2022
1,45.0,2,2,1.0,10.0, , ,1,0.0,16.0,-16.0,4,11,Empleado_Formal,ENPOVE_2022
2,40.0,2,2,10.0,13.0,1,2,1,16.0,16.0,0.0,2,11,Empleado_Informal,ENPOVE_2022
1,41.0,2,2,10.0,13.0,1,2,1,16.0,16.0,0.0,2,4,Empleado_Formal,ENPOVE_2022
2,38.0,2,2,10.0,13.0,1,2,1,16.0,16.0,0.0,2,4,Desempleado,ENPOVE_2022
1,38.0,2,2,1.0,9.0, , ,1,0.0,13.5,-13.5,2,4,Empleado_Informal,ENPOVE_2022
2,42.0,2,2,9.0,13.0, , ,1,13.5,13.5,0.0,2,4,Empleado_Informal,ENPOVE_2022
1,21.0,6,2,3.0,13.0, , ,1,4.5,4.5,0.0,2,4,Desempleado,ENPOVE_2022
1,35.0,1,2,8.0,13.0, , ,1,14.0,14.0,0.0,2,4,Empleado_Formal,ENPOVE_2022
2,37.0,1,2,8.0,13.0, , ,1,14.0,14.0,0.0,2,4,Desempleado,ENPOVE_2022
2,18.0,6,2,1.0,6.0, , ,1,0.0,11.0,-11.0,2,4,Empleado_Formal,ENPOVE_2022
2,42.0,6,2,6.0,13.0, , ,1,11.0,11.0,0.0,1,2,Desempleado,ENPOVE_2022
1,40.0,6,2,8.0,13.0, , ,1,14.0,14.0,0.0,9,1,Empleado_Informal,ENPOVE_2022
2,32.0,6,2,10.0,13.0,1,2,1,16.0,16.0,0.0,1,5,Empleado_Informal,ENPOVE_2022
1,30.0,1,2,4.0,13.0, , ,1,9.0,9.0,0.0,2,3,Empleado_Informal,ENPOVE_2022
1,18.0,6,2,9.0,13.0, , ,1,13.5,13.5,0.0,9,1,Empleado_Informal,ENPOVE_2022
2,22.0,6,2,9.0,13.0, , ,1,13.5,13.5,0.0,1,3,Empleado_Informal,ENPOVE_2022
1,40.0,1,2,8.0,13.0, , ,1,14.0,14.0,0.0,2,5,Empleado_Formal,ENPOVE_2022
2,34.0,1,2,6.0,13.0, , ,1,11.0,11.0,0.0,2,4,Empleado_Informal,ENPOVE_2022
1,29.0,1,2,9.0,13.0, , ,1,13.5,13.5,0.0,2,4,Empleado_Informal,ENPOVE_2022
2,21.0,1,2,6.0,13.0, , ,1,11.0,11.0,0.0,1,3,Desempleado,ENPOVE_2022
1,31.0,1,2,9.0,13.0, , ,1,13.5,13.5,0.0,2,4,Empleado_Formal,ENPOVE_2022
1,37.0,2,2,9.0,13.0, , ,1,13.5,13.5,0.0,2,5,Empleado_Informal,ENPOVE_2022
1,77.0,2,2,8.0,13.0, , ,1,14.0,14.0,0.0,2,3,Empleado_Informal,ENPOVE_2022
1,24.0,6,2,6.0,13.0, , ,1,11.0,11.0,0.0,2,4,Empleado_Informal,ENPOVE_2022
1,25.0,1,2,9.0,13.0, , ,1,13.5,13.5,0.0,2,4,Empleado_Informal,ENPOVE_2022
1,36.0,2,2,10.0,13.0,2, ,1,16.0,16.0,0.0,2,4,Empleado_Formal,ENPOVE_2022
2,33.0,2,2,10.0,13.0,2, ,1,16.0,16.0,0.0,9,2,Empleado_Informal,ENPOVE_2022
2,30.0,1,2,8.0,13.0, , ,1,14.0,14.0,0.0,1,3,Empleado_Informal,ENPOVE_2022
1,31.0,1,2,8.0,13.0, , ,1,14.0,14.0,0.0,2,3,Empleado_Formal,ENPOVE_2022
1,26.0,6,2,8.0,13.0, , ,1,14.0,14.0,0.0,2,4,Empleado_Informal,ENPOVE_2022
2,26.0,1,2,6.0,13.0, , ,1,11.0,11.0,0.0,1,3,Empleado_Informal,ENPOVE_2022
1,28.0,1,2,6.0,13.0, , ,1,11.0,11.0,0.0,1,4,Empleado_Informal,ENPOVE_2022
1,19.0,6,2,6.0,13.0, , ,1,11.0,11.0,0.0,9,1,Empleado_Informal,ENPOVE_2022
1,21.0,6,2,6.0,13.0, , ,1,11.0,11.0,0.0,1,3,Empleado_Informal,ENPOVE_2022
1,23.0,6,2,9.0,13.0, , ,1,13.5,13.5,0.0,2,3,Empleado_Informal,ENPOVE_2022
1,39.0,1,2,6.0,13.0, , ,1,11.0,11.0,0.0,2,4,Desempleado,ENPOVE_2022
2,31.0,1,2,8.0,13.0, , ,1,14.0,14.0,0.0,2,3,Empleado_Informal,ENPOVE_2022
1,26.0,1,2,8.0,13.0, , ,1,14.0,14.0,0.0,2,3,Empleado_Formal,ENPOVE_2022
2,27.0,6,2,7.0,13.0, , ,1,12.5,12.5,0.0,2,4,Empleado_Informal,ENPOVE_2022
2,24.0,2,2,10.0,13.0,1,2,1,16.0,16.0,0.0,1,1,Empleado_Formal,ENPOVE_2022
1,29.0,6,2,6.0,13.0, , ,1,11.0,11.0,0.0,9,0,Empleado_Informal,ENPOVE_2022
1,24.0,6,2,5.0,13.0, , ,1,10.0,10.0,0.0,9,0,Empleado_Informal,ENPOVE_2022
1,26.0,6,2,6.0,13.0, , ,1,11.0,11.0,0.0,9,1,Empleado_Informal,ENPOVE_2022
1,28.0,6,2,6.0,13.0, , ,1,11.0,11.0,0.0,9,1,Empleado_Informal,ENPOVE_2022
2,27.0,1,2,9.0,13.0, , ,1,13.5,13.5,0.0,2,4,Empleado_Informal,ENPOVE_2022
2,27.0,1,2,5.0,13.0, , ,1,10.0,10.0,0.0,6,4,Empleado_Informal,ENPOVE_2022
2,46.0,4,2,5.0,13.0, , ,1,10.0,10.0,0.0,2,4,Empleado_Formal,ENPOVE_2022
1,29.0,6,2,10.0,13.0,1,2,1,16.0,16.0,0.0,2,5,Empleado_Formal,ENPOVE_2022
2,24.0,1,2,6.0,13.0, , ,1,11.0,11.0,0.0,1,1,Empleado_Informal,ENPOVE_2022
1,23.0,6,2,6.0,13.0, , ,1,11.0,11.0,0.0,2,4,Empleado_Informal,ENPOVE_2022
2,51.0,2,2,6.0,13.0, , ,1,11.0,11.0,0.0,2,4,Empleado_Informal,ENPOVE_2022
1,51.0,2,2,5.0,13.0, , ,1,10.0,10.0,0.0,2,5,Empleado_Informal,ENPOVE_2022
2,30.0,1,2,9.0,13.0, , ,1,13.5,13.5,0.0,2,4,Empleado_Informal,ENPOVE_2022
1,43.0,6,2,5.0,13.0, , ,1,10.0,10.0,0.0,2,5,Empleado_Informal,ENPOVE_2022
1,19.0,6,2,5.0,13.0, , ,1,10.0,10.0,0.0,9,2,Empleado_Informal,ENPOVE_2022
2,39.0,6,2,10.0,13.0,1,2,1,16.0,16.0,0.0,2,4,Empleado_Informal,ENPOVE_2022
2,31.0,6,2,10.0,13.0,1,2,1,16.0,16.0,0.0,2,4,Empleado_Informal,ENPOVE_2022
1,31.0,6,2,6.0,13.0, , ,1,11.0,11.0,0.0,2,4,Empleado_Formal,ENPOVE_2022
2,41.0,2,2,8.0,13.0, , ,1,14.0,14.0,0.0,1,3,Empleado_Informal,ENPOVE_2022
1,36.0,2,2,10.0,13.0,1,2,1,16.0,16.0,0.0,2,5,Empleado_Formal,ENPOVE_2022
1,34.0,1,2,4.0,13.0, , ,1,9.0,9.0,0.0,2,4,Empleado_Informal,ENPOVE_2022
2,28.0,1,2,10.0,13.0,1,2,1,16.0,16.0,0.0,2,4,Empleado_Informal,ENPOVE_2022
2,48.0,2,2,8.0,13.0, , ,1,14.0,14.0,0.0,4,7,Empleado_Informal,ENPOVE_2022
1,53.0,2,2,6.0,13.0, , ,1,11.0,11.0,0.0,4,7,Empleado_Informal,ENPOVE_2022
2,19.0,6,2,6.0,13.0, , ,1,11.0,11.0,0.0,4,7,Empleado_Informal,ENPOVE_2022
1,56.0,2,2,10.0,13.0,1,2,1,16.0,16.0,0.0,2,4,Empleado_Formal,ENPOVE_2022
1,29.0,1,2,10.0,13.0,2, ,1,16.0,16.0,0.0,2,4,Empleado_Formal,ENPOVE_2022
2,24.0,1,2,6.0,13.0, , ,1,11.0,11.0,0.0,2,3,Empleado_Formal,ENPOVE_2022
2,49.0,4,2,6.0,13.0, , ,1,11.0,11.0,0.0,2,4,Desempleado,ENPOVE_2022
2,26.0,6,2,7.0,13.0, , ,1,12.5,12.5,0.0,2,4,Empleado_Informal,ENPOVE_2022
1,35.0,2,2,10.0,13.0,1,2,1,16.0,16.0,0.0,2,5,Empleado_Formal,ENPOVE_2022
1,39.0,1,2,10.0,13.0,1,2,1,16.0,16.0,0.0,2,4,Empleado_Informal,ENPOVE_2022
2,46.0,6,2,6.0,13.0, , ,1,11.0,11.0,0.0,2,3,Empleado_Informal,ENPOVE_2022
2,31.0,1,2,7.0,13.0, , ,1,12.5,12.5,0.0,9,5,Empleado_Formal,ENPOVE_2022
2,29.0,2,2,10.0,13.0,1,2,1,16.0,16.0,0.0,2,3,Empleado_Informal,ENPOVE_2022
1,26.0,6,2,10.0,13.0,1,2,1,16.0,16.0,0.0,2,4,Empleado_Formal,ENPOVE_2022
1,29.0,1,2,10.0,13.0,1,2,1,16.0,16.0,0.0,9,1,Desempleado,ENPOVE_2022
2,25.0,6,2,6.0,13.0, , ,1,11.0,11.0,0.0,2,4,Empleado_Informal,ENPOVE_2022
1,52.0,4,2,8.0,13.0, , ,1,14.0,14.0,0.0,2,4,Empleado_Informal,ENPOVE_2022
1,26.0,1,2,6.0,13.0, , ,1,11.0,11.0,0.0,2,3,Desempleado,ENPOVE_2022
2,19.0,1,2,6.0,13.0, , ,1,11.0,11.0,0.0,2,1,Empleado_Informal,ENPOVE_2022
1,24.0,6,2,6.0,13.0, , ,1,11.0,11.0,0.0,9,1,Empleado_Informal,ENPOVE_2022
2,19.0,6,2,6.0,13.0, , ,1,11.0,11.0,0.0,2,3,Empleado_Informal,ENPOVE_2022
1,49.0,2,2,6.0,13.0, , ,1,11.0,11.0,0.0,2,3,Desempleado,ENPOVE_2022
1,19.0,6,2,6.0,13.0, , ,1,11.0,11.0,0.0,2,1,Empleado_Informal,ENPOVE_2022
1,25.0,6,2,6.0,13.0, , ,1,11.0,11.0,0.0,2,2,Desempleado,ENPOVE_2022
1,54.0,6,2,4.0,13.0, , ,1,9.0,9.0,0.0,1,3,Empleado_Informal,ENPOVE_2022
1,28.0,6,2,10.0,13.0,1,2,1,16.0,16.0,0.0,1,4,Empleado_Formal,ENPOVE_2022
2,50.0,4,2,6.0,13.0, , ,1,11.0,11.0,0.0,2,3,Empleado_Informal,ENPOVE_2022
1,33.0,1,2,9.0,13.0, , ,1,13.5,13.5,0.0,2,4,Empleado_Informal,ENPOVE_2022
1,43.0,1,2,5.0,13.0, , ,1,10.0,10.0,0.0,9,3,Empleado_Informal,ENPOVE_2022
2,50.0,1,2,6.0,13.0, , ,1,11.0,11.0,0.0,1,3,Empleado_Informal,ENPOVE_2022
2,39.0,6,2,6.0,13.0, , ,1,11.0,11.0,0.0,9,2,Empleado_Informal,ENPOVE_2022
1,46.0,4,2,10.0,13.0,1,2,1,16.0,16.0,0.0,2,5,Empleado_Informal,ENPOVE_2022
2,42.0,2,2,6.0,13.0, , ,1,11.0,11.0,0.0,2,2,Desempleado,ENPOVE_2022
1,34.0,1,2,10.0,13.0,1,2,1,16.0,16.0,0.0,2,4,Empleado_Informal,ENPOVE_2022
2,29.0,1,2,10.0,13.0,1,2,1,16.0,16.0,0.0,2,4,Empleado_Informal,ENPOVE_2022
1,63.0,6,2,9.0,13.0, , ,1,13.5,13.5,0.0,9,1,Desempleado,ENPOVE_2022
1,33.0,1,2,8.0,13.0, , ,1,14.0,14.0,0.0,2,3,Empleado_Formal,ENPOVE_2022
2,29.0,1,2,8.0,13.0, , ,1,14.0,14.0,0.0,2,3,Empleado_Formal,ENPOVE_2022
1,31.0,1,2,10.0,13.0,1,2,1,16.0,16.0,0.0,1,3,Empleado_Formal,ENPOVE_2022
1,32.0,2,2,10.0,13.0,1,2,1,16.0,16.0,0.0,2,5,Empleado_Formal,ENPOVE_2022
1,33.0,1,2,10.0,13.0,1,2,1,16.0,16.0,0.0,2,3,Empleado_Informal,ENPOVE_2022
2,35.0,1,2,4.0,13.0, , ,1,9.0,9.0,0.0,2,4,Empleado_Informal,ENPOVE_2022
2,47.0,1,2,10.0,13.0,1,2,1,16.0,16.0,0.0,2,3,Empleado_Informal,ENPOVE_2022
1,28.0,6,2,10.0,13.0,1,2,1,16.0,16.0,0.0,2,4,Empleado_Formal,ENPOVE_2022
1,31.0,1,2,3.0,13.0, , ,1,4.5,4.5,0.0,2,4,Empleado_Informal,ENPOVE_2022
2,31.0,1,2,9.0,13.0, , ,1,13.5,13.5,0.0,2,4,Empleado_Informal,ENPOVE_2022
1,30.0,1,2,8.0,13.0, , ,1,14.0,14.0,0.0,2,5,Empleado_Informal,ENPOVE_2022
2,32.0,1,2,10.0,13.0,1,2,1,16.0,16.0,0.0,2,4,Empleado_Formal,ENPOVE_2022
2,35.0,6,2,4.0,13.0, , ,1,9.0,9.0,0.0,2,3,Empleado_Formal,ENPOVE_2022
2,29.0,6,2,10.0,13.0,1,1,1,16.0,16.0,0.0,1,3,Empleado_Formal,ENPOVE_2022
2,22.0,6,2,9.0,13.0, , ,1,13.5,13.5,0.0,6,4,Desempleado,ENPOVE_2022
1,35.0,1,2,8.0,13.0, , ,1,14.0,14.0,0.0,2,4,Empleado_Formal,ENPOVE_2022
2,30.0,1,2,10.0,13.0,1,2,1,16.0,16.0,0.0,2,4,Empleado_Formal,ENPOVE_2022
2,38.0,1,2,10.0,13.0,1,2,1,16.0,16.0,0.0,1,4,Empleado_Formal,ENPOVE_2022
1,26.0,1,2,9.0,13.0, , ,1,13.5,13.5,0.0,2,4,Empleado_Informal,ENPOVE_2022
2,46.0,6,2,10.0,13.0,1,2,1,16.0,16.0,0.0,2,3,Empleado_Informal,ENPOVE_2022
2,24.0,6,2,10.0,13.0,1,2,1,16.0,16.0,0.0,2,3,Empleado_Informal,ENPOVE_2022
1,32.0,1,2,4.0,13.0, , ,1,9.0,9.0,0.0,1,4,Empleado_Informal,ENPOVE_2022
1,17.0,6,2,4.0,13.0, , ,1,9.0,9.0,0.0,1,1,Empleado_Informal,ENPOVE_2022
1,35.0,2,2,4.0,13.0, , ,1,9.0,9.0,0.0,2,4,Empleado_Informal,ENPOVE_2022
2,34.0,2,2,10.0,13.0,1,2,1,16.0,16.0,0.0,2,4,Empleado_Formal,ENPOVE_2022
2,38.0,6,2,10.0,13.0,1,2,1,16.0,16.0,0.0,2,3,Desempleado,ENPOVE_2022
2,56.0,6,2,6.0,13.0, , ,1,11.0,11.0,0.0,2,4,Empleado_Informal,ENPOVE_2022
1,18.0,6,2,6.0,13.0, , ,1,11.0,11.0,0.0,9,4,Desempleado,ENPOVE_2022
1,39.0,6,2,10.0,13.0,1,2,1,16.0,16.0,0.0,2,4,Empleado_Formal,ENPOVE_2022
1,38.0,2,2,10.0,13.0,1,2,1,16.0,16.0,0.0,2,4,Empleado_Informal,ENPOVE_2022
1,41.0,6,2,8.0,13.0, , ,1,14.0,14.0,0.0,2,4,Empleado_Formal,ENPOVE_2022
1,41.0,2,2,4.0,13.0, , ,1,9.0,9.0,0.0,2,4,Empleado_Informal,ENPOVE_2022
2,18.0,6,2,5.0,13.0, , ,1,10.0,10.0,0.0,1,3,Empleado_Informal,ENPOVE_2022
1,30.0,2,2,6.0,13.0, , ,1,11.0,11.0,0.0,2,5,Empleado_Formal,ENPOVE_2022
2,28.0,1,2,9.0,13.0, , ,1,13.5,13.5,0.0,6,4,Empleado_Informal,ENPOVE_2022
2,40.0,2,2,10.0,13.0,1,2,1,16.0,16.0,0.0,2,5,Empleado_Formal,ENPOVE_2022
1,30.0,6,2,10.0,13.0,2, ,1,16.0,16.0,0.0,2,5,Empleado_Formal,ENPOVE_2022
1,53.0,6,2,7.0,13.0, , ,1,12.5,12.5,0.0,1,3,Desempleado,ENPOVE_2022
2,33.0,6,2,8.0,13.0, , ,1,14.0,14.0,0.0,2,4,Empleado_Formal,ENPOVE_2022
2,28.0,6,2,8.0,13.0, , ,1,14.0,14.0,0.0,2,4,Empleado_Formal,ENPOVE_2022
1,43.0,2,2,6.0,13.0, , ,1,11.0,11.0,0.0,2,4,Empleado_Formal,ENPOVE_2022
2,21.0,1,2,4.0,13.0, , ,1,9.0,9.0,0.0,9,2,Desempleado,ENPOVE_2022
1,23.0,6,2,6.0,13.0, , ,1,11.0,11.0,0.0,1,3,Empleado_Informal,ENPOVE_2022
2,18.0,5,2,6.0,13.0, , ,1,11.0,11.0,0.0,9,3,Empleado_Informal,ENPOVE_2022
1,28.0,1,2,9.0,13.0, , ,1,13.5,13.5,0.0,9,4,Empleado_Informal,ENPOVE_2022
1,34.0,1,2,9.0,13.0, , ,1,13.5,13.5,0.0,2,4,Empleado_Informal,ENPOVE_2022
1,36.0,1,2,5.0,13.0, , ,1,10.0,10.0,0.0,9,3,Desempleado,ENPOVE_2022
2,41.0,1,2,5.0,13.0, , ,1,10.0,10.0,0.0,9,3,Empleado_Informal,ENPOVE_2022
1,32.0,1,2,8.0,13.0, , ,1,14.0,14.0,0.0,1,4,Empleado_Informal,ENPOVE_2022
2,29.0,1,2,6.0,13.0, , ,1,11.0,11.0,0.0,9,3,Desempleado,ENPOVE_2022
2,33.0,6,2,10.0,13.0,1,2,1,16.0,16.0,0.0,2,4,Empleado_Informal,ENPOVE_2022
1,23.0,6,2,6.0,13.0, , ,1,11.0,11.0,0.0,2,5,Empleado_Formal,ENPOVE_2022
1,32.0,6,2,5.0,13.0, , ,1,10.0,10.0,0.0,9,4,Empleado_Informal,ENPOVE_2022
1,27.0,6,2,10.0,13.0,1,2,1,16.0,16.0,0.0,1,3,Empleado_Informal,ENPOVE_2022
1,23.0,1,2,6.0,13.0, , ,1,11.0,11.0,0.0,1,3,Empleado_Informal,ENPOVE_2022
1,27.0,2,2,6.0,13.0, , ,1,11.0,11.0,0.0,2,4,Empleado_Formal,ENPOVE_2022
2,28.0,2,2,10.0,13.0,1,2,1,16.0,16.0,0.0,1,4,Desempleado,ENPOVE_2022
2,39.0,2,2,6.0,13.0, , ,1,11.0,11.0,0.0,2,4,Empleado_Formal,ENPOVE_2022
1,35.0,2,2,6.0,13.0, , ,1,11.0,11.0,0.0,2,4,Empleado_Formal,ENPOVE_2022
1,41.0,1,2,10.0,13.0,1,2,1,16.0,16.0,0.0,1,4,Empleado_Informal,ENPOVE_2022
2,39.0,1,2,10.0,13.0,1,2,1,16.0,16.0,0.0,1,3,Empleado_Informal,ENPOVE_2022
2,26.0,5,2,6.0,13.0, , ,1,11.0,11.0,0.0,9,3,Empleado_Formal,ENPOVE_2022
2,27.0,5,2,6.0,13.0, , ,1,11.0,11.0,0.0,2,0,Empleado_Informal,ENPOVE_2022
1,36.0,5,2,10.0,13.0,1,2,1,16.0,16.0,0.0,2,4,Empleado_Formal,ENPOVE_2022
1,36.0,6,2,5.0,13.0, , ,1,10.0,10.0,0.0,2,4,Empleado_Informal,ENPOVE_2022
1,31.0,1,2,6.0,13.0, , ,1,11.0,11.0,0.0,1,4,Desempleado,ENPOVE_2022
2,32.0,1,2,6.0,13.0, , ,1,11.0,11.0,0.0,1,4,Desempleado,ENPOVE_2022
2,51.0,4,2,6.0,13.0, , ,1,11.0,11.0,0.0,9,2,Desempleado,ENPOVE_2022
1,25.0,6,2,5.0,13.0, , ,1,10.0,10.0,0.0,9,4,Empleado_Informal,ENPOVE_2022
1,25.0,6,2,5.0,13.0, , ,1,10.0,10.0,0.0,2,4,Empleado_Informal,ENPOVE_2022
2,45.0,6,2,10.0,13.0,1,2,1,16.0,16.0,0.0,1,3,Empleado_Informal,ENPOVE_2022
2,28.0,6,2,8.0,13.0, , ,1,14.0,14.0,0.0,4,3,Empleado_Informal,ENPOVE_2022
1,33.0,1,2,6.0,13.0, , ,1,11.0,11.0,0.0,9,1,Empleado_Informal,ENPOVE_2022
2,22.0,1,2,9.0,13.0, , ,1,13.5,13.5,0.0,1,3,Empleado_Informal,ENPOVE_2022
1,34.0,6,2,10.0,13.0,2, ,1,16.0,16.0,0.0,2,4,Empleado_Formal,ENPOVE_2022
1,32.0,1,2,6.0,13.0, , ,1,11.0,11.0,0.0,6,3,Empleado_Informal,ENPOVE_2022
2,35.0,5,2,10.0,13.0,1,2,1,16.0,16.0,0.0,6,4,Empleado_Informal,ENPOVE_2022
2,35.0,5,2,10.0,13.0,1,2,1,16.0,16.0,0.0,1,4,Empleado_Informal,ENPOVE_2022
1,25.0,5,2,6.0,13.0, , ,1,11.0,11.0,0.0,9,4,Empleado_Informal,ENPOVE_2022
1,30.0,6,2,5.0,13.0, , ,1,10.0,10.0,0.0,2,4,Empleado_Formal,ENPOVE_2022
2,31.0,5,2,9.0,13.0, , ,1,13.5,13.5,0.0,9,1,Empleado_Informal,ENPOVE_2022
1,11.0, ,2,3.0,13.0, , ,1,4.5,4.5,0.0,9,1,Desempleado,ENPOVE_2022
1,28.0,2,2,6.0,13.0, , ,1,11.0,11.0,0.0,1,4,Empleado_Informal,ENPOVE_2022
2,32.0,2,2,9.0,13.0, , ,1,13.5,13.5,0.0,1,5,Desempleado,ENPOVE_2022
2,31.0,6,2,9.0,13.0, , ,1,13.5,13.5,0.0,2,4,Empleado_Formal,ENPOVE_2022
2,52.0,4,2,10.0,13.0,1,2,1,16.0,16.0,0.0,1,2,Empleado_Informal,ENPOVE_2022
2,19.0,6,2,9.0,13.0, , ,1,13.5,13.5,0.0,1,2,Desempleado,ENPOVE_2022
2,16.0,6,2,1.0,5.0, , ,1,0.0,8.5,-8.5,1,3,Empleado_Informal,ENPOVE_2022
2,33.0,2,2,10.0,13.0,1,2,1,16.0,16.0,0.0,2,4,Empleado_Informal,ENPOVE_2022
1,26.0,6,2,9.0,13.0, , ,1,13.5,13.5,0.0,2,4,Empleado_Informal,ENPOVE_2022
1,27.0,1,2,9.0,13.0, , ,1,13.5,13.5,0.0,9,1,Empleado_Informal,ENPOVE_2022
2,26.0,1,2,8.0,13.0, , ,1,14.0,14.0,0.0,1,1,Empleado_Informal,ENPOVE_2022
1,28.0,6,2,7.0,13.0, , ,1,12.5,12.5,0.0,9,4,Desempleado,ENPOVE_2022
1,35.0,1,2,9.0,13.0, , ,1,13.5,13.5,0.0,9,3,Empleado_Informal,ENPOVE_2022
2,30.0,1,2,5.0,13.0, , ,1,10.0,10.0,0.0,9,4,Empleado_Informal,ENPOVE_2022
2,41.0,1,2,10.0,13.0,1,2,1,16.0,16.0,0.0,2,4,Desempleado,ENPOVE_2022
2,16.0,6,2,5.0,13.0, , ,1,10.0,10.0,0.0,1,2,Desempleado,ENPOVE_2022
1,29.0,5,2,10.0,13.0,1,2,1,16.0,16.0,0.0,2,3,Empleado_Informal,ENPOVE_2022
2,60.0,5,2,6.0,13.0, , ,1,11.0,11.0,0.0,9,1,Desempleado,ENPOVE_2022
2,34.0,1,2,6.0,13.0, , ,1,11.0,11.0,0.0,9,3,Empleado_Informal,ENPOVE_2022
1,29.0,1,2,6.0,13.0, , ,1,11.0,11.0,0.0,2,3,Empleado_Informal,ENPOVE_2022
2,18.0,6,2,6.0,13.0, , ,1,11.0,11.0,0.0,9,1,Desempleado,ENPOVE_2022
1,16.0,6,2,5.0,13.0, , ,1,10.0,10.0,0.0,9,3,Desempleado,ENPOVE_2022
1,27.0,6,2,10.0,13.0,1,2,1,16.0,16.0,0.0,1,3,Empleado_Informal,ENPOVE_2022
1,25.0,1,2,9.0,13.0, , ,1,13.5,13.5,0.0,2,4,Empleado_Informal,ENPOVE_2022
2,19.0,1,2,6.0,13.0, , ,1,11.0,11.0,0.0,9,1,Empleado_Informal,ENPOVE_2022
1,40.0,5,2,4.0,13.0, , ,1,9.0,9.0,0.0,2,4,Empleado_Informal,ENPOVE_2022
2,23.0,1,2,6.0,13.0, , ,1,11.0,11.0,0.0,9,4,Empleado_Informal,ENPOVE_2022
1,32.0,1,2,4.0,13.0, , ,1,9.0,9.0,0.0,9,4,Empleado_Informal,ENPOVE_2022
1,31.0,1,2,8.0,13.0, , ,1,14.0,14.0,0.0,1,4,Desempleado,ENPOVE_2022
2,38.0,1,2,8.0,13.0, , ,1,14.0,14.0,0.0,1,4,Desempleado,ENPOVE_2022
2,29.0,1,2,10.0,13.0,1,2,1,16.0,16.0,0.0,9,2,Empleado_Informal,ENPOVE_2022
1,23.0,1,2,6.0,13.0, , ,1,11.0,11.0,0.0,1,3,Empleado_Informal,ENPOVE_2022
2,31.0,5,2,10.0,13.0,2, ,1,16.0,16.0,0.0,2,4,Empleado_Informal,ENPOVE_2022
1,18.0,6,2,5.0,13.0, , ,1,10.0,10.0,0.0,2,4,Empleado_Informal,ENPOVE_2022
1,16.0,6,2,5.0,13.0, , ,1,10.0,10.0,0.0,9,1,Empleado_Informal,ENPOVE_2022
2,38.0,5,2,6.0,13.0, , ,1,11.0,11.0,0.0,2,4,Desempleado,ENPOVE_2022
2,24.0,6,2,9.0,13.0, , ,1,13.5,13.5,0.0,1,3,Empleado_Informal,ENPOVE_2022
2,32.0,1,2,10.0,13.0,1,2,1,16.0,16.0,0.0,2,4,Empleado_Formal,ENPOVE_2022
1,35.0,1,2,6.0,13.0, , ,1,11.0,11.0,0.0,2,5,Empleado_Formal,ENPOVE_2022
1,50.0,2,2,10.0,13.0,1,1,1,16.0,16.0,0.0,4,3,Desempleado,ENPOVE_2022
2,44.0,2,2,8.0,13.0, , ,1,14.0,14.0,0.0,2,4,Desempleado,ENPOVE_2022
2,20.0,6,2,1.0,6.0, , ,1,0.0,11.0,-11.0,4,4,Desempleado,ENPOVE_2022
1,42.0,1,2,4.0,13.0, , ,1,9.0,9.0,0.0,2,4,Empleado_Informal,ENPOVE_2022
2,46.0,5,2,6.0,13.0, , ,1,11.0,11.0,0.0,9,4,Empleado_Informal,ENPOVE_2022
2,22.0,5,2,5.0,13.0, , ,1,10.0,10.0,0.0,9,4,Desempleado,ENPOVE_2022
1,32.0,1,2,8.0,13.0, , ,1,14.0,14.0,0.0,2,4,Empleado_Formal,ENPOVE_2022
1,33.0,1,2,6.0,13.0, , ,1,11.0,11.0,0.0,2,4,Empleado_Formal,ENPOVE_2022
2,32.0,1,2,7.0,13.0, , ,1,12.5,12.5,0.0,2,4,Empleado_Informal,ENPOVE_2022
1,31.0,1,2,7.0,13.0, , ,1,12.5,12.5,0.0,1,4,Empleado_Informal,ENPOVE_2022
1,27.0,1,2,10.0,13.0,2, ,1,16.0,16.0,0.0,1,3,Empleado_Informal,ENPOVE_2022
2,16.0,6,2,1.0,5.0, , ,1,0.0,8.5,-8.5,2,4,Empleado_Informal,ENPOVE_2022
2,27.0,6,2,6.0,13.0, , ,1,11.0,11.0,0.0,2,4,Empleado_Formal,ENPOVE_2022
2,39.0,6,2,6.0,13.0, , ,1,11.0,11.0,0.0,2,4,Empleado_Informal,ENPOVE_2022
1,40.0,6,2,8.0,13.0, , ,1,14.0,14.0,0.0,2,5,Empleado_Informal,ENPOVE_2022
1,23.0,6,2,5.0,13.0, , ,1,10.0,10.0,0.0,2,5,Empleado_Informal,ENPOVE_2022
1,29.0,6,2,6.0,13.0, , ,1,11.0,11.0,0.0,9,1,Empleado_Informal,ENPOVE_2022
2,23.0,6,2,8.0,13.0, , ,1,14.0,14.0,0.0,1,3,Empleado_Informal,ENPOVE_2022
1,32.0,1,2,6.0,13.0, , ,1,11.0,11.0,0.0,1,1,Empleado_Informal,ENPOVE_2022
2,23.0,6,2,5.0,13.0, , ,1,10.0,10.0,0.0,9,1,Empleado_Informal,ENPOVE_2022
2,31.0,5,2,6.0,13.0, , ,1,11.0,11.0,0.0,9,4,Empleado_Informal,ENPOVE_2022
1,27.0,6,2,9.0,13.0, , ,1,13.5,13.5,0.0,2,5,Empleado_Formal,ENPOVE_2022
2,50.0,3,2,5.0,13.0, , ,1,10.0,10.0,0.0,9,3,Empleado_Informal,ENPOVE_2022
1,14.0,6,2,5.0,13.0, , ,1,10.0,10.0,0.0,9,2,Desempleado,ENPOVE_2022
2,35.0,1,2,9.0,13.0, , ,1,13.5,13.5,0.0,1,3,Empleado_Informal,ENPOVE_2022
1,34.0,1,2,9.0,13.0, , ,1,13.5,13.5,0.0,2,4,Empleado_Informal,ENPOVE_2022
1,61.0,3,2,9.0,13.0, , ,1,13.5,13.5,0.0,9,1,Desempleado,ENPOVE_2022
2,39.0,1,2,10.0,13.0,1,2,1,16.0,16.0,0.0,2,4,Empleado_Informal,ENPOVE_2022
1,30.0,1,2,6.0,13.0, , ,1,11.0,11.0,0.0,1,2,Empleado_Informal,ENPOVE_2022
1,17.0,6,2,1.0,6.0, , ,1,0.0,11.0,-11.0,9,4,Empleado_Formal,ENPOVE_2022
1,24.0,6,2,8.0,13.0, , ,1,14.0,14.0,0.0,2,4,Empleado_Formal,ENPOVE_2022
1,27.0,1,2,4.0,13.0, , ,1,9.0,9.0,0.0,9,1,Desempleado,ENPOVE_2022
2,32.0,1,2,9.0,13.0, , ,1,13.5,13.5,0.0,9,1,Desempleado,ENPOVE_2022
1,34.0,2,2,10.0,13.0,1,2,1,16.0,16.0,0.0,2,5,Empleado_Informal,ENPOVE_2022
2,31.0,2,2,9.0,13.0, , ,1,13.5,13.5,0.0,2,5,Empleado_Formal,ENPOVE_2022
1,26.0,6,2,9.0,13.0, , ,1,13.5,13.5,0.0,2,4,Empleado_Informal,ENPOVE_2022
1,19.0,6,2,6.0,13.0, , ,1,11.0,11.0,0.0,9,1,Empleado_Informal,ENPOVE_2022
1,41.0,1,2,8.0,13.0, , ,1,14.0,14.0,0.0,2,4,Desempleado,ENPOVE_2022
2,41.0,1,2,8.0,13.0, , ,1,14.0,14.0,0.0,2,4,Empleado_Informal,ENPOVE_2022
1,15.0,6,2,5.0,13.0, , ,1,10.0,10.0,0.0,9,1,Empleado_Informal,ENPOVE_2022
1,52.0,2,2,4.0,13.0, , ,1,9.0,9.0,0.0,9,3,Empleado_Informal,ENPOVE_2022
2,23.0,1,2,9.0,13.0, , ,1,13.5,13.5,0.0,1,4,Empleado_Informal,ENPOVE_2022
2,30.0,6,2,9.0,13.0, , ,1,13.5,13.5,0.0,2,4,Empleado_Informal,ENPOVE_2022
2,32.0,1,2,4.0,13.0, , ,1,9.0,9.0,0.0,2,4,Empleado_Informal,ENPOVE_2022
1,25.0,1,2,5.0,13.0, , ,1,10.0,10.0,0.0,9,1,Empleado_Informal,ENPOVE_2022
2,23.0,1,2,6.0,13.0, , ,1,11.0,11.0,0.0,9,1,Desempleado,ENPOVE_2022
1,22.0,6,2,6.0,13.0, , ,1,11.0,11.0,0.0,9,1,Empleado_Informal,ENPOVE_2022
1,28.0,1,2,5.0,13.0, , ,1,10.0,10.0,0.0,1,4,Desempleado,ENPOVE_2022
2,29.0,1,2,6.0,13.0, , ,1,11.0,11.0,0.0,1,3,Desempleado,ENPOVE_2022
1,21.0,6,2,6.0,13.0, , ,1,11.0,11.0,0.0,9,1,Empleado_Informal,ENPOVE_2022
1,22.0,6,2,5.0,13.0, , ,1,10.0,10.0,0.0,9,3,Empleado_Informal,ENPOVE_2022
1,21.0,1,2,6.0,13.0, , ,1,11.0,11.0,0.0,9,1,Empleado_Informal,ENPOVE_2022
2,22.0,1,2,6.0,13.0, , ,1,11.0,11.0,0.0,9,1,Empleado_Informal,ENPOVE_2022
2,24.0,5,2,6.0,13.0, , ,1,11.0,11.0,0.0,9,2,Empleado_Informal,ENPOVE_2022
2,28.0,1,2,10.0,13.0,1,1,1,16.0,16.0,0.0,9,4,Empleado_Formal,ENPOVE_2022
1,45.0,2,2,10.0,13.0,1,2,1,16.0,16.0,0.0,2,4,Empleado_Informal,ENPOVE_2022
1,33.0,1,2,10.0,13.0,1,2,1,16.0,16.0,0.0,2,4,Empleado_Informal,ENPOVE_2022
1,27.0,6,2,6.0,13.0, , ,1,11.0,11.0,0.0,1,4,Empleado_Informal,ENPOVE_2022
1,32.0,1,2,10.0,13.0,1,2,1,16.0,16.0,0.0,2,4,Empleado_Formal,ENPOVE_2022
2,34.0,1,2,1.0,10.0, , ,1,0.0,16.0,-16.0,2,4,Empleado_Informal,ENPOVE_2022
1,31.0,1,2,6.0,13.0, , ,1,11.0,11.0,0.0,2,3,Empleado_Informal,ENPOVE_2022
2,24.0,1,2,6.0,13.0, , ,1,11.0,11.0,0.0,1,2,Empleado_Informal,ENPOVE_2022
1,21.0,6,2,5.0,13.0, , ,1,10.0,10.0,0.0,1,3,Empleado_Informal,ENPOVE_2022
1,34.0,1,2,7.0,13.0, , ,1,12.5,12.5,0.0,1,3,Empleado_Informal,ENPOVE_2022
2,38.0,1,2,6.0,13.0, , ,1,11.0,11.0,0.0,1,3,Empleado_Informal,ENPOVE_2022
1,41.0,2,2,10.0,13.0,1,2,1,16.0,16.0,0.0,2,4,Empleado_Informal,ENPOVE_2022
2,36.0,2,2,6.0,13.0, , ,1,11.0,11.0,0.0,2,4,Empleado_Informal,ENPOVE_2022
1,14.0,6,2,1.0,5.0, , ,1,0.0,8.5,-8.5,6,4,Desempleado,ENPOVE_2022
1,47.0,1,2,4.0,13.0, , ,1,9.0,9.0,0.0,1,1,Empleado_Informal,ENPOVE_2022
1,30.0,2,2,10.0,13.0,2, ,1,16.0,16.0,0.0,2,3,Empleado_Formal,ENPOVE_2022
1,23.0,1,2,6.0,13.0, , ,1,11.0,11.0,0.0,9,5,Empleado_Informal,ENPOVE_2022
1,28.0,1,2,8.0,13.0, , ,1,14.0,14.0,0.0,9,3,Desempleado,ENPOVE_2022
2,21.0,1,2,5.0,13.0, , ,1,10.0,10.0,0.0,9,1,Empleado_Informal,ENPOVE_2022
2,33.0,5,2,5.0,13.0, , ,1,10.0,10.0,0.0,9,3,Empleado_Informal,ENPOVE_2022
2,32.0,1,2,5.0,13.0, , ,1,10.0,10.0,0.0,9,4,Desempleado,ENPOVE_2022
2,27.0,1,2,6.0,13.0, , ,1,11.0,11.0,0.0,9,3,Empleado_Informal,ENPOVE_2022
1,26.0,6,2,6.0,13.0, , ,1,11.0,11.0,0.0,2,4,Empleado_Informal,ENPOVE_2022
2,24.0,5,2,6.0,13.0, , ,1,11.0,11.0,0.0,2,4,Empleado_Informal,ENPOVE_2022
2,40.0,1,2,6.0,13.0, , ,1,11.0,11.0,0.0,9,3,Empleado_Informal,ENPOVE_2022
1,53.0,2,2,5.0,13.0, , ,1,10.0,10.0,0.0,2,3,Empleado_Formal,ENPOVE_2022
2,41.0,2,2,5.0,13.0, , ,1,10.0,10.0,0.0,2,4,Empleado_Formal,ENPOVE_2022
2,46.0,5,2,4.0,13.0, , ,1,9.0,9.0,0.0,2,4,Empleado_Informal,ENPOVE_2022
1,16.0,6,2,5.0,13.0, , ,1,10.0,10.0,0.0,9,1,Empleado_Informal,ENPOVE_2022
1,28.0,5,2,6.0,13.0, , ,1,11.0,11.0,0.0,9,1,Desempleado,ENPOVE_2022
1,23.0,1,2,5.0,13.0, , ,1,10.0,10.0,0.0,1,5,Empleado_Formal,ENPOVE_2022
1,23.0,1,2,5.0,13.0, , ,1,10.0,10.0,0.0,9,0,Empleado_Informal,ENPOVE_2022
2,22.0,1,2,8.0,13.0, , ,1,14.0,14.0,0.0,9,3,Desempleado,ENPOVE_2022
2,30.0,2,2,9.0,13.0, , ,1,13.5,13.5,0.0,9,4,Empleado_Informal,ENPOVE_2022
1,27.0,2,2,10.0,13.0,1,2,1,16.0,16.0,0.0,6,4,Empleado_Informal,ENPOVE_2022
2,42.0,5,2,8.0,13.0, , ,1,14.0,14.0,0.0,9,3,Empleado_Informal,ENPOVE_2022
2,18.0,6,2,6.0,13.0, , ,1,11.0,11.0,0.0,9,3,Desempleado,ENPOVE_2022
1,38.0,2,2,5.0,13.0, , ,1,10.0,10.0,0.0,2,4,Empleado_Informal,ENPOVE_2022
2,19.0,6,2,9.0,13.0, , ,1,13.5,13.5,0.0,9,1,Empleado_Informal,ENPOVE_2022
1,36.0,1,2,5.0,13.0, , ,1,10.0,10.0,0.0,2,4,Empleado_Formal,ENPOVE_2022
1,24.0,5,2,5.0,13.0, , ,1,10.0,10.0,0.0,9,1,Empleado_Informal,ENPOVE_2022
2,42.0,1,2,6.0,13.0, , ,1,11.0,11.0,0.0,9,3,Empleado_Informal,ENPOVE_2022
1,23.0,1,2,5.0,13.0, , ,1,10.0,10.0,0.0,2,4,Empleado_Informal,ENPOVE_2022
2,23.0,1,2,9.0,13.0, , ,1,13.5,13.5,0.0,9,3,Empleado_Informal,ENPOVE_2022
1,23.0,5,2,5.0,13.0, , ,1,10.0,10.0,0.0,1,5,Empleado_Informal,ENPOVE_2022
1,23.0,5,2,9.0,13.0, , ,1,13.5,13.5,0.0,1,4,Empleado_Informal,ENPOVE_2022
1,24.0,1,2,6.0,13.0, , ,1,11.0,11.0,0.0,9,3,Empleado_Informal,ENPOVE_2022
2,20.0,1,2,1.0,7.0, , ,1,0.0,12.5,-12.5,1,4,Empleado_Informal,ENPOVE_2022
2,26.0,1,2,6.0,13.0, , ,1,11.0,11.0,0.0,1,3,Desempleado,ENPOVE_2022
1,36.0,1,2,10.0,13.0,1,2,1,16.0,16.0,0.0,2,4,Empleado_Formal,ENPOVE_2022
2,31.0,1,2,9.0,13.0, , ,1,13.5,13.5,0.0,9,4,Empleado_Informal,ENPOVE_2022
1,27.0,2,2,8.0,13.0, , ,1,14.0,14.0,0.0,2,4,Empleado_Informal,ENPOVE_2022
2,30.0,2,2,7.0,13.0, , ,1,12.5,12.5,0.0,9,4,Empleado_Informal,ENPOVE_2022
2,29.0,1,2,9.0,13.0, , ,1,13.5,13.5,0.0,9,0,Desempleado,ENPOVE_2022
1,35.0,1,2,4.0,13.0, , ,1,9.0,9.0,0.0,9,1,Empleado_Informal,ENPOVE_2022
1,27.0,1,2,5.0,13.0, , ,1,10.0,10.0,0.0,9,2,Empleado_Informal,ENPOVE_2022
1,22.0,1,2,5.0,13.0, , ,1,10.0,10.0,0.0,9,2,Desempleado,ENPOVE_2022
2,22.0,1,2,5.0,13.0, , ,1,10.0,10.0,0.0,1,4,Empleado_Informal,ENPOVE_2022
2,18.0,6,2,6.0,13.0, , ,1,11.0,11.0,0.0,9,0,Desempleado,ENPOVE_2022
1,31.0,1,2,6.0,13.0, , ,1,11.0,11.0,0.0,9,4,Empleado_Informal,ENPOVE_2022
2,42.0,1,2,6.0,13.0, , ,1,11.0,11.0,0.0,9,4,Desempleado,ENPOVE_2022
2,30.0,2,2,6.0,13.0, , ,1,11.0,11.0,0.0,4,4,Empleado_Informal,ENPOVE_2022
1,34.0,2,2,5.0,13.0, , ,1,10.0,10.0,0.0,6,4,Empleado_Informal,ENPOVE_2022
1,26.0,1,2,8.0,13.0, , ,1,14.0,14.0,0.0,2,4,Empleado_Informal,ENPOVE_2022
1,26.0,1,2,6.0,13.0, , ,1,11.0,11.0,0.0,6,4,Empleado_Informal,ENPOVE_2022
1,46.0,1,2,5.0,13.0, , ,1,10.0,10.0,0.0,9,1,Empleado_Informal,ENPOVE_2022
1,30.0,1,2,10.0,13.0,1,2,1,16.0,16.0,0.0,2,4,Empleado_Formal,ENPOVE_2022
1,44.0,2,2,10.0,13.0,1,2,1,16.0,16.0,0.0,2,1,Desempleado,ENPOVE_2022
2,39.0,2,2,10.0,13.0,1,2,1,16.0,16.0,0.0,1,4,Empleado_Informal,ENPOVE_2022
1,18.0,1,2,1.0,6.0, , ,1,0.0,11.0,-11.0,1,4,Empleado_Informal,ENPOVE_2022
1,33.0,1,2,6.0,13.0, , ,1,11.0,11.0,0.0,6,5,Empleado_Informal,ENPOVE_2022
2,39.0,2,2,3.0,13.0, , ,1,4.5,4.5,0.0,9,2,Desempleado,ENPOVE_2022
1,20.0,6,2,3.0,13.0, , ,1,4.5,4.5,0.0,9,1,Empleado_Informal,ENPOVE_2022
1,30.0,1,2,11.0,13.0,1,1,1,18.0,18.0,0.0,2,3,Empleado_Informal,ENPOVE_2022
1,21.0,6,2,9.0,13.0, , ,1,13.5,13.5,0.0,1,2,Empleado_Informal,ENPOVE_2022
1,28.0,1,2,6.0,13.0, , ,1,11.0,11.0,0.0,2,4,Empleado_Formal,ENPOVE_2022
1,26.0,1,2,9.0,13.0, , ,1,13.5,13.5,0.0,2,4,Empleado_Formal,ENPOVE_2022
2,29.0,1,2,9.0,13.0, , ,1,13.5,13.5,0.0,1,4,Empleado_Formal,ENPOVE_2022
1,37.0,6,2,3.0,13.0, , ,1,4.5,4.5,0.0,1,1,Empleado_Informal,ENPOVE_2022
1,32.0,6,2,10.0,13.0,1,2,1,16.0,16.0,0.0,2,4,Empleado_Formal,ENPOVE_2022
2,41.0,1,2,10.0,13.0,1,2,1,16.0,16.0,0.0,2,4,Empleado_Formal,ENPOVE_2022
2,37.0,6,2,5.0,13.0, , ,1,10.0,10.0,0.0,9,3,Empleado_Informal,ENPOVE_2022
2,38.0,5,2,10.0,13.0,1,2,1,16.0,16.0,0.0,9,2,Empleado_Informal,ENPOVE_2022
1,39.0,5,2,9.0,13.0, , ,1,13.5,13.5,0.0,9,2,Empleado_Informal,ENPOVE_2022
2,49.0,1,2,8.0,13.0, , ,1,14.0,14.0,0.0,1,2,Desempleado,ENPOVE_2022
1,53.0,1,2,3.0,13.0, , ,1,4.5,4.5,0.0,9,3,Empleado_Informal,ENPOVE_2022
1,17.0,6,2,5.0,13.0, , ,1,10.0,10.0,0.0,9,2,Empleado_Informal,ENPOVE_2022
2,27.0,1,2,6.0,13.0, , ,1,11.0,11.0,0.0,9,2,Empleado_Informal,ENPOVE_2022
2,31.0,5,2,6.0,13.0, , ,1,11.0,11.0,0.0,1,2,Empleado_Informal,ENPOVE_2022
1,18.0,6,2,5.0,13.0, , ,1,10.0,10.0,0.0,9,4,Empleado_Informal,ENPOVE_2022
2,19.0,6,2,6.0,13.0, , ,1,11.0,11.0,0.0,1,2,Empleado_Informal,ENPOVE_2022
2,30.0,1,2,10.0,13.0,1,2,1,16.0,16.0,0.0,2,5,Empleado_Formal,ENPOVE_2022
1,31.0,1,2,8.0,13.0, , ,1,14.0,14.0,0.0,2,4,Empleado_Formal,ENPOVE_2022
1,26.0,6,2,10.0,13.0,1,2,1,16.0,16.0,0.0,1,4,Desempleado,ENPOVE_2022
2,46.0,5,2,10.0,13.0,1,2,1,16.0,16.0,0.0,2,4,Empleado_Informal,ENPOVE_2022
2,14.0,6,2,1.0,5.0, , ,1,0.0,8.5,-8.5,2,3,Desempleado,ENPOVE_2022
2,32.0,5,2,10.0,13.0,1,2,1,16.0,16.0,0.0,9,4,Empleado_Informal,ENPOVE_2022
1,46.0,2,2,6.0,13.0, , ,1,11.0,11.0,0.0,2,4,Desempleado,ENPOVE_2022
1,22.0,6,2,5.0,13.0, , ,1,10.0,10.0,0.0,9,4,Empleado_Informal,ENPOVE_2022
2,36.0,6,2,4.0,13.0, , ,1,9.0,9.0,0.0,2,4,Empleado_Informal,ENPOVE_2022
2,61.0,3,2,5.0,13.0, , ,1,10.0,10.0,0.0,9,2,Empleado_Informal,ENPOVE_2022
2,30.0,1,2,6.0,13.0, , ,1,11.0,11.0,0.0,9,4,Desempleado,ENPOVE_2022
1,28.0,1,2,6.0,13.0, , ,1,11.0,11.0,0.0,2,4,Desempleado,ENPOVE_2022
2,23.0,1,2,9.0,13.0, , ,1,13.5,13.5,0.0,2,4,Desempleado,ENPOVE_2022
2,34.0,1,2,10.0,13.0,1,1,1,16.0,16.0,0.0,2,3,Empleado_Formal,ENPOVE_2022
1,28.0,6,2,6.0,13.0, , ,1,11.0,11.0,0.0,2,3,Empleado_Informal,ENPOVE_2022
1,27.0,6,2,8.0,13.0, , ,1,14.0,14.0,0.0,2,4,Empleado_Informal,ENPOVE_2022
2,19.0,1,2,6.0,13.0, , ,1,11.0,11.0,0.0,9,1,Empleado_Informal,ENPOVE_2022
2,52.0,5,2,6.0,13.0, , ,1,11.0,11.0,0.0,9,1,Desempleado,ENPOVE_2022
1,29.0,1,2,10.0,13.0,1,2,1,16.0,16.0,0.0,2,3,Empleado_Informal,ENPOVE_2022
2,23.0,1,2,8.0,13.0, , ,1,14.0,14.0,0.0,2,3,Empleado_Informal,ENPOVE_2022
1,24.0,6,2,8.0,13.0, , ,1,14.0,14.0,0.0,2,5,Empleado_Informal,ENPOVE_2022
2,22.0,1,2,9.0,13.0, , ,1,13.5,13.5,0.0,2,4,Empleado_Formal,ENPOVE_2022
1,34.0,1,2,10.0,13.0,1,2,1,16.0,16.0,0.0,2,3,Empleado_Formal,ENPOVE_2022
2,29.0,1,2,10.0,13.0,1,2,1,16.0,16.0,0.0,2,5,Empleado_Formal,ENPOVE_2022
2,24.0,1,2,10.0,13.0,1,2,1,16.0,16.0,0.0,2,3,Empleado_Informal,ENPOVE_2022
1,56.0,1,2,6.0,13.0, , ,1,11.0,11.0,0.0,2,4,Empleado_Informal,ENPOVE_2022
2,49.0,1,2,10.0,13.0,1,2,1,16.0,16.0,0.0,2,4,Empleado_Formal,ENPOVE_2022
1,26.0,6,2,8.0,13.0, , ,1,14.0,14.0,0.0,2,4,Empleado_Formal,ENPOVE_2022
1,19.0,6,2,1.0,6.0, , ,1,0.0,11.0,-11.0,2,3,Empleado_Formal,ENPOVE_2022
1,43.0,4,2,6.0,13.0, , ,1,11.0,11.0,0.0,2,4,Desempleado,ENPOVE_2022
2,37.0,6,2,10.0,13.0,1,2,1,16.0,16.0,0.0,2,3,Empleado_Formal,ENPOVE_2022
2,37.0,5,2,8.0,13.0, , ,1,14.0,14.0,0.0,2,4,Empleado_Formal,ENPOVE_2022
1,27.0,1,2,8.0,13.0, , ,1,14.0,14.0,0.0,2,4,Empleado_Informal,ENPOVE_2022
2,27.0,1,2,7.0,13.0, , ,1,12.5,12.5,0.0,2,4,Empleado_Informal,ENPOVE_2022
1,22.0,6,2,9.0,13.0, , ,1,13.5,13.5,0.0,2,4,Empleado_Informal,ENPOVE_2022
1,47.0,2,2,8.0,13.0, , ,1,14.0,14.0,0.0,2,6,Empleado_Formal,ENPOVE_2022
2,41.0,2,2,8.0,13.0, , ,1,14.0,14.0,0.0,2,6,Empleado_Formal,ENPOVE_2022
1,18.0,6,2,1.0,6.0, , ,1,0.0,11.0,-11.0,2,6,Empleado_Formal,ENPOVE_2022
1,29.0,6,2,4.0,13.0, , ,1,9.0,9.0,0.0,2,4,Empleado_Informal,ENPOVE_2022
1,25.0,6,2,9.0,13.0, , ,1,13.5,13.5,0.0,1,5,Empleado_Informal,ENPOVE_2022
1,33.0,6,2,9.0,13.0, , ,1,13.5,13.5,0.0,2,2,Empleado_Informal,ENPOVE_2022
1,33.0,2,2,9.0,13.0, , ,1,13.5,13.5,0.0,2,4,Empleado_Informal,ENPOVE_2022
2,29.0,2,2,10.0,13.0,1,1,1,16.0,16.0,0.0,2,4,Empleado_Formal,ENPOVE_2022
2,47.0,4,2,10.0,13.0,1,2,1,16.0,16.0,0.0,2,5,Empleado_Informal,ENPOVE_2022
2,25.0,6,2,10.0,13.0,1,2,1,16.0,16.0,0.0,1,4,Empleado_Informal,ENPOVE_2022
1,61.0,2,2,7.0,13.0, , ,1,12.5,12.5,0.0,2,5,Empleado_Formal,ENPOVE_2022
2,51.0,2,2,10.0,13.0,1,2,1,16.0,16.0,0.0,2,4,Desempleado,ENPOVE_2022
2,30.0,2,2,10.0,13.0,1,1,1,16.0,16.0,0.0,2,5,Empleado_Formal,ENPOVE_2022
2,23.0,6,2,9.0,13.0, , ,1,13.5,13.5,0.0,2,4,Empleado_Formal,ENPOVE_2022
1,38.0,1,2,6.0,13.0, , ,1,11.0,11.0,0.0,2,4,Empleado_Formal,ENPOVE_2022
2,36.0,2,2,10.0,13.0,1,2,1,16.0,16.0,0.0,2,4,Empleado_Informal,ENPOVE_2022
1,33.0,2,2,10.0,13.0,2, ,1,16.0,16.0,0.0,2,4,Empleado_Formal,ENPOVE_2022
2,34.0,2,2,11.0,13.0,1,1,1,18.0,18.0,0.0,2,2,Empleado_Formal,ENPOVE_2022
2,59.0,6,2,9.0,13.0, , ,1,13.5,13.5,0.0,2,3,Empleado_Informal,ENPOVE_2022
2,26.0,2,2,10.0,13.0,1,1,1,16.0,16.0,0.0,1,1,Empleado_Informal,ENPOVE_2022
1,18.0,1,2,5.0,13.0, , ,1,10.0,10.0,0.0,9,4,Empleado_Informal,ENPOVE_2022
1,16.0,6,2,1.0,5.0, , ,1,0.0,8.5,-8.5,9,4,Empleado_Informal,ENPOVE_2022
2,25.0,6,2,9.0,13.0, , ,1,13.5,13.5,0.0,2,3,Empleado_Informal,ENPOVE_2022
2,38.0,2,2,10.0,13.0,1,2,1,16.0,16.0,0.0,9,2,Empleado_Informal,ENPOVE_2022
2,13.0,6,2,5.0,13.0, , ,1,10.0,10.0,0.0,9,2,Empleado_Informal,ENPOVE_2022
1,48.0,1,2,6.0,13.0, , ,1,11.0,11.0,0.0,9,3,Empleado_Informal,ENPOVE_2022
2,32.0,6,2,6.0,13.0, , ,1,11.0,11.0,0.0,1,2,Empleado_Informal,ENPOVE_2022
1,25.0,1,2,6.0,13.0, , ,1,11.0,11.0,0.0,9,1,Empleado_Informal,ENPOVE_2022
2,26.0,1,2,6.0,13.0, , ,1,11.0,11.0,0.0,9,4,Empleado_Informal,ENPOVE_2022
1,28.0,6,2,5.0,13.0, , ,1,10.0,10.0,0.0,6,3,Empleado_Informal,ENPOVE_2022
1,24.0,6,2,6.0,13.0, , ,1,11.0,11.0,0.0,9,3,Empleado_Informal,ENPOVE_2022
1,23.0,6,2,6.0,13.0, , ,1,11.0,11.0,0.0,9,4,Desempleado,ENPOVE_2022
1,22.0,1,2,6.0,13.0, , ,1,11.0,11.0,0.0,2,2,Empleado_Informal,ENPOVE_2022
2,21.0,1,2,6.0,13.0, , ,1,11.0,11.0,0.0,6,3,Empleado_Informal,ENPOVE_2022
1,25.0,6,2,9.0,13.0, , ,1,13.5,13.5,0.0,1,4,Empleado_Informal,ENPOVE_2022
2,25.0,5,2,6.0,13.0, , ,1,11.0,11.0,0.0,1,3,Desempleado,ENPOVE_2022
2,24.0,5,2,6.0,13.0, , ,1,11.0,11.0,0.0,1,4,Empleado_Informal,ENPOVE_2022
1,29.0,1,2,6.0,13.0, , ,1,11.0,11.0,0.0,1,3,Empleado_Informal,ENPOVE_2022
2,29.0,1,2,6.0,13.0, , ,1,11.0,11.0,0.0,1,3,Empleado_Informal,ENPOVE_2022
1,33.0,1,2,9.0,13.0, , ,1,13.5,13.5,0.0,2,5,Empleado_Informal,ENPOVE_2022
1,23.0,1,2,6.0,13.0, , ,1,11.0,11.0,0.0,2,4,Empleado_Informal,ENPOVE_2022
2,23.0,1,2,6.0,13.0, , ,1,11.0,11.0,0.0,9,4,Empleado_Informal,ENPOVE_2022
1,46.0,6,2,5.0,13.0, , ,1,10.0,10.0,0.0,9,1,Empleado_Informal,ENPOVE_2022
1,28.0,6,2,3.0,13.0, , ,1,4.5,4.5,0.0,2,5,Empleado_Informal,ENPOVE_2022
1,27.0,6,2,3.0,13.0, , ,1,4.5,4.5,0.0,9,1,Empleado_Informal,ENPOVE_2022
2,27.0,1,2,8.0,13.0, , ,1,14.0,14.0,0.0,4,4,Empleado_Informal,ENPOVE_2022
1,31.0,1,2,8.0,13.0, , ,1,14.0,14.0,0.0,9,3,Empleado_Informal,ENPOVE_2022
2,29.0,1,2,6.0,13.0, , ,1,11.0,11.0,0.0,1,3,Empleado_Informal,ENPOVE_2022
1,23.0,1,2,5.0,13.0, , ,1,10.0,10.0,0.0,1,4,Empleado_Informal,ENPOVE_2022
1,28.0,1,2,10.0,13.0,1,2,1,16.0,16.0,0.0,2,4,Empleado_Informal,ENPOVE_2022
2,28.0,1,2,10.0,13.0,1,2,1,16.0,16.0,0.0,2,4,Empleado_Formal,ENPOVE_2022
2,49.0,1,2,10.0,13.0,1,1,1,16.0,16.0,0.0,2,3,Empleado_Informal,ENPOVE_2022
1,28.0,1,2,6.0,13.0, , ,1,11.0,11.0,0.0,1,3,Empleado_Informal,ENPOVE_2022
2,27.0,1,2,6.0,13.0, , ,1,11.0,11.0,0.0,1,3,Desempleado,ENPOVE_2022
1,22.0,6,2,5.0,13.0, , ,1,10.0,10.0,0.0,9,4,Empleado_Informal,ENPOVE_2022
1,21.0,6,2,6.0,13.0, , ,1,11.0,11.0,0.0,9,1,Empleado_Informal,ENPOVE_2022
1,21.0,6,2,6.0,13.0, , ,1,11.0,11.0,0.0,9,4,Empleado_Informal,ENPOVE_2022
2,29.0,5,2,9.0,13.0, , ,1,13.5,13.5,0.0,2,3,Empleado_Informal,ENPOVE_2022
2,63.0,6,2,4.0,13.0, , ,1,9.0,9.0,0.0,9,3,Empleado_Informal,ENPOVE_2022
1,19.0,6,2,1.0,5.0, , ,1,0.0,8.5,-8.5,9,4,Empleado_Informal,ENPOVE_2022
2,17.0,6,2,1.0,6.0, , ,1,0.0,11.0,-11.0,9,4,Empleado_Informal,ENPOVE_2022
1,20.0,1,2,6.0,13.0, , ,1,11.0,11.0,0.0,9,1,Empleado_Informal,ENPOVE_2022
2,20.0,1,2,5.0,13.0, , ,1,10.0,10.0,0.0,9,1,Desempleado,ENPOVE_2022
1,26.0,6,2,6.0,13.0, , ,1,11.0,11.0,0.0,9,1,Empleado_Informal,ENPOVE_2022
1,38.0,1,2,7.0,13.0, , ,1,12.5,12.5,0.0,9,2,Empleado_Informal,ENPOVE_2022
2,39.0,1,2,6.0,13.0, , ,1,11.0,11.0,0.0,6,2,Empleado_Informal,ENPOVE_2022
1,37.0,1,2,7.0,13.0, , ,1,12.5,12.5,0.0,6,2,Empleado_Informal,ENPOVE_2022
2,35.0,1,2,7.0,13.0, , ,1,12.5,12.5,0.0,6,2,Empleado_Informal,ENPOVE_2022
1,32.0,6,2,6.0,13.0, , ,1,11.0,11.0,0.0,1,1,Empleado_Informal,ENPOVE_2022
2,29.0,6,2,9.0,13.0, , ,1,13.5,13.5,0.0,1,4,Empleado_Formal,ENPOVE_2022
2,25.0,6,2,6.0,13.0, , ,1,11.0,11.0,0.0,1,2,Empleado_Informal,ENPOVE_2022
1,16.0,6,2,1.0,5.0, , ,1,0.0,8.5,-8.5,1,3,Desempleado,ENPOVE_2022
1,15.0,6,2,1.0,5.0, , ,1,0.0,8.5,-8.5,1,3,Desempleado,ENPOVE_2022
1,42.0,6,2,5.0,13.0, , ,1,10.0,10.0,0.0,1,3,Empleado_Informal,ENPOVE_2022
2,36.0,1,2,7.0,13.0, , ,1,12.5,12.5,0.0,6,1,Empleado_Informal,ENPOVE_2022
1,29.0,6,2,6.0,13.0, , ,1,11.0,11.0,0.0,1,3,Empleado_Informal,ENPOVE_2022
1,29.0,6,2,6.0,13.0, , ,1,11.0,11.0,0.0,1,3,Empleado_Informal,ENPOVE_2022
2,25.0,1,2,7.0,13.0, , ,1,12.5,12.5,0.0,6,2,Empleado_Informal,ENPOVE_2022
1,30.0,1,2,7.0,13.0, , ,1,12.5,12.5,0.0,6,2,Empleado_Informal,ENPOVE_2022
1,37.0,6,2,9.0,13.0, , ,1,13.5,13.5,0.0,6,3,Empleado_Informal,ENPOVE_2022
2,33.0,6,2,7.0,13.0, , ,1,12.5,12.5,0.0,1,3,Empleado_Informal,ENPOVE_2022
1,29.0,1,2,10.0,13.0,1,2,1,16.0,16.0,0.0,2,5,Empleado_Informal,ENPOVE_2022
2,29.0,1,2,9.0,13.0, , ,1,13.5,13.5,0.0,2,4,Empleado_Informal,ENPOVE_2022
1,21.0,6,2,6.0,13.0, , ,1,11.0,11.0,0.0,9,21,Empleado_Informal,ENPOVE_2022
1,26.0,1,2,9.0,13.0, , ,1,13.5,13.5,0.0,9,1,Empleado_Informal,ENPOVE_2022
2,25.0,1,2,9.0,13.0, , ,1,13.5,13.5,0.0,9,1,Empleado_Informal,ENPOVE_2022
1,29.0,1,2,6.0,13.0, , ,1,11.0,11.0,0.0,9,1,Empleado_Informal,ENPOVE_2022
2,18.0,1,2,5.0,13.0, , ,1,10.0,10.0,0.0,9,1,Empleado_Informal,ENPOVE_2022
1,26.0,1,2,6.0,13.0, , ,1,11.0,11.0,0.0,2,4,Empleado_Informal,ENPOVE_2022
1,24.0,6,2,6.0,13.0, , ,1,11.0,11.0,0.0,9,4,Empleado_Informal,ENPOVE_2022
1,20.0,6,2,6.0,13.0, , ,1,11.0,11.0,0.0,9,4,Empleado_Informal,ENPOVE_2022
1,34.0,6,2,7.0,13.0, , ,1,12.5,12.5,0.0,9,1,Empleado_Informal,ENPOVE_2022
2,20.0,1,2,6.0,13.0, , ,1,11.0,11.0,0.0,9,2,Empleado_Informal,ENPOVE_2022
1,20.0,1,2,6.0,13.0, , ,1,11.0,11.0,0.0,1,2,Empleado_Informal,ENPOVE_2022
1,33.0,6,2,10.0,13.0,1,2,1,16.0,16.0,0.0,2,4,Empleado_Formal,ENPOVE_2022
2,27.0,6,2,10.0,13.0,1,2,1,16.0,16.0,0.0,2,5,Empleado_Formal,ENPOVE_2022
1,27.0,1,2,6.0,13.0, , ,1,11.0,11.0,0.0,2,3,Empleado_Formal,ENPOVE_2022
2,23.0,1,2,6.0,13.0, , ,1,11.0,11.0,0.0,9,2,Empleado_Informal,ENPOVE_2022
1,48.0,2,2,5.0,13.0, , ,1,10.0,10.0,0.0,1,3,Empleado_Informal,ENPOVE_2022
2,46.0,2,2,5.0,13.0, , ,1,10.0,10.0,0.0,1,3,Empleado_Informal,ENPOVE_2022
1,32.0,1,2,10.0,13.0,1,2,1,16.0,16.0,0.0,2,4,Empleado_Informal,ENPOVE_2022
1,28.0,1,2,7.0,13.0, , ,1,12.5,12.5,0.0,9,3,Empleado_Informal,ENPOVE_2022
2,18.0,1,2,5.0,13.0, , ,1,10.0,10.0,0.0,2,3,Empleado_Informal,ENPOVE_2022
1,32.0,1,2,6.0,13.0, , ,1,11.0,11.0,0.0,9,1,Empleado_Informal,ENPOVE_2022
2,39.0,3,2,10.0,13.0,1,2,1,16.0,16.0,0.0,2,4,Empleado_Informal,ENPOVE_2022
2,21.0,5,2,6.0,13.0, , ,1,11.0,11.0,0.0,9,4,Empleado_Informal,ENPOVE_2022
2,32.0,1,2,10.0,13.0,1,2,1,16.0,16.0,0.0,4,5,Empleado_Formal,ENPOVE_2022
2,24.0,1,2,8.0,13.0, , ,1,14.0,14.0,0.0,2,4,Empleado_Formal,ENPOVE_2022
2,29.0,1,2,10.0,13.0,1,2,1,16.0,16.0,0.0,2,5,Empleado_Informal,ENPOVE_2022
2,23.0,6,2,9.0,13.0, , ,1,13.5,13.5,0.0,2,5,Empleado_Formal,ENPOVE_2022
1,31.0,6,2,10.0,13.0,1,2,1,16.0,16.0,0.0,2,4,Empleado_Formal,ENPOVE_2022
1,30.0,6,2,10.0,13.0,1,2,1,16.0,16.0,0.0,2,4,Empleado_Informal,ENPOVE_2022
2,21.0,1,2,6.0,13.0, , ,1,11.0,11.0,0.0,1,2,Empleado_Informal,ENPOVE_2022
2,30.0,6,2,1.0,11.0, , ,1,0.0,19.0,-19.0,2,1,Empleado_Formal,ENPOVE_2022
2,50.0,3,2,10.0,13.0,1,2,1,16.0,16.0,0.0,2,4,Empleado_Informal,ENPOVE_2022
1,34.0,6,2,10.0,13.0,1,2,1,16.0,16.0,0.0,2,4,Empleado_Informal,ENPOVE_2022
1,27.0,6,2,9.0,13.0, , ,1,13.5,13.5,0.0,2,3,Empleado_Informal,ENPOVE_2022
2,34.0,6,2,10.0,13.0,1,2,1,16.0,16.0,0.0,2,4,Empleado_Formal,ENPOVE_2022
2,57.0,5,2,5.0,13.0, , ,1,10.0,10.0,0.0,9,1,Desempleado,ENPOVE_2022
1,46.0,1,2,6.0,13.0, , ,1,11.0,11.0,0.0,2,4,Empleado_Informal,ENPOVE_2022
2,48.0,1,2,8.0,13.0, , ,1,14.0,14.0,0.0,2,4,Desempleado,ENPOVE_2022
2,52.0,5,2,10.0,13.0,1,2,1,16.0,16.0,0.0,9,4,Empleado_Formal,ENPOVE_2022
1,27.0,6,2,6.0,13.0, , ,1,11.0,11.0,0.0,1,4,Empleado_Formal,ENPOVE_2022
2,24.0,5,2,6.0,13.0, , ,1,11.0,11.0,0.0,2,3,Empleado_Informal,ENPOVE_2022
2,29.0,1,2,10.0,13.0,1,2,1,16.0,16.0,0.0,2,5,Desempleado,ENPOVE_2022
2,22.0,1,2,8.0,13.0, , ,1,14.0,14.0,0.0,9,2,Empleado_Informal,ENPOVE_2022
2,21.0,5,2,5.0,13.0, , ,1,10.0,10.0,0.0,1,2,Desempleado,ENPOVE_2022
1,23.0,1,2,6.0,13.0, , ,1,11.0,11.0,0.0,2,1,Empleado_Informal,ENPOVE_2022
2,17.0,1,2,6.0,13.0, , ,1,11.0,11.0,0.0,9,0,Empleado_Informal,ENPOVE_2022
1,45.0,2,2,8.0,13.0, , ,1,14.0,14.0,0.0,6,0,Empleado_Informal,ENPOVE_2022
1,28.0,1,2,10.0,13.0,1,2,1,16.0,16.0,0.0,2,4,Empleado_Formal,ENPOVE_2022
1,30.0,1,2,10.0,13.0,2, ,1,16.0,16.0,0.0,1,4,Empleado_Informal,ENPOVE_2022
2,27.0,1,2,10.0,13.0,1,2,1,16.0,16.0,0.0,2,4,Empleado_Informal,ENPOVE_2022
2,30.0,5,2,6.0,13.0, , ,1,11.0,11.0,0.0,9,1,Empleado_Informal,ENPOVE_2022
2,40.0,4,2,10.0,13.0,1,1,1,16.0,16.0,0.0,2,4,Empleado_Formal,ENPOVE_2022
1,33.0,1,2,9.0,13.0, , ,1,13.5,13.5,0.0,2,4,Empleado_Formal,ENPOVE_2022
1,35.0,1,2,6.0,13.0, , ,1,11.0,11.0,0.0,1,3,Empleado_Informal,ENPOVE_2022
2,41.0,1,2,8.0,13.0, , ,1,14.0,14.0,0.0,6,4,Empleado_Informal,ENPOVE_2022
2,34.0,5,2,6.0,13.0, , ,1,11.0,11.0,0.0,2,4,Empleado_Informal,ENPOVE_2022
2,52.0,5,2,10.0,13.0,1,2,1,16.0,16.0,0.0,1,3,Empleado_Informal,ENPOVE_2022
1,18.0,6,2,6.0,13.0, , ,1,11.0,11.0,0.0,9,2,Desempleado,ENPOVE_2022
2,25.0,1,2,9.0,13.0, , ,1,13.5,13.5,0.0,1,4,Empleado_Informal,ENPOVE_2022
1,37.0,1,2,6.0,13.0, , ,1,11.0,11.0,0.0,2,4,Empleado_Informal,ENPOVE_2022
2,33.0,5,2,10.0,13.0,1,2,1,16.0,16.0,0.0,2,4,Empleado_Informal,ENPOVE_2022
1,32.0,1,2,8.0,13.0, , ,1,14.0,14.0,0.0,1,4,Empleado_Informal,ENPOVE_2022
2,28.0,1,2,8.0,13.0, , ,1,14.0,14.0,0.0,2,4,Empleado_Informal,ENPOVE_2022
2,26.0,5,2,6.0,13.0, , ,1,11.0,11.0,0.0,1,3,Empleado_Informal,ENPOVE_2022
2,34.0,1,2,6.0,13.0, , ,1,11.0,11.0,0.0,1,3,Empleado_Informal,ENPOVE_2022
1,31.0,1,2,10.0,13.0,1,2,1,16.0,16.0,0.0,2,5,Empleado_Formal,ENPOVE_2022
2,27.0,6,2,10.0,13.0,1,2,1,16.0,16.0,0.0,2,3,Empleado_Formal,ENPOVE_2022
1,34.0,1,2,8.0,13.0, , ,1,14.0,14.0,0.0,2,3,Empleado_Informal,ENPOVE_2022
1,28.0,1,2,10.0,13.0,1,2,1,16.0,16.0,0.0,2,2,Empleado_Informal,ENPOVE_2022
2,45.0,4,2,6.0,13.0, , ,1,11.0,11.0,0.0,2,4,Empleado_Formal,ENPOVE_2022
2,26.0,6,2,8.0,13.0, , ,1,14.0,14.0,0.0,1,4,Empleado_Informal,ENPOVE_2022
2,54.0,2,2,6.0,13.0, , ,1,11.0,11.0,0.0,1,2,Empleado_Informal,ENPOVE_2022
1,24.0,1,2,6.0,13.0, , ,1,11.0,11.0,0.0,2,4,Empleado_Informal,ENPOVE_2022
2,23.0,1,2,5.0,13.0, , ,1,10.0,10.0,0.0,1,4,Desempleado,ENPOVE_2022
1,31.0,1,2,6.0,13.0, , ,1,11.0,11.0,0.0,2,5,Empleado_Informal,ENPOVE_2022
2,31.0,1,2,10.0,13.0,1,2,1,16.0,16.0,0.0,2,5,Desempleado,ENPOVE_2022
1,37.0,1,2,6.0,13.0, , ,1,11.0,11.0,0.0,2,4,Empleado_Formal,ENPOVE_2022
2,33.0,1,2,10.0,13.0,1,2,1,16.0,16.0,0.0,2,4,Empleado_Informal,ENPOVE_2022
2,45.0,5,2,8.0,13.0, , ,1,14.0,14.0,0.0,2,4,Empleado_Formal,ENPOVE_2022
2,34.0,6,2,10.0,13.0,1,2,1,16.0,16.0,0.0,2,5,Empleado_Informal,ENPOVE_2022
2,41.0,1,2,10.0,13.0,1,2,1,16.0,16.0,0.0,2,3,Empleado_Formal,ENPOVE_2022
2,19.0,6,2,6.0,13.0, , ,1,11.0,11.0,0.0,1,3,Empleado_Informal,ENPOVE_2022
1,26.0,6,2,7.0,13.0, , ,1,12.5,12.5,0.0,2,3,Empleado_Informal,ENPOVE_2022
2,44.0,1,2,8.0,13.0, , ,1,14.0,14.0,0.0,2,4,Empleado_Informal,ENPOVE_2022
1,43.0,1,2,6.0,13.0, , ,1,11.0,11.0,0.0,2,4,Empleado_Formal,ENPOVE_2022
1,17.0,6,2,5.0,13.0, , ,1,10.0,10.0,0.0,2,3,Empleado_Informal,ENPOVE_2022
1,26.0,6,2,7.0,13.0, , ,1,12.5,12.5,0.0,2,4,Empleado_Formal,ENPOVE_2022
1,31.0,6,2,7.0,13.0, , ,1,12.5,12.5,0.0,2,4,Empleado_Formal,ENPOVE_2022
2,39.0,5,2,8.0,13.0, , ,1,14.0,14.0,0.0,2,3,Desempleado,ENPOVE_2022
2,52.0,1,2,10.0,13.0,1,2,1,16.0,16.0,0.0,2,4,Desempleado,ENPOVE_2022
1,45.0,1,2,8.0,13.0, , ,1,14.0,14.0,0.0,2,4,Empleado_Informal,ENPOVE_2022
2,16.0,6,2,1.0,5.0, , ,1,0.0,8.5,-8.5,2,4,Desempleado,ENPOVE_2022
1,15.0,6,2,1.0,5.0, , ,1,0.0,8.5,-8.5,2,4,Desempleado,ENPOVE_2022
1,18.0,6,2,1.0,6.0, , ,1,0.0,11.0,-11.0,2,4,Empleado_Informal,ENPOVE_2022
2,20.0,1,2,6.0,13.0, , ,1,11.0,11.0,0.0,2,4,Empleado_Informal,ENPOVE_2022
1,22.0,1,2,6.0,13.0, , ,1,11.0,11.0,0.0,9,3,Empleado_Informal,ENPOVE_2022
2,49.0,2,2,5.0,13.0, , ,1,10.0,10.0,0.0,2,5,Empleado_Informal,ENPOVE_2022
1,54.0,2,2,1.0,6.0, , ,1,0.0,11.0,-11.0,4,5,Empleado_Formal,ENPOVE_2022
2,27.0,1,2,5.0,13.0, , ,1,10.0,10.0,0.0,9,4,Empleado_Informal,ENPOVE_2022
2,21.0,1,2,8.0,13.0, , ,1,14.0,14.0,0.0,9,1,Empleado_Informal,ENPOVE_2022
1,32.0,1,2,9.0,13.0, , ,1,13.5,13.5,0.0,9,4,Empleado_Informal,ENPOVE_2022
1,37.0,2,2,6.0,13.0, , ,1,11.0,11.0,0.0,2,4,Empleado_Formal,ENPOVE_2022
2,29.0,2,2,6.0,13.0, , ,1,11.0,11.0,0.0,2,4,Empleado_Informal,ENPOVE_2022
2,25.0,1,2,8.0,13.0, , ,1,14.0,14.0,0.0,1,3,Empleado_Informal,ENPOVE_2022
2,30.0,5,2,6.0,13.0, , ,1,11.0,11.0,0.0,2,3,Empleado_Informal,ENPOVE_2022
1,38.0,5,2,5.0,13.0, , ,1,10.0,10.0,0.0,2,3,Empleado_Informal,ENPOVE_2022
1,25.0,6,2,9.0,13.0, , ,1,13.5,13.5,0.0,9,3,Empleado_Informal,ENPOVE_2022
1,28.0,1,2,9.0,13.0, , ,1,13.5,13.5,0.0,9,1,Empleado_Informal,ENPOVE_2022
2,29.0,1,2,6.0,13.0, , ,1,11.0,11.0,0.0,9,1,Desempleado,ENPOVE_2022
2,53.0,5,2,6.0,13.0, , ,1,11.0,11.0,0.0,9,3,Empleado_Informal,ENPOVE_2022
1,17.0,6,2,6.0,13.0, , ,1,11.0,11.0,0.0,9,1,Empleado_Informal,ENPOVE_2022
1,32.0,6,2,6.0,13.0, , ,1,11.0,11.0,0.0,9,4,Desempleado,ENPOVE_2022
1,31.0,2,2,9.0,13.0, , ,1,13.5,13.5,0.0,2,5,Empleado_Formal,ENPOVE_2022
2,30.0,2,2,10.0,13.0,1,2,1,16.0,16.0,0.0,2,5,Empleado_Formal,ENPOVE_2022
1,50.0,1,2,6.0,13.0, , ,1,11.0,11.0,0.0,2,5,Empleado_Formal,ENPOVE_2022
1,21.0,6,2,9.0,13.0, , ,1,13.5,13.5,0.0,2,4,Empleado_Informal,ENPOVE_2022
1,35.0,1,2,7.0,13.0, , ,1,12.5,12.5,0.0,2,4,Empleado_Informal,ENPOVE_2022
2,33.0,1,2,5.0,13.0, , ,1,10.0,10.0,0.0,1,3,Empleado_Informal,ENPOVE_2022
1,32.0,2,2,10.0,13.0,1,2,1,16.0,16.0,0.0,9,0,Empleado_Informal,ENPOVE_2022
1,33.0,5,2,8.0,13.0, , ,1,14.0,14.0,0.0,9,4,Empleado_Informal,ENPOVE_2022
1,20.0,1,2,5.0,13.0, , ,1,10.0,10.0,0.0,1,4,Desempleado,ENPOVE_2022
1,32.0,2,2,10.0,13.0,1,2,1,16.0,16.0,0.0,1,4,Empleado_Formal,ENPOVE_2022
1,26.0,1,2,5.0,13.0, , ,1,10.0,10.0,0.0,9,1,Empleado_Informal,ENPOVE_2022
2,21.0,1,2,6.0,13.0, , ,1,11.0,11.0,0.0,9,1,Empleado_Informal,ENPOVE_2022
1,28.0,1,2,10.0,13.0,1,2,1,16.0,16.0,0.0,2,4,Empleado_Formal,ENPOVE_2022
1,68.0,2,2,8.0,13.0, , ,1,14.0,14.0,0.0,2,0,Desempleado,ENPOVE_2022
1,21.0,6,2,6.0,13.0, , ,1,11.0,11.0,0.0,1,2,Empleado_Informal,ENPOVE_2022
2,33.0,5,2,8.0,13.0, , ,1,14.0,14.0,0.0,2,6,Empleado_Informal,ENPOVE_2022
1,64.0,2,2,8.0,13.0, , ,1,14.0,14.0,0.0,2,3,Empleado_Informal,ENPOVE_2022
2,30.0,6,2,10.0,13.0,1,2,1,16.0,16.0,0.0,2,6,Empleado_Informal,ENPOVE_2022
2,24.0,6,2,10.0,13.0,1,2,1,16.0,16.0,0.0,9,0,Desempleado,ENPOVE_2022
2,42.0,5,2,8.0,13.0, , ,1,14.0,14.0,0.0,1,3,Empleado_Informal,ENPOVE_2022
2,24.0,6,2,7.0,13.0, , ,1,12.5,12.5,0.0,2,4,Desempleado,ENPOVE_2022
2,41.0,1,2,10.0,13.0,1,1,1,16.0,16.0,0.0,2,5,Empleado_Informal,ENPOVE_2022
1,36.0,1,2,9.0,13.0, , ,1,13.5,13.5,0.0,2,5,Empleado_Informal,ENPOVE_2022
2,32.0,1,2,10.0,13.0,1,2,1,16.0,16.0,0.0,2,4,Empleado_Informal,ENPOVE_2022
1,37.0,2,2,10.0,13.0,1,2,1,16.0,16.0,0.0,2,1,Desempleado,ENPOVE_2022
2,34.0,2,2,8.0,13.0, , ,1,14.0,14.0,0.0,2,4,Empleado_Informal,ENPOVE_2022
1,35.0,2,2,6.0,13.0, , ,1,11.0,11.0,0.0,2,4,Empleado_Informal,ENPOVE_2022
2,30.0,2,2,9.0,13.0, , ,1,13.5,13.5,0.0,9,4,Empleado_Informal,ENPOVE_2022
1,38.0,5,2,6.0,13.0, , ,1,11.0,11.0,0.0,2,3,Empleado_Informal,ENPOVE_2022
1,58.0,5,2,6.0,13.0, , ,1,11.0,11.0,0.0,9,3,Empleado_Informal,ENPOVE_2022
2,37.0,5,2,6.0,13.0, , ,1,11.0,11.0,0.0,2,4,Empleado_Informal,ENPOVE_2022
1,30.0,1,2,6.0,13.0, , ,1,11.0,11.0,0.0,1,1,Empleado_Informal,ENPOVE_2022
2,21.0,1,2,6.0,13.0, , ,1,11.0,11.0,0.0,9,4,Empleado_Informal,ENPOVE_2022
2,41.0,1,2,5.0,13.0, , ,1,10.0,10.0,0.0,9,1,Empleado_Informal,ENPOVE_2022
1,40.0,1,2,6.0,13.0, , ,1,11.0,11.0,0.0,9,0,Empleado_Informal,ENPOVE_2022
2,44.0,5,2,9.0,13.0, , ,1,13.5,13.5,0.0,1,3,Desempleado,ENPOVE_2022
2,20.0,6,2,1.0,9.0, , ,1,0.0,13.5,-13.5,4,3,Desempleado,ENPOVE_2022
1,68.0,5,2,5.0,13.0, , ,1,10.0,10.0,0.0,9,1,Empleado_Informal,ENPOVE_2022
1,21.0,6,2,6.0,13.0, , ,1,11.0,11.0,0.0,2,3,Empleado_Informal,ENPOVE_2022
1,33.0,1,2,9.0,13.0, , ,1,13.5,13.5,0.0,2,4,Empleado_Formal,ENPOVE_2022
2,30.0,1,2,8.0,13.0, , ,1,14.0,14.0,0.0,1,4,Desempleado,ENPOVE_2022
1,36.0,1,2,6.0,13.0, , ,1,11.0,11.0,0.0,2,4,Empleado_Formal,ENPOVE_2022
2,35.0,1,2,6.0,13.0, , ,1,11.0,11.0,0.0,2,4,Desempleado,ENPOVE_2022
2,19.0,1,2,5.0,13.0, , ,1,10.0,10.0,0.0,9,4,Empleado_Informal,ENPOVE_2022
2,29.0,5,2,9.0,13.0, , ,1,13.5,13.5,0.0,2,4,Empleado_Formal,ENPOVE_2022
2,25.0,1,2,7.0,13.0, , ,1,12.5,12.5,0.0,1,3,Empleado_Informal,ENPOVE_2022
1,28.0,1,2,7.0,13.0, , ,1,12.5,12.5,0.0,1,3,Empleado_Formal,ENPOVE_2022
1,24.0,1,2,8.0,13.0, , ,1,14.0,14.0,0.0,9,0,Empleado_Informal,ENPOVE_2022
1,28.0,1,2,8.0,13.0, , ,1,14.0,14.0,0.0,2,3,Empleado_Formal,ENPOVE_2022
1,29.0,1,2,9.0,13.0, , ,1,13.5,13.5,0.0,2,4,Empleado_Formal,ENPOVE_2022
2,35.0,6,2,10.0,13.0,1,2,1,16.0,16.0,0.0,1,4,Empleado_Informal,ENPOVE_2022
2,35.0,3,2,10.0,13.0,1,2,1,16.0,16.0,0.0,2,4,Empleado_Informal,ENPOVE_2022
2,31.0,1,2,8.0,13.0, , ,1,14.0,14.0,0.0,2,5,Empleado_Informal,ENPOVE_2022
2,21.0,6,2,6.0,13.0, , ,1,11.0,11.0,0.0,4,4,Empleado_Informal,ENPOVE_2022
1,33.0,1,2,4.0,13.0, , ,1,9.0,9.0,0.0,2,3,Empleado_Informal,ENPOVE_2022
2,31.0,1,2,9.0,13.0, , ,1,13.5,13.5,0.0,2,4,Empleado_Informal,ENPOVE_2022
1,28.0,1,2,4.0,13.0, , ,1,9.0,9.0,0.0,1,4,Empleado_Informal,ENPOVE_2022
2,49.0,1,2,8.0,13.0, , ,1,14.0,14.0,0.0,1,3,Empleado_Informal,ENPOVE_2022
2,26.0,1,2,8.0,13.0, , ,1,14.0,14.0,0.0,9,1,Empleado_Informal,ENPOVE_2022
2,20.0,6,2,9.0,13.0, , ,1,13.5,13.5,0.0,9,1,Empleado_Informal,ENPOVE_2022
2,23.0,1,2,5.0,13.0, , ,1,10.0,10.0,0.0,9,2,Desempleado,ENPOVE_2022
1,31.0,1,2,5.0,13.0, , ,1,10.0,10.0,0.0,9,2,Empleado_Informal,ENPOVE_2022
2,27.0,1,2,5.0,13.0, , ,1,10.0,10.0,0.0,9,2,Desempleado,ENPOVE_2022
2,41.0,6,2,10.0,13.0,1,2,1,16.0,16.0,0.0,1,4,Empleado_Informal,ENPOVE_2022
2,30.0,1,2,6.0,13.0, , ,1,11.0,11.0,0.0,1,1,Desempleado,ENPOVE_2022
1,25.0,6,2,10.0,13.0,1,2,1,16.0,16.0,0.0,2,4,Empleado_Informal,ENPOVE_2022
1,29.0,6,2,6.0,13.0, , ,1,11.0,11.0,0.0,1,1,Empleado_Informal,ENPOVE_2022
1,24.0,1,2,6.0,13.0, , ,1,11.0,11.0,0.0,9,3,Empleado_Informal,ENPOVE_2022
2,23.0,1,2,9.0,13.0, , ,1,13.5,13.5,0.0,9,2,Empleado_Informal,ENPOVE_2022
1,24.0,1,2,6.0,13.0, , ,1,11.0,11.0,0.0,9,4,Desempleado,ENPOVE_2022
2,35.0,1,2,5.0,13.0, , ,1,10.0,10.0,0.0,9,3,Desempleado,ENPOVE_2022
1,38.0,1,2,4.0,13.0, , ,1,9.0,9.0,0.0,2,3,Empleado_Informal,ENPOVE_2022
1,16.0,1,2,1.0,5.0, , ,1,0.0,8.5,-8.5,9,3,Empleado_Informal,ENPOVE_2022
1,36.0,1,2,6.0,13.0, , ,1,11.0,11.0,0.0,1,4,Empleado_Informal,ENPOVE_2022
1,32.0,1,2,6.0,13.0, , ,1,11.0,11.0,0.0,2,4,Empleado_Formal,ENPOVE_2022
2,27.0,1,2,7.0,13.0, , ,1,12.5,12.5,0.0,2,4,Desempleado,ENPOVE_2022
2,43.0,6,2,8.0,13.0, , ,1,14.0,14.0,0.0,2,4,Empleado_Informal,ENPOVE_2022
1,28.0,6,2,6.0,13.0, , ,1,11.0,11.0,0.0,1,4,Empleado_Informal,ENPOVE_2022
1,31.0,1,2,6.0,13.0, , ,1,11.0,11.0,0.0,2,3,Empleado_Informal,ENPOVE_2022
2,24.0,1,2,6.0,13.0, , ,1,11.0,11.0,0.0,9,0,Desempleado,ENPOVE_2022
1,38.0,1,2,5.0,13.0, , ,1,10.0,10.0,0.0,2,4,Empleado_Informal,ENPOVE_2022
2,12.0,6,2,1.0,3.0, , ,1,0.0,3.0,-3.0,9,4,Desempleado,ENPOVE_2022
1,31.0,1,2,6.0,13.0, , ,1,11.0,11.0,0.0,1,3,Empleado_Informal,ENPOVE_2022
2,29.0,1,2,10.0,13.0,1,2,1,16.0,16.0,0.0,1,4,Desempleado,ENPOVE_2022
2,16.0,6,2,6.0,13.0, , ,1,11.0,11.0,0.0,9,1,Desempleado,ENPOVE_2022
1,21.0,1,2,6.0,13.0, , ,1,11.0,11.0,0.0,1,4,Empleado_Informal,ENPOVE_2022
1,25.0,1,2,4.0,13.0, , ,1,9.0,9.0,0.0,9,1,Empleado_Informal,ENPOVE_2022
2,23.0,1,2,9.0,13.0, , ,1,13.5,13.5,0.0,9,1,Empleado_Informal,ENPOVE_2022
1,31.0,1,2,4.0,13.0, , ,1,9.0,9.0,0.0,9,1,Empleado_Informal,ENPOVE_2022
2,26.0,1,2,6.0,13.0, , ,1,11.0,11.0,0.0,9,1,Empleado_Informal,ENPOVE_2022
1,22.0,1,2,6.0,13.0, , ,1,11.0,11.0,0.0,1,0,Empleado_Informal,ENPOVE_2022
1,43.0,2,2,10.0,13.0,2, ,1,16.0,16.0,0.0,2,4,Desempleado,ENPOVE_2022
2,43.0,2,2,10.0,13.0,2, ,1,16.0,16.0,0.0,9,3,Empleado_Informal,ENPOVE_2022
1,32.0,1,2,9.0,13.0, , ,1,13.5,13.5,0.0,9,4,Empleado_Informal,ENPOVE_2022
2,43.0,5,2,9.0,13.0, , ,1,13.5,13.5,0.0,9,1,Empleado_Informal,ENPOVE_2022
1,45.0,2,2,6.0,13.0, , ,1,11.0,11.0,0.0,2,4,Empleado_Informal,ENPOVE_2022
2,24.0,1,2,6.0,13.0, , ,1,11.0,11.0,0.0,2,4,Empleado_Informal,ENPOVE_2022
1,49.0,2,2,8.0,13.0, , ,1,14.0,14.0,0.0,4,5,Empleado_Formal,ENPOVE_2022
2,48.0,2,2,10.0,13.0,1,2,1,16.0,16.0,0.0,2,4,Empleado_Informal,ENPOVE_2022
2,57.0,5,2,5.0,13.0, , ,1,10.0,10.0,0.0,2,3,Empleado_Formal,ENPOVE_2022
1,33.0,1,2,8.0,13.0, , ,1,14.0,14.0,0.0,2,4,Empleado_Informal,ENPOVE_2022
2,43.0,5,2,10.0,13.0,1,2,1,16.0,16.0,0.0,2,5,Empleado_Informal,ENPOVE_2022
1,29.0,6,2,8.0,13.0, , ,1,14.0,14.0,0.0,2,4,Empleado_Informal,ENPOVE_2022
2,46.0,6,2,6.0,13.0, , ,1,11.0,11.0,0.0,2,4,Empleado_Informal,ENPOVE_2022
1,30.0,6,2,1.0,10.0, , ,1,0.0,16.0,-16.0,4,8,Empleado_Formal,ENPOVE_2022
2,26.0,6,2,9.0,13.0, , ,1,13.5,13.5,0.0,4,8,Empleado_Formal,ENPOVE_2022
1,26.0,6,2,1.0,9.0, , ,1,0.0,13.5,-13.5,4,8,Empleado_Formal,ENPOVE_2022
1,29.0,6,2,10.0,13.0,1,2,1,16.0,16.0,0.0,2,4,Empleado_Informal,ENPOVE_2022
2,27.0,1,2,9.0,13.0, , ,1,13.5,13.5,0.0,1,3,Empleado_Informal,ENPOVE_2022
2,43.0,5,2,10.0,13.0,1,2,1,16.0,16.0,0.0,2,5,Empleado_Formal,ENPOVE_2022
1,18.0,6,2,1.0,6.0, , ,1,0.0,11.0,-11.0,2,5,Desempleado,ENPOVE_2022
2,40.0,6,2,10.0,13.0,1,2,1,16.0,16.0,0.0,2,4,Empleado_Informal,ENPOVE_2022
2,24.0,6,2,8.0,13.0, , ,1,14.0,14.0,0.0,2,5,Empleado_Formal,ENPOVE_2022
2,22.0,6,2,8.0,13.0, , ,1,14.0,14.0,0.0,2,4,Empleado_Informal,ENPOVE_2022
2,47.0,6,2,10.0,13.0,1,2,1,16.0,16.0,0.0,1,1,Empleado_Formal,ENPOVE_2022
2,36.0,5,2,6.0,13.0, , ,1,11.0,11.0,0.0,9,3,Empleado_Informal,ENPOVE_2022
1,45.0,2,2,10.0,13.0,1,2,1,16.0,16.0,0.0,2,4,Empleado_Formal,ENPOVE_2022
2,45.0,2,2,10.0,13.0,1,2,1,16.0,16.0,0.0,2,4,Empleado_Formal,ENPOVE_2022
1,44.0,2,2,10.0,13.0,1,2,1,16.0,16.0,0.0,2,1,Empleado_Formal,ENPOVE_2022
1,47.0,1,2,10.0,13.0,1,2,1,16.0,16.0,0.0,2,4,Empleado_Formal,ENPOVE_2022
2,48.0,1,2,10.0,13.0,1,2,1,16.0,16.0,0.0,2,4,Empleado_Formal,ENPOVE_2022
1,29.0,6,2,9.0,13.0, , ,1,13.5,13.5,0.0,1,1,Empleado_Informal,ENPOVE_2022
2,46.0,1,2,10.0,13.0,2, ,1,16.0,16.0,0.0,2,3,Empleado_Formal,ENPOVE_2022
1,45.0,1,2,6.0,13.0, , ,1,11.0,11.0,0.0,1,3,Empleado_Informal,ENPOVE_2022
1,20.0,6,2,1.0,6.0, , ,1,0.0,11.0,-11.0,2,3,Empleado_Formal,ENPOVE_2022
1,67.0,1,2,10.0,13.0,1,2,1,16.0,16.0,0.0,2,0,Desempleado,ENPOVE_2022
2,62.0,2,2,10.0,13.0,1,2,1,16.0,16.0,0.0,2,7,Empleado_Formal,ENPOVE_2022
1,23.0,1,2,6.0,13.0, , ,1,11.0,11.0,0.0,9,1,Empleado_Informal,ENPOVE_2022
2,27.0,1,2,9.0,13.0, , ,1,13.5,13.5,0.0,2,4,Desempleado,ENPOVE_2022
1,26.0,1,2,6.0,13.0, , ,1,11.0,11.0,0.0,2,4,Empleado_Informal,ENPOVE_2022
1,52.0,1,2,6.0,13.0, , ,1,11.0,11.0,0.0,9,2,Empleado_Informal,ENPOVE_2022
1,30.0,2,2,10.0,13.0,1,2,1,16.0,16.0,0.0,2,3,Empleado_Informal,ENPOVE_2022
1,42.0,1,2,5.0,13.0, , ,1,10.0,10.0,0.0,9,3,Empleado_Informal,ENPOVE_2022
2,31.0,2,2,10.0,13.0,1,2,1,16.0,16.0,0.0,1,3,Desempleado,ENPOVE_2022
1,38.0,2,2,5.0,13.0, , ,1,10.0,10.0,0.0,1,3,Empleado_Informal,ENPOVE_2022
1,24.0,1,2,5.0,13.0, , ,1,10.0,10.0,0.0,9,1,Empleado_Informal,ENPOVE_2022
1,28.0,1,2,6.0,13.0, , ,1,11.0,11.0,0.0,2,3,Empleado_Informal,ENPOVE_2022
2,25.0,1,2,9.0,13.0, , ,1,13.5,13.5,0.0,9,3,Empleado_Informal,ENPOVE_2022
1,19.0,6,2,5.0,13.0, , ,1,10.0,10.0,0.0,9,2,Empleado_Informal,ENPOVE_2022
1,22.0,1,2,6.0,13.0, , ,1,11.0,11.0,0.0,9,4,Empleado_Informal,ENPOVE_2022
1,30.0,5,2,4.0,13.0, , ,1,9.0,9.0,0.0,9,3,Empleado_Informal,ENPOVE_2022
1,54.0,1,2,1.0,6.0, , ,1,0.0,11.0,-11.0,4,7,Desempleado,ENPOVE_2022
2,54.0,1,2,1.0,4.0, , ,1,0.0,6.0,-6.0,4,7,Empleado_Informal,ENPOVE_2022
1,18.0,6,2,1.0,6.0, , ,1,0.0,11.0,-11.0,4,7,Empleado_Informal,ENPOVE_2022
2,25.0,1,2,6.0,13.0, , ,1,11.0,11.0,0.0,2,4,Desempleado,ENPOVE_2022
1,24.0,1,2,5.0,13.0, , ,1,10.0,10.0,0.0,9,3,Empleado_Informal,ENPOVE_2022
1,39.0,1,2,8.0,13.0, , ,1,14.0,14.0,0.0,6,4,Empleado_Informal,ENPOVE_2022
2,31.0,1,2,10.0,13.0,1,2,1,16.0,16.0,0.0,1,2,Desempleado,ENPOVE_2022
2,44.0,1,2,4.0,13.0, , ,1,9.0,9.0,0.0,2,2,Empleado_Informal,ENPOVE_2022
1,31.0,6,2,5.0,13.0, , ,1,10.0,10.0,0.0,9,3,Empleado_Informal,ENPOVE_2022
2,36.0,1,2,5.0,13.0, , ,1,10.0,10.0,0.0,3,4,Desempleado,ENPOVE_2022
1,31.0,1,2,10.0,13.0,1,2,1,16.0,16.0,0.0,2,4,Empleado_Formal,ENPOVE_2022
1,18.0,6,2,5.0,13.0, , ,1,10.0,10.0,0.0,2,3,Empleado_Informal,ENPOVE_2022
2,15.0,6,2,5.0,13.0, , ,1,10.0,10.0,0.0,2,3,Desempleado,ENPOVE_2022
1,17.0,6,2,5.0,13.0, , ,1,10.0,10.0,0.0,9,3,Desempleado,ENPOVE_2022
2,62.0,6,2,4.0,13.0, , ,1,9.0,9.0,0.0,2,4,Desempleado,ENPOVE_2022
1,22.0,6,2,9.0,13.0, , ,1,13.5,13.5,0.0,2,4,Empleado_Informal,ENPOVE_2022
1,28.0,6,2,5.0,13.0, , ,1,10.0,10.0,0.0,1,4,Empleado_Informal,ENPOVE_2022
1,23.0,1,2,6.0,13.0, , ,1,11.0,11.0,0.0,2,3,Empleado_Informal,ENPOVE_2022
2,19.0,1,2,1.0,6.0, , ,1,0.0,11.0,-11.0,1,4,Desempleado,ENPOVE_2022
1,23.0,1,2,6.0,13.0, , ,1,11.0,11.0,0.0,9,1,Empleado_Informal,ENPOVE_2022
2,18.0,1,2,5.0,13.0, , ,1,10.0,10.0,0.0,9,2,Desempleado,ENPOVE_2022
1,26.0,1,2,3.0,13.0, , ,1,4.5,4.5,0.0,1,2,Empleado_Informal,ENPOVE_2022
1,37.0,5,2,4.0,13.0, , ,1,9.0,9.0,0.0,1,1,Empleado_Informal,ENPOVE_2022
1,23.0,2,2,7.0,13.0, , ,1,12.5,12.5,0.0,9,1,Empleado_Informal,ENPOVE_2022
2,28.0,6,2,5.0,13.0, , ,1,10.0,10.0,0.0,9,3,Empleado_Informal,ENPOVE_2022
1,40.0,5,2,5.0,13.0, , ,1,10.0,10.0,0.0,2,3,Empleado_Informal,ENPOVE_2022
1,30.0,1,2,9.0,13.0, , ,1,13.5,13.5,0.0,9,3,Empleado_Informal,ENPOVE_2022
2,28.0,1,2,10.0,13.0,1,2,1,16.0,16.0,0.0,1,3,Empleado_Formal,ENPOVE_2022
1,33.0,1,2,9.0,13.0, , ,1,13.5,13.5,0.0,2,4,Empleado_Informal,ENPOVE_2022
2,30.0,1,2,9.0,13.0, , ,1,13.5,13.5,0.0,1,0,Empleado_Informal,ENPOVE_2022
2,22.0,6,2,6.0,13.0, , ,1,11.0,11.0,0.0,1,3,Empleado_Informal,ENPOVE_2022
1,23.0,1,2,5.0,13.0, , ,1,10.0,10.0,0.0,1,3,Empleado_Informal,ENPOVE_2022
2,41.0,6,2,10.0,13.0,1,2,1,16.0,16.0,0.0,9,0,Empleado_Informal,ENPOVE_2022
2,30.0,6,2,10.0,13.0,1,2,1,16.0,16.0,0.0,9,0,Empleado_Informal,ENPOVE_2022
2,22.0,1,2,6.0,13.0, , ,1,11.0,11.0,0.0,9,1,Empleado_Informal,ENPOVE_2022
2,46.0,6,2,10.0,13.0,1,2,1,16.0,16.0,0.0,1,1,Empleado_Informal,ENPOVE_2022
2,23.0,6,2,6.0,13.0, , ,1,11.0,11.0,0.0,2,3,Empleado_Informal,ENPOVE_2022
1,26.0,6,2,8.0,13.0, , ,1,14.0,14.0,0.0,9,5,Empleado_Informal,ENPOVE_2022
1,25.0,6,2,7.0,13.0, , ,1,12.5,12.5,0.0,2,4,Empleado_Informal,ENPOVE_2022
2,41.0,6,2,10.0,13.0,1,2,1,16.0,16.0,0.0,9,3,Empleado_Informal,ENPOVE_2022
2,32.0,6,2,9.0,13.0, , ,1,13.5,13.5,0.0,9,2,Empleado_Informal,ENPOVE_2022
2,28.0,1,2,8.0,13.0, , ,1,14.0,14.0,0.0,9,3,Empleado_Informal,ENPOVE_2022
1,29.0,1,2,5.0,13.0, , ,1,10.0,10.0,0.0,6,4,Empleado_Informal,ENPOVE_2022
1,32.0,1,2,10.0,13.0,1,2,1,16.0,16.0,0.0,2,6,Empleado_Informal,ENPOVE_2022
1,48.0,2,2,5.0,13.0, , ,1,10.0,10.0,0.0,9,3,Empleado_Formal,ENPOVE_2022
2,56.0,2,2,5.0,13.0, , ,1,10.0,10.0,0.0,9,3,Empleado_Informal,ENPOVE_2022
2,18.0,6,2,1.0,5.0, , ,1,0.0,8.5,-8.5,1,3,Empleado_Informal,ENPOVE_2022
1,44.0,1,2,8.0,13.0, , ,1,14.0,14.0,0.0,2,4,Empleado_Informal,ENPOVE_2022
2,47.0,1,2,10.0,13.0,1,2,1,16.0,16.0,0.0,9,1,Empleado_Informal,ENPOVE_2022
1,37.0,6,2,8.0,13.0, , ,1,14.0,14.0,0.0,2,4,Empleado_Formal,ENPOVE_2022
1,39.0,6,2,6.0,13.0, , ,1,11.0,11.0,0.0,1,3,Empleado_Informal,ENPOVE_2022
1,39.0,1,2,8.0,13.0, , ,1,14.0,14.0,0.0,2,5,Empleado_Informal,ENPOVE_2022
2,60.0,4,2,10.0,13.0,1,1,1,16.0,16.0,0.0,2,5,Empleado_Informal,ENPOVE_2022
1,31.0,6,2,6.0,13.0, , ,1,11.0,11.0,0.0,2,1,Empleado_Informal,ENPOVE_2022
2,28.0,1,2,5.0,13.0, , ,1,10.0,10.0,0.0,2,4,Empleado_Informal,ENPOVE_2022
1,23.0,6,2,6.0,13.0, , ,1,11.0,11.0,0.0,2,4,Empleado_Informal,ENPOVE_2022
1,25.0,6,2,6.0,13.0, , ,1,11.0,11.0,0.0,6,4,Empleado_Informal,ENPOVE_2022
2,35.0,1,2,10.0,13.0,1,2,1,16.0,16.0,0.0,1,4,Empleado_Informal,ENPOVE_2022
1,27.0,1,2,6.0,13.0, , ,1,11.0,11.0,0.0,1,4,Empleado_Informal,ENPOVE_2022
1,31.0,1,2,5.0,13.0, , ,1,10.0,10.0,0.0,2,1,Empleado_Informal,ENPOVE_2022
2,26.0,1,2,9.0,13.0, , ,1,13.5,13.5,0.0,1,1,Empleado_Informal,ENPOVE_2022
1,20.0,6,2,9.0,13.0, , ,1,13.5,13.5,0.0,1,1,Empleado_Informal,ENPOVE_2022
2,31.0,1,2,8.0,13.0, , ,1,14.0,14.0,0.0,2,4,Empleado_Informal,ENPOVE_2022
1,30.0,1,2,6.0,13.0, , ,1,11.0,11.0,0.0,2,4,Empleado_Informal,ENPOVE_2022
1,34.0,1,2,10.0,13.0,1,2,1,16.0,16.0,0.0,2,3,Empleado_Informal,ENPOVE_2022
2,34.0,2,2,10.0,13.0,1,2,1,16.0,16.0,0.0,6,5,Empleado_Informal,ENPOVE_2022
2,29.0,1,2,10.0,13.0,2, ,1,16.0,16.0,0.0,9,4,Empleado_Informal,ENPOVE_2022
1,30.0,1,2,9.0,13.0, , ,1,13.5,13.5,0.0,1,4,Empleado_Informal,ENPOVE_2022
2,56.0,5,2,6.0,13.0, , ,1,11.0,11.0,0.0,9,5,Empleado_Informal,ENPOVE_2022
1,23.0,1,2,6.0,13.0, , ,1,11.0,11.0,0.0,1,5,Empleado_Informal,ENPOVE_2022
1,50.0,1,2,6.0,13.0, , ,1,11.0,11.0,0.0,2,4,Empleado_Informal,ENPOVE_2022
2,44.0,1,2,10.0,13.0,1,2,1,16.0,16.0,0.0,2,5,Empleado_Informal,ENPOVE_2022
1,24.0,6,2,9.0,13.0, , ,1,13.5,13.5,0.0,2,6,Empleado_Informal,ENPOVE_2022
2,30.0,1,2,10.0,13.0,1,1,1,16.0,16.0,0.0,2,4,Empleado_Formal,ENPOVE_2022
1,33.0,6,2,10.0,13.0,1,2,1,16.0,16.0,0.0,2,4,Empleado_Formal,ENPOVE_2022
1,28.0,6,2,10.0,13.0,1,2,1,16.0,16.0,0.0,2,4,Empleado_Formal,ENPOVE_2022
1,25.0,6,2,8.0,13.0, , ,1,14.0,14.0,0.0,1,3,Empleado_Informal,ENPOVE_2022
1,28.0,1,2,9.0,13.0, , ,1,13.5,13.5,0.0,2,4,Empleado_Informal,ENPOVE_2022
2,30.0,1,2,10.0,13.0,1,2,1,16.0,16.0,0.0,2,3,Empleado_Informal,ENPOVE_2022
1,33.0,5,2,9.0,13.0, , ,1,13.5,13.5,0.0,2,4,Empleado_Informal,ENPOVE_2022
2,29.0,1,2,8.0,13.0, , ,1,14.0,14.0,0.0,2,4,Empleado_Informal,ENPOVE_2022
1,17.0,6,2,1.0,5.0, , ,1,0.0,8.5,-8.5,1,3,Empleado_Informal,ENPOVE_2022
2,27.0,6,2,8.0,13.0, , ,1,14.0,14.0,0.0,2,4,Empleado_Informal,ENPOVE_2022
2,32.0,1,2,8.0,13.0, , ,1,14.0,14.0,0.0,1,4,Empleado_Informal,ENPOVE_2022
2,19.0,5,2,5.0,13.0, , ,1,10.0,10.0,0.0,1,4,Empleado_Informal,ENPOVE_2022
2,35.0,1,2,11.0,13.0,1,2,1,18.0,18.0,0.0,9,4,Empleado_Informal,ENPOVE_2022
2,33.0,5,2,8.0,13.0, , ,1,14.0,14.0,0.0,9,1,Empleado_Informal,ENPOVE_2022
2,35.0,6,2,5.0,13.0, , ,1,10.0,10.0,0.0,9,2,Desempleado,ENPOVE_2022
1,30.0,1,2,6.0,13.0, , ,1,11.0,11.0,0.0,9,3,Desempleado,ENPOVE_2022
1,18.0,6,2,4.0,13.0, , ,1,9.0,9.0,0.0,9,1,Empleado_Informal,ENPOVE_2022
1,35.0,6,2,6.0,13.0, , ,1,11.0,11.0,0.0,2,3,Empleado_Formal,ENPOVE_2022
1,25.0,6,2,8.0,13.0, , ,1,14.0,14.0,0.0,2,4,Empleado_Formal,ENPOVE_2022
1,21.0,6,2,1.0,6.0, , ,1,0.0,11.0,-11.0,2,3,Empleado_Formal,ENPOVE_2022
2,33.0,1,2,6.0,13.0, , ,1,11.0,11.0,0.0,2,4,Empleado_Formal,ENPOVE_2022
2,43.0,1,2,4.0,13.0, , ,1,9.0,9.0,0.0,9,3,Desempleado,ENPOVE_2022
2,15.0,6,2,1.0,5.0, , ,1,0.0,8.5,-8.5,4,4,Desempleado,ENPOVE_2022
1,15.0,6,2,1.0,5.0, , ,1,0.0,8.5,-8.5,4,4,Desempleado,ENPOVE_2022
1,26.0,1,2,5.0,13.0, , ,1,10.0,10.0,0.0,1,2,Empleado_Informal,ENPOVE_2022
1,21.0,6,2,4.0,13.0, , ,1,9.0,9.0,0.0,2,2,Empleado_Informal,ENPOVE_2022
1,16.0,6,2,1.0,5.0, , ,1,0.0,8.5,-8.5,2,2,Desempleado,ENPOVE_2022
1,28.0,1,2,6.0,13.0, , ,1,11.0,11.0,0.0,9,3,Empleado_Informal,ENPOVE_2022
2,19.0,6,2,3.0,13.0, , ,1,4.5,4.5,0.0,9,2,Empleado_Informal,ENPOVE_2022
1,50.0,2,2,10.0,13.0,1,2,1,16.0,16.0,0.0,2,4,Empleado_Informal,ENPOVE_2022
2,42.0,2,2,10.0,13.0,1,1,1,16.0,16.0,0.0,2,4,Empleado_Informal,ENPOVE_2022
1,29.0,6,2,9.0,13.0, , ,1,13.5,13.5,0.0,2,5,Empleado_Informal,ENPOVE_2022
2,30.0,2,2,8.0,13.0, , ,1,14.0,14.0,0.0,9,3,Empleado_Informal,ENPOVE_2022
1,53.0,5,2,6.0,13.0, , ,1,11.0,11.0,0.0,9,3,Empleado_Informal,ENPOVE_2022
1,20.0,6,2,5.0,13.0, , ,1,10.0,10.0,0.0,1,3,Empleado_Informal,ENPOVE_2022
1,23.0,1,2,9.0,13.0, , ,1,13.5,13.5,0.0,1,3,Desempleado,ENPOVE_2022
2,22.0,1,2,9.0,13.0, , ,1,13.5,13.5,0.0,1,3,Empleado_Informal,ENPOVE_2022
1,24.0,6,2,9.0,13.0, , ,1,13.5,13.5,0.0,2,0,Empleado_Formal,ENPOVE_2022
2,31.0,1,2,7.0,13.0, , ,1,12.5,12.5,0.0,1,1,Empleado_Formal,ENPOVE_2022
1,33.0,1,2,6.0,13.0, , ,1,11.0,11.0,0.0,9,0,Empleado_Informal,ENPOVE_2022
2,60.0,4,2,10.0,13.0,1,2,1,16.0,16.0,0.0,2,4,Empleado_Informal,ENPOVE_2022
1,38.0,6,2,6.0,13.0, , ,1,11.0,11.0,0.0,2,5,Empleado_Formal,ENPOVE_2022
1,36.0,1,2,10.0,13.0,1,2,1,16.0,16.0,0.0,2,5,Empleado_Formal,ENPOVE_2022
2,39.0,6,2,10.0,13.0,1,2,1,16.0,16.0,0.0,2,3,Desempleado,ENPOVE_2022
1,26.0,5,2,7.0,13.0, , ,1,12.5,12.5,0.0,2,2,Desempleado,ENPOVE_2022
2,33.0,1,2,4.0,13.0, , ,1,9.0,9.0,0.0,2,4,Empleado_Informal,ENPOVE_2022
1,23.0,1,2,4.0,13.0, , ,1,9.0,9.0,0.0,1,3,Empleado_Informal,ENPOVE_2022
1,24.0,6,2,6.0,13.0, , ,1,11.0,11.0,0.0,2,4,Empleado_Informal,ENPOVE_2022
2,20.0,5,2,6.0,13.0, , ,1,11.0,11.0,0.0,9,1,Empleado_Informal,ENPOVE_2022
2,43.0,1,2,4.0,13.0, , ,1,9.0,9.0,0.0,1,1,Empleado_Informal,ENPOVE_2022
2,22.0,1,2,6.0,13.0, , ,1,11.0,11.0,0.0,1,2,Empleado_Informal,ENPOVE_2022
2,42.0,1,2,8.0,13.0, , ,1,14.0,14.0,0.0,1,2,Empleado_Informal,ENPOVE_2022
2,31.0,6,2,8.0,13.0, , ,1,14.0,14.0,0.0,9,1,Empleado_Informal,ENPOVE_2022
2,25.0,6,2,10.0,13.0,1,2,1,16.0,16.0,0.0,9,2,Empleado_Informal,ENPOVE_2022
1,28.0,1,2,9.0,13.0, , ,1,13.5,13.5,0.0,2,3,Empleado_Informal,ENPOVE_2022
2,26.0,1,2,9.0,13.0, , ,1,13.5,13.5,0.0,6,4,Empleado_Informal,ENPOVE_2022
2,52.0,6,2,5.0,13.0, , ,1,10.0,10.0,0.0,9,1,Empleado_Informal,ENPOVE_2022
1,42.0,2,2,10.0,13.0,1,2,1,16.0,16.0,0.0,2,4,Empleado_Informal,ENPOVE_2022
2,36.0,2,2,10.0,13.0,1,2,1,16.0,16.0,0.0,1,3,Desempleado,ENPOVE_2022
2,35.0,2,2,10.0,13.0,1,2,1,16.0,16.0,0.0,2,4,Empleado_Informal,ENPOVE_2022
1,72.0,2,2,6.0,13.0, , ,1,11.0,11.0,0.0,1,1,Empleado_Informal,ENPOVE_2022
1,28.0,2,2,6.0,13.0, , ,1,11.0,11.0,0.0,1,2,Empleado_Informal,ENPOVE_2022
2,27.0,2,2,6.0,13.0, , ,1,11.0,11.0,0.0,1,2,Desempleado,ENPOVE_2022
1,25.0,6,2,4.0,13.0, , ,1,9.0,9.0,0.0,9,1,Empleado_Informal,ENPOVE_2022
1,26.0,6,2,9.0,13.0, , ,1,13.5,13.5,0.0,2,4,Empleado_Informal,ENPOVE_2022
2,35.0,2,2,10.0,13.0,2, ,1,16.0,16.0,0.0,2,3,Empleado_Formal,ENPOVE_2022
1,41.0,2,2,6.0,13.0, , ,1,11.0,11.0,0.0,2,4,Empleado_Informal,ENPOVE_2022
1,16.0,1,2,5.0,13.0, , ,1,10.0,10.0,0.0,9,1,Desempleado,ENPOVE_2022
2,50.0,2,2,10.0,13.0,1,2,1,16.0,16.0,0.0,2,4,Empleado_Informal,ENPOVE_2022
1,47.0,2,2,10.0,13.0,1,2,1,16.0,16.0,0.0,2,4,Empleado_Informal,ENPOVE_2022
2,32.0,1,2,10.0,13.0,1,2,1,16.0,16.0,0.0,1,4,Desempleado,ENPOVE_2022
1,52.0,2,2,6.0,13.0, , ,1,11.0,11.0,0.0,2,4,Empleado_Informal,ENPOVE_2022
2,41.0,2,2,10.0,13.0,1,2,1,16.0,16.0,0.0,2,4,Empleado_Informal,ENPOVE_2022
2,22.0,6,2,6.0,13.0, , ,1,11.0,11.0,0.0,2,4,Empleado_Informal,ENPOVE_2022
1,21.0,6,2,6.0,13.0, , ,1,11.0,11.0,0.0,9,0,Empleado_Informal,ENPOVE_2022
1,62.0,1,2,8.0,13.0, , ,1,14.0,14.0,0.0,1,2,Empleado_Informal,ENPOVE_2022
2,56.0,1,2,9.0,13.0, , ,1,13.5,13.5,0.0,1,2,Empleado_Informal,ENPOVE_2022
2,30.0,1,2,10.0,13.0,1,2,1,16.0,16.0,0.0,1,3,Empleado_Informal,ENPOVE_2022
1,25.0,1,2,6.0,13.0, , ,1,11.0,11.0,0.0,1,4,Empleado_Informal,ENPOVE_2022
2,35.0,1,2,8.0,13.0, , ,1,14.0,14.0,0.0,9,2,Empleado_Informal,ENPOVE_2022
1,31.0,1,2,8.0,13.0, , ,1,14.0,14.0,0.0,1,4,Empleado_Informal,ENPOVE_2022
2,17.0,6,2,5.0,13.0, , ,1,10.0,10.0,0.0,9,0,Empleado_Informal,ENPOVE_2022
2,45.0,2,2,10.0,13.0,1,2,1,16.0,16.0,0.0,1,3,Desempleado,ENPOVE_2022
2,20.0,6,2,6.0,13.0, , ,1,11.0,11.0,0.0,1,4,Empleado_Informal,ENPOVE_2022
1,29.0,1,2,6.0,13.0, , ,1,11.0,11.0,0.0,1,1,Empleado_Informal,ENPOVE_2022
1,38.0,1,2,4.0,13.0, , ,1,9.0,9.0,0.0,1,2,Empleado_Informal,ENPOVE_2022
2,45.0,1,2,4.0,13.0, , ,1,9.0,9.0,0.0,9,1,Empleado_Informal,ENPOVE_2022
1,18.0,6,2,6.0,13.0, , ,1,11.0,11.0,0.0,9,1,Empleado_Informal,ENPOVE_2022
2,23.0,6,2,6.0,13.0, , ,1,11.0,11.0,0.0,9,1,Empleado_Informal,ENPOVE_2022
2,37.0,6,2,8.0,13.0, , ,1,14.0,14.0,0.0,2,4,Empleado_Formal,ENPOVE_2022
1,48.0,2,2,10.0,13.0,1,2,1,16.0,16.0,0.0,2,4,Desempleado,ENPOVE_2022
2,49.0,2,2,10.0,13.0,1,2,1,16.0,16.0,0.0,2,4,Empleado_Informal,ENPOVE_2022
2,21.0,6,2,6.0,13.0, , ,1,11.0,11.0,0.0,2,4,Empleado_Formal,ENPOVE_2022
1,19.0,6,2,1.0,6.0, , ,1,0.0,11.0,-11.0,2,4,Empleado_Informal,ENPOVE_2022
2,18.0,6,2,1.0,6.0, , ,1,0.0,11.0,-11.0,2,4,Empleado_Informal,ENPOVE_2022
2,29.0,1,2,6.0,13.0, , ,1,11.0,11.0,0.0,2,4,Empleado_Informal,ENPOVE_2022
1,23.0,1,2,6.0,13.0, , ,1,11.0,11.0,0.0,2,4,Empleado_Informal,ENPOVE_2022
2,23.0,1,2,9.0,13.0, , ,1,13.5,13.5,0.0,9,4,Empleado_Informal,ENPOVE_2022
2,27.0,6,2,5.0,13.0, , ,1,10.0,10.0,0.0,1,4,Empleado_Informal,ENPOVE_2022
2,48.0,2,2,5.0,13.0, , ,1,10.0,10.0,0.0,9,4,Empleado_Informal,ENPOVE_2022
1,44.0,1,2,8.0,13.0, , ,1,14.0,14.0,0.0,1,4,Empleado_Informal,ENPOVE_2022
2,33.0,1,2,8.0,13.0, , ,1,14.0,14.0,0.0,1,2,Desempleado,ENPOVE_2022
2,47.0,6,2,6.0,13.0, , ,1,11.0,11.0,0.0,2,4,Empleado_Informal,ENPOVE_2022
1,18.0,6,2,6.0,13.0, , ,1,11.0,11.0,0.0,1,1,Desempleado,ENPOVE_2022
2,22.0,6,2,9.0,13.0, , ,1,13.5,13.5,0.0,9,4,Empleado_Informal,ENPOVE_2022
1,29.0,6,2,10.0,13.0,1,2,1,16.0,16.0,0.0,2,4,Empleado_Informal,ENPOVE_2022
2,26.0,1,2,6.0,13.0, , ,1,11.0,11.0,0.0,9,3,Empleado_Informal,ENPOVE_2022
2,22.0,6,2,6.0,13.0, , ,1,11.0,11.0,0.0,6,4,Empleado_Informal,ENPOVE_2022
1,32.0,1,2,6.0,13.0, , ,1,11.0,11.0,0.0,2,3,Empleado_Informal,ENPOVE_2022
2,29.0,1,2,6.0,13.0, , ,1,11.0,11.0,0.0,2,3,Empleado_Informal,ENPOVE_2022
1,24.0,1,2,9.0,13.0, , ,1,13.5,13.5,0.0,9,2,Empleado_Informal,ENPOVE_2022
1,24.0,1,2,6.0,13.0, , ,1,11.0,11.0,0.0,2,5,Empleado_Informal,ENPOVE_2022
2,56.0,6,2,10.0,13.0,1,2,1,16.0,16.0,0.0,2,4,Desempleado,ENPOVE_2022
2,20.0,1,2,6.0,13.0, , ,1,11.0,11.0,0.0,2,4,Empleado_Informal,ENPOVE_2022
1,48.0,1,2,6.0,13.0, , ,1,11.0,11.0,0.0,6,5,Empleado_Informal,ENPOVE_2022
1,23.0,6,2,6.0,13.0, , ,1,11.0,11.0,0.0,1,4,Empleado_Informal,ENPOVE_2022
2,35.0,6,2,5.0,13.0, , ,1,10.0,10.0,0.0,9,3,Desempleado,ENPOVE_2022
1,26.0,6,2,10.0,13.0,1,2,1,16.0,16.0,0.0,2,4,Empleado_Informal,ENPOVE_2022
2,25.0,6,2,6.0,13.0, , ,1,11.0,11.0,0.0,1,3,Empleado_Informal,ENPOVE_2022
1,36.0,6,2,10.0,13.0,1,2,1,16.0,16.0,0.0,2,1,Empleado_Informal,ENPOVE_2022
1,29.0,1,2,6.0,13.0, , ,1,11.0,11.0,0.0,1,3,Empleado_Informal,ENPOVE_2022
2,36.0,6,2,10.0,13.0,2, ,1,16.0,16.0,0.0,2,4,Empleado_Informal,ENPOVE_2022
2,30.0,6,2,10.0,13.0,1,2,1,16.0,16.0,0.0,2,4,Empleado_Informal,ENPOVE_2022
2,43.0,1,2,6.0,13.0, , ,1,11.0,11.0,0.0,2,4,Empleado_Informal,ENPOVE_2022
1,30.0,1,2,6.0,13.0, , ,1,11.0,11.0,0.0,1,2,Empleado_Informal,ENPOVE_2022
2,28.0,1,2,6.0,13.0, , ,1,11.0,11.0,0.0,2,3,Empleado_Informal,ENPOVE_2022
1,38.0,6,2,9.0,13.0, , ,1,13.5,13.5,0.0,1,1,Desempleado,ENPOVE_2022
1,30.0,6,2,9.0,13.0, , ,1,13.5,13.5,0.0,1,4,Empleado_Formal,ENPOVE_2022
2,27.0,1,2,4.0,13.0, , ,1,9.0,9.0,0.0,1,5,Desempleado,ENPOVE_2022
2,16.0,6,2,5.0,13.0, , ,1,10.0,10.0,0.0,9,1,Desempleado,ENPOVE_2022
2,58.0,6,2,3.0,13.0, , ,1,4.5,4.5,0.0,9,1,Empleado_Informal,ENPOVE_2022
1,57.0,2,2,6.0,13.0, , ,1,11.0,11.0,0.0,2,3,Empleado_Informal,ENPOVE_2022
2,57.0,2,2,1.0,6.0, , ,1,0.0,11.0,-11.0,4,3,Desempleado,ENPOVE_2022
2,60.0,6,2,8.0,13.0, , ,1,14.0,14.0,0.0,2,4,Empleado_Informal,ENPOVE_2022
2,42.0,1,2,6.0,13.0, , ,1,11.0,11.0,0.0,2,4,Empleado_Informal,ENPOVE_2022
2,17.0,6,2,1.0,6.0, , ,1,0.0,11.0,-11.0,2,3,Desempleado,ENPOVE_2022
1,27.0,6,2,9.0,13.0, , ,1,13.5,13.5,0.0,2,4,Empleado_Informal,ENPOVE_2022
2,48.0,1,2,10.0,13.0,1,2,1,16.0,16.0,0.0,2,4,Empleado_Formal,ENPOVE_2022
2,27.0,6,2,9.0,13.0, , ,1,13.5,13.5,0.0,9,1,Empleado_Informal,ENPOVE_2022
2,49.0,1,2,10.0,13.0,1,2,1,16.0,16.0,0.0,2,4,Empleado_Informal,ENPOVE_2022
1,50.0,1,2,8.0,13.0, , ,1,14.0,14.0,0.0,2,4,Empleado_Informal,ENPOVE_2022
1,15.0,6,2,1.0,5.0, , ,1,0.0,8.5,-8.5,2,4,Desempleado,ENPOVE_2022
2,78.0,3,2,8.0,13.0, , ,1,14.0,14.0,0.0,2,4,Desempleado,ENPOVE_2022
1,32.0,1,2,10.0,13.0,1,2,1,16.0,16.0,0.0,2,4,Empleado_Formal,ENPOVE_2022
2,8.0, ,2,1.0,3.0, , ,1,0.0,3.0,-3.0,9,3,Desempleado,ENPOVE_2022
1,24.0,6,2,6.0,13.0, , ,1,11.0,11.0,0.0,2,4,Empleado_Informal,ENPOVE_2022
1,51.0,1,2,6.0,13.0, , ,1,11.0,11.0,0.0,2,4,Empleado_Informal,ENPOVE_2022
2,37.0,1,2,10.0,13.0,1,2,1,16.0,16.0,0.0,1,3,Desempleado,ENPOVE_2022
1,16.0,6,2,5.0,13.0, , ,1,10.0,10.0,0.0,1,1,Desempleado,ENPOVE_2022
2,52.0,4,2,10.0,13.0,2, ,1,16.0,16.0,0.0,9,3,Empleado_Informal,ENPOVE_2022
2,25.0,6,2,9.0,13.0, , ,1,13.5,13.5,0.0,2,5,Empleado_Informal,ENPOVE_2022
2,24.0,6,2,9.0,13.0, , ,1,13.5,13.5,0.0,9,5,Empleado_Informal,ENPOVE_2022
2,23.0,1,2,5.0,13.0, , ,1,10.0,10.0,0.0,1,3,Empleado_Informal,ENPOVE_2022
2,50.0,4,2,6.0,13.0, , ,1,11.0,11.0,0.0,2,4,Desempleado,ENPOVE_2022
2,19.0,6,2,6.0,13.0, , ,1,11.0,11.0,0.0,2,4,Desempleado,ENPOVE_2022
2,40.0,3,2,6.0,13.0, , ,1,11.0,11.0,0.0,1,3,Empleado_Informal,ENPOVE_2022
2,35.0,5,2,9.0,13.0, , ,1,13.5,13.5,0.0,9,1,Empleado_Formal,ENPOVE_2022
1,53.0,2,2,5.0,13.0, , ,1,10.0,10.0,0.0,2,4,Desempleado,ENPOVE_2022
2,27.0,6,2,6.0,13.0, , ,1,11.0,11.0,0.0,2,3,Desempleado,ENPOVE_2022
1,17.0,6,2,5.0,13.0, , ,1,10.0,10.0,0.0,1,3,Empleado_Informal,ENPOVE_2022
1,18.0,6,2,1.0,5.0, , ,1,0.0,8.5,-8.5,1,4,Empleado_Informal,ENPOVE_2022
2,27.0,6,2,5.0,13.0, , ,1,10.0,10.0,0.0,1,3,Empleado_Informal,ENPOVE_2022
2,26.0,6,2,6.0,13.0, , ,1,11.0,11.0,0.0,9,2,Empleado_Informal,ENPOVE_2022
1,25.0,6,2,10.0,13.0,1,2,1,16.0,16.0,0.0,2,3,Empleado_Informal,ENPOVE_2022
2,43.0,5,2,6.0,13.0, , ,1,11.0,11.0,0.0,9,3,Desempleado,ENPOVE_2022
2,42.0,5,2,7.0,13.0, , ,1,12.5,12.5,0.0,1,1,Desempleado,ENPOVE_2022
1,22.0,5,2,6.0,13.0, , ,1,11.0,11.0,0.0,6,4,Empleado_Informal,ENPOVE_2022
2,32.0,5,2,6.0,13.0, , ,1,11.0,11.0,0.0,1,2,Desempleado,ENPOVE_2022
1,24.0,6,2,6.0,13.0, , ,1,11.0,11.0,0.0,9,0,Desempleado,ENPOVE_2022
1,31.0,6,2,8.0,13.0, , ,1,14.0,14.0,0.0,1,4,Desempleado,ENPOVE_2022
2,32.0,1,2,6.0,13.0, , ,1,11.0,11.0,0.0,2,4,Desempleado,ENPOVE_2022
1,67.0,5,2,5.0,13.0, , ,1,10.0,10.0,0.0,2,4,Empleado_Informal,ENPOVE_2022
2,43.0,1,2,5.0,13.0, , ,1,10.0,10.0,0.0,2,4,Desempleado,ENPOVE_2022
1,28.0,1,2,6.0,13.0, , ,1,11.0,11.0,0.0,9,4,Empleado_Informal,ENPOVE_2022
2,54.0,5,2,5.0,13.0, , ,1,10.0,10.0,0.0,9,1,Empleado_Informal,ENPOVE_2022
2,33.0,5,2,10.0,13.0,1,2,1,16.0,16.0,0.0,2,4,Empleado_Informal,ENPOVE_2022
1,17.0,6,2,6.0,13.0, , ,1,11.0,11.0,0.0,1,2,Empleado_Informal,ENPOVE_2022
1,34.0,5,2,6.0,13.0, , ,1,11.0,11.0,0.0,9,5,Empleado_Informal,ENPOVE_2022
1,37.0,6,2,9.0,13.0, , ,1,13.5,13.5,0.0,9,3,Empleado_Informal,ENPOVE_2022
2,27.0,6,2,10.0,13.0,2, ,1,16.0,16.0,0.0,9,3,Empleado_Informal,ENPOVE_2022
1,28.0,1,2,5.0,13.0, , ,1,10.0,10.0,0.0,9,4,Empleado_Informal,ENPOVE_2022
2,24.0,1,2,9.0,13.0, , ,1,13.5,13.5,0.0,1,3,Empleado_Informal,ENPOVE_2022
2,41.0,6,2,6.0,13.0, , ,1,11.0,11.0,0.0,9,0,Empleado_Informal,ENPOVE_2022
2,22.0,6,2,9.0,13.0, , ,1,13.5,13.5,0.0,2,4,Empleado_Informal,ENPOVE_2022
1,45.0,1,2,6.0,13.0, , ,1,11.0,11.0,0.0,9,4,Empleado_Informal,ENPOVE_2022
2,44.0,1,2,10.0,13.0,1,2,1,16.0,16.0,0.0,1,4,Desempleado,ENPOVE_2022
2,23.0,6,2,6.0,13.0, , ,1,11.0,11.0,0.0,2,4,Desempleado,ENPOVE_2022
2,19.0,6,2,1.0,6.0, , ,1,0.0,11.0,-11.0,1,4,Empleado_Informal,ENPOVE_2022
2,44.0,2,2,10.0,13.0,1,2,1,16.0,16.0,0.0,1,4,Desempleado,ENPOVE_2022
1,40.0,2,2,10.0,13.0,1,2,1,16.0,16.0,0.0,2,3,Empleado_Informal,ENPOVE_2022
1,35.0,1,2,6.0,13.0, , ,1,11.0,11.0,0.0,9,1,Empleado_Informal,ENPOVE_2022
2,33.0,6,2,6.0,13.0, , ,1,11.0,11.0,0.0,2,4,Empleado_Informal,ENPOVE_2022
1,31.0,1,2,5.0,13.0, , ,1,10.0,10.0,0.0,9,1,Empleado_Informal,ENPOVE_2022
2,34.0,1,2,6.0,13.0, , ,1,11.0,11.0,0.0,9,1,Empleado_Informal,ENPOVE_2022
2,51.0,6,2,10.0,13.0,1,2,1,16.0,16.0,0.0,2,4,Empleado_Informal,ENPOVE_2022
1,24.0,1,2,6.0,13.0, , ,1,11.0,11.0,0.0,9,1,Empleado_Informal,ENPOVE_2022
2,23.0,1,2,5.0,13.0, , ,1,10.0,10.0,0.0,9,1,Desempleado,ENPOVE_2022
1,50.0,2,2,5.0,13.0, , ,1,10.0,10.0,0.0,1,1,Empleado_Formal,ENPOVE_2022
1,25.0,6,2,6.0,13.0, , ,1,11.0,11.0,0.0,1,3,Empleado_Informal,ENPOVE_2022
2,47.0,6,2,10.0,13.0,1,2,1,16.0,16.0,0.0,9,0,Desempleado,ENPOVE_2022
1,32.0,2,2,10.0,13.0,1,2,1,16.0,16.0,0.0,2,4,Empleado_Formal,ENPOVE_2022
2,32.0,2,2,10.0,13.0,1,2,1,16.0,16.0,0.0,2,4,Desempleado,ENPOVE_2022
1,28.0,1,2,10.0,13.0,2, ,1,16.0,16.0,0.0,9,4,Empleado_Informal,ENPOVE_2022
1,24.0,1,2,8.0,13.0, , ,1,14.0,14.0,0.0,1,3,Empleado_Informal,ENPOVE_2022
2,20.0,1,2,5.0,13.0, , ,1,10.0,10.0,0.0,9,2,Empleado_Informal,ENPOVE_2022
2,26.0,1,2,8.0,13.0, , ,1,14.0,14.0,0.0,1,3,Empleado_Informal,ENPOVE_2022
1,28.0,6,2,6.0,13.0, , ,1,11.0,11.0,0.0,1,1,Empleado_Informal,ENPOVE_2022
1,31.0,1,2,6.0,13.0, , ,1,11.0,11.0,0.0,2,5,Empleado_Informal,ENPOVE_2022
2,26.0,1,2,6.0,13.0, , ,1,11.0,11.0,0.0,2,4,Empleado_Formal,ENPOVE_2022
2,53.0,6,2,6.0,13.0, , ,1,11.0,11.0,0.0,2,4,Empleado_Informal,ENPOVE_2022
2,28.0,6,2,8.0,13.0, , ,1,14.0,14.0,0.0,2,4,Empleado_Formal,ENPOVE_2022
1,18.0,6,2,1.0,5.0, , ,1,0.0,8.5,-8.5,1,4,Desempleado,ENPOVE_2022
1,27.0,6,2,6.0,13.0, , ,1,11.0,11.0,0.0,9,1,Empleado_Informal,ENPOVE_2022
2,23.0,1,2,9.0,13.0, , ,1,13.5,13.5,0.0,2,4,Empleado_Informal,ENPOVE_2022
1,23.0,1,2,6.0,13.0, , ,1,11.0,11.0,0.0,2,4,Empleado_Informal,ENPOVE_2022
2,23.0,1,2,6.0,13.0, , ,1,11.0,11.0,0.0,2,4,Empleado_Informal,ENPOVE_2022
2,54.0,6,2,5.0,13.0, , ,1,10.0,10.0,0.0,2,4,Empleado_Informal,ENPOVE_2022
2,30.0,6,2,10.0,13.0,1,2,1,16.0,16.0,0.0,2,4,Empleado_Informal,ENPOVE_2022
1,31.0,1,2,8.0,13.0, , ,1,14.0,14.0,0.0,2,4,Empleado_Informal,ENPOVE_2022
1,25.0,6,2,9.0,13.0, , ,1,13.5,13.5,0.0,1,0,Empleado_Informal,ENPOVE_2022
2,36.0,1,2,11.0,13.0,1,1,1,18.0,18.0,0.0,2,0,Empleado_Formal,ENPOVE_2022
1,38.0,1,2,9.0,13.0, , ,1,13.5,13.5,0.0,9,3,Empleado_Informal,ENPOVE_2022
1,18.0,6,2,5.0,13.0, , ,1,10.0,10.0,0.0,2,2,Empleado_Informal,ENPOVE_2022
1,14.0,6,2,1.0,5.0, , ,1,0.0,8.5,-8.5,9,4,Empleado_Informal,ENPOVE_2022
1,8.0, ,2,1.0,3.0, , ,1,0.0,3.0,-3.0,9,4,Empleado_Informal,ENPOVE_2022
2,20.0,6,2,6.0,13.0, , ,1,11.0,11.0,0.0,9,1,Empleado_Informal,ENPOVE_2022
1,31.0,2,2,9.0,13.0, , ,1,13.5,13.5,0.0,2,4,Empleado_Informal,ENPOVE_2022
2,29.0,2,2,6.0,13.0, , ,1,11.0,11.0,0.0,6,4,Desempleado,ENPOVE_2022
1,32.0,1,2,10.0,13.0,1,2,1,16.0,16.0,0.0,2,4,Empleado_Formal,ENPOVE_2022
2,34.0,1,2,10.0,13.0,1,2,1,16.0,16.0,0.0,2,4,Empleado_Formal,ENPOVE_2022
1,25.0,6,2,5.0,13.0, , ,1,10.0,10.0,0.0,1,4,Empleado_Informal,ENPOVE_2022
1,22.0,6,2,9.0,13.0, , ,1,13.5,13.5,0.0,9,4,Empleado_Informal,ENPOVE_2022
1,44.0,2,2,9.0,13.0, , ,1,13.5,13.5,0.0,2,4,Empleado_Formal,ENPOVE_2022
2,45.0,2,2,6.0,13.0, , ,1,11.0,11.0,0.0,9,2,Desempleado,ENPOVE_2022
2,41.0,2,2,11.0,13.0,1,2,1,18.0,18.0,0.0,2,2,Empleado_Informal,ENPOVE_2022
2,43.0,1,2,10.0,13.0,1,2,1,16.0,16.0,0.0,2,4,Empleado_Informal,ENPOVE_2022
1,18.0,6,2,1.0,6.0, , ,1,0.0,11.0,-11.0,1,2,Empleado_Informal,ENPOVE_2022
1,32.0,2,2,6.0,13.0, , ,1,11.0,11.0,0.0,2,5,Empleado_Informal,ENPOVE_2022
2,39.0,2,2,10.0,13.0,1,2,1,16.0,16.0,0.0,2,5,Desempleado,ENPOVE_2022
1,13.0,6,2,1.0,5.0, , ,1,0.0,8.5,-8.5,1,3,Empleado_Informal,ENPOVE_2022
2,61.0,3,2,6.0,13.0, , ,1,11.0,11.0,0.0,1,3,Empleado_Informal,ENPOVE_2022
2,53.0,5,2,8.0,13.0, , ,1,14.0,14.0,0.0,1,3,Empleado_Informal,ENPOVE_2022
2,38.0,5,2,8.0,13.0, , ,1,14.0,14.0,0.0,2,4,Empleado_Informal,ENPOVE_2022
2,54.0,2,2,1.0,5.0, , ,1,0.0,8.5,-8.5,4,2,Empleado_Informal,ENPOVE_2022
1,72.0,2,2,5.0,13.0, , ,1,10.0,10.0,0.0,9,1,Desempleado,ENPOVE_2022
1,23.0,6,2,9.0,13.0, , ,1,13.5,13.5,0.0,9,2,Empleado_Informal,ENPOVE_2022
1,36.0,1,2,9.0,13.0, , ,1,13.5,13.5,0.0,2,5,Empleado_Informal,ENPOVE_2022
2,26.0,1,2,6.0,13.0, , ,1,11.0,11.0,0.0,2,5,Empleado_Informal,ENPOVE_2022
1,31.0,2,2,6.0,13.0, , ,1,11.0,11.0,0.0,2,5,Empleado_Informal,ENPOVE_2022
1,31.0,1,2,10.0,13.0,2, ,1,16.0,16.0,0.0,2,4,Empleado_Informal,ENPOVE_2022
1,16.0,6,2,1.0,5.0, , ,1,0.0,8.5,-8.5,9,3,Empleado_Informal,ENPOVE_2022
1,43.0,1,2,10.0,13.0,1,2,1,16.0,16.0,0.0,2,5,Empleado_Informal,ENPOVE_2022
2,43.0,1,2,10.0,13.0,1,2,1,16.0,16.0,0.0,2,4,Desempleado,ENPOVE_2022
2,40.0,1,2,10.0,13.0,1,2,1,16.0,16.0,0.0,9,2,Desempleado,ENPOVE_2022
1,49.0,1,2,6.0,13.0, , ,1,11.0,11.0,0.0,9,4,Empleado_Informal,ENPOVE_2022
1,45.0,1,2,6.0,13.0, , ,1,11.0,11.0,0.0,2,4,Empleado_Informal,ENPOVE_2022
2,36.0,1,2,6.0,13.0, , ,1,11.0,11.0,0.0,2,4,Empleado_Informal,ENPOVE_2022
2,24.0,6,2,6.0,13.0, , ,1,11.0,11.0,0.0,1,1,Empleado_Informal,ENPOVE_2022
2,26.0,6,2,9.0,13.0, , ,1,13.5,13.5,0.0,2,1,Empleado_Informal,ENPOVE_2022
1,40.0,6,2,6.0,13.0, , ,1,11.0,11.0,0.0,4,6,Empleado_Informal,ENPOVE_2022
2,65.0,3,2,1.0,6.0, , ,1,0.0,11.0,-11.0,4,6,Desempleado,ENPOVE_2022
1,27.0,5,2,6.0,13.0, , ,1,11.0,11.0,0.0,9,4,Empleado_Informal,ENPOVE_2022
1,23.0,1,2,6.0,13.0, , ,1,11.0,11.0,0.0,9,3,Empleado_Informal,ENPOVE_2022
2,28.0,6,2,9.0,13.0, , ,1,13.5,13.5,0.0,6,5,Empleado_Informal,ENPOVE_2022
1,30.0,1,2,9.0,13.0, , ,1,13.5,13.5,0.0,2,4,Empleado_Informal,ENPOVE_2022
2,24.0,1,2,8.0,13.0, , ,1,14.0,14.0,0.0,2,4,Desempleado,ENPOVE_2022
1,47.0,2,2,6.0,13.0, , ,1,11.0,11.0,0.0,2,4,Empleado_Informal,ENPOVE_2022
2,23.0,6,2,9.0,13.0, , ,1,13.5,13.5,0.0,2,4,Empleado_Informal,ENPOVE_2022
2,21.0,6,2,9.0,13.0, , ,1,13.5,13.5,0.0,9,3,Empleado_Informal,ENPOVE_2022
2,38.0,5,2,10.0,13.0,1,2,1,16.0,16.0,0.0,9,2,Empleado_Informal,ENPOVE_2022
2,36.0,2,2,10.0,13.0,1,2,1,16.0,16.0,0.0,2,4,Empleado_Informal,ENPOVE_2022
1,56.0,2,2,10.0,13.0,1,2,1,16.0,16.0,0.0,2,3,Empleado_Informal,ENPOVE_2022
2,53.0,6,2,10.0,13.0,1,2,1,16.0,16.0,0.0,2,3,Empleado_Informal,ENPOVE_2022
2,29.0,6,2,5.0,13.0, , ,1,10.0,10.0,0.0,1,3,Desempleado,ENPOVE_2022
1,22.0,1,2,4.0,13.0, , ,1,9.0,9.0,0.0,1,3,Empleado_Informal,ENPOVE_2022
2,29.0,1,2,10.0,13.0,1,2,1,16.0,16.0,0.0,1,3,Empleado_Informal,ENPOVE_2022
2,31.0,6,2,6.0,13.0, , ,1,11.0,11.0,0.0,2,4,Empleado_Informal,ENPOVE_2022
2,50.0,6,2,11.0,13.0,1,2,1,18.0,18.0,0.0,2,4,Empleado_Informal,ENPOVE_2022
2,30.0,1,2,10.0,13.0,2, ,1,16.0,16.0,0.0,1,4,Empleado_Informal,ENPOVE_2022
1,24.0,6,2,8.0,13.0, , ,1,14.0,14.0,0.0,9,3,Empleado_Informal,ENPOVE_2022
1,31.0,1,2,6.0,13.0, , ,1,11.0,11.0,0.0,2,3,Empleado_Informal,ENPOVE_2022
2,37.0,6,2,3.0,13.0, , ,1,4.5,4.5,0.0,1,0,Empleado_Informal,ENPOVE_2022
2,49.0,6,2,5.0,13.0, , ,1,10.0,10.0,0.0,2,3,Empleado_Formal,ENPOVE_2022
1,28.0,6,2,6.0,13.0, , ,1,11.0,11.0,0.0,1,3,Empleado_Informal,ENPOVE_2022
1,19.0,6,2,9.0,13.0, , ,1,13.5,13.5,0.0,2,3,Empleado_Formal,ENPOVE_2022
1,31.0,6,2,10.0,13.0,1,2,1,16.0,16.0,0.0,4,5,Empleado_Informal,ENPOVE_2022
2,44.0,2,2,10.0,13.0,1,2,1,16.0,16.0,0.0,2,4,Empleado_Informal,ENPOVE_2022
2,17.0,6,2,5.0,13.0, , ,1,10.0,10.0,0.0,2,4,Desempleado,ENPOVE_2022
2,60.0,6,2,5.0,13.0, , ,1,10.0,10.0,0.0,1,2,Empleado_Informal,ENPOVE_2022
2,31.0,6,2,10.0,13.0,1,2,1,16.0,16.0,0.0,1,3,Empleado_Informal,ENPOVE_2022
1,56.0,1,2,6.0,13.0, , ,1,11.0,11.0,0.0,2,4,Empleado_Informal,ENPOVE_2022
2,43.0,1,2,9.0,13.0, , ,1,13.5,13.5,0.0,2,3,Empleado_Informal,ENPOVE_2022
1,18.0,6,2,5.0,13.0, , ,1,10.0,10.0,0.0,2,3,Empleado_Informal,ENPOVE_2022
2,21.0,1,2,6.0,13.0, , ,1,11.0,11.0,0.0,2,1,Desempleado,ENPOVE_2022
1,26.0,1,2,6.0,13.0, , ,1,11.0,11.0,0.0,9,1,Empleado_Informal,ENPOVE_2022
2,37.0,6,2,5.0,13.0, , ,1,10.0,10.0,0.0,1,1,Empleado_Informal,ENPOVE_2022
1,54.0,2,2,10.0,13.0,1,2,1,16.0,16.0,0.0,1,3,Empleado_Formal,ENPOVE_2022
2,49.0,2,2,10.0,13.0,1,2,1,16.0,16.0,0.0,1,2,Desempleado,ENPOVE_2022
2,28.0,2,2,9.0,13.0, , ,1,13.5,13.5,0.0,1,2,Empleado_Informal,ENPOVE_2022
1,29.0,2,2,9.0,13.0, , ,1,13.5,13.5,0.0,1,3,Empleado_Informal,ENPOVE_2022
2,26.0,2,2,9.0,13.0, , ,1,13.5,13.5,0.0,1,3,Empleado_Informal,ENPOVE_2022
1,41.0,2,2,4.0,13.0, , ,1,9.0,9.0,0.0,1,2,Empleado_Formal,ENPOVE_2022
2,36.0,2,2,4.0,13.0, , ,1,9.0,9.0,0.0,9,1,Empleado_Informal,ENPOVE_2022
1,27.0,1,2,4.0,13.0, , ,1,9.0,9.0,0.0,2,4,Empleado_Formal,ENPOVE_2022
1,50.0,6,2,9.0,13.0, , ,1,13.5,13.5,0.0,1,1,Empleado_Informal,ENPOVE_2022
1,16.0,6,2,6.0,13.0, , ,1,11.0,11.0,0.0,9,3,Empleado_Informal,ENPOVE_2022
2,31.0,1,2,10.0,13.0,1,2,1,16.0,16.0,0.0,2,4,Empleado_Formal,ENPOVE_2022
1,33.0,1,2,9.0,13.0, , ,1,13.5,13.5,0.0,2,5,Empleado_Formal,ENPOVE_2022
2,31.0,1,2,8.0,13.0, , ,1,14.0,14.0,0.0,2,5,Desempleado,ENPOVE_2022
2,25.0,1,2,8.0,13.0, , ,1,14.0,14.0,0.0,2,1,Empleado_Formal,ENPOVE_2022
1,59.0,2,2,4.0,13.0, , ,1,9.0,9.0,0.0,1,3,Empleado_Informal,ENPOVE_2022
2,19.0,1,2,5.0,13.0, , ,1,10.0,10.0,0.0,9,1,Desempleado,ENPOVE_2022
1,22.0,1,2,5.0,13.0, , ,1,10.0,10.0,0.0,9,1,Desempleado,ENPOVE_2022
2,43.0,1,2,10.0,13.0,1,2,1,16.0,16.0,0.0,1,3,Desempleado,ENPOVE_2022
1,58.0,1,2,6.0,13.0, , ,1,11.0,11.0,0.0,2,4,Empleado_Informal,ENPOVE_2022
1,19.0,6,2,6.0,13.0, , ,1,11.0,11.0,0.0,9,1,Empleado_Informal,ENPOVE_2022
1,31.0,1,2,9.0,13.0, , ,1,13.5,13.5,0.0,2,4,Empleado_Informal,ENPOVE_2022
2,26.0,1,2,9.0,13.0, , ,1,13.5,13.5,0.0,2,5,Desempleado,ENPOVE_2022
1,45.0,2,2,10.0,13.0,1,2,1,16.0,16.0,0.0,9,1,Empleado_Informal,ENPOVE_2022
2,43.0,2,2,10.0,13.0,1,1,1,16.0,16.0,0.0,9,1,Empleado_Informal,ENPOVE_2022
1,21.0,6,2,9.0,13.0, , ,1,13.5,13.5,0.0,9,3,Desempleado,ENPOVE_2022
2,24.0,6,2,8.0,13.0, , ,1,14.0,14.0,0.0,1,3,Empleado_Informal,ENPOVE_2022
2,43.0,3,2,6.0,13.0, , ,1,11.0,11.0,0.0,9,1,Desempleado,ENPOVE_2022
2,26.0,1,2,9.0,13.0, , ,1,13.5,13.5,0.0,9,0,Desempleado,ENPOVE_2022
1,40.0,1,2,6.0,13.0, , ,1,11.0,11.0,0.0,9,0,Desempleado,ENPOVE_2022
1,53.0,2,2,6.0,13.0, , ,1,11.0,11.0,0.0,9,2,Empleado_Informal,ENPOVE_2022
1,28.0,6,2,6.0,13.0, , ,1,11.0,11.0,0.0,2,4,Empleado_Formal,ENPOVE_2022
1,24.0,6,2,6.0,13.0, , ,1,11.0,11.0,0.0,2,4,Desempleado,ENPOVE_2022
2,43.0,2,2,10.0,13.0,1,2,1,16.0,16.0,0.0,2,4,Empleado_Formal,ENPOVE_2022
1,48.0,2,2,9.0,13.0, , ,1,13.5,13.5,0.0,1,1,Empleado_Informal,ENPOVE_2022
2,22.0,6,2,6.0,13.0, , ,1,11.0,11.0,0.0,2,4,Empleado_Formal,ENPOVE_2022
2,19.0,6,2,6.0,13.0, , ,1,11.0,11.0,0.0,1,1,Empleado_Formal,ENPOVE_2022
2,30.0,1,2,10.0,13.0,1,1,1,16.0,16.0,0.0,2,4,Empleado_Informal,ENPOVE_2022
1,34.0,1,2,6.0,13.0, , ,1,11.0,11.0,0.0,2,5,Empleado_Informal,ENPOVE_2022
1,29.0,1,2,6.0,13.0, , ,1,11.0,11.0,0.0,9,4,Desempleado,ENPOVE_2022
2,24.0,1,2,9.0,13.0, , ,1,13.5,13.5,0.0,2,2,Empleado_Informal,ENPOVE_2022
1,18.0,6,2,6.0,13.0, , ,1,11.0,11.0,0.0,9,1,Empleado_Informal,ENPOVE_2022
1,27.0,1,2,9.0,13.0, , ,1,13.5,13.5,0.0,2,5,Empleado_Informal,ENPOVE_2022
1,30.0,1,2,8.0,13.0, , ,1,14.0,14.0,0.0,2,4,Empleado_Informal,ENPOVE_2022
2,22.0,1,2,4.0,13.0, , ,1,9.0,9.0,0.0,1,4,Empleado_Formal,ENPOVE_2022
1,34.0,1,2,6.0,13.0, , ,1,11.0,11.0,0.0,2,4,Desempleado,ENPOVE_2022
2,29.0,1,2,6.0,13.0, , ,1,11.0,11.0,0.0,1,3,Empleado_Informal,ENPOVE_2022
1,26.0,6,2,1.0,8.0, , ,1,0.0,14.0,-14.0,1,6,Empleado_Informal,ENPOVE_2022
2,43.0,6,2,8.0,13.0, , ,1,14.0,14.0,0.0,2,3,Empleado_Informal,ENPOVE_2022
2,29.0,6,2,9.0,13.0, , ,1,13.5,13.5,0.0,9,4,Empleado_Informal,ENPOVE_2022
2,34.0,6,2,6.0,13.0, , ,1,11.0,11.0,0.0,2,3,Empleado_Informal,ENPOVE_2022
2,42.0,2,2,5.0,13.0, , ,1,10.0,10.0,0.0,9,2,Empleado_Informal,ENPOVE_2022
1,39.0,2,2,6.0,13.0, , ,1,11.0,11.0,0.0,9,3,Empleado_Informal,ENPOVE_2022
1,18.0,6,2,5.0,13.0, , ,1,10.0,10.0,0.0,9,1,Empleado_Informal,ENPOVE_2022
1,31.0,6,2,9.0,13.0, , ,1,13.5,13.5,0.0,2,1,Desempleado,ENPOVE_2022
1,26.0,1,2,10.0,13.0,1,2,1,16.0,16.0,0.0,9,5,Empleado_Informal,ENPOVE_2022
1,27.0,1,2,6.0,13.0, , ,1,11.0,11.0,0.0,9,3,Empleado_Informal,ENPOVE_2022
1,38.0,2,2,4.0,13.0, , ,1,9.0,9.0,0.0,2,3,Desempleado,ENPOVE_2022
2,35.0,6,2,8.0,13.0, , ,1,14.0,14.0,0.0,2,5,Empleado_Formal,ENPOVE_2022
2,39.0,1,2,8.0,13.0, , ,1,14.0,14.0,0.0,2,4,Empleado_Informal,ENPOVE_2022
1,43.0,2,2,6.0,13.0, , ,1,11.0,11.0,0.0,9,1,Empleado_Informal,ENPOVE_2022
1,19.0,6,2,6.0,13.0, , ,1,11.0,11.0,0.0,9,1,Empleado_Informal,ENPOVE_2022
1,18.0,6,2,5.0,13.0, , ,1,10.0,10.0,0.0,9,1,Empleado_Informal,ENPOVE_2022
2,25.0,2,2,4.0,13.0, , ,1,9.0,9.0,0.0,9,4,Desempleado,ENPOVE_2022
2,21.0,1,2,5.0,13.0, , ,1,10.0,10.0,0.0,2,4,Desempleado,ENPOVE_2022
1,26.0,1,2,4.0,13.0, , ,1,9.0,9.0,0.0,1,4,Empleado_Informal,ENPOVE_2022
2,26.0,1,2,4.0,13.0, , ,1,9.0,9.0,0.0,1,3,Empleado_Informal,ENPOVE_2022
1,27.0,1,2,9.0,13.0, , ,1,13.5,13.5,0.0,1,4,Empleado_Informal,ENPOVE_2022
2,24.0,6,2,6.0,13.0, , ,1,11.0,11.0,0.0,9,1,Empleado_Informal,ENPOVE_2022
1,22.0,1,2,4.0,13.0, , ,1,9.0,9.0,0.0,2,2,Empleado_Informal,ENPOVE_2022
2,31.0,1,2,3.0,13.0, , ,1,4.5,4.5,0.0,9,3,Empleado_Informal,ENPOVE_2022
2,26.0,6,2,10.0,13.0,2, ,1,16.0,16.0,0.0,9,1,Empleado_Informal,ENPOVE_2022
1,36.0,2,2,8.0,13.0, , ,1,14.0,14.0,0.0,2,4,Empleado_Formal,ENPOVE_2022
1,36.0,1,2,10.0,13.0,1,2,1,16.0,16.0,0.0,2,3,Empleado_Informal,ENPOVE_2022
1,43.0,6,2,10.0,13.0,1,2,1,16.0,16.0,0.0,2,3,Empleado_Informal,ENPOVE_2022
2,40.0,6,2,10.0,13.0,1,2,1,16.0,16.0,0.0,9,2,Empleado_Informal,ENPOVE_2022
2,31.0,1,2,6.0,13.0, , ,1,11.0,11.0,0.0,2,4,Empleado_Informal,ENPOVE_2022
1,34.0,6,2,8.0,13.0, , ,1,14.0,14.0,0.0,1,4,Empleado_Informal,ENPOVE_2022
2,39.0,6,2,10.0,13.0,1,2,1,16.0,16.0,0.0,2,4,Empleado_Formal,ENPOVE_2022
2,42.0,1,2,10.0,13.0,1,2,1,16.0,16.0,0.0,2,4,Desempleado,ENPOVE_2022
1,45.0,2,2,8.0,13.0, , ,1,14.0,14.0,0.0,1,1,Empleado_Informal,ENPOVE_2022
2,41.0,2,2,9.0,13.0, , ,1,13.5,13.5,0.0,9,1,Desempleado,ENPOVE_2022
2,46.0,6,2,3.0,13.0, , ,1,4.5,4.5,0.0,9,3,Empleado_Informal,ENPOVE_2022
1,32.0,4,2,10.0,13.0,1,2,1,16.0,16.0,0.0,2,4,Empleado_Informal,ENPOVE_2022
2,63.0,3,2,9.0,13.0, , ,1,13.5,13.5,0.0,9,1,Desempleado,ENPOVE_2022
2,25.0,1,2,9.0,13.0, , ,1,13.5,13.5,0.0,9,4,Empleado_Informal,ENPOVE_2022
1,42.0,1,2,8.0,13.0, , ,1,14.0,14.0,0.0,2,4,Empleado_Informal,ENPOVE_2022
2,41.0,1,2,6.0,13.0, , ,1,11.0,11.0,0.0,1,3,Empleado_Informal,ENPOVE_2022
1,19.0,6,2,5.0,13.0, , ,1,10.0,10.0,0.0,9,3,Empleado_Informal,ENPOVE_2022
2,26.0,1,2,7.0,13.0, , ,1,12.5,12.5,0.0,9,3,Empleado_Informal,ENPOVE_2022
1,47.0,3,2,6.0,13.0, , ,1,11.0,11.0,0.0,9,3,Empleado_Informal,ENPOVE_2022
2,53.0,1,2,5.0,13.0, , ,1,10.0,10.0,0.0,2,4,Empleado_Informal,ENPOVE_2022
2,30.0,6,2,6.0,13.0, , ,1,11.0,11.0,0.0,9,5,Empleado_Informal,ENPOVE_2022
1,33.0,6,2,10.0,13.0,1,2,1,16.0,16.0,0.0,2,5,Empleado_Informal,ENPOVE_2022
1,25.0,1,2,10.0,13.0,1,2,1,16.0,16.0,0.0,1,1,Empleado_Informal,ENPOVE_2022
2,20.0,1,2,9.0,13.0, , ,1,13.5,13.5,0.0,1,1,Empleado_Informal,ENPOVE_2022
1,29.0,1,2,10.0,13.0,1,2,1,16.0,16.0,0.0,2,5,Empleado_Formal,ENPOVE_2022
2,27.0,1,2,6.0,13.0, , ,1,11.0,11.0,0.0,2,3,Empleado_Informal,ENPOVE_2022
2,44.0,6,2,6.0,13.0, , ,1,11.0,11.0,0.0,9,3,Empleado_Informal,ENPOVE_2022
2,27.0,1,2,6.0,13.0, , ,1,11.0,11.0,0.0,2,4,Desempleado,ENPOVE_2022
1,41.0,1,2,10.0,13.0,1,2,1,16.0,16.0,0.0,2,3,Empleado_Informal,ENPOVE_2022
1,20.0,6,2,1.0,6.0, , ,1,0.0,11.0,-11.0,1,3,Empleado_Informal,ENPOVE_2022
2,18.0,6,2,1.0,6.0, , ,1,0.0,11.0,-11.0,1,3,Empleado_Informal,ENPOVE_2022
1,25.0,1,2,5.0,13.0, , ,1,10.0,10.0,0.0,1,3,Empleado_Informal,ENPOVE_2022
2,20.0,1,2,4.0,13.0, , ,1,9.0,9.0,0.0,9,3,Desempleado,ENPOVE_2022
1,26.0,1,2,6.0,13.0, , ,1,11.0,11.0,0.0,9,4,Empleado_Informal,ENPOVE_2022
1,36.0,1,2,6.0,13.0, , ,1,11.0,11.0,0.0,2,3,Empleado_Informal,ENPOVE_2022
2,22.0,1,2,6.0,13.0, , ,1,11.0,11.0,0.0,9,2,Desempleado,ENPOVE_2022
1,53.0,1,2,8.0,13.0, , ,1,14.0,14.0,0.0,1,4,Empleado_Informal,ENPOVE_2022
2,41.0,1,2,10.0,13.0,1,2,1,16.0,16.0,0.0,9,4,Desempleado,ENPOVE_2022
2,43.0,2,2,10.0,13.0,1,1,1,16.0,16.0,0.0,2,1,Empleado_Formal,ENPOVE_2022
2,21.0,6,2,6.0,13.0, , ,1,11.0,11.0,0.0,1,2,Empleado_Informal,ENPOVE_2022
2,21.0,6,2,6.0,13.0, , ,1,11.0,11.0,0.0,1,4,Desempleado,ENPOVE_2022
1,25.0,1,2,6.0,13.0, , ,1,11.0,11.0,0.0,9,4,Empleado_Informal,ENPOVE_2022
2,23.0,1,2,6.0,13.0, , ,1,11.0,11.0,0.0,9,5,Desempleado,ENPOVE_2022
2,36.0,6,2,6.0,13.0, , ,1,11.0,11.0,0.0,1,2,Empleado_Informal,ENPOVE_2022
1,27.0,1,2,9.0,13.0, , ,1,13.5,13.5,0.0,9,1,Empleado_Informal,ENPOVE_2022
2,24.0,1,2,9.0,13.0, , ,1,13.5,13.5,0.0,9,1,Empleado_Informal,ENPOVE_2022
2,28.0,2,2,6.0,13.0, , ,1,11.0,11.0,0.0,9,2,Desempleado,ENPOVE_2022
2,37.0,6,2,10.0,13.0,1,2,1,16.0,16.0,0.0,9,4,Empleado_Informal,ENPOVE_2022
2,18.0,1,2,6.0,13.0, , ,1,11.0,11.0,0.0,9,2,Empleado_Informal,ENPOVE_2022
1,22.0,1,2,5.0,13.0, , ,1,10.0,10.0,0.0,9,3,Empleado_Informal,ENPOVE_2022
2,20.0,1,2,6.0,13.0, , ,1,11.0,11.0,0.0,9,3,Empleado_Informal,ENPOVE_2022
1,18.0,6,2,5.0,13.0, , ,1,10.0,10.0,0.0,9,2,Empleado_Informal,ENPOVE_2022
2,34.0,1,2,5.0,13.0, , ,1,10.0,10.0,0.0,9,1,Empleado_Informal,ENPOVE_2022
1,31.0,1,2,5.0,13.0, , ,1,10.0,10.0,0.0,9,3,Empleado_Informal,ENPOVE_2022
2,39.0,1,2,6.0,13.0, , ,1,11.0,11.0,0.0,2,4,Empleado_Informal,ENPOVE_2022
1,21.0,6,2,9.0,13.0, , ,1,13.5,13.5,0.0,1,1,Empleado_Formal,ENPOVE_2022
1,20.0,6,2,6.0,13.0, , ,1,11.0,11.0,0.0,1,0,Empleado_Formal,ENPOVE_2022
2,26.0,1,2,6.0,13.0, , ,1,11.0,11.0,0.0,2,4,Empleado_Informal,ENPOVE_2022
2,22.0,1,2,6.0,13.0, , ,1,11.0,11.0,0.0,9,4,Desempleado,ENPOVE_2022
2,23.0,1,2,6.0,13.0, , ,1,11.0,11.0,0.0,9,4,Empleado_Informal,ENPOVE_2022
1,36.0,1,2,6.0,13.0, , ,1,11.0,11.0,0.0,2,4,Empleado_Informal,ENPOVE_2022
1,31.0,1,2,8.0,13.0, , ,1,14.0,14.0,0.0,2,4,Empleado_Informal,ENPOVE_2022
1,30.0,2,2,6.0,13.0, , ,1,11.0,11.0,0.0,2,3,Empleado_Informal,ENPOVE_2022
1,18.0,6,2,6.0,13.0, , ,1,11.0,11.0,0.0,9,1,Empleado_Informal,ENPOVE_2022
2,29.0,1,2,6.0,13.0, , ,1,11.0,11.0,0.0,1,3,Empleado_Informal,ENPOVE_2022
1,29.0,1,2,6.0,13.0, , ,1,11.0,11.0,0.0,1,3,Empleado_Informal,ENPOVE_2022
1,18.0,6,2,6.0,13.0, , ,1,11.0,11.0,0.0,9,0,Empleado_Informal,ENPOVE_2022
2,36.0,1,2,9.0,13.0, , ,1,13.5,13.5,0.0,1,3,Empleado_Informal,ENPOVE_2022
1,43.0,2,2,4.0,13.0, , ,1,9.0,9.0,0.0,2,4,Empleado_Informal,ENPOVE_2022
2,26.0,1,2,6.0,13.0, , ,1,11.0,11.0,0.0,2,4,Desempleado,ENPOVE_2022
2,54.0,6,2,5.0,13.0, , ,1,10.0,10.0,0.0,9,3,Desempleado,ENPOVE_2022
1,35.0,1,2,9.0,13.0, , ,1,13.5,13.5,0.0,2,4,Empleado_Formal,ENPOVE_2022
2,29.0,1,2,10.0,13.0,2, ,1,16.0,16.0,0.0,2,4,Empleado_Informal,ENPOVE_2022
1,25.0,1,2,6.0,13.0, , ,1,11.0,11.0,0.0,2,2,Empleado_Informal,ENPOVE_2022
2,37.0,6,2,10.0,13.0,1,2,1,16.0,16.0,0.0,2,4,Empleado_Informal,ENPOVE_2022
2,21.0,1,2,6.0,13.0, , ,1,11.0,11.0,0.0,9,3,Empleado_Informal,ENPOVE_2022
2,14.0,6,2,1.0,5.0, , ,1,0.0,8.5,-8.5,2,4,Desempleado,ENPOVE_2022
1,38.0,1,2,8.0,13.0, , ,1,14.0,14.0,0.0,2,4,Empleado_Informal,ENPOVE_2022
2,37.0,1,2,8.0,13.0, , ,1,14.0,14.0,0.0,1,1,Desempleado,ENPOVE_2022
2,31.0,2,2,8.0,13.0, , ,1,14.0,14.0,0.0,9,2,Empleado_Formal,ENPOVE_2022
1,62.0,1,2,8.0,13.0, , ,1,14.0,14.0,0.0,1,3,Empleado_Formal,ENPOVE_2022
1,34.0,1,2,9.0,13.0, , ,1,13.5,13.5,0.0,2,4,Empleado_Informal,ENPOVE_2022
2,33.0,1,2,10.0,13.0,1,2,1,16.0,16.0,0.0,2,4,Desempleado,ENPOVE_2022
2,66.0,1,2,8.0,13.0, , ,1,14.0,14.0,0.0,2,1,Empleado_Informal,ENPOVE_2022
2,40.0,1,2,10.0,13.0,1,2,1,16.0,16.0,0.0,9,4,Desempleado,ENPOVE_2022
1,22.0,6,2,9.0,13.0, , ,1,13.5,13.5,0.0,2,4,Empleado_Informal,ENPOVE_2022
2,16.0,6,2,1.0,5.0, , ,1,0.0,8.5,-8.5,9,4,Desempleado,ENPOVE_2022
1,38.0,2,2,10.0,13.0,1,2,1,16.0,16.0,0.0,2,4,Empleado_Formal,ENPOVE_2022
2,36.0,2,2,10.0,13.0,1,1,1,16.0,16.0,0.0,2,4,Empleado_Formal,ENPOVE_2022
1,18.0,6,2,1.0,6.0, , ,1,0.0,11.0,-11.0,6,4,Desempleado,ENPOVE_2022
2,63.0,4,2,4.0,13.0, , ,1,9.0,9.0,0.0,9,1,Empleado_Informal,ENPOVE_2022
2,32.0,1,2,6.0,13.0, , ,1,11.0,11.0,0.0,1,3,Empleado_Informal,ENPOVE_2022
2,16.0,6,2,5.0,13.0, , ,1,10.0,10.0,0.0,9,1,Empleado_Informal,ENPOVE_2022
2,31.0,1,2,9.0,13.0, , ,1,13.5,13.5,0.0,2,4,Desempleado,ENPOVE_2022
1,30.0,2,2,6.0,13.0, , ,1,11.0,11.0,0.0,2,4,Empleado_Informal,ENPOVE_2022
1,27.0,6,2,8.0,13.0, , ,1,14.0,14.0,0.0,2,4,Empleado_Informal,ENPOVE_2022
2,30.0,6,2,6.0,13.0, , ,1,11.0,11.0,0.0,9,4,Empleado_Informal,ENPOVE_2022
2,44.0,6,2,6.0,13.0, , ,1,11.0,11.0,0.0,9,4,Empleado_Informal,ENPOVE_2022
1,36.0,2,2,6.0,13.0, , ,1,11.0,11.0,0.0,2,4,Empleado_Informal,ENPOVE_2022
2,33.0,2,2,6.0,13.0, , ,1,11.0,11.0,0.0,1,3,Empleado_Informal,ENPOVE_2022
1,37.0,2,2,10.0,13.0,1,2,1,16.0,16.0,0.0,2,5,Empleado_Formal,ENPOVE_2022
2,37.0,2,2,11.0,13.0,1,1,1,18.0,18.0,0.0,2,4,Empleado_Formal,ENPOVE_2022
2,64.0,2,2,5.0,13.0, , ,1,10.0,10.0,0.0,2,3,Empleado_Informal,ENPOVE_2022
2,28.0,1,2,9.0,13.0, , ,1,13.5,13.5,0.0,2,0,Empleado_Informal,ENPOVE_2022
1,47.0,5,2,10.0,13.0,1,2,1,16.0,16.0,0.0,2,3,Empleado_Informal,ENPOVE_2022
1,24.0,6,2,6.0,13.0, , ,1,11.0,11.0,0.0,1,4,Empleado_Informal,ENPOVE_2022
1,47.0,2,2,7.0,13.0, , ,1,12.5,12.5,0.0,2,4,Empleado_Formal,ENPOVE_2022
2,33.0,2,2,10.0,13.0,1,2,1,16.0,16.0,0.0,2,4,Empleado_Formal,ENPOVE_2022
1,57.0,2,2,6.0,13.0, , ,1,11.0,11.0,0.0,1,1,Empleado_Formal,ENPOVE_2022
2,35.0,2,2,10.0,13.0,1,2,1,16.0,16.0,0.0,2,3,Empleado_Informal,ENPOVE_2022
1,36.0,2,2,10.0,13.0,1,2,1,16.0,16.0,0.0,2,4,Empleado_Formal,ENPOVE_2022
1,39.0,1,2,6.0,13.0, , ,1,11.0,11.0,0.0,2,4,Empleado_Formal,ENPOVE_2022
1,44.0,5,2,10.0,13.0,1,2,1,16.0,16.0,0.0,2,3,Empleado_Informal,ENPOVE_2022
2,25.0,1,2,10.0,13.0,1,2,1,16.0,16.0,0.0,1,1,Empleado_Informal,ENPOVE_2022
2,45.0,5,2,10.0,13.0,1,2,1,16.0,16.0,0.0,2,4,Empleado_Informal,ENPOVE_2022
1,18.0,6,2,1.0,6.0, , ,1,0.0,11.0,-11.0,2,4,Empleado_Informal,ENPOVE_2022
2,30.0,5,2,10.0,13.0,1,2,1,16.0,16.0,0.0,2,0,Empleado_Informal,ENPOVE_2022
2,21.0,1,2,6.0,13.0, , ,1,11.0,11.0,0.0,9,1,Empleado_Informal,ENPOVE_2022
1,25.0,1,2,6.0,13.0, , ,1,11.0,11.0,0.0,2,1,Empleado_Informal,ENPOVE_2022
1,31.0,1,2,8.0,13.0, , ,1,14.0,14.0,0.0,9,4,Empleado_Informal,ENPOVE_2022
2,30.0,1,2,10.0,13.0,1,2,1,16.0,16.0,0.0,9,4,Desempleado,ENPOVE_2022
2,22.0,1,2,9.0,13.0, , ,1,13.5,13.5,0.0,9,2,Empleado_Informal,ENPOVE_2022
1,21.0,1,2,6.0,13.0, , ,1,11.0,11.0,0.0,2,4,Empleado_Informal,ENPOVE_2022
2,34.0,1,2,10.0,13.0,1,2,1,16.0,16.0,0.0,2,4,Desempleado,ENPOVE_2022
2,31.0,1,2,6.0,13.0, , ,1,11.0,11.0,0.0,2,4,Empleado_Informal,ENPOVE_2022
1,37.0,1,2,11.0,13.0,1,1,1,18.0,18.0,0.0,2,5,Empleado_Formal,ENPOVE_2022
1,31.0,6,2,10.0,13.0,1,1,1,16.0,16.0,0.0,2,4,Desempleado,ENPOVE_2022
1,28.0,5,2,6.0,13.0, , ,1,11.0,11.0,0.0,9,4,Empleado_Informal,ENPOVE_2022
1,43.0,2,2,8.0,13.0, , ,1,14.0,14.0,0.0,2,1,Empleado_Formal,ENPOVE_2022
1,41.0,6,2,6.0,13.0, , ,1,11.0,11.0,0.0,2,4,Empleado_Informal,ENPOVE_2022
1,31.0,6,2,8.0,13.0, , ,1,14.0,14.0,0.0,2,2,Empleado_Formal,ENPOVE_2022
2,41.0,1,2,6.0,13.0, , ,1,11.0,11.0,0.0,2,4,Empleado_Formal,ENPOVE_2022
1,30.0,6,2,9.0,13.0, , ,1,13.5,13.5,0.0,2,4,Empleado_Formal,ENPOVE_2022
2,59.0,5,2,10.0,13.0,1,2,1,16.0,16.0,0.0,2,3,Desempleado,ENPOVE_2022
1,36.0,1,2,6.0,13.0, , ,1,11.0,11.0,0.0,2,4,Empleado_Formal,ENPOVE_2022
1,50.0,1,2,10.0,13.0,1,2,1,16.0,16.0,0.0,2,4,Empleado_Formal,ENPOVE_2022
1,27.0,6,2,10.0,13.0,1,2,1,16.0,16.0,0.0,2,4,Empleado_Informal,ENPOVE_2022
1,27.0,6,2,6.0,13.0, , ,1,11.0,11.0,0.0,2,4,Desempleado,ENPOVE_2022
2,21.0,6,2,6.0,13.0, , ,1,11.0,11.0,0.0,1,1,Desempleado,ENPOVE_2022
2,43.0,5,2,6.0,13.0, , ,1,11.0,11.0,0.0,9,3,Empleado_Informal,ENPOVE_2022
2,43.0,1,2,10.0,13.0,1,2,1,16.0,16.0,0.0,1,1,Empleado_Informal,ENPOVE_2022
1,25.0,1,2,8.0,13.0, , ,1,14.0,14.0,0.0,2,3,Empleado_Informal,ENPOVE_2022
2,24.0,1,2,6.0,13.0, , ,1,11.0,11.0,0.0,9,3,Empleado_Informal,ENPOVE_2022
1,34.0,1,2,6.0,13.0, , ,1,11.0,11.0,0.0,1,3,Empleado_Informal,ENPOVE_2022
1,33.0,1,2,6.0,13.0, , ,1,11.0,11.0,0.0,2,4,Empleado_Informal,ENPOVE_2022
2,28.0,1,2,9.0,13.0, , ,1,13.5,13.5,0.0,2,4,Empleado_Informal,ENPOVE_2022
1,27.0,6,2,9.0,13.0, , ,1,13.5,13.5,0.0,2,4,Empleado_Informal,ENPOVE_2022
2,42.0,6,2,7.0,13.0, , ,1,12.5,12.5,0.0,2,4,Empleado_Informal,ENPOVE_2022
1,24.0,1,2,8.0,13.0, , ,1,14.0,14.0,0.0,2,4,Empleado_Informal,ENPOVE_2022
1,53.0,6,2,6.0,13.0, , ,1,11.0,11.0,0.0,1,3,Empleado_Informal,ENPOVE_2022
2,38.0,1,2,10.0,13.0,2, ,1,16.0,16.0,0.0,2,4,Empleado_Informal,ENPOVE_2022
2,18.0,6,2,1.0,10.0, , ,1,0.0,16.0,-16.0,2,5,Desempleado,ENPOVE_2022
2,42.0,1,2,6.0,13.0, , ,1,11.0,11.0,0.0,2,5,Empleado_Informal,ENPOVE_2022
1,23.0,1,2,6.0,13.0, , ,1,11.0,11.0,0.0,1,4,Empleado_Informal,ENPOVE_2022
2,17.0,1,2,1.0,6.0, , ,1,0.0,11.0,-11.0,1,2,Desempleado,ENPOVE_2022
1,26.0,1,2,6.0,13.0, , ,1,11.0,11.0,0.0,1,1,Empleado_Formal,ENPOVE_2022
2,36.0,6,2,10.0,13.0,2, ,1,16.0,16.0,0.0,2,5,Empleado_Informal,ENPOVE_2022
2,43.0,1,2,5.0,13.0, , ,1,10.0,10.0,0.0,9,1,Empleado_Informal,ENPOVE_2022
1,57.0,2,2,8.0,13.0, , ,1,14.0,14.0,0.0,2,2,Desempleado,ENPOVE_2022
2,21.0,2,2,9.0,13.0, , ,1,13.5,13.5,0.0,2,2,Desempleado,ENPOVE_2022
2,32.0,2,2,10.0,13.0,1,2,1,16.0,16.0,0.0,2,4,Empleado_Informal,ENPOVE_2022
2,18.0,6,2,1.0,6.0, , ,1,0.0,11.0,-11.0,2,4,Empleado_Informal,ENPOVE_2022
2,61.0,5,2,4.0,13.0, , ,1,9.0,9.0,0.0,2,4,Empleado_Informal,ENPOVE_2022
2,29.0,1,2,10.0,13.0,1,2,1,16.0,16.0,0.0,2,5,Empleado_Informal,ENPOVE_2022
2,42.0,6,2,4.0,13.0, , ,1,9.0,9.0,0.0,1,1,Empleado_Informal,ENPOVE_2022
1,26.0,1,2,6.0,13.0, , ,1,11.0,11.0,0.0,1,1,Empleado_Informal,ENPOVE_2022
2,19.0,6,2,6.0,13.0, , ,1,11.0,11.0,0.0,9,1,Empleado_Informal,ENPOVE_2022
1,35.0,1,2,6.0,13.0, , ,1,11.0,11.0,0.0,2,5,Empleado_Informal,ENPOVE_2022
1,38.0,2,2,10.0,13.0,1,1,1,16.0,16.0,0.0,2,4,Empleado_Formal,ENPOVE_2022
2,38.0,1,2,6.0,13.0, , ,1,11.0,11.0,0.0,1,4,Empleado_Formal,ENPOVE_2022
1,40.0,1,2,6.0,13.0, , ,1,11.0,11.0,0.0,2,3,Empleado_Informal,ENPOVE_2022
2,39.0,1,2,8.0,13.0, , ,1,14.0,14.0,0.0,2,2,Empleado_Formal,ENPOVE_2022
2,18.0,6,2,6.0,13.0, , ,1,11.0,11.0,0.0,2,2,Desempleado,ENPOVE_2022
1,25.0,6,2,8.0,13.0, , ,1,14.0,14.0,0.0,2,4,Empleado_Formal,ENPOVE_2022
2,54.0,2,2,6.0,13.0, , ,1,11.0,11.0,0.0,2,4,Empleado_Informal,ENPOVE_2022
2,33.0,6,2,10.0,13.0,1,2,1,16.0,16.0,0.0,2,2,Empleado_Formal,ENPOVE_2022
2,24.0,6,2,6.0,13.0, , ,1,11.0,11.0,0.0,9,2,Empleado_Informal,ENPOVE_2022
1,32.0,1,2,6.0,13.0, , ,1,11.0,11.0,0.0,2,4,Empleado_Informal,ENPOVE_2022
2,14.0,6,2,4.0,13.0, , ,1,9.0,9.0,0.0,9,3,Desempleado,ENPOVE_2022
1,26.0,6,2,6.0,13.0, , ,1,11.0,11.0,0.0,9,4,Empleado_Informal,ENPOVE_2022
2,29.0,6,2,10.0,13.0,2, ,1,16.0,16.0,0.0,2,4,Empleado_Formal,ENPOVE_2022
1,36.0,6,2,10.0,13.0,1,2,1,16.0,16.0,0.0,1,1,Empleado_Informal,ENPOVE_2022
1,30.0,1,2,6.0,13.0, , ,1,11.0,11.0,0.0,2,3,Empleado_Informal,ENPOVE_2022
2,59.0,6,2,5.0,13.0, , ,1,10.0,10.0,0.0,1,3,Empleado_Informal,ENPOVE_2022
2,35.0,2,2,8.0,13.0, , ,1,14.0,14.0,0.0,1,5,Empleado_Informal,ENPOVE_2022
1,30.0,1,2,4.0,13.0, , ,1,9.0,9.0,0.0,6,5,Empleado_Informal,ENPOVE_2022
2,23.0,1,2,6.0,13.0, , ,1,11.0,11.0,0.0,9,4,Empleado_Informal,ENPOVE_2022
2,50.0,2,2,6.0,13.0, , ,1,11.0,11.0,0.0,2,1,Desempleado,ENPOVE_2022
1,25.0,6,2,6.0,13.0, , ,1,11.0,11.0,0.0,9,3,Empleado_Informal,ENPOVE_2022
1,21.0,6,2,6.0,13.0, , ,1,11.0,11.0,0.0,2,4,Empleado_Informal,ENPOVE_2022
2,37.0,6,2,8.0,13.0, , ,1,14.0,14.0,0.0,9,4,Empleado_Informal,ENPOVE_2022
1,27.0,1,2,6.0,13.0, , ,1,11.0,11.0,0.0,2,4,Empleado_Informal,ENPOVE_2022
1,29.0,2,2,10.0,13.0,1,2,1,16.0,16.0,0.0,2,4,Empleado_Informal,ENPOVE_2022
2,26.0,2,2,10.0,13.0,1,2,1,16.0,16.0,0.0,1,3,Empleado_Informal,ENPOVE_2022
2,25.0,6,2,10.0,13.0,1,2,1,16.0,16.0,0.0,2,1,Empleado_Informal,ENPOVE_2022
1,37.0,1,2,10.0,13.0,1,1,1,16.0,16.0,0.0,2,4,Empleado_Informal,ENPOVE_2022
1,16.0,6,2,1.0,5.0, , ,1,0.0,8.5,-8.5,4,5,Empleado_Informal,ENPOVE_2022
2,42.0,5,2,6.0,13.0, , ,1,11.0,11.0,0.0,2,5,Empleado_Informal,ENPOVE_2022
1,12.0,6,2,3.0,13.0, , ,1,4.5,4.5,0.0,9,3,Desempleado,ENPOVE_2022
2,54.0,5,2,3.0,13.0, , ,1,4.5,4.5,0.0,9,1,Desempleado,ENPOVE_2022
1,61.0,6,2,3.0,13.0, , ,1,4.5,4.5,0.0,1,1,Empleado_Informal,ENPOVE_2022
2,23.0,5,2,5.0,13.0, , ,1,10.0,10.0,0.0,1,2,Empleado_Informal,ENPOVE_2022
1,27.0,5,2,6.0,13.0, , ,1,11.0,11.0,0.0,2,2,Empleado_Informal,ENPOVE_2022
2,31.0,3,2,6.0,13.0, , ,1,11.0,11.0,0.0,4,3,Empleado_Informal,ENPOVE_2022
2,55.0,3,2,10.0,13.0,1,2,1,16.0,16.0,0.0,9,3,Empleado_Informal,ENPOVE_2022
2,18.0,6,2,1.0,5.0, , ,1,0.0,8.5,-8.5,9,3,Desempleado,ENPOVE_2022
2,26.0,6,2,6.0,13.0, , ,1,11.0,11.0,0.0,9,3,Desempleado,ENPOVE_2022
2,32.0,2,2,10.0,13.0,1,2,1,16.0,16.0,0.0,1,3,Empleado_Informal,ENPOVE_2022
1,28.0,2,2,6.0,13.0, , ,1,11.0,11.0,0.0,2,4,Empleado_Informal,ENPOVE_2022
2,25.0,2,2,9.0,13.0, , ,1,13.5,13.5,0.0,2,3,Desempleado,ENPOVE_2022
2,57.0,5,2,5.0,13.0, , ,1,10.0,10.0,0.0,2,4,Desempleado,ENPOVE_2022
2,58.0,5,2,6.0,13.0, , ,1,11.0,11.0,0.0,2,3,Empleado_Informal,ENPOVE_2022
1,30.0,1,2,10.0,13.0,1,2,1,16.0,16.0,0.0,9,3,Empleado_Informal,ENPOVE_2022
2,26.0,1,2,9.0,13.0, , ,1,13.5,13.5,0.0,9,3,Empleado_Informal,ENPOVE_2022
2,31.0,6,2,9.0,13.0, , ,1,13.5,13.5,0.0,9,1,Empleado_Informal,ENPOVE_2022
1,16.0,6,2,3.0,13.0, , ,1,4.5,4.5,0.0,1,1,Desempleado,ENPOVE_2022
2,42.0,6,2,6.0,13.0, , ,1,11.0,11.0,0.0,1,1,Empleado_Informal,ENPOVE_2022
1,33.0,2,2,6.0,13.0, , ,1,11.0,11.0,0.0,2,4,Empleado_Informal,ENPOVE_2022
2,28.0,2,2,9.0,13.0, , ,1,13.5,13.5,0.0,2,4,Desempleado,ENPOVE_2022
2,56.0,2,2,6.0,13.0, , ,1,11.0,11.0,0.0,9,1,Desempleado,ENPOVE_2022
1,38.0,1,2,4.0,13.0, , ,1,9.0,9.0,0.0,9,3,Empleado_Informal,ENPOVE_2022
2,33.0,1,2,8.0,13.0, , ,1,14.0,14.0,0.0,1,2,Desempleado,ENPOVE_2022
1,23.0,1,2,3.0,13.0, , ,1,4.5,4.5,0.0,9,4,Empleado_Informal,ENPOVE_2022
2,24.0,1,2,6.0,13.0, , ,1,11.0,11.0,0.0,9,1,Empleado_Formal,ENPOVE_2022
1,25.0,1,2,6.0,13.0, , ,1,11.0,11.0,0.0,1,4,Empleado_Informal,ENPOVE_2022
2,24.0,1,2,6.0,13.0, , ,1,11.0,11.0,0.0,2,4,Empleado_Informal,ENPOVE_2022
2,42.0,1,2,10.0,13.0,1,2,1,16.0,16.0,0.0,2,4,Desempleado,ENPOVE_2022
2,35.0,6,2,8.0,13.0, , ,1,14.0,14.0,0.0,2,4,Empleado_Informal,ENPOVE_2022
1,25.0,6,2,6.0,13.0, , ,1,11.0,11.0,0.0,2,4,Empleado_Informal,ENPOVE_2022
1,38.0,5,2,6.0,13.0, , ,1,11.0,11.0,0.0,2,4,Empleado_Informal,ENPOVE_2022
2,32.0,1,2,6.0,13.0, , ,1,11.0,11.0,0.0,2,5,Empleado_Informal,ENPOVE_2022
2,42.0,6,2,6.0,13.0, , ,1,11.0,11.0,0.0,2,4,Empleado_Formal,ENPOVE_2022
1,43.0,2,2,6.0,13.0, , ,1,11.0,11.0,0.0,2,4,Empleado_Formal,ENPOVE_2022
2,28.0,2,2,6.0,13.0, , ,1,11.0,11.0,0.0,4,11,Empleado_Formal,ENPOVE_2022
1,44.0,1,2,6.0,13.0, , ,1,11.0,11.0,0.0,2,4,Empleado_Formal,ENPOVE_2022
2,21.0,6,2,6.0,13.0, , ,1,11.0,11.0,0.0,2,4,Empleado_Informal,ENPOVE_2022
1,19.0,6,2,1.0,6.0, , ,1,0.0,11.0,-11.0,2,4,Empleado_Informal,ENPOVE_2022
1,40.0,2,2,7.0,13.0, , ,1,12.5,12.5,0.0,2,5,Empleado_Informal,ENPOVE_2022
2,43.0,2,2,8.0,13.0, , ,1,14.0,14.0,0.0,2,5,Desempleado,ENPOVE_2022
1,37.0,6,2,7.0,13.0, , ,1,12.5,12.5,0.0,2,5,Desempleado,ENPOVE_2022
2,50.0,1,2,6.0,13.0, , ,1,11.0,11.0,0.0,1,4,Empleado_Informal,ENPOVE_2022
1,21.0,1,2,6.0,13.0, , ,1,11.0,11.0,0.0,9,2,Empleado_Informal,ENPOVE_2022
2,18.0,1,2,6.0,13.0, , ,1,11.0,11.0,0.0,9,2,Desempleado,ENPOVE_2022
1,30.0,1,2,6.0,13.0, , ,1,11.0,11.0,0.0,9,1,Empleado_Informal,ENPOVE_2022
2,50.0,1,2,6.0,13.0, , ,1,11.0,11.0,0.0,1,3,Empleado_Informal,ENPOVE_2022
2,42.0,6,2,6.0,13.0, , ,1,11.0,11.0,0.0,9,1,Empleado_Informal,ENPOVE_2022
2,21.0,6,2,6.0,13.0, , ,1,11.0,11.0,0.0,1,1,Empleado_Informal,ENPOVE_2022
1,25.0,1,2,6.0,13.0, , ,1,11.0,11.0,0.0,2,4,Empleado_Informal,ENPOVE_2022
1,22.0,1,2,5.0,13.0, , ,1,10.0,10.0,0.0,1,3,Empleado_Informal,ENPOVE_2022
2,20.0,1,2,6.0,13.0, , ,1,11.0,11.0,0.0,2,4,Desempleado,ENPOVE_2022
1,48.0,2,2,10.0,13.0,2, ,1,16.0,16.0,0.0,2,3,Empleado_Informal,ENPOVE_2022
2,49.0,2,2,10.0,13.0,2, ,1,16.0,16.0,0.0,2,3,Empleado_Informal,ENPOVE_2022
1,31.0,6,2,6.0,13.0, , ,1,11.0,11.0,0.0,1,6,Empleado_Informal,ENPOVE_2022
1,43.0,6,2,1.0,10.0, , ,1,0.0,16.0,-16.0,4,8,Empleado_Formal,ENPOVE_2022
2,45.0,6,2,10.0,13.0,1,2,1,16.0,16.0,0.0,4,4,Empleado_Formal,ENPOVE_2022
1,40.0,1,2,5.0,13.0, , ,1,10.0,10.0,0.0,2,3,Empleado_Formal,ENPOVE_2022
2,35.0,1,2,11.0,13.0,1,1,1,18.0,18.0,0.0,2,4,Empleado_Formal,ENPOVE_2022
2,47.0,1,2,8.0,13.0, , ,1,14.0,14.0,0.0,2,5,Empleado_Formal,ENPOVE_2022
1,57.0,2,2,4.0,13.0, , ,1,9.0,9.0,0.0,1,1,Empleado_Informal,ENPOVE_2022
1,32.0,1,2,10.0,13.0,1,2,1,16.0,16.0,0.0,2,4,Empleado_Informal,ENPOVE_2022
2,33.0,1,2,10.0,13.0,1,2,1,16.0,16.0,0.0,2,4,Empleado_Informal,ENPOVE_2022
1,21.0,6,2,6.0,13.0, , ,1,11.0,11.0,0.0,9,1,Empleado_Informal,ENPOVE_2022
2,44.0,1,2,6.0,13.0, , ,1,11.0,11.0,0.0,2,4,Empleado_Informal,ENPOVE_2022
1,42.0,2,2,6.0,13.0, , ,1,11.0,11.0,0.0,1,4,Empleado_Informal,ENPOVE_2022
2,41.0,2,2,5.0,13.0, , ,1,10.0,10.0,0.0,1,4,Empleado_Informal,ENPOVE_2022
1,43.0,2,2,6.0,13.0, , ,1,11.0,11.0,0.0,2,4,Empleado_Informal,ENPOVE_2022
1,20.0,6,2,1.0,6.0, , ,1,0.0,11.0,-11.0,2,0,Empleado_Informal,ENPOVE_2022
2,49.0,6,2,8.0,13.0, , ,1,14.0,14.0,0.0,2,3,Empleado_Informal,ENPOVE_2022
2,23.0,6,2,9.0,13.0, , ,1,13.5,13.5,0.0,2,4,Empleado_Formal,ENPOVE_2022
2,37.0,5,2,10.0,13.0,1,2,1,16.0,16.0,0.0,1,0,Empleado_Informal,ENPOVE_2022
2,52.0,5,2,8.0,13.0, , ,1,14.0,14.0,0.0,9,1,Empleado_Informal,ENPOVE_2022
2,39.0,6,2,10.0,13.0,2, ,1,16.0,16.0,0.0,2,5,Desempleado,ENPOVE_2022
2,45.0,4,2,5.0,13.0, , ,1,10.0,10.0,0.0,9,3,Empleado_Informal,ENPOVE_2022
1,32.0,6,2,10.0,13.0,1,2,1,16.0,16.0,0.0,2,0,Empleado_Formal,ENPOVE_2022
2,29.0,1,2,6.0,13.0, , ,1,11.0,11.0,0.0,2,4,Empleado_Formal,ENPOVE_2022
2,26.0,6,2,6.0,13.0, , ,1,11.0,11.0,0.0,9,4,Empleado_Informal,ENPOVE_2022
1,28.0,1,2,10.0,13.0,1,2,1,16.0,16.0,0.0,2,4,Empleado_Informal,ENPOVE_2022
2,24.0,1,2,9.0,13.0, , ,1,13.5,13.5,0.0,2,1,Empleado_Formal,ENPOVE_2022
1,21.0,6,2,9.0,13.0, , ,1,13.5,13.5,0.0,1,1,Empleado_Informal,ENPOVE_2022
2,52.0,2,2,10.0,13.0,1,2,1,16.0,16.0,0.0,2,3,Desempleado,ENPOVE_2022
1,31.0,2,2,6.0,13.0, , ,1,11.0,11.0,0.0,2,4,Empleado_Informal,ENPOVE_2022
2,30.0,2,2,6.0,13.0, , ,1,11.0,11.0,0.0,2,4,Empleado_Informal,ENPOVE_2022
1,43.0,1,2,4.0,13.0, , ,1,9.0,9.0,0.0,2,3,Empleado_Informal,ENPOVE_2022
1,24.0,1,2,6.0,13.0, , ,1,11.0,11.0,0.0,1,2,Empleado_Informal,ENPOVE_2022
2,28.0,1,2,6.0,13.0, , ,1,11.0,11.0,0.0,1,1,Empleado_Informal,ENPOVE_2022
2,39.0,5,2,10.0,13.0,1,2,1,16.0,16.0,0.0,2,5,Desempleado,ENPOVE_2022
1,19.0,6,2,6.0,13.0, , ,1,11.0,11.0,0.0,9,1,Empleado_Informal,ENPOVE_2022
2,14.0,6,2,5.0,13.0, , ,1,10.0,10.0,0.0,9,1,Desempleado,ENPOVE_2022
2,35.0,5,2,10.0,13.0,1,2,1,16.0,16.0,0.0,2,2,Empleado_Informal,ENPOVE_2022
1,30.0,1,2,8.0,13.0, , ,1,14.0,14.0,0.0,2,4,Empleado_Formal,ENPOVE_2022
2,31.0,1,2,10.0,13.0,1,2,1,16.0,16.0,0.0,1,2,Empleado_Informal,ENPOVE_2022
1,31.0,2,2,8.0,13.0, , ,1,14.0,14.0,0.0,2,5,Empleado_Informal,ENPOVE_2022
2,26.0,2,2,9.0,13.0, , ,1,13.5,13.5,0.0,2,5,Empleado_Informal,ENPOVE_2022
2,25.0,1,2,9.0,13.0, , ,1,13.5,13.5,0.0,9,4,Empleado_Informal,ENPOVE_2022
1,24.0,1,2,6.0,13.0, , ,1,11.0,11.0,0.0,2,4,Empleado_Formal,ENPOVE_2022
2,36.0,5,2,7.0,13.0, , ,1,12.5,12.5,0.0,2,1,Empleado_Formal,ENPOVE_2022
2,19.0,6,2,9.0,13.0, , ,1,13.5,13.5,0.0,1,2,Desempleado,ENPOVE_2022
2,30.0,1,2,10.0,13.0,1,2,1,16.0,16.0,0.0,1,1,Empleado_Informal,ENPOVE_2022
2,32.0,5,2,8.0,13.0, , ,1,14.0,14.0,0.0,1,2,Desempleado,ENPOVE_2022
2,22.0,5,2,6.0,13.0, , ,1,11.0,11.0,0.0,1,2,Empleado_Informal,ENPOVE_2022
1,27.0,6,2,10.0,13.0,1,2,1,16.0,16.0,0.0,1,1,Empleado_Informal,ENPOVE_2022
1,23.0,6,2,6.0,13.0, , ,1,11.0,11.0,0.0,2,4,Empleado_Informal,ENPOVE_2022
1,24.0,5,2,9.0,13.0, , ,1,13.5,13.5,0.0,9,1,Empleado_Formal,ENPOVE_2022
1,23.0,1,2,4.0,13.0, , ,1,9.0,9.0,0.0,9,3,Empleado_Informal,ENPOVE_2022
2,27.0,6,2,8.0,13.0, , ,1,14.0,14.0,0.0,2,3,Empleado_Formal,ENPOVE_2022
1,32.0,6,2,8.0,13.0, , ,1,14.0,14.0,0.0,2,4,Empleado_Formal,ENPOVE_2022
2,31.0,6,2,10.0,13.0,1,2,1,16.0,16.0,0.0,2,3,Empleado_Formal,ENPOVE_2022
1,33.0,1,2,9.0,13.0, , ,1,13.5,13.5,0.0,2,4,Empleado_Informal,ENPOVE_2022
2,28.0,1,2,9.0,13.0, , ,1,13.5,13.5,0.0,2,4,Empleado_Informal,ENPOVE_2022
2,23.0,6,2,8.0,13.0, , ,1,14.0,14.0,0.0,1,4,Empleado_Informal,ENPOVE_2022
2,23.0,6,2,6.0,13.0, , ,1,11.0,11.0,0.0,1,5,Empleado_Informal,ENPOVE_2022
2,30.0,2,2,6.0,13.0, , ,1,11.0,11.0,0.0,2,4,Empleado_Informal,ENPOVE_2022
2,52.0,4,2,6.0,13.0, , ,1,11.0,11.0,0.0,2,4,Desempleado,ENPOVE_2022
1,25.0,1,2,9.0,13.0, , ,1,13.5,13.5,0.0,1,4,Empleado_Informal,ENPOVE_2022
2,24.0,1,2,7.0,13.0, , ,1,12.5,12.5,0.0,9,2,Empleado_Informal,ENPOVE_2022
2,32.0,5,2,8.0,13.0, , ,1,14.0,14.0,0.0,1,4,Empleado_Informal,ENPOVE_2022
1,15.0,6,2,1.0,5.0, , ,1,0.0,8.5,-8.5,1,4,Empleado_Informal,ENPOVE_2022
2,29.0,6,2,10.0,13.0,1,2,1,16.0,16.0,0.0,2,5,Empleado_Informal,ENPOVE_2022
1,29.0,6,2,10.0,13.0,1,2,1,16.0,16.0,0.0,2,4,Empleado_Informal,ENPOVE_2022
1,35.0,3,2,10.0,13.0,1,2,1,16.0,16.0,0.0,2,4,Empleado_Informal,ENPOVE_2022
1,59.0,2,2,6.0,13.0, , ,1,11.0,11.0,0.0,2,4,Empleado_Informal,ENPOVE_2022
2,38.0,2,2,10.0,13.0,1,2,1,16.0,16.0,0.0,2,4,Empleado_Informal,ENPOVE_2022
1,35.0,6,2,10.0,13.0,1,2,1,16.0,16.0,0.0,2,4,Empleado_Informal,ENPOVE_2022
1,23.0,6,2,6.0,13.0, , ,1,11.0,11.0,0.0,1,3,Empleado_Informal,ENPOVE_2022
2,43.0,5,2,10.0,13.0,1,2,1,16.0,16.0,0.0,9,4,Empleado_Informal,ENPOVE_2022
1,45.0,6,2,6.0,13.0, , ,1,11.0,11.0,0.0,2,4,Empleado_Formal,ENPOVE_2022
1,27.0,6,2,6.0,13.0, , ,1,11.0,11.0,0.0,9,4,Empleado_Informal,ENPOVE_2022
2,49.0,2,2,5.0,13.0, , ,1,10.0,10.0,0.0,2,4,Empleado_Informal,ENPOVE_2022
2,17.0,6,2,1.0,6.0, , ,1,0.0,11.0,-11.0,1,4,Empleado_Informal,ENPOVE_2022
1,33.0,6,2,10.0,13.0,2, ,1,16.0,16.0,0.0,2,5,Empleado_Formal,ENPOVE_2022
1,23.0,6,2,6.0,13.0, , ,1,11.0,11.0,0.0,1,5,Empleado_Informal,ENPOVE_2022
1,36.0,2,2,7.0,13.0, , ,1,12.5,12.5,0.0,2,5,Empleado_Formal,ENPOVE_2022
2,42.0,2,2,10.0,13.0,1,2,1,16.0,16.0,0.0,2,4,Empleado_Formal,ENPOVE_2022
2,18.0,6,2,1.0,6.0, , ,1,0.0,11.0,-11.0,2,4,Empleado_Informal,ENPOVE_2022
1,28.0,1,2,8.0,13.0, , ,1,14.0,14.0,0.0,2,4,Empleado_Formal,ENPOVE_2022
1,41.0,1,2,10.0,13.0,1,1,1,16.0,16.0,0.0,2,4,Empleado_Informal,ENPOVE_2022
2,26.0,1,2,8.0,13.0, , ,1,14.0,14.0,0.0,2,4,Empleado_Formal,ENPOVE_2022
2,30.0,6,2,10.0,13.0,1,2,1,16.0,16.0,0.0,2,4,Empleado_Informal,ENPOVE_2022
1,26.0,1,2,10.0,13.0,1,2,1,16.0,16.0,0.0,9,4,Empleado_Informal,ENPOVE_2022
2,19.0,1,2,6.0,13.0, , ,1,11.0,11.0,0.0,9,1,Empleado_Informal,ENPOVE_2022
1,35.0,6,2,10.0,13.0,1,2,1,16.0,16.0,0.0,1,3,Empleado_Informal,ENPOVE_2022
1,24.0,5,2,5.0,13.0, , ,1,10.0,10.0,0.0,1,4,Empleado_Informal,ENPOVE_2022
2,54.0,4,2,5.0,13.0, , ,1,10.0,10.0,0.0,9,4,Empleado_Informal,ENPOVE_2022
1,30.0,1,2,7.0,13.0, , ,1,12.5,12.5,0.0,9,4,Empleado_Informal,ENPOVE_2022
1,35.0,1,2,9.0,13.0, , ,1,13.5,13.5,0.0,2,4,Empleado_Formal,ENPOVE_2022
1,20.0,6,2,6.0,13.0, , ,1,11.0,11.0,0.0,1,3,Empleado_Informal,ENPOVE_2022
1,46.0,1,2,7.0,13.0, , ,1,12.5,12.5,0.0,1,3,Empleado_Informal,ENPOVE_2022
1,18.0,6,2,5.0,13.0, , ,1,10.0,10.0,0.0,9,3,Empleado_Informal,ENPOVE_2022
2,44.0,5,2,10.0,13.0,1,2,1,16.0,16.0,0.0,2,4,Empleado_Informal,ENPOVE_2022
1,22.0,6,2,6.0,13.0, , ,1,11.0,11.0,0.0,9,4,Empleado_Informal,ENPOVE_2022
2,33.0,1,2,6.0,13.0, , ,1,11.0,11.0,0.0,9,3,Empleado_Informal,ENPOVE_2022
1,24.0,1,2,6.0,13.0, , ,1,11.0,11.0,0.0,9,3,Empleado_Informal,ENPOVE_2022
2,22.0,1,2,6.0,13.0, , ,1,11.0,11.0,0.0,9,1,Desempleado,ENPOVE_2022
1,34.0,5,2,6.0,13.0, , ,1,11.0,11.0,0.0,2,3,Empleado_Informal,ENPOVE_2022
1,22.0,1,2,6.0,13.0, , ,1,11.0,11.0,0.0,9,3,Empleado_Informal,ENPOVE_2022
2,19.0,1,2,9.0,13.0, , ,1,13.5,13.5,0.0,9,1,Empleado_Informal,ENPOVE_2022
1,19.0,6,2,5.0,13.0, , ,1,10.0,10.0,0.0,9,1,Empleado_Informal,ENPOVE_2022
2,41.0,1,2,6.0,13.0, , ,1,11.0,11.0,0.0,1,3,Desempleado,ENPOVE_2022
1,29.0,1,2,6.0,13.0, , ,1,11.0,11.0,0.0,1,3,Empleado_Informal,ENPOVE_2022
1,18.0,6,2,5.0,13.0, , ,1,10.0,10.0,0.0,9,1,Empleado_Informal,ENPOVE_2022
1,49.0,1,2,6.0,13.0, , ,1,11.0,11.0,0.0,2,4,Empleado_Formal,ENPOVE_2022
2,38.0,1,2,7.0,13.0, , ,1,12.5,12.5,0.0,1,3,Empleado_Informal,ENPOVE_2022
2,15.0,6,2,5.0,13.0, , ,1,10.0,10.0,0.0,1,1,Empleado_Informal,ENPOVE_2022
2,17.0,1,2,5.0,13.0, , ,1,10.0,10.0,0.0,1,1,Empleado_Informal,ENPOVE_2022
1,18.0,5,2,5.0,13.0, , ,1,10.0,10.0,0.0,9,0,Desempleado,ENPOVE_2022
1,30.0,2,2,8.0,13.0, , ,1,14.0,14.0,0.0,2,4,Empleado_Informal,ENPOVE_2022
2,25.0,2,2,9.0,13.0, , ,1,13.5,13.5,0.0,2,4,Empleado_Informal,ENPOVE_2022
1,35.0,1,2,8.0,13.0, , ,1,14.0,14.0,0.0,1,1,Empleado_Informal,ENPOVE_2022
1,21.0,1,2,5.0,13.0, , ,1,10.0,10.0,0.0,1,4,Empleado_Informal,ENPOVE_2022
1,17.0,6,2,6.0,13.0, , ,1,11.0,11.0,0.0,9,2,Empleado_Informal,ENPOVE_2022
1,42.0,1,2,6.0,13.0, , ,1,11.0,11.0,0.0,2,4,Empleado_Informal,ENPOVE_2022
1,31.0,1,2,5.0,13.0, , ,1,10.0,10.0,0.0,1,4,Empleado_Informal,ENPOVE_2022
1,26.0,1,2,6.0,13.0, , ,1,11.0,11.0,0.0,1,2,Empleado_Informal,ENPOVE_2022
2,22.0,1,2,6.0,13.0, , ,1,11.0,11.0,0.0,9,1,Empleado_Informal,ENPOVE_2022
1,39.0,6,2,4.0,13.0, , ,1,9.0,9.0,0.0,9,3,Empleado_Informal,ENPOVE_2022
1,39.0,5,2,6.0,13.0, , ,1,11.0,11.0,0.0,2,4,Empleado_Formal,ENPOVE_2022
1,25.0,6,2,8.0,13.0, , ,1,14.0,14.0,0.0,1,5,Empleado_Informal,ENPOVE_2022
1,30.0,6,2,11.0,13.0,1,2,1,18.0,18.0,0.0,9,1,Empleado_Informal,ENPOVE_2022
1,21.0,6,2,6.0,13.0, , ,1,11.0,11.0,0.0,9,3,Empleado_Informal,ENPOVE_2022
2,44.0,1,2,6.0,13.0, , ,1,11.0,11.0,0.0,2,4,Desempleado,ENPOVE_2022
1,30.0,1,2,6.0,13.0, , ,1,11.0,11.0,0.0,2,4,Empleado_Informal,ENPOVE_2022
2,28.0,1,2,5.0,13.0, , ,1,10.0,10.0,0.0,9,2,Desempleado,ENPOVE_2022
1,27.0,1,2,6.0,13.0, , ,1,11.0,11.0,0.0,9,2,Empleado_Informal,ENPOVE_2022
2,29.0,6,2,9.0,13.0, , ,1,13.5,13.5,0.0,2,3,Empleado_Formal,ENPOVE_2022
1,27.0,1,2,9.0,13.0, , ,1,13.5,13.5,0.0,6,4,Empleado_Informal,ENPOVE_2022
2,48.0,2,2,10.0,13.0,1,2,1,16.0,16.0,0.0,2,4,Empleado_Informal,ENPOVE_2022
1,35.0,2,2,10.0,13.0,1,2,1,16.0,16.0,0.0,2,4,Empleado_Formal,ENPOVE_2022
1,47.0,2,2,10.0,13.0,1,2,1,16.0,16.0,0.0,2,4,Empleado_Informal,ENPOVE_2022
1,25.0,6,2,8.0,13.0, , ,1,14.0,14.0,0.0,2,4,Empleado_Informal,ENPOVE_2022
2,25.0,6,2,6.0,13.0, , ,1,11.0,11.0,0.0,1,2,Empleado_Informal,ENPOVE_2022
2,41.0,6,2,8.0,13.0, , ,1,14.0,14.0,0.0,1,3,Empleado_Formal,ENPOVE_2022
2,37.0,6,2,8.0,13.0, , ,1,14.0,14.0,0.0,1,3,Empleado_Formal,ENPOVE_2022
1,36.0,6,2,9.0,13.0, , ,1,13.5,13.5,0.0,1,2,Empleado_Formal,ENPOVE_2022
1,34.0,6,2,8.0,13.0, , ,1,14.0,14.0,0.0,1,2,Empleado_Informal,ENPOVE_2022
2,39.0,1,2,8.0,13.0, , ,1,14.0,14.0,0.0,1,4,Empleado_Informal,ENPOVE_2022
1,42.0,1,2,10.0,13.0,2, ,1,16.0,16.0,0.0,1,4,Empleado_Formal,ENPOVE_2022
1,33.0,6,2,8.0,13.0, , ,1,14.0,14.0,0.0,2,1,Empleado_Formal,ENPOVE_2022
2,32.0,2,2,8.0,13.0, , ,1,14.0,14.0,0.0,2,4,Empleado_Informal,ENPOVE_2022
1,32.0,2,2,8.0,13.0, , ,1,14.0,14.0,0.0,1,3,Empleado_Informal,ENPOVE_2022
2,46.0,2,2,6.0,13.0, , ,1,11.0,11.0,0.0,1,3,Empleado_Informal,ENPOVE_2022
2,39.0,5,2,7.0,13.0, , ,1,12.5,12.5,0.0,1,4,Empleado_Formal,ENPOVE_2022
1,30.0,6,2,9.0,13.0, , ,1,13.5,13.5,0.0,1,3,Empleado_Formal,ENPOVE_2022
1,38.0,1,2,8.0,13.0, , ,1,14.0,14.0,0.0,1,3,Empleado_Formal,ENPOVE_2022
2,31.0,1,2,10.0,13.0,1,1,1,16.0,16.0,0.0,1,3,Empleado_Formal,ENPOVE_2022
1,33.0,1,2,10.0,13.0,2, ,1,16.0,16.0,0.0,1,3,Empleado_Formal,ENPOVE_2022
1,28.0,1,2,9.0,13.0, , ,1,13.5,13.5,0.0,2,5,Empleado_Formal,ENPOVE_2022
2,25.0,1,2,9.0,13.0, , ,1,13.5,13.5,0.0,2,4,Empleado_Formal,ENPOVE_2022
1,27.0,5,2,6.0,13.0, , ,1,11.0,11.0,0.0,2,4,Empleado_Informal,ENPOVE_2022
2,32.0,2,2,8.0,13.0, , ,1,14.0,14.0,0.0,2,4,Empleado_Informal,ENPOVE_2022
1,36.0,2,2,6.0,13.0, , ,1,11.0,11.0,0.0,2,4,Empleado_Formal,ENPOVE_2022
1,51.0,5,2,10.0,13.0,2, ,1,16.0,16.0,0.0,2,3,Empleado_Formal,ENPOVE_2022
2,20.0,6,2,6.0,13.0, , ,1,11.0,11.0,0.0,1,1,Empleado_Informal,ENPOVE_2022
2,52.0,5,2,5.0,13.0, , ,1,10.0,10.0,0.0,9,2,Desempleado,ENPOVE_2022
1,47.0,1,2,5.0,13.0, , ,1,10.0,10.0,0.0,2,4,Desempleado,ENPOVE_2022
1,27.0,6,2,6.0,13.0, , ,1,11.0,11.0,0.0,1,4,Empleado_Informal,ENPOVE_2022
1,58.0,5,2,5.0,13.0, , ,1,10.0,10.0,0.0,2,4,Empleado_Informal,ENPOVE_2022
1,42.0,1,2,6.0,13.0, , ,1,11.0,11.0,0.0,9,3,Empleado_Informal,ENPOVE_2022
1,31.0,6,2,6.0,13.0, , ,1,11.0,11.0,0.0,2,4,Empleado_Informal,ENPOVE_2022
1,22.0,6,2,6.0,13.0, , ,1,11.0,11.0,0.0,1,3,Empleado_Formal,ENPOVE_2022
1,24.0,5,2,6.0,13.0, , ,1,11.0,11.0,0.0,1,3,Empleado_Informal,ENPOVE_2022
1,43.0,5,2,6.0,13.0, , ,1,11.0,11.0,0.0,2,4,Empleado_Informal,ENPOVE_2022
2,70.0,3,2,5.0,13.0, , ,1,10.0,10.0,0.0,9,3,Desempleado,ENPOVE_2022
1,44.0,5,2,6.0,13.0, , ,1,11.0,11.0,0.0,2,4,Empleado_Formal,ENPOVE_2022
1,35.0,1,2,4.0,13.0, , ,1,9.0,9.0,0.0,2,5,Empleado_Informal,ENPOVE_2022
2,23.0,1,2,10.0,13.0,2, ,1,16.0,16.0,0.0,2,0,Empleado_Informal,ENPOVE_2022
1,34.0,1,2,6.0,13.0, , ,1,11.0,11.0,0.0,2,1,Empleado_Informal,ENPOVE_2022
1,35.0,6,2,8.0,13.0, , ,1,14.0,14.0,0.0,2,3,Empleado_Informal,ENPOVE_2022
1,54.0,1,2,10.0,13.0,2, ,1,16.0,16.0,0.0,2,4,Empleado_Informal,ENPOVE_2022
2,56.0,1,2,10.0,13.0,2, ,1,16.0,16.0,0.0,2,4,Empleado_Informal,ENPOVE_2022
2,30.0,1,2,9.0,13.0, , ,1,13.5,13.5,0.0,1,3,Empleado_Informal,ENPOVE_2022
1,32.0,1,2,9.0,13.0, , ,1,13.5,13.5,0.0,2,4,Empleado_Informal,ENPOVE_2022
2,31.0,1,2,9.0,13.0, , ,1,13.5,13.5,0.0,2,5,Empleado_Informal,ENPOVE_2022
1,35.0,1,2,8.0,13.0, , ,1,14.0,14.0,0.0,2,5,Empleado_Informal,ENPOVE_2022
2,23.0,1,2,6.0,13.0, , ,1,11.0,11.0,0.0,2,3,Empleado_Informal,ENPOVE_2022
1,27.0,1,2,6.0,13.0, , ,1,11.0,11.0,0.0,2,2,Empleado_Informal,ENPOVE_2022
1,52.0,5,2,5.0,13.0, , ,1,10.0,10.0,0.0,2,4,Empleado_Informal,ENPOVE_2022
1,22.0,1,2,8.0,13.0, , ,1,14.0,14.0,0.0,2,5,Empleado_Informal,ENPOVE_2022
2,20.0,1,2,6.0,13.0, , ,1,11.0,11.0,0.0,2,5,Empleado_Informal,ENPOVE_2022
1,35.0,1,2,6.0,13.0, , ,1,11.0,11.0,0.0,2,4,Empleado_Informal,ENPOVE_2022
2,33.0,1,2,6.0,13.0, , ,1,11.0,11.0,0.0,2,4,Empleado_Informal,ENPOVE_2022
1,40.0,2,2,8.0,13.0, , ,1,14.0,14.0,0.0,2,4,Empleado_Formal,ENPOVE_2022
2,22.0,6,2,6.0,13.0, , ,1,11.0,11.0,0.0,2,3,Empleado_Formal,ENPOVE_2022
2,39.0,2,2,6.0,13.0, , ,1,11.0,11.0,0.0,2,4,Empleado_Informal,ENPOVE_2022
1,38.0,2,2,6.0,13.0, , ,1,11.0,11.0,0.0,2,4,Empleado_Informal,ENPOVE_2022
1,55.0,3,2,10.0,13.0,1,2,1,16.0,16.0,0.0,2,4,Empleado_Informal,ENPOVE_2022
2,18.0,6,2,1.0,6.0, , ,1,0.0,11.0,-11.0,1,4,Empleado_Informal,ENPOVE_2022
2,36.0,6,2,10.0,13.0,2, ,1,16.0,16.0,0.0,2,3,Empleado_Informal,ENPOVE_2022
2,42.0,5,2,8.0,13.0, , ,1,14.0,14.0,0.0,2,4,Empleado_Informal,ENPOVE_2022
2,24.0,6,2,9.0,13.0, , ,1,13.5,13.5,0.0,2,4,Empleado_Informal,ENPOVE_2022
1,18.0,6,2,1.0,6.0, , ,1,0.0,11.0,-11.0,2,4,Desempleado,ENPOVE_2022
1,32.0,1,2,10.0,13.0,1,2,1,16.0,16.0,0.0,2,5,Empleado_Informal,ENPOVE_2022
2,31.0,1,2,8.0,13.0, , ,1,14.0,14.0,0.0,2,5,Empleado_Informal,ENPOVE_2022
1,43.0,5,2,10.0,13.0,1,2,1,16.0,16.0,0.0,2,4,Empleado_Informal,ENPOVE_2022
2,31.0,1,2,9.0,13.0, , ,1,13.5,13.5,0.0,2,4,Empleado_Informal,ENPOVE_2022
1,42.0,1,2,8.0,13.0, , ,1,14.0,14.0,0.0,2,5,Empleado_Informal,ENPOVE_2022
1,38.0,1,2,8.0,13.0, , ,1,14.0,14.0,0.0,1,3,Empleado_Informal,ENPOVE_2022
2,39.0,6,2,10.0,13.0,1,2,1,16.0,16.0,0.0,9,4,Empleado_Informal,ENPOVE_2022
2,29.0,2,2,9.0,13.0, , ,1,13.5,13.5,0.0,2,6,Desempleado,ENPOVE_2022
2,31.0,6,2,8.0,13.0, , ,1,14.0,14.0,0.0,2,5,Empleado_Formal,ENPOVE_2022
1,36.0,2,2,4.0,13.0, , ,1,9.0,9.0,0.0,2,4,Empleado_Informal,ENPOVE_2022
2,31.0,2,2,6.0,13.0, , ,1,11.0,11.0,0.0,2,4,Empleado_Informal,ENPOVE_2022
2,25.0,1,2,9.0,13.0, , ,1,13.5,13.5,0.0,2,4,Empleado_Formal,ENPOVE_2022
2,56.0,5,2,4.0,13.0, , ,1,9.0,9.0,0.0,2,3,Empleado_Formal,ENPOVE_2022
2,29.0,6,2,8.0,13.0, , ,1,14.0,14.0,0.0,2,5,Empleado_Formal,ENPOVE_2022
1,49.0,2,2,10.0,13.0,1,1,1,16.0,16.0,0.0,2,4,Empleado_Formal,ENPOVE_2022
2,47.0,2,2,10.0,13.0,1,2,1,16.0,16.0,0.0,2,4,Empleado_Formal,ENPOVE_2022
1,22.0,6,2,8.0,13.0, , ,1,14.0,14.0,0.0,2,4,Empleado_Informal,ENPOVE_2022
1,30.0,6,2,9.0,13.0, , ,1,13.5,13.5,0.0,1,4,Empleado_Informal,ENPOVE_2022
1,32.0,6,2,9.0,13.0, , ,1,13.5,13.5,0.0,9,4,Empleado_Informal,ENPOVE_2022
1,26.0,6,2,8.0,13.0, , ,1,14.0,14.0,0.0,2,4,Empleado_Formal,ENPOVE_2022
2,31.0,6,2,10.0,13.0,1,2,1,16.0,16.0,0.0,9,0,Empleado_Informal,ENPOVE_2022
1,21.0,6,2,6.0,13.0, , ,1,11.0,11.0,0.0,1,3,Empleado_Informal,ENPOVE_2022
1,30.0,1,2,9.0,13.0, , ,1,13.5,13.5,0.0,2,3,Empleado_Informal,ENPOVE_2022
2,30.0,1,2,10.0,13.0,1,2,1,16.0,16.0,0.0,2,2,Empleado_Formal,ENPOVE_2022
2,45.0,5,2,10.0,13.0,1,2,1,16.0,16.0,0.0,9,0,Desempleado,ENPOVE_2022
1,36.0,1,2,6.0,13.0, , ,1,11.0,11.0,0.0,1,1,Empleado_Informal,ENPOVE_2022
1,16.0,6,2,5.0,13.0, , ,1,10.0,10.0,0.0,1,2,Empleado_Informal,ENPOVE_2022
2,29.0,1,2,6.0,13.0, , ,1,11.0,11.0,0.0,9,4,Empleado_Informal,ENPOVE_2022
1,28.0,1,2,9.0,13.0, , ,1,13.5,13.5,0.0,9,1,Empleado_Formal,ENPOVE_2022
1,66.0,1,2,6.0,13.0, , ,1,11.0,11.0,0.0,2,3,Empleado_Informal,ENPOVE_2022
1,32.0,1,2,6.0,13.0, , ,1,11.0,11.0,0.0,9,2,Empleado_Informal,ENPOVE_2022
2,46.0,1,2,6.0,13.0, , ,1,11.0,11.0,0.0,9,3,Empleado_Informal,ENPOVE_2022
1,23.0,1,2,10.0,13.0,1,2,1,16.0,16.0,0.0,2,1,Empleado_Informal,ENPOVE_2022
2,21.0,1,2,11.0,13.0,2, ,1,18.0,18.0,0.0,9,1,Empleado_Informal,ENPOVE_2022
2,22.0,6,2,5.0,13.0, , ,1,10.0,10.0,0.0,1,1,Empleado_Informal,ENPOVE_2022
1,49.0,2,2,5.0,13.0, , ,1,10.0,10.0,0.0,9,0,Empleado_Informal,ENPOVE_2022
1,37.0,2,2,11.0,13.0,1,1,1,18.0,18.0,0.0,2,0,Empleado_Informal,ENPOVE_2022
2,36.0,2,2,10.0,13.0,1,1,1,16.0,16.0,0.0,2,1,Desempleado,ENPOVE_2022
1,33.0,1,2,6.0,13.0, , ,1,11.0,11.0,0.0,2,3,Empleado_Formal,ENPOVE_2022
1,31.0,1,2,10.0,13.0,1,2,1,16.0,16.0,0.0,2,4,Empleado_Informal,ENPOVE_2022
2,29.0,1,2,8.0,13.0, , ,1,14.0,14.0,0.0,2,4,Empleado_Informal,ENPOVE_2022
2,56.0,6,2,5.0,13.0, , ,1,10.0,10.0,0.0,1,3,Empleado_Informal,ENPOVE_2022
2,40.0,6,2,11.0,13.0,1,2,1,18.0,18.0,0.0,1,4,Empleado_Informal,ENPOVE_2022
1,51.0,1,2,6.0,13.0, , ,1,11.0,11.0,0.0,1,4,Empleado_Informal,ENPOVE_2022
2,52.0,1,2,6.0,13.0, , ,1,11.0,11.0,0.0,2,3,Empleado_Informal,ENPOVE_2022
1,21.0,1,2,6.0,13.0, , ,1,11.0,11.0,0.0,9,2,Empleado_Informal,ENPOVE_2022
1,26.0,1,2,1.0,7.0, , ,1,0.0,12.5,-12.5,4,5,Empleado_Formal,ENPOVE_2022
2,25.0,1,2,1.0,8.0, , ,1,0.0,14.0,-14.0,2,3,Empleado_Formal,ENPOVE_2022
2,25.0,6,2,6.0,13.0, , ,1,11.0,11.0,0.0,2,4,Empleado_Informal,ENPOVE_2022
1,43.0,2,2,1.0,11.0, , ,1,0.0,19.0,-19.0,2,6,Empleado_Formal,ENPOVE_2022
2,37.0,6,2,6.0,13.0, , ,1,11.0,11.0,0.0,2,5,Empleado_Informal,ENPOVE_2022
2,20.0,6,2,1.0,6.0, , ,1,0.0,11.0,-11.0,1,4,Empleado_Informal,ENPOVE_2022
1,36.0,6,2,8.0,13.0, , ,1,14.0,14.0,0.0,2,4,Empleado_Informal,ENPOVE_2022
1,30.0,6,2,10.0,13.0,1,2,1,16.0,16.0,0.0,2,4,Empleado_Informal,ENPOVE_2022
1,22.0,6,2,6.0,13.0, , ,1,11.0,11.0,0.0,1,3,Empleado_Informal,ENPOVE_2022
1,22.0,6,2,8.0,13.0, , ,1,14.0,14.0,0.0,1,4,Empleado_Informal,ENPOVE_2022
2,27.0,2,2,6.0,13.0, , ,1,11.0,11.0,0.0,1,3,Empleado_Informal,ENPOVE_2022
1,27.0,6,2,5.0,13.0, , ,1,10.0,10.0,0.0,2,4,Empleado_Informal,ENPOVE_2022
1,54.0,1,2,6.0,13.0, , ,1,11.0,11.0,0.0,2,5,Empleado_Informal,ENPOVE_2022
2,47.0,1,2,8.0,13.0, , ,1,14.0,14.0,0.0,2,4,Empleado_Formal,ENPOVE_2022
1,16.0,6,2,1.0,5.0, , ,1,0.0,8.5,-8.5,2,4,Empleado_Informal,ENPOVE_2022
1,34.0,1,2,8.0,13.0, , ,1,14.0,14.0,0.0,2,4,Empleado_Informal,ENPOVE_2022
1,63.0,2,2,5.0,13.0, , ,1,10.0,10.0,0.0,1,3,Desempleado,ENPOVE_2022
1,23.0,6,2,9.0,13.0, , ,1,13.5,13.5,0.0,9,3,Empleado_Informal,ENPOVE_2022
1,28.0,1,2,6.0,13.0, , ,1,11.0,11.0,0.0,2,4,Empleado_Informal,ENPOVE_2022
2,31.0,1,2,6.0,13.0, , ,1,11.0,11.0,0.0,2,4,Empleado_Informal,ENPOVE_2022
2,28.0,2,2,6.0,13.0, , ,1,11.0,11.0,0.0,9,1,Empleado_Informal,ENPOVE_2022
2,22.0,1,2,6.0,13.0, , ,1,11.0,11.0,0.0,2,4,Empleado_Informal,ENPOVE_2022
2,55.0,6,2,10.0,13.0,1,2,1,16.0,16.0,0.0,2,3,Empleado_Informal,ENPOVE_2022
1,28.0,6,2,6.0,13.0, , ,1,11.0,11.0,0.0,2,4,Empleado_Informal,ENPOVE_2022
1,31.0,1,2,6.0,13.0, , ,1,11.0,11.0,0.0,1,3,Empleado_Informal,ENPOVE_2022
1,32.0,1,2,6.0,13.0, , ,1,11.0,11.0,0.0,1,3,Empleado_Informal,ENPOVE_2022
2,33.0,1,2,6.0,13.0, , ,1,11.0,11.0,0.0,1,3,Desempleado,ENPOVE_2022
2,50.0,6,2,3.0,13.0, , ,1,4.5,4.5,0.0,2,3,Empleado_Informal,ENPOVE_2022
1,21.0,6,2,5.0,13.0, , ,1,10.0,10.0,0.0,9,1,Empleado_Informal,ENPOVE_2022
1,39.0,1,2,8.0,13.0, , ,1,14.0,14.0,0.0,1,3,Empleado_Informal,ENPOVE_2022
2,31.0,6,2,6.0,13.0, , ,1,11.0,11.0,0.0,9,1,Empleado_Informal,ENPOVE_2022
1,18.0,6,2,6.0,13.0, , ,1,11.0,11.0,0.0,1,3,Empleado_Formal,ENPOVE_2022
2,20.0,6,2,6.0,13.0, , ,1,11.0,11.0,0.0,9,1,Empleado_Informal,ENPOVE_2022
1,43.0,1,2,6.0,13.0, , ,1,11.0,11.0,0.0,2,3,Empleado_Informal,ENPOVE_2022
2,37.0,1,2,7.0,13.0, , ,1,12.5,12.5,0.0,1,5,Empleado_Informal,ENPOVE_2022
2,6.0, ,2,1.0,2.0, , ,1,0.0,0.0,0.0,9,3,Desempleado,ENPOVE_2022
1,51.0,6,2,10.0,13.0,1,2,1,16.0,16.0,0.0,2,3,Empleado_Formal,ENPOVE_2022
1,36.0,6,2,8.0,13.0, , ,1,14.0,14.0,0.0,2,3,Empleado_Formal,ENPOVE_2022
1,33.0,6,2,6.0,13.0, , ,1,11.0,11.0,0.0,1,1,Empleado_Formal,ENPOVE_2022
2,49.0,6,2,8.0,13.0, , ,1,14.0,14.0,0.0,1,1,Empleado_Informal,ENPOVE_2022
2,42.0,2,2,4.0,13.0, , ,1,9.0,9.0,0.0,2,4,Empleado_Informal,ENPOVE_2022
1,23.0,6,2,4.0,13.0, , ,1,9.0,9.0,0.0,2,4,Empleado_Informal,ENPOVE_2022
1,27.0,1,2,6.0,13.0, , ,1,11.0,11.0,0.0,9,3,Empleado_Informal,ENPOVE_2022
2,28.0,1,2,6.0,13.0, , ,1,11.0,11.0,0.0,9,4,Empleado_Informal,ENPOVE_2022
2,23.0,6,2,9.0,13.0, , ,1,13.5,13.5,0.0,1,5,Empleado_Informal,ENPOVE_2022
1,37.0,1,2,6.0,13.0, , ,1,11.0,11.0,0.0,2,4,Empleado_Informal,ENPOVE_2022
2,33.0,1,2,6.0,13.0, , ,1,11.0,11.0,0.0,1,3,Empleado_Informal,ENPOVE_2022
1,49.0,6,2,6.0,13.0, , ,1,11.0,11.0,0.0,2,4,Empleado_Informal,ENPOVE_2022
1,29.0,1,2,6.0,13.0, , ,1,11.0,11.0,0.0,9,4,Empleado_Informal,ENPOVE_2022
2,29.0,1,2,9.0,13.0, , ,1,13.5,13.5,0.0,2,4,Empleado_Informal,ENPOVE_2022
2,32.0,6,2,9.0,13.0, , ,1,13.5,13.5,0.0,2,4,Empleado_Informal,ENPOVE_2022
2,43.0,6,2,6.0,13.0, , ,1,11.0,11.0,0.0,9,4,Empleado_Informal,ENPOVE_2022
2,23.0,6,2,6.0,13.0, , ,1,11.0,11.0,0.0,9,3,Empleado_Informal,ENPOVE_2022
1,41.0,1,2,5.0,13.0, , ,1,10.0,10.0,0.0,9,1,Empleado_Informal,ENPOVE_2022
2,34.0,1,2,6.0,13.0, , ,1,11.0,11.0,0.0,2,1,Desempleado,ENPOVE_2022
2,50.0,6,2,6.0,13.0, , ,1,11.0,11.0,0.0,1,5,Empleado_Informal,ENPOVE_2022
2,25.0,6,2,6.0,13.0, , ,1,11.0,11.0,0.0,2,5,Empleado_Informal,ENPOVE_2022
2,46.0,6,2,10.0,13.0,1,2,1,16.0,16.0,0.0,2,1,Empleado_Informal,ENPOVE_2022
2,48.0,3,2,10.0,13.0,1,2,1,16.0,16.0,0.0,2,4,Empleado_Informal,ENPOVE_2022
2,22.0,6,2,4.0,13.0, , ,1,9.0,9.0,0.0,2,4,Empleado_Informal,ENPOVE_2022
2,29.0,1,2,8.0,13.0, , ,1,14.0,14.0,0.0,2,4,Empleado_Informal,ENPOVE_2022
2,28.0,1,2,8.0,13.0, , ,1,14.0,14.0,0.0,2,3,Empleado_Informal,ENPOVE_2022
1,42.0,1,2,6.0,13.0, , ,1,11.0,11.0,0.0,2,5,Empleado_Informal,ENPOVE_2022
2,33.0,6,2,6.0,13.0, , ,1,11.0,11.0,0.0,9,1,Empleado_Informal,ENPOVE_2022
1,29.0,1,2,4.0,13.0, , ,1,9.0,9.0,0.0,2,4,Empleado_Informal,ENPOVE_2022
1,50.0,2,2,5.0,13.0, , ,1,10.0,10.0,0.0,9,4,Empleado_Informal,ENPOVE_2022
2,30.0,6,2,9.0,13.0, , ,1,13.5,13.5,0.0,9,5,Empleado_Informal,ENPOVE_2022
1,25.0,6,2,9.0,13.0, , ,1,13.5,13.5,0.0,9,3,Desempleado,ENPOVE_2022
1,23.0,1,2,5.0,13.0, , ,1,10.0,10.0,0.0,9,3,Empleado_Informal,ENPOVE_2022
1,24.0,1,2,5.0,13.0, , ,1,10.0,10.0,0.0,2,4,Empleado_Informal,ENPOVE_2022
2,46.0,6,2,3.0,13.0, , ,1,4.5,4.5,0.0,9,1,Empleado_Informal,ENPOVE_2022
1,18.0,6,2,3.0,13.0, , ,1,4.5,4.5,0.0,1,1,Empleado_Informal,ENPOVE_2022
1,31.0,2,2,6.0,13.0, , ,1,11.0,11.0,0.0,2,4,Empleado_Informal,ENPOVE_2022
1,26.0,1,2,4.0,13.0, , ,1,9.0,9.0,0.0,1,4,Empleado_Informal,ENPOVE_2022
2,28.0,1,2,4.0,13.0, , ,1,9.0,9.0,0.0,9,3,Desempleado,ENPOVE_2022
2,35.0,6,2,8.0,13.0, , ,1,14.0,14.0,0.0,2,4,Empleado_Informal,ENPOVE_2022
1,26.0,1,2,6.0,13.0, , ,1,11.0,11.0,0.0,9,4,Empleado_Informal,ENPOVE_2022
1,22.0,1,2,3.0,13.0, , ,1,4.5,4.5,0.0,9,1,Empleado_Informal,ENPOVE_2022
2,18.0,1,2,4.0,13.0, , ,1,9.0,9.0,0.0,9,1,Desempleado,ENPOVE_2022
2,19.0,6,2,4.0,13.0, , ,1,9.0,9.0,0.0,9,2,Empleado_Informal,ENPOVE_2022
1,29.0,1,2,8.0,13.0, , ,1,14.0,14.0,0.0,2,3,Empleado_Formal,ENPOVE_2022
1,45.0,1,2,10.0,13.0,1,1,1,16.0,16.0,0.0,1,2,Empleado_Informal,ENPOVE_2022
2,20.0,1,2,9.0,13.0, , ,1,13.5,13.5,0.0,9,2,Empleado_Informal,ENPOVE_2022
1,25.0,1,2,6.0,13.0, , ,1,11.0,11.0,0.0,9,2,Empleado_Informal,ENPOVE_2022
1,27.0,1,2,8.0,13.0, , ,1,14.0,14.0,0.0,2,4,Empleado_Formal,ENPOVE_2022
1,46.0,1,2,8.0,13.0, , ,1,14.0,14.0,0.0,2,3,Empleado_Formal,ENPOVE_2022
1,30.0,6,2,7.0,13.0, , ,1,12.5,12.5,0.0,2,4,Empleado_Formal,ENPOVE_2022
1,25.0,1,2,4.0,13.0, , ,1,9.0,9.0,0.0,9,4,Empleado_Informal,ENPOVE_2022
2,22.0,1,2,8.0,13.0, , ,1,14.0,14.0,0.0,9,4,Empleado_Informal,ENPOVE_2022
1,27.0,1,2,9.0,13.0, , ,1,13.5,13.5,0.0,9,3,Empleado_Informal,ENPOVE_2022
2,35.0,1,2,10.0,13.0,1,2,1,16.0,16.0,0.0,9,4,Empleado_Informal,ENPOVE_2022
1,56.0,4,2,5.0,13.0, , ,1,10.0,10.0,0.0,9,1,Empleado_Formal,ENPOVE_2022
1,26.0,6,2,5.0,13.0, , ,1,10.0,10.0,0.0,9,1,Empleado_Informal,ENPOVE_2022
2,28.0,6,2,8.0,13.0, , ,1,14.0,14.0,0.0,2,3,Empleado_Formal,ENPOVE_2022
1,14.0,6,2,1.0,5.0, , ,1,0.0,8.5,-8.5,9,3,Desempleado,ENPOVE_2022
1,68.0,1,2,4.0,13.0, , ,1,9.0,9.0,0.0,1,1,Desempleado,ENPOVE_2022
2,58.0,1,2,5.0,13.0, , ,1,10.0,10.0,0.0,1,1,Desempleado,ENPOVE_2022
2,33.0,1,2,6.0,13.0, , ,1,11.0,11.0,0.0,1,1,Empleado_Informal,ENPOVE_2022
1,33.0,1,2,6.0,13.0, , ,1,11.0,11.0,0.0,1,3,Empleado_Formal,ENPOVE_2022
1,60.0,1,2,8.0,13.0, , ,1,14.0,14.0,0.0,1,2,Desempleado,ENPOVE_2022
1,18.0,6,2,6.0,13.0, , ,1,11.0,11.0,0.0,9,2,Empleado_Informal,ENPOVE_2022
1,44.0,1,2,5.0,13.0, , ,1,10.0,10.0,0.0,2,3,Empleado_Informal,ENPOVE_2022
2,36.0,1,2,10.0,13.0,1,2,1,16.0,16.0,0.0,2,3,Desempleado,ENPOVE_2022
1,43.0,1,2,8.0,13.0, , ,1,14.0,14.0,0.0,2,5,Desempleado,ENPOVE_2022
2,41.0,1,2,8.0,13.0, , ,1,14.0,14.0,0.0,1,5,Empleado_Formal,ENPOVE_2022
1,29.0,1,2,6.0,13.0, , ,1,11.0,11.0,0.0,1,4,Empleado_Informal,ENPOVE_2022
1,30.0,1,2,6.0,13.0, , ,1,11.0,11.0,0.0,9,3,Empleado_Informal,ENPOVE_2022
2,26.0,1,2,6.0,13.0, , ,1,11.0,11.0,0.0,1,3,Desempleado,ENPOVE_2022
2,39.0,1,2,10.0,13.0,1,2,1,16.0,16.0,0.0,9,4,Empleado_Informal,ENPOVE_2022
1,15.0,6,2,1.0,5.0, , ,1,0.0,8.5,-8.5,9,4,Empleado_Informal,ENPOVE_2022
2,17.0,6,2,5.0,13.0, , ,1,10.0,10.0,0.0,9,1,Empleado_Informal,ENPOVE_2022
1,26.0,6,2,6.0,13.0, , ,1,11.0,11.0,0.0,9,1,Desempleado,ENPOVE_2022
1,17.0,6,2,5.0,13.0, , ,1,10.0,10.0,0.0,9,1,Empleado_Informal,ENPOVE_2022
1,47.0,1,2,6.0,13.0, , ,1,11.0,11.0,0.0,9,4,Empleado_Informal,ENPOVE_2022
2,36.0,1,2,6.0,13.0, , ,1,11.0,11.0,0.0,9,3,Empleado_Informal,ENPOVE_2022
2,37.0,2,2,10.0,13.0,1,2,1,16.0,16.0,0.0,1,1,Empleado_Informal,ENPOVE_2022
2,29.0,1,2,6.0,13.0, , ,1,11.0,11.0,0.0,9,3,Empleado_Informal,ENPOVE_2022
1,31.0,1,2,6.0,13.0, , ,1,11.0,11.0,0.0,1,4,Empleado_Informal,ENPOVE_2022
1,44.0,2,2,10.0,13.0,1,2,1,16.0,16.0,0.0,1,4,Empleado_Informal,ENPOVE_2022
2,29.0,1,2,10.0,13.0,1,2,1,16.0,16.0,0.0,1,3,Empleado_Informal,ENPOVE_2022
2,28.0,1,2,5.0,13.0, , ,1,10.0,10.0,0.0,2,3,Empleado_Informal,ENPOVE_2022
1,53.0,5,2,9.0,13.0, , ,1,13.5,13.5,0.0,9,3,Desempleado,ENPOVE_2022
2,23.0,6,2,6.0,13.0, , ,1,11.0,11.0,0.0,9,3,Empleado_Informal,ENPOVE_2022
1,33.0,2,2,5.0,13.0, , ,1,10.0,10.0,0.0,2,4,Empleado_Informal,ENPOVE_2022
1,16.0,6,2,1.0,5.0, , ,1,0.0,8.5,-8.5,2,3,Empleado_Informal,ENPOVE_2022
2,47.0,1,2,8.0,13.0, , ,1,14.0,14.0,0.0,2,3,Empleado_Informal,ENPOVE_2022
2,24.0,6,2,6.0,13.0, , ,1,11.0,11.0,0.0,1,3,Empleado_Informal,ENPOVE_2022
1,29.0,1,2,6.0,13.0, , ,1,11.0,11.0,0.0,2,3,Empleado_Informal,ENPOVE_2022
2,28.0,1,2,8.0,13.0, , ,1,14.0,14.0,0.0,1,2,Empleado_Informal,ENPOVE_2022
1,34.0,1,2,5.0,13.0, , ,1,10.0,10.0,0.0,2,3,Empleado_Informal,ENPOVE_2022
1,31.0,2,2,8.0,13.0, , ,1,14.0,14.0,0.0,2,3,Empleado_Formal,ENPOVE_2022
2,27.0,2,2,9.0,13.0, , ,1,13.5,13.5,0.0,2,3,Empleado_Formal,ENPOVE_2022
1,35.0,1,2,6.0,13.0, , ,1,11.0,11.0,0.0,4,6,Empleado_Formal,ENPOVE_2022
2,34.0,1,2,10.0,13.0,1,2,1,16.0,16.0,0.0,2,5,Empleado_Informal,ENPOVE_2022
1,35.0,2,2,8.0,13.0, , ,1,14.0,14.0,0.0,2,4,Desempleado,ENPOVE_2022
2,39.0,2,2,8.0,13.0, , ,1,14.0,14.0,0.0,2,3,Desempleado,ENPOVE_2022
2,26.0,1,2,9.0,13.0, , ,1,13.5,13.5,0.0,1,3,Desempleado,ENPOVE_2022
1,36.0,1,2,8.0,13.0, , ,1,14.0,14.0,0.0,2,3,Empleado_Formal,ENPOVE_2022
2,39.0,1,2,8.0,13.0, , ,1,14.0,14.0,0.0,4,5,Empleado_Formal,ENPOVE_2022
2,61.0,1,2,4.0,13.0, , ,1,9.0,9.0,0.0,1,3,Empleado_Informal,ENPOVE_2022
1,19.0,6,2,3.0,13.0, , ,1,4.5,4.5,0.0,1,3,Empleado_Informal,ENPOVE_2022
2,20.0,1,2,4.0,13.0, , ,1,9.0,9.0,0.0,9,1,Empleado_Informal,ENPOVE_2022
2,23.0,1,2,7.0,13.0, , ,1,12.5,12.5,0.0,4,4,Empleado_Formal,ENPOVE_2022
1,24.0,1,2,9.0,13.0, , ,1,13.5,13.5,0.0,2,4,Empleado_Formal,ENPOVE_2022
1,26.0,1,2,4.0,13.0, , ,1,9.0,9.0,0.0,2,4,Empleado_Informal,ENPOVE_2022
1,23.0,1,2,9.0,13.0, , ,1,13.5,13.5,0.0,2,4,Empleado_Formal,ENPOVE_2022
2,23.0,1,2,9.0,13.0, , ,1,13.5,13.5,0.0,2,2,Empleado_Informal,ENPOVE_2022
1,26.0,1,2,9.0,13.0, , ,1,13.5,13.5,0.0,2,4,Empleado_Informal,ENPOVE_2022
2,23.0,1,2,9.0,13.0, , ,1,13.5,13.5,0.0,9,4,Empleado_Informal,ENPOVE_2022
2,22.0,1,2,6.0,13.0, , ,1,11.0,11.0,0.0,2,4,Desempleado,ENPOVE_2022
1,36.0,1,2,6.0,13.0, , ,1,11.0,11.0,0.0,9,3,Empleado_Informal,ENPOVE_2022
2,22.0,1,2,4.0,13.0, , ,1,9.0,9.0,0.0,1,3,Desempleado,ENPOVE_2022
1,45.0,1,2,6.0,13.0, , ,1,11.0,11.0,0.0,2,5,Empleado_Formal,ENPOVE_2022
1,20.0,6,2,6.0,13.0, , ,1,11.0,11.0,0.0,1,3,Empleado_Informal,ENPOVE_2022
1,27.0,1,2,6.0,13.0, , ,1,11.0,11.0,0.0,2,4,Empleado_Informal,ENPOVE_2022
2,27.0,1,2,6.0,13.0, , ,1,11.0,11.0,0.0,2,4,Empleado_Informal,ENPOVE_2022
1,23.0,1,2,8.0,13.0, , ,1,14.0,14.0,0.0,2,4,Empleado_Formal,ENPOVE_2022
1,35.0,1,2,10.0,13.0,2, ,1,16.0,16.0,0.0,2,4,Empleado_Formal,ENPOVE_2022
1,26.0,1,2,8.0,13.0, , ,1,14.0,14.0,0.0,2,5,Empleado_Formal,ENPOVE_2022
2,28.0,1,2,8.0,13.0, , ,1,14.0,14.0,0.0,2,2,Empleado_Formal,ENPOVE_2022
1,23.0,1,2,6.0,13.0, , ,1,11.0,11.0,0.0,2,3,Desempleado,ENPOVE_2022
1,22.0,1,2,6.0,13.0, , ,1,11.0,11.0,0.0,1,1,Empleado_Informal,ENPOVE_2022
2,20.0,1,2,6.0,13.0, , ,1,11.0,11.0,0.0,1,1,Empleado_Informal,ENPOVE_2022
1,19.0,6,2,6.0,13.0, , ,1,11.0,11.0,0.0,9,1,Empleado_Informal,ENPOVE_2022
1,31.0,1,2,6.0,13.0, , ,1,11.0,11.0,0.0,2,4,Empleado_Informal,ENPOVE_2022
1,35.0,6,2,4.0,13.0, , ,1,9.0,9.0,0.0,1,4,Empleado_Informal,ENPOVE_2022
1,45.0,6,2,10.0,13.0,1,2,1,16.0,16.0,0.0,2,3,Empleado_Informal,ENPOVE_2022
1,22.0,6,2,6.0,13.0, , ,1,11.0,11.0,0.0,2,4,Empleado_Informal,ENPOVE_2022
2,30.0,1,2,5.0,13.0, , ,1,10.0,10.0,0.0,2,3,Desempleado,ENPOVE_2022
1,25.0,1,2,9.0,13.0, , ,1,13.5,13.5,0.0,2,4,Empleado_Informal,ENPOVE_2022
2,35.0,6,2,8.0,13.0, , ,1,14.0,14.0,0.0,9,1,Desempleado,ENPOVE_2022
1,16.0,6,2,5.0,13.0, , ,1,10.0,10.0,0.0,9,1,Empleado_Informal,ENPOVE_2022
2,19.0,1,2,6.0,13.0, , ,1,11.0,11.0,0.0,9,1,Empleado_Informal,ENPOVE_2022
1,21.0,1,2,9.0,13.0, , ,1,13.5,13.5,0.0,9,1,Empleado_Informal,ENPOVE_2022
1,31.0,6,2,9.0,13.0, , ,1,13.5,13.5,0.0,2,4,Empleado_Informal,ENPOVE_2022
2,41.0,6,2,8.0,13.0, , ,1,14.0,14.0,0.0,2,5,Empleado_Informal,ENPOVE_2022
2,69.0,4,2,4.0,13.0, , ,1,9.0,9.0,0.0,2,5,Desempleado,ENPOVE_2022
1,18.0,1,2,1.0,6.0, , ,1,0.0,11.0,-11.0,6,4,Empleado_Informal,ENPOVE_2022
1,25.0,6,2,10.0,13.0,1,2,1,16.0,16.0,0.0,1,4,Empleado_Informal,ENPOVE_2022
1,32.0,6,2,6.0,13.0, , ,1,11.0,11.0,0.0,1,4,Empleado_Informal,ENPOVE_2022
1,42.0,6,2,8.0,13.0, , ,1,14.0,14.0,0.0,1,2,Empleado_Informal,ENPOVE_2022
2,30.0,1,2,5.0,13.0, , ,1,10.0,10.0,0.0,2,4,Empleado_Informal,ENPOVE_2022
1,35.0,1,2,6.0,13.0, , ,1,11.0,11.0,0.0,2,4,Empleado_Informal,ENPOVE_2022
2,25.0,6,2,10.0,13.0,1,2,1,16.0,16.0,0.0,2,3,Empleado_Informal,ENPOVE_2022
2,32.0,2,2,8.0,13.0, , ,1,14.0,14.0,0.0,4,4,Empleado_Formal,ENPOVE_2022
1,32.0,2,2,10.0,13.0,1,2,1,16.0,16.0,0.0,2,4,Empleado_Formal,ENPOVE_2022
1,25.0,6,2,7.0,13.0, , ,1,12.5,12.5,0.0,2,3,Empleado_Formal,ENPOVE_2022
2,29.0,6,2,6.0,13.0, , ,1,11.0,11.0,0.0,2,1,Empleado_Formal,ENPOVE_2022
1,19.0,1,2,6.0,13.0, , ,1,11.0,11.0,0.0,9,1,Desempleado,ENPOVE_2022
2,26.0,1,2,6.0,13.0, , ,1,11.0,11.0,0.0,9,1,Desempleado,ENPOVE_2022
1,34.0,6,2,8.0,13.0, , ,1,14.0,14.0,0.0,9,1,Empleado_Informal,ENPOVE_2022
1,27.0,6,2,9.0,13.0, , ,1,13.5,13.5,0.0,9,3,Empleado_Informal,ENPOVE_2022
1,24.0,1,2,3.0,13.0, , ,1,4.5,4.5,0.0,2,4,Empleado_Informal,ENPOVE_2022
2,26.0,1,2,4.0,13.0, , ,1,9.0,9.0,0.0,9,3,Desempleado,ENPOVE_2022
2,52.0,6,2,3.0,13.0, , ,1,4.5,4.5,0.0,1,4,Desempleado,ENPOVE_2022
2,29.0,6,2,10.0,13.0,1,2,1,16.0,16.0,0.0,2,1,Empleado_Informal,ENPOVE_2022
2,35.0,2,2,8.0,13.0, , ,1,14.0,14.0,0.0,2,5,Empleado_Formal,ENPOVE_2022
1,34.0,6,2,10.0,13.0,1,2,1,16.0,16.0,0.0,2,5,Empleado_Formal,ENPOVE_2022
1,45.0,4,2,6.0,13.0, , ,1,11.0,11.0,0.0,1,4,Empleado_Informal,ENPOVE_2022
1,19.0,6,2,4.0,13.0, , ,1,9.0,9.0,0.0,2,3,Empleado_Informal,ENPOVE_2022
2,40.0,2,2,6.0,13.0, , ,1,11.0,11.0,0.0,2,4,Empleado_Formal,ENPOVE_2022
1,26.0,6,2,8.0,13.0, , ,1,14.0,14.0,0.0,2,4,Empleado_Formal,ENPOVE_2022
1,33.0,1,2,10.0,13.0,1,2,1,16.0,16.0,0.0,1,3,Empleado_Informal,ENPOVE_2022
2,20.0,6,2,4.0,13.0, , ,1,9.0,9.0,0.0,9,1,Empleado_Informal,ENPOVE_2022
1,33.0,2,2,9.0,13.0, , ,1,13.5,13.5,0.0,2,3,Empleado_Informal,ENPOVE_2022
1,37.0,2,2,5.0,13.0, , ,1,10.0,10.0,0.0,2,4,Empleado_Informal,ENPOVE_2022
1,49.0,2,2,10.0,13.0,1,2,1,16.0,16.0,0.0,4,2,Empleado_Formal,ENPOVE_2022
2,37.0,2,2,10.0,13.0,1,2,1,16.0,16.0,0.0,1,3,Empleado_Informal,ENPOVE_2022
1,37.0,2,2,10.0,13.0,1,2,1,16.0,16.0,0.0,2,3,Empleado_Informal,ENPOVE_2022
1,18.0,6,2,5.0,13.0, , ,1,10.0,10.0,0.0,1,2,Desempleado,ENPOVE_2022
1,22.0,5,2,10.0,13.0,1,2,1,16.0,16.0,0.0,9,1,Empleado_Informal,ENPOVE_2022
1,33.0,5,2,6.0,13.0, , ,1,11.0,11.0,0.0,9,4,Empleado_Informal,ENPOVE_2022
2,20.0,1,2,6.0,13.0, , ,1,11.0,11.0,0.0,9,3,Desempleado,ENPOVE_2022
1,21.0,6,2,6.0,13.0, , ,1,11.0,11.0,0.0,9,2,Empleado_Informal,ENPOVE_2022
1,25.0,1,2,6.0,13.0, , ,1,11.0,11.0,0.0,9,4,Empleado_Informal,ENPOVE_2022
2,27.0,1,2,6.0,13.0, , ,1,11.0,11.0,0.0,1,4,Empleado_Informal,ENPOVE_2022
1,28.0,6,2,6.0,13.0, , ,1,11.0,11.0,0.0,1,3,Empleado_Informal,ENPOVE_2022
1,49.0,5,2,6.0,13.0, , ,1,11.0,11.0,0.0,9,3,Empleado_Informal,ENPOVE_2022
1,23.0,6,2,5.0,13.0, , ,1,10.0,10.0,0.0,9,4,Empleado_Informal,ENPOVE_2022
1,24.0,1,2,6.0,13.0, , ,1,11.0,11.0,0.0,1,4,Empleado_Formal,ENPOVE_2022
1,43.0,1,2,6.0,13.0, , ,1,11.0,11.0,0.0,2,4,Empleado_Informal,ENPOVE_2022
2,42.0,1,2,5.0,13.0, , ,1,10.0,10.0,0.0,2,4,Empleado_Informal,ENPOVE_2022
1,27.0,1,2,6.0,13.0, , ,1,11.0,11.0,0.0,9,4,Empleado_Informal,ENPOVE_2022
2,38.0,6,2,5.0,13.0, , ,1,10.0,10.0,0.0,9,0,Desempleado,ENPOVE_2022
2,21.0,1,2,6.0,13.0, , ,1,11.0,11.0,0.0,9,4,Empleado_Informal,ENPOVE_2022
1,35.0,1,2,6.0,13.0, , ,1,11.0,11.0,0.0,2,2,Empleado_Informal,ENPOVE_2022
1,29.0,1,2,5.0,13.0, , ,1,10.0,10.0,0.0,9,2,Empleado_Informal,ENPOVE_2022
2,25.0,1,2,5.0,13.0, , ,1,10.0,10.0,0.0,9,1,Empleado_Informal,ENPOVE_2022
1,29.0,6,2,10.0,13.0,1,2,1,16.0,16.0,0.0,2,5,Empleado_Informal,ENPOVE_2022
2,40.0,6,2,3.0,13.0, , ,1,4.5,4.5,0.0,6,4,Desempleado,ENPOVE_2022
1,67.0,4,2,5.0,13.0, , ,1,10.0,10.0,0.0,2,5,Desempleado,ENPOVE_2022
2,22.0,6,2,6.0,13.0, , ,1,11.0,11.0,0.0,2,4,Empleado_Informal,ENPOVE_2022
2,27.0,6,2,9.0,13.0, , ,1,13.5,13.5,0.0,2,4,Empleado_Informal,ENPOVE_2022
2,22.0,6,2,6.0,13.0, , ,1,11.0,11.0,0.0,2,4,Empleado_Informal,ENPOVE_2022
1,26.0,1,2,6.0,13.0, , ,1,11.0,11.0,0.0,9,1,Empleado_Informal,ENPOVE_2022
2,24.0,1,2,6.0,13.0, , ,1,11.0,11.0,0.0,9,1,Empleado_Informal,ENPOVE_2022
2,74.0,4,2,5.0,13.0, , ,1,10.0,10.0,0.0,9,1,Desempleado,ENPOVE_2022
2,51.0,2,2,6.0,13.0, , ,1,11.0,11.0,0.0,9,1,Empleado_Informal,ENPOVE_2022
1,59.0,2,2,10.0,13.0,1,1,1,16.0,16.0,0.0,4,4,Empleado_Formal,ENPOVE_2022
2,24.0,6,2,1.0,10.0, , ,1,0.0,16.0,-16.0,4,5,Empleado_Informal,ENPOVE_2022
1,23.0,1,2,7.0,13.0, , ,1,12.5,12.5,0.0,2,5,Empleado_Informal,ENPOVE_2022
2,22.0,1,2,9.0,13.0, , ,1,13.5,13.5,0.0,1,2,Empleado_Informal,ENPOVE_2022
1,28.0,1,2,6.0,13.0, , ,1,11.0,11.0,0.0,9,4,Empleado_Informal,ENPOVE_2022
2,40.0,6,2,10.0,13.0,1,2,1,16.0,16.0,0.0,9,3,Empleado_Informal,ENPOVE_2022
2,37.0,2,2,10.0,13.0,1,2,1,16.0,16.0,0.0,2,5,Empleado_Informal,ENPOVE_2022
2,39.0,1,2,8.0,13.0, , ,1,14.0,14.0,0.0,1,1,Empleado_Informal,ENPOVE_2022
2,23.0,1,2,6.0,13.0, , ,1,11.0,11.0,0.0,1,3,Empleado_Informal,ENPOVE_2022
1,27.0,6,2,10.0,13.0,1,2,1,16.0,16.0,0.0,2,4,Empleado_Formal,ENPOVE_2022
2,21.0,6,2,9.0,13.0, , ,1,13.5,13.5,0.0,9,1,Empleado_Informal,ENPOVE_2022
1,32.0,2,2,6.0,13.0, , ,1,11.0,11.0,0.0,9,4,Empleado_Informal,ENPOVE_2022
2,25.0,2,2,6.0,13.0, , ,1,11.0,11.0,0.0,9,4,Desempleado,ENPOVE_2022
2,55.0,1,2,5.0,13.0, , ,1,10.0,10.0,0.0,2,4,Empleado_Informal,ENPOVE_2022
1,29.0,1,2,8.0,13.0, , ,1,14.0,14.0,0.0,1,2,Empleado_Informal,ENPOVE_2022
1,34.0,2,2,9.0,13.0, , ,1,13.5,13.5,0.0,2,4,Empleado_Informal,ENPOVE_2022
2,38.0,2,2,6.0,13.0, , ,1,11.0,11.0,0.0,2,3,Empleado_Formal,ENPOVE_2022
1,59.0,2,2,10.0,13.0,1,2,1,16.0,16.0,0.0,9,1,Desempleado,ENPOVE_2022
1,29.0,1,2,6.0,13.0, , ,1,11.0,11.0,0.0,9,4,Empleado_Informal,ENPOVE_2022
1,21.0,6,2,6.0,13.0, , ,1,11.0,11.0,0.0,9,1,Empleado_Informal,ENPOVE_2022
1,27.0,1,2,10.0,13.0,2, ,1,16.0,16.0,0.0,9,0,Empleado_Informal,ENPOVE_2022
1,28.0,1,2,6.0,13.0, , ,1,11.0,11.0,0.0,9,4,Empleado_Informal,ENPOVE_2022
2,20.0,1,2,5.0,13.0, , ,1,10.0,10.0,0.0,9,3,Desempleado,ENPOVE_2022
1,32.0,1,2,6.0,13.0, , ,1,11.0,11.0,0.0,9,4,Empleado_Informal,ENPOVE_2022
2,35.0,1,2,7.0,13.0, , ,1,12.5,12.5,0.0,9,4,Desempleado,ENPOVE_2022
1,16.0,6,2,1.0,6.0, , ,1,0.0,11.0,-11.0,9,4,Desempleado,ENPOVE_2022
1,45.0,2,2,5.0,13.0, , ,1,10.0,10.0,0.0,9,1,Empleado_Informal,ENPOVE_2022
1,31.0,1,2,9.0,13.0, , ,1,13.5,13.5,0.0,9,4,Empleado_Informal,ENPOVE_2022
2,21.0,6,2,6.0,13.0, , ,1,11.0,11.0,0.0,9,3,Empleado_Informal,ENPOVE_2022
1,57.0,2,2,8.0,13.0, , ,1,14.0,14.0,0.0,2,4,Empleado_Formal,ENPOVE_2022
1,22.0,6,2,6.0,13.0, , ,1,11.0,11.0,0.0,2,4,Desempleado,ENPOVE_2022
1,22.0,6,2,5.0,13.0, , ,1,10.0,10.0,0.0,2,4,Empleado_Informal,ENPOVE_2022
1,37.0,2,2,8.0,13.0, , ,1,14.0,14.0,0.0,2,4,Empleado_Formal,ENPOVE_2022
1,29.0,1,2,10.0,13.0,1,2,1,16.0,16.0,0.0,2,4,Empleado_Formal,ENPOVE_2022
2,22.0,1,2,7.0,13.0, , ,1,12.5,12.5,0.0,2,4,Empleado_Formal,ENPOVE_2022
1,30.0,6,2,10.0,13.0,1,2,1,16.0,16.0,0.0,2,4,Empleado_Formal,ENPOVE_2022
2,33.0,6,2,10.0,13.0,1,2,1,16.0,16.0,0.0,2,4,Empleado_Formal,ENPOVE_2022
2,22.0,1,2,6.0,13.0, , ,1,11.0,11.0,0.0,2,4,Empleado_Informal,ENPOVE_2022
2,24.0,1,2,9.0,13.0, , ,1,13.5,13.5,0.0,1,4,Empleado_Informal,ENPOVE_2022
1,22.0,1,2,6.0,13.0, , ,1,11.0,11.0,0.0,2,4,Empleado_Informal,ENPOVE_2022
2,48.0,1,2,6.0,13.0, , ,1,11.0,11.0,0.0,9,1,Desempleado,ENPOVE_2022
1,46.0,1,2,4.0,13.0, , ,1,9.0,9.0,0.0,9,1,Empleado_Informal,ENPOVE_2022
1,20.0,1,2,5.0,13.0, , ,1,10.0,10.0,0.0,9,1,Desempleado,ENPOVE_2022
2,30.0,1,2,3.0,13.0, , ,1,4.5,4.5,0.0,9,1,Desempleado,ENPOVE_2022
1,14.0,6,2,3.0,13.0, , ,1,4.5,4.5,0.0,9,1,Empleado_Informal,ENPOVE_2022
1,26.0,6,2,6.0,13.0, , ,1,11.0,11.0,0.0,9,3,Empleado_Informal,ENPOVE_2022
1,27.0,1,2,6.0,13.0, , ,1,11.0,11.0,0.0,9,2,Empleado_Informal,ENPOVE_2022
1,36.0,1,2,6.0,13.0, , ,1,11.0,11.0,0.0,9,2,Empleado_Informal,ENPOVE_2022
1,36.0,6,2,5.0,13.0, , ,1,10.0,10.0,0.0,9,3,Empleado_Informal,ENPOVE_2022
2,18.0,1,2,5.0,13.0, , ,1,10.0,10.0,0.0,9,1,Desempleado,ENPOVE_2022
1,39.0,1,2,5.0,13.0, , ,1,10.0,10.0,0.0,9,1,Empleado_Informal,ENPOVE_2022
2,15.0,6,2,5.0,13.0, , ,1,10.0,10.0,0.0,9,1,Desempleado,ENPOVE_2022
2,46.0,6,2,10.0,13.0,1,2,1,16.0,16.0,0.0,9,2,Empleado_Informal,ENPOVE_2022
2,21.0,6,2,6.0,13.0, , ,1,11.0,11.0,0.0,9,2,Empleado_Informal,ENPOVE_2022
2,18.0,1,2,1.0,5.0, , ,1,0.0,8.5,-8.5,9,3,Empleado_Informal,ENPOVE_2022
2,22.0,6,2,10.0,13.0,1,2,1,16.0,16.0,0.0,2,4,Empleado_Formal,ENPOVE_2022
1,31.0,6,2,8.0,13.0, , ,1,14.0,14.0,0.0,2,5,Empleado_Informal,ENPOVE_2022
2,52.0,1,2,6.0,13.0, , ,1,11.0,11.0,0.0,2,4,Empleado_Informal,ENPOVE_2022
1,36.0,6,2,5.0,13.0, , ,1,10.0,10.0,0.0,9,1,Empleado_Informal,ENPOVE_2022
1,26.0,2,2,5.0,13.0, , ,1,10.0,10.0,0.0,1,4,Empleado_Informal,ENPOVE_2022
2,27.0,2,2,6.0,13.0, , ,1,11.0,11.0,0.0,1,4,Desempleado,ENPOVE_2022
2,28.0,6,2,10.0,13.0,1,2,1,16.0,16.0,0.0,1,3,Empleado_Informal,ENPOVE_2022
1,42.0,1,2,6.0,13.0, , ,1,11.0,11.0,0.0,1,3,Empleado_Informal,ENPOVE_2022
2,26.0,6,2,10.0,13.0,1,2,1,16.0,16.0,0.0,1,3,Empleado_Informal,ENPOVE_2022
1,57.0,2,2,10.0,13.0,1,1,1,16.0,16.0,0.0,2,4,Empleado_Informal,ENPOVE_2022
2,47.0,2,2,11.0,13.0,1,1,1,18.0,18.0,0.0,2,4,Empleado_Formal,ENPOVE_2022
1,27.0,6,2,10.0,13.0,1,1,1,16.0,16.0,0.0,2,4,Empleado_Formal,ENPOVE_2022
1,23.0,6,2,9.0,13.0, , ,1,13.5,13.5,0.0,2,3,Empleado_Informal,ENPOVE_2022
2,54.0,6,2,4.0,13.0, , ,1,9.0,9.0,0.0,1,3,Empleado_Informal,ENPOVE_2022
1,40.0,2,2,10.0,13.0,1,2,1,16.0,16.0,0.0,2,5,Empleado_Informal,ENPOVE_2022
1,19.0,6,2,1.0,6.0, , ,1,0.0,11.0,-11.0,2,4,Empleado_Formal,ENPOVE_2022
1,27.0,1,2,10.0,13.0,1,2,1,16.0,16.0,0.0,2,4,Desempleado,ENPOVE_2022
2,26.0,1,2,10.0,13.0,2, ,1,16.0,16.0,0.0,2,4,Empleado_Informal,ENPOVE_2022
2,48.0,5,2,10.0,13.0,2, ,1,16.0,16.0,0.0,2,4,Empleado_Informal,ENPOVE_2022
1,24.0,6,2,6.0,13.0, , ,1,11.0,11.0,0.0,9,3,Desempleado,ENPOVE_2022
1,25.0,6,2,6.0,13.0, , ,1,11.0,11.0,0.0,9,3,Empleado_Informal,ENPOVE_2022
2,51.0,6,2,6.0,13.0, , ,1,11.0,11.0,0.0,9,1,Empleado_Informal,ENPOVE_2022
2,26.0,1,2,9.0,13.0, , ,1,13.5,13.5,0.0,9,1,Empleado_Informal,ENPOVE_2022
2,23.0,1,2,5.0,13.0, , ,1,10.0,10.0,0.0,9,3,Desempleado,ENPOVE_2022
1,20.0,6,2,5.0,13.0, , ,1,10.0,10.0,0.0,9,2,Empleado_Informal,ENPOVE_2022
1,21.0,6,2,6.0,13.0, , ,1,11.0,11.0,0.0,2,4,Desempleado,ENPOVE_2022
1,20.0,1,2,6.0,13.0, , ,1,11.0,11.0,0.0,9,1,Empleado_Informal,ENPOVE_2022
2,32.0,6,2,6.0,13.0, , ,1,11.0,11.0,0.0,2,5,Empleado_Informal,ENPOVE_2022
1,60.0,1,2,6.0,13.0, , ,1,11.0,11.0,0.0,9,3,Empleado_Formal,ENPOVE_2022
1,44.0,2,2,5.0,13.0, , ,1,10.0,10.0,0.0,9,3,Empleado_Informal,ENPOVE_2022
1,43.0,2,2,10.0,13.0,1,2,1,16.0,16.0,0.0,2,4,Empleado_Informal,ENPOVE_2022
1,27.0,1,2,4.0,13.0, , ,1,9.0,9.0,0.0,9,3,Empleado_Informal,ENPOVE_2022
2,20.0,1,2,6.0,13.0, , ,1,11.0,11.0,0.0,9,1,Empleado_Informal,ENPOVE_2022
1,18.0,6,2,1.0,5.0, , ,1,0.0,8.5,-8.5,2,4,Empleado_Informal,ENPOVE_2022
1,29.0,1,2,6.0,13.0, , ,1,11.0,11.0,0.0,9,4,Empleado_Informal,ENPOVE_2022
1,25.0,1,2,6.0,13.0, , ,1,11.0,11.0,0.0,9,2,Empleado_Informal,ENPOVE_2022
2,52.0,3,2,5.0,13.0, , ,1,10.0,10.0,0.0,9,3,Empleado_Informal,ENPOVE_2022
1,14.0,6,2,4.0,13.0, , ,1,9.0,9.0,0.0,9,3,Empleado_Formal,ENPOVE_2022
1,27.0,6,2,5.0,13.0, , ,1,10.0,10.0,0.0,9,4,Desempleado,ENPOVE_2022
1,32.0,2,2,8.0,13.0, , ,1,14.0,14.0,0.0,2,4,Empleado_Informal,ENPOVE_2022
2,25.0,6,2,6.0,13.0, , ,1,11.0,11.0,0.0,9,3,Empleado_Informal,ENPOVE_2022
1,24.0,6,2,6.0,13.0, , ,1,11.0,11.0,0.0,9,2,Empleado_Informal,ENPOVE_2022
2,40.0,1,2,5.0,13.0, , ,1,10.0,10.0,0.0,1,3,Empleado_Informal,ENPOVE_2022
1,34.0,1,2,10.0,13.0,2, ,1,16.0,16.0,0.0,2,4,Empleado_Formal,ENPOVE_2022
1,31.0,1,2,6.0,13.0, , ,1,11.0,11.0,0.0,9,3,Desempleado,ENPOVE_2022
2,33.0,1,2,6.0,13.0, , ,1,11.0,11.0,0.0,1,4,Desempleado,ENPOVE_2022
1,24.0,6,2,9.0,13.0, , ,1,13.5,13.5,0.0,2,4,Empleado_Formal,ENPOVE_2022
1,29.0,2,2,9.0,13.0, , ,1,13.5,13.5,0.0,2,4,Empleado_Informal,ENPOVE_2022
1,32.0,1,2,10.0,13.0,1,2,1,16.0,16.0,0.0,2,4,Empleado_Formal,ENPOVE_2022
2,26.0,1,2,8.0,13.0, , ,1,14.0,14.0,0.0,2,5,Desempleado,ENPOVE_2022
1,28.0,2,2,9.0,13.0, , ,1,13.5,13.5,0.0,9,3,Empleado_Informal,ENPOVE_2022
1,25.0,1,2,10.0,13.0,1,2,1,16.0,16.0,0.0,1,5,Empleado_Informal,ENPOVE_2022
1,26.0,1,2,6.0,13.0, , ,1,11.0,11.0,0.0,9,4,Empleado_Informal,ENPOVE_2022
1,30.0,6,2,6.0,13.0, , ,1,11.0,11.0,0.0,1,3,Empleado_Informal,ENPOVE_2022
1,29.0,2,2,8.0,13.0, , ,1,14.0,14.0,0.0,9,3,Empleado_Informal,ENPOVE_2022
2,33.0,1,2,6.0,13.0, , ,1,11.0,11.0,0.0,9,3,Empleado_Informal,ENPOVE_2022
1,18.0,6,2,9.0,13.0, , ,1,13.5,13.5,0.0,9,1,Empleado_Informal,ENPOVE_2022
1,25.0,1,2,7.0,13.0, , ,1,12.5,12.5,0.0,9,4,Empleado_Informal,ENPOVE_2022
1,28.0,1,2,6.0,13.0, , ,1,11.0,11.0,0.0,9,4,Empleado_Informal,ENPOVE_2022
1,24.0,1,2,5.0,13.0, , ,1,10.0,10.0,0.0,9,3,Desempleado,ENPOVE_2022
2,41.0,1,2,4.0,13.0, , ,1,9.0,9.0,0.0,9,1,Empleado_Informal,ENPOVE_2022
2,18.0,6,2,5.0,13.0, , ,1,10.0,10.0,0.0,9,3,Empleado_Informal,ENPOVE_2022
2,20.0,6,2,5.0,13.0, , ,1,10.0,10.0,0.0,1,3,Empleado_Informal,ENPOVE_2022
1,30.0,1,2,8.0,13.0, , ,1,14.0,14.0,0.0,9,3,Empleado_Informal,ENPOVE_2022
2,24.0,1,2,6.0,13.0, , ,1,11.0,11.0,0.0,9,3,Empleado_Informal,ENPOVE_2022
1,36.0,1,2,5.0,13.0, , ,1,10.0,10.0,0.0,9,3,Empleado_Informal,ENPOVE_2022
2,55.0,4,2,6.0,13.0, , ,1,11.0,11.0,0.0,9,4,Desempleado,ENPOVE_2022
2,31.0,1,2,8.0,13.0, , ,1,14.0,14.0,0.0,1,1,Desempleado,ENPOVE_2022
1,30.0,6,2,10.0,13.0,1,2,1,16.0,16.0,0.0,2,3,Empleado_Informal,ENPOVE_2022
2,33.0,2,2,10.0,13.0,1,2,1,16.0,16.0,0.0,9,4,Empleado_Informal,ENPOVE_2022
2,33.0,6,2,6.0,13.0, , ,1,11.0,11.0,0.0,9,2,Empleado_Formal,ENPOVE_2022
2,32.0,6,2,10.0,13.0,1,2,1,16.0,16.0,0.0,9,3,Empleado_Informal,ENPOVE_2022
2,26.0,6,2,9.0,13.0, , ,1,13.5,13.5,0.0,2,4,Empleado_Informal,ENPOVE_2022
1,20.0,6,2,6.0,13.0, , ,1,11.0,11.0,0.0,1,3,Empleado_Informal,ENPOVE_2022
1,47.0,2,2,6.0,13.0, , ,1,11.0,11.0,0.0,1,4,Empleado_Informal,ENPOVE_2022
2,22.0,1,2,6.0,13.0, , ,1,11.0,11.0,0.0,1,3,Empleado_Informal,ENPOVE_2022
2,66.0,6,2,5.0,13.0, , ,1,10.0,10.0,0.0,9,2,Desempleado,ENPOVE_2022
2,25.0,1,2,6.0,13.0, , ,1,11.0,11.0,0.0,1,4,Empleado_Informal,ENPOVE_2022
1,31.0,1,2,9.0,13.0, , ,1,13.5,13.5,0.0,1,4,Desempleado,ENPOVE_2022
2,34.0,1,2,10.0,13.0,2, ,1,16.0,16.0,0.0,1,4,Desempleado,ENPOVE_2022
1,22.0,1,2,3.0,13.0, , ,1,4.5,4.5,0.0,1,4,Empleado_Informal,ENPOVE_2022
2,18.0,6,2,5.0,13.0, , ,1,10.0,10.0,0.0,9,2,Empleado_Informal,ENPOVE_2022
2,33.0,6,2,5.0,13.0, , ,1,10.0,10.0,0.0,2,4,Empleado_Formal,ENPOVE_2022
2,26.0,1,2,6.0,13.0, , ,1,11.0,11.0,0.0,9,4,Empleado_Informal,ENPOVE_2022
2,50.0,6,2,6.0,13.0, , ,1,11.0,11.0,0.0,9,1,Desempleado,ENPOVE_2022
1,31.0,1,2,6.0,13.0, , ,1,11.0,11.0,0.0,9,1,Empleado_Informal,ENPOVE_2022
1,51.0,1,2,6.0,13.0, , ,1,11.0,11.0,0.0,2,6,Empleado_Informal,ENPOVE_2022
2,40.0,1,2,6.0,13.0, , ,1,11.0,11.0,0.0,9,3,Desempleado,ENPOVE_2022
1,25.0,1,2,7.0,13.0, , ,1,12.5,12.5,0.0,1,5,Desempleado,ENPOVE_2022
1,44.0,1,2,6.0,13.0, , ,1,11.0,11.0,0.0,2,3,Empleado_Informal,ENPOVE_2022
1,45.0,2,2,6.0,13.0, , ,1,11.0,11.0,0.0,1,3,Desempleado,ENPOVE_2022
2,42.0,2,2,5.0,13.0, , ,1,10.0,10.0,0.0,1,3,Empleado_Informal,ENPOVE_2022
1,18.0,6,2,1.0,6.0, , ,1,0.0,11.0,-11.0,1,3,Empleado_Informal,ENPOVE_2022
2,33.0,2,2,5.0,13.0, , ,1,10.0,10.0,0.0,9,2,Desempleado,ENPOVE_2022
2,22.0,6,2,7.0,13.0, , ,1,12.5,12.5,0.0,9,4,Empleado_Informal,ENPOVE_2022
2,51.0,5,2,4.0,13.0, , ,1,9.0,9.0,0.0,9,3,Empleado_Informal,ENPOVE_2022
2,25.0,6,2,9.0,13.0, , ,1,13.5,13.5,0.0,2,4,Empleado_Informal,ENPOVE_2022
1,23.0,1,2,6.0,13.0, , ,1,11.0,11.0,0.0,2,4,Empleado_Formal,ENPOVE_2022
1,39.0,6,2,6.0,13.0, , ,1,11.0,11.0,0.0,2,4,Empleado_Informal,ENPOVE_2022
2,53.0,6,2,8.0,13.0, , ,1,14.0,14.0,0.0,2,4,Empleado_Informal,ENPOVE_2022
1,20.0,6,2,1.0,6.0, , ,1,0.0,11.0,-11.0,2,4,Empleado_Informal,ENPOVE_2022
2,44.0,3,2,10.0,13.0,1,2,1,16.0,16.0,0.0,2,3,Empleado_Informal,ENPOVE_2022
1,46.0,2,2,6.0,13.0, , ,1,11.0,11.0,0.0,2,4,Empleado_Formal,ENPOVE_2022
1,24.0,6,2,9.0,13.0, , ,1,13.5,13.5,0.0,9,4,Empleado_Formal,ENPOVE_2022
2,21.0,6,2,6.0,13.0, , ,1,11.0,11.0,0.0,9,4,Empleado_Formal,ENPOVE_2022
1,33.0,2,2,6.0,13.0, , ,1,11.0,11.0,0.0,9,3,Empleado_Informal,ENPOVE_2022
2,33.0,2,2,6.0,13.0, , ,1,11.0,11.0,0.0,9,4,Empleado_Informal,ENPOVE_2022
1,59.0,5,2,3.0,13.0, , ,1,4.5,4.5,0.0,9,2,Empleado_Informal,ENPOVE_2022
2,52.0,2,2,6.0,13.0, , ,1,11.0,11.0,0.0,9,1,Empleado_Informal,ENPOVE_2022
2,30.0,1,2,5.0,13.0, , ,1,10.0,10.0,0.0,1,3,Empleado_Informal,ENPOVE_2022
1,24.0,6,2,6.0,13.0, , ,1,11.0,11.0,0.0,9,1,Empleado_Informal,ENPOVE_2022
1,39.0,1,2,6.0,13.0, , ,1,11.0,11.0,0.0,9,3,Empleado_Informal,ENPOVE_2022
2,32.0,1,2,10.0,13.0,1,2,1,16.0,16.0,0.0,9,4,Empleado_Informal,ENPOVE_2022
2,22.0,1,2,6.0,13.0, , ,1,11.0,11.0,0.0,9,2,Empleado_Informal,ENPOVE_2022
1,21.0,1,2,5.0,13.0, , ,1,10.0,10.0,0.0,9,2,Empleado_Informal,ENPOVE_2022
2,34.0,1,2,7.0,13.0, , ,1,12.5,12.5,0.0,9,3,Empleado_Informal,ENPOVE_2022
1,46.0,6,2,4.0,13.0, , ,1,9.0,9.0,0.0,9,0,Empleado_Informal,ENPOVE_2022
1,51.0,6,2,3.0,13.0, , ,1,4.5,4.5,0.0,9,0,Empleado_Informal,ENPOVE_2022
1,28.0,1,2,6.0,13.0, , ,1,11.0,11.0,0.0,9,4,Empleado_Informal,ENPOVE_2022
1,25.0,1,2,8.0,13.0, , ,1,14.0,14.0,0.0,9,4,Empleado_Informal,ENPOVE_2022
1,28.0,6,2,8.0,13.0, , ,1,14.0,14.0,0.0,9,3,Desempleado,ENPOVE_2022
1,52.0,6,2,6.0,13.0, , ,1,11.0,11.0,0.0,9,1,Desempleado,ENPOVE_2022
2,23.0,6,2,7.0,13.0, , ,1,12.5,12.5,0.0,9,1,Desempleado,ENPOVE_2022
1,21.0,1,2,6.0,13.0, , ,1,11.0,11.0,0.0,1,3,Empleado_Informal,ENPOVE_2022
2,28.0,1,2,6.0,13.0, , ,1,11.0,11.0,0.0,9,3,Desempleado,ENPOVE_2022
2,24.0,6,2,8.0,13.0, , ,1,14.0,14.0,0.0,9,3,Empleado_Informal,ENPOVE_2022
2,20.0,6,2,6.0,13.0, , ,1,11.0,11.0,0.0,9,3,Empleado_Informal,ENPOVE_2022
1,55.0,6,2,6.0,13.0, , ,1,11.0,11.0,0.0,9,1,Empleado_Informal,ENPOVE_2022
2,21.0,6,2,6.0,13.0, , ,1,11.0,11.0,0.0,9,1,Empleado_Informal,ENPOVE_2022
1,21.0,6,2,3.0,13.0, , ,1,4.5,4.5,0.0,9,1,Empleado_Informal,ENPOVE_2022
2,26.0,1,2,6.0,13.0, , ,1,11.0,11.0,0.0,9,4,Empleado_Informal,ENPOVE_2022
2,28.0,6,2,6.0,13.0, , ,1,11.0,11.0,0.0,2,4,Empleado_Informal,ENPOVE_2022
1,33.0,1,2,6.0,13.0, , ,1,11.0,11.0,0.0,1,4,Empleado_Informal,ENPOVE_2022
2,28.0,1,2,6.0,13.0, , ,1,11.0,11.0,0.0,1,3,Empleado_Informal,ENPOVE_2022
1,23.0,1,2,7.0,13.0, , ,1,12.5,12.5,0.0,9,3,Empleado_Informal,ENPOVE_2022
1,50.0,6,2,5.0,13.0, , ,1,10.0,10.0,0.0,9,5,Empleado_Informal,ENPOVE_2022
1,36.0,1,2,10.0,13.0,1,2,1,16.0,16.0,0.0,9,3,Empleado_Informal,ENPOVE_2022
1,37.0,1,2,10.0,13.0,1,2,1,16.0,16.0,0.0,2,4,Empleado_Informal,ENPOVE_2022
2,37.0,1,2,6.0,13.0, , ,1,11.0,11.0,0.0,9,1,Empleado_Informal,ENPOVE_2022
1,26.0,1,2,8.0,13.0, , ,1,14.0,14.0,0.0,9,3,Empleado_Informal,ENPOVE_2022
2,28.0,1,2,5.0,13.0, , ,1,10.0,10.0,0.0,9,3,Desempleado,ENPOVE_2022
2,28.0,1,2,5.0,13.0, , ,1,10.0,10.0,0.0,9,0,Desempleado,ENPOVE_2022
1,21.0,1,2,6.0,13.0, , ,1,11.0,11.0,0.0,9,3,Empleado_Informal,ENPOVE_2022
2,15.0,1,2,5.0,13.0, , ,1,10.0,10.0,0.0,9,3,Desempleado,ENPOVE_2022
1,25.0,1,2,6.0,13.0, , ,1,11.0,11.0,0.0,9,3,Empleado_Informal,ENPOVE_2022
1,31.0,1,2,6.0,13.0, , ,1,11.0,11.0,0.0,2,2,Empleado_Formal,ENPOVE_2022
2,20.0,6,2,6.0,13.0, , ,1,11.0,11.0,0.0,9,4,Empleado_Informal,ENPOVE_2022
1,38.0,1,2,6.0,13.0, , ,1,11.0,11.0,0.0,9,4,Empleado_Informal,ENPOVE_2022
1,36.0,2,2,6.0,13.0, , ,1,11.0,11.0,0.0,1,3,Empleado_Informal,ENPOVE_2022
2,38.0,2,2,6.0,13.0, , ,1,11.0,11.0,0.0,9,1,Empleado_Informal,ENPOVE_2022
1,23.0,6,2,5.0,13.0, , ,1,10.0,10.0,0.0,9,1,Empleado_Informal,ENPOVE_2022
1,39.0,2,2,5.0,13.0, , ,1,10.0,10.0,0.0,9,4,Empleado_Formal,ENPOVE_2022
2,32.0,2,2,10.0,13.0,1,2,1,16.0,16.0,0.0,9,4,Empleado_Informal,ENPOVE_2022
1,18.0,6,2,1.0,5.0, , ,1,0.0,8.5,-8.5,9,3,Desempleado,ENPOVE_2022
1,35.0,2,2,10.0,13.0,1,2,1,16.0,16.0,0.0,2,4,Empleado_Informal,ENPOVE_2022
1,31.0,2,2,10.0,13.0,1,2,1,16.0,16.0,0.0,2,3,Desempleado,ENPOVE_2022
2,27.0,6,2,6.0,13.0, , ,1,11.0,11.0,0.0,9,2,Desempleado,ENPOVE_2022
1,38.0,1,2,5.0,13.0, , ,1,10.0,10.0,0.0,2,5,Empleado_Informal,ENPOVE_2022
2,27.0,1,2,7.0,13.0, , ,1,12.5,12.5,0.0,1,4,Empleado_Informal,ENPOVE_2022
2,7.0, ,2,1.0,3.0, , ,1,0.0,3.0,-3.0,9,3,Desempleado,ENPOVE_2022
2,24.0,1,2,10.0,13.0,1,1,1,16.0,16.0,0.0,1,3,Desempleado,ENPOVE_2022
2,23.0,6,2,6.0,13.0, , ,1,11.0,11.0,0.0,9,2,Empleado_Informal,ENPOVE_2022
1,51.0,1,2,4.0,13.0, , ,1,9.0,9.0,0.0,1,2,Empleado_Informal,ENPOVE_2022
2,29.0,1,2,6.0,13.0, , ,1,11.0,11.0,0.0,1,3,Empleado_Informal,ENPOVE_2022
1,22.0,1,2,8.0,13.0, , ,1,14.0,14.0,0.0,1,1,Empleado_Informal,ENPOVE_2022
1,38.0,1,2,5.0,13.0, , ,1,10.0,10.0,0.0,9,2,Empleado_Informal,ENPOVE_2022
1,14.0,6,2,5.0,13.0, , ,1,10.0,10.0,0.0,1,3,Empleado_Informal,ENPOVE_2022
1,46.0,1,2,5.0,13.0, , ,1,10.0,10.0,0.0,9,2,Empleado_Informal,ENPOVE_2022
2,27.0,1,2,10.0,13.0,1,2,1,16.0,16.0,0.0,9,4,Empleado_Informal,ENPOVE_2022
1,24.0,1,2,6.0,13.0, , ,1,11.0,11.0,0.0,1,3,Empleado_Informal,ENPOVE_2022
2,22.0,6,2,6.0,13.0, , ,1,11.0,11.0,0.0,9,3,Desempleado,ENPOVE_2022
1,26.0,1,2,9.0,13.0, , ,1,13.5,13.5,0.0,2,4,Empleado_Informal,ENPOVE_2022
2,22.0,1,2,6.0,13.0, , ,1,11.0,11.0,0.0,9,1,Empleado_Informal,ENPOVE_2022
1,30.0,6,2,5.0,13.0, , ,1,10.0,10.0,0.0,1,5,Empleado_Informal,ENPOVE_2022
2,35.0,6,2,10.0,13.0,1,2,1,16.0,16.0,0.0,6,4,Empleado_Informal,ENPOVE_2022
2,24.0,1,2,6.0,13.0, , ,1,11.0,11.0,0.0,2,4,Empleado_Informal,ENPOVE_2022
1,23.0,1,2,6.0,13.0, , ,1,11.0,11.0,0.0,2,4,Empleado_Informal,ENPOVE_2022
2,27.0,1,2,5.0,13.0, , ,1,10.0,10.0,0.0,1,4,Empleado_Informal,ENPOVE_2022
1,27.0,1,2,6.0,13.0, , ,1,11.0,11.0,0.0,9,1,Empleado_Informal,ENPOVE_2022
2,41.0,2,2,5.0,13.0, , ,1,10.0,10.0,0.0,9,3,Desempleado,ENPOVE_2022
2,40.0,1,2,5.0,13.0, , ,1,10.0,10.0,0.0,9,3,Empleado_Informal,ENPOVE_2022
1,32.0,1,2,8.0,13.0, , ,1,14.0,14.0,0.0,9,3,Empleado_Informal,ENPOVE_2022
1,58.0,6,2,6.0,13.0, , ,1,11.0,11.0,0.0,9,1,Desempleado,ENPOVE_2022
1,33.0,6,2,10.0,13.0,1,2,1,16.0,16.0,0.0,2,4,Empleado_Informal,ENPOVE_2022
2,45.0,1,2,5.0,13.0, , ,1,10.0,10.0,0.0,9,26,Desempleado,ENPOVE_2022
1,31.0,2,2,6.0,13.0, , ,1,11.0,11.0,0.0,9,3,Empleado_Informal,ENPOVE_2022
2,31.0,6,2,5.0,13.0, , ,1,10.0,10.0,0.0,9,3,Empleado_Informal,ENPOVE_2022
2,21.0,1,2,5.0,13.0, , ,1,10.0,10.0,0.0,9,4,Desempleado,ENPOVE_2022
1,53.0,2,2,3.0,13.0, , ,1,4.5,4.5,0.0,9,4,Empleado_Informal,ENPOVE_2022
1,35.0,6,2,6.0,13.0, , ,1,11.0,11.0,0.0,2,4,Desempleado,ENPOVE_2022
1,22.0,1,2,5.0,13.0, , ,1,10.0,10.0,0.0,1,4,Desempleado,ENPOVE_2022
1,26.0,1,2,3.0,13.0, , ,1,4.5,4.5,0.0,9,1,Empleado_Informal,ENPOVE_2022
2,20.0,1,2,5.0,13.0, , ,1,10.0,10.0,0.0,9,1,Empleado_Informal,ENPOVE_2022
1,23.0,1,2,5.0,13.0, , ,1,10.0,10.0,0.0,9,1,Empleado_Informal,ENPOVE_2022
2,54.0,2,2,3.0,13.0, , ,1,4.5,4.5,0.0,9,1,Desempleado,ENPOVE_2022
1,38.0,2,2,10.0,13.0,1,2,1,16.0,16.0,0.0,4,4,Empleado_Informal,ENPOVE_2022
2,37.0,2,2,10.0,13.0,1,2,1,16.0,16.0,0.0,2,4,Empleado_Informal,ENPOVE_2022
1,16.0,6,2,1.0,5.0, , ,1,0.0,8.5,-8.5,4,4,Desempleado,ENPOVE_2022
2,26.0,1,2,6.0,13.0, , ,1,11.0,11.0,0.0,9,1,Empleado_Informal,ENPOVE_2022
1,26.0,1,2,5.0,13.0, , ,1,10.0,10.0,0.0,9,2,Empleado_Informal,ENPOVE_2022
2,19.0,1,2,6.0,13.0, , ,1,11.0,11.0,0.0,9,1,Desempleado,ENPOVE_2022
2,42.0,5,2,10.0,13.0,1,2,1,16.0,16.0,0.0,1,3,Empleado_Informal,ENPOVE_2022
1,31.0,1,2,9.0,13.0, , ,1,13.5,13.5,0.0,1,3,Empleado_Informal,ENPOVE_2022
2,49.0,5,2,8.0,13.0, , ,1,14.0,14.0,0.0,1,3,Empleado_Informal,ENPOVE_2022
2,16.0,6,2,5.0,13.0, , ,1,10.0,10.0,0.0,1,3,Empleado_Informal,ENPOVE_2022
1,34.0,1,2,7.0,13.0, , ,1,12.5,12.5,0.0,1,3,Empleado_Informal,ENPOVE_2022
2,27.0,1,2,6.0,13.0, , ,1,11.0,11.0,0.0,1,1,Empleado_Informal,ENPOVE_2022
2,57.0,5,2,4.0,13.0, , ,1,9.0,9.0,0.0,9,2,Empleado_Informal,ENPOVE_2022
1,45.0,1,2,3.0,13.0, , ,1,4.5,4.5,0.0,9,5,Empleado_Informal,ENPOVE_2022
1,26.0,2,2,9.0,13.0, , ,1,13.5,13.5,0.0,2,5,Empleado_Formal,ENPOVE_2022
2,25.0,2,2,9.0,13.0, , ,1,13.5,13.5,0.0,2,5,Empleado_Formal,ENPOVE_2022
2,19.0,6,2,6.0,13.0, , ,1,11.0,11.0,0.0,1,1,Empleado_Informal,ENPOVE_2022
1,37.0,6,2,9.0,13.0, , ,1,13.5,13.5,0.0,2,5,Empleado_Formal,ENPOVE_2022
2,26.0,1,2,5.0,13.0, , ,1,10.0,10.0,0.0,9,3,Empleado_Informal,ENPOVE_2022
1,28.0,1,2,5.0,13.0, , ,1,10.0,10.0,0.0,9,3,Empleado_Informal,ENPOVE_2022
2,24.0,1,2,5.0,13.0, , ,1,10.0,10.0,0.0,9,3,Desempleado,ENPOVE_2022
1,24.0,1,2,5.0,13.0, , ,1,10.0,10.0,0.0,9,2,Empleado_Informal,ENPOVE_2022
1,22.0,1,2,5.0,13.0, , ,1,10.0,10.0,0.0,9,3,Empleado_Informal,ENPOVE_2022
2,23.0,1,2,6.0,13.0, , ,1,11.0,11.0,0.0,9,3,Empleado_Informal,ENPOVE_2022
1,45.0,5,2,4.0,13.0, , ,1,9.0,9.0,0.0,9,1,Empleado_Informal,ENPOVE_2022
1,15.0,6,2,5.0,13.0, , ,1,10.0,10.0,0.0,9,3,Empleado_Informal,ENPOVE_2022
1,42.0,2,2,6.0,13.0, , ,1,11.0,11.0,0.0,9,4,Empleado_Informal,ENPOVE_2022
2,44.0,2,2,6.0,13.0, , ,1,11.0,11.0,0.0,9,4,Desempleado,ENPOVE_2022
1,12.0,6,2,1.0,5.0, , ,1,0.0,8.5,-8.5,9,4,Desempleado,ENPOVE_2022
1,17.0,6,2,4.0,13.0, , ,1,9.0,9.0,0.0,9,3,Desempleado,ENPOVE_2022
1,13.0,6,2,4.0,13.0, , ,1,9.0,9.0,0.0,9,1,Desempleado,ENPOVE_2022
1,29.0,1,2,5.0,13.0, , ,1,10.0,10.0,0.0,9,0,Empleado_Informal,ENPOVE_2022
2,24.0,5,2,6.0,13.0, , ,1,11.0,11.0,0.0,9,5,Empleado_Informal,ENPOVE_2022
1,41.0,5,2,6.0,13.0, , ,1,11.0,11.0,0.0,9,0,Desempleado,ENPOVE_2022
2,45.0,5,2,8.0,13.0, , ,1,14.0,14.0,0.0,9,0,Empleado_Informal,ENPOVE_2022
2,20.0,1,2,6.0,13.0, , ,1,11.0,11.0,0.0,9,2,Empleado_Informal,ENPOVE_2022
2,20.0,1,2,6.0,13.0, , ,1,11.0,11.0,0.0,9,2,Empleado_Informal,ENPOVE_2022
1,27.0,1,2,5.0,13.0, , ,1,10.0,10.0,0.0,9,0,Empleado_Informal,ENPOVE_2022
1,39.0,1,2,5.0,13.0, , ,1,10.0,10.0,0.0,6,4,Empleado_Informal,ENPOVE_2022
1,25.0,5,2,9.0,13.0, , ,1,13.5,13.5,0.0,1,4,Empleado_Informal,ENPOVE_2022
2,36.0,5,2,11.0,13.0,1,2,1,18.0,18.0,0.0,2,4,Empleado_Informal,ENPOVE_2022
1,25.0,1,2,9.0,13.0, , ,1,13.5,13.5,0.0,1,2,Empleado_Informal,ENPOVE_2022
1,31.0,1,2,4.0,13.0, , ,1,9.0,9.0,0.0,1,4,Empleado_Informal,ENPOVE_2022
2,26.0,1,2,6.0,13.0, , ,1,11.0,11.0,0.0,1,2,Empleado_Informal,ENPOVE_2022
2,30.0,1,2,6.0,13.0, , ,1,11.0,11.0,0.0,9,0,Empleado_Informal,ENPOVE_2022
1,24.0,1,2,9.0,13.0, , ,1,13.5,13.5,0.0,9,4,Empleado_Informal,ENPOVE_2022
2,27.0,5,2,1.0,5.0, , ,1,0.0,8.5,-8.5,9,0,Empleado_Informal,ENPOVE_2022
1,23.0,1,2,6.0,13.0, , ,1,11.0,11.0,0.0,9,0,Empleado_Informal,ENPOVE_2022
1,29.0,1,2,8.0,13.0, , ,1,14.0,14.0,0.0,1,4,Empleado_Informal,ENPOVE_2022
1,55.0,1,2,4.0,13.0, , ,1,9.0,9.0,0.0,9,3,Desempleado,ENPOVE_2022
1,72.0,1,2,3.0,13.0, , ,1,4.5,4.5,0.0,9,5,Empleado_Informal,ENPOVE_2022
2,29.0,1,2,9.0,13.0, , ,1,13.5,13.5,0.0,2,5,Empleado_Formal,ENPOVE_2022
1,27.0,1,2,3.0,13.0, , ,1,4.5,4.5,0.0,2,4,Empleado_Informal,ENPOVE_2022
2,22.0,1,2,5.0,13.0, , ,1,10.0,10.0,0.0,2,4,Desempleado,ENPOVE_2022
1,30.0,6,2,5.0,13.0, , ,1,10.0,10.0,0.0,9,3,Empleado_Informal,ENPOVE_2022
2,18.0,1,2,1.0,6.0, , ,1,0.0,11.0,-11.0,2,3,Desempleado,ENPOVE_2022
1,43.0,2,2,5.0,13.0, , ,1,10.0,10.0,0.0,9,1,Desempleado,ENPOVE_2022
1,31.0,1,2,6.0,13.0, , ,1,11.0,11.0,0.0,1,5,Empleado_Informal,ENPOVE_2022
1,31.0,6,2,4.0,13.0, , ,1,9.0,9.0,0.0,9,3,Empleado_Informal,ENPOVE_2022
2,20.0,1,2,9.0,13.0, , ,1,13.5,13.5,0.0,1,3,Desempleado,ENPOVE_2022
1,39.0,2,2,10.0,13.0,1,2,1,16.0,16.0,0.0,2,4,Empleado_Informal,ENPOVE_2022
1,25.0,1,2,3.0,13.0, , ,1,4.5,4.5,0.0,1,2,Empleado_Informal,ENPOVE_2022
2,39.0,5,2,3.0,13.0, , ,1,4.5,4.5,0.0,1,4,Desempleado,ENPOVE_2022
1,40.0,5,2,4.0,13.0, , ,1,9.0,9.0,0.0,9,1,Empleado_Formal,ENPOVE_2022
1,19.0,1,2,6.0,13.0, , ,1,11.0,11.0,0.0,9,1,Empleado_Informal,ENPOVE_2022
1,27.0,1,2,6.0,13.0, , ,1,11.0,11.0,0.0,1,3,Empleado_Informal,ENPOVE_2022
2,29.0,1,2,10.0,13.0,1,2,1,16.0,16.0,0.0,1,4,Empleado_Informal,ENPOVE_2022
2,23.0,1,2,6.0,13.0, , ,1,11.0,11.0,0.0,9,0,Empleado_Informal,ENPOVE_2022
1,31.0,1,2,10.0,13.0,1,2,1,16.0,16.0,0.0,1,4,Empleado_Informal,ENPOVE_2022
2,35.0,2,2,6.0,13.0, , ,1,11.0,11.0,0.0,1,3,Empleado_Informal,ENPOVE_2022
2,36.0,5,2,5.0,13.0, , ,1,10.0,10.0,0.0,1,2,Desempleado,ENPOVE_2022
2,19.0,1,2,6.0,13.0, , ,1,11.0,11.0,0.0,9,0,Empleado_Informal,ENPOVE_2022
1,22.0,6,2,6.0,13.0, , ,1,11.0,11.0,0.0,9,1,Empleado_Informal,ENPOVE_2022
1,31.0,1,2,5.0,13.0, , ,1,10.0,10.0,0.0,9,4,Desempleado,ENPOVE_2022
1,24.0,6,2,10.0,13.0,1,2,1,16.0,16.0,0.0,1,2,Empleado_Informal,ENPOVE_2022
2,47.0,6,2,5.0,13.0, , ,1,10.0,10.0,0.0,9,2,Empleado_Informal,ENPOVE_2022
1,23.0,1,2,6.0,13.0, , ,1,11.0,11.0,0.0,9,3,Empleado_Informal,ENPOVE_2022
2,20.0,1,2,6.0,13.0, , ,1,11.0,11.0,0.0,9,3,Desempleado,ENPOVE_2022
1,5.0, ,2,1.0,1.0, , ,1,0.0,0.0,0.0,9,3,Desempleado,ENPOVE_2022
1,26.0,2,2,6.0,13.0, , ,1,11.0,11.0,0.0,9,5,Empleado_Informal,ENPOVE_2022
1,45.0,1,2,4.0,13.0, , ,1,9.0,9.0,0.0,9,3,Empleado_Informal,ENPOVE_2022
2,45.0,1,2,5.0,13.0, , ,1,10.0,10.0,0.0,1,2,Empleado_Informal,ENPOVE_2022
1,35.0,1,2,6.0,13.0, , ,1,11.0,11.0,0.0,9,0,Empleado_Informal,ENPOVE_2022
2,30.0,1,2,4.0,13.0, , ,1,9.0,9.0,0.0,9,0,Empleado_Informal,ENPOVE_2022
2,37.0,1,2,6.0,13.0, , ,1,11.0,11.0,0.0,1,3,Empleado_Informal,ENPOVE_2022
1,26.0,1,2,6.0,13.0, , ,1,11.0,11.0,0.0,1,4,Empleado_Informal,ENPOVE_2022
2,19.0,6,2,6.0,13.0, , ,1,11.0,11.0,0.0,1,3,Empleado_Informal,ENPOVE_2022
1,21.0,5,2,9.0,13.0, , ,1,13.5,13.5,0.0,9,3,Empleado_Informal,ENPOVE_2022
1,34.0,1,2,10.0,13.0,1,2,1,16.0,16.0,0.0,2,5,Empleado_Informal,ENPOVE_2022
1,38.0,1,2,4.0,13.0, , ,1,9.0,9.0,0.0,1,3,Empleado_Informal,ENPOVE_2022
2,30.0,1,2,6.0,13.0, , ,1,11.0,11.0,0.0,1,2,Empleado_Informal,ENPOVE_2022
1,19.0,1,2,6.0,13.0, , ,1,11.0,11.0,0.0,9,1,Empleado_Informal,ENPOVE_2022
2,17.0,1,2,6.0,13.0, , ,1,11.0,11.0,0.0,9,1,Desempleado,ENPOVE_2022
1,30.0,5,2,6.0,13.0, , ,1,11.0,11.0,0.0,9,1,Empleado_Informal,ENPOVE_2022
1,33.0,1,2,5.0,13.0, , ,1,10.0,10.0,0.0,9,1,Empleado_Informal,ENPOVE_2022
1,33.0,1,2,4.0,13.0, , ,1,9.0,9.0,0.0,9,3,Empleado_Informal,ENPOVE_2022
1,40.0,6,2,10.0,13.0,1,2,1,16.0,16.0,0.0,9,4,Empleado_Informal,ENPOVE_2022
1,28.0,1,2,6.0,13.0, , ,1,11.0,11.0,0.0,1,3,Empleado_Informal,ENPOVE_2022
2,26.0,1,2,5.0,13.0, , ,1,10.0,10.0,0.0,1,3,Empleado_Informal,ENPOVE_2022
1,29.0,1,2,9.0,13.0, , ,1,13.5,13.5,0.0,9,3,Empleado_Informal,ENPOVE_2022
2,29.0,1,2,6.0,13.0, , ,1,11.0,11.0,0.0,1,4,Empleado_Informal,ENPOVE_2022
1,26.0,1,2,5.0,13.0, , ,1,10.0,10.0,0.0,9,0,Empleado_Informal,ENPOVE_2022
1,31.0,6,2,5.0,13.0, , ,1,10.0,10.0,0.0,9,4,Empleado_Informal,ENPOVE_2022
1,27.0,6,2,6.0,13.0, , ,1,11.0,11.0,0.0,9,0,Desempleado,ENPOVE_2022
1,24.0,1,2,5.0,13.0, , ,1,10.0,10.0,0.0,9,1,Desempleado,ENPOVE_2022
1,44.0,1,2,3.0,13.0, , ,1,4.5,4.5,0.0,9,4,Empleado_Informal,ENPOVE_2022
2,15.0,6,2,5.0,13.0, , ,1,10.0,10.0,0.0,9,1,Desempleado,ENPOVE_2022
2,24.0,1,2,5.0,13.0, , ,1,10.0,10.0,0.0,9,3,Empleado_Informal,ENPOVE_2022
2,26.0,1,2,6.0,13.0, , ,1,11.0,11.0,0.0,9,2,Desempleado,ENPOVE_2022
2,22.0,1,2,8.0,13.0, , ,1,14.0,14.0,0.0,1,1,Empleado_Informal,ENPOVE_2022
2,24.0,6,2,6.0,13.0, , ,1,11.0,11.0,0.0,1,4,Desempleado,ENPOVE_2022
2,47.0,6,2,6.0,13.0, , ,1,11.0,11.0,0.0,1,2,Empleado_Informal,ENPOVE_2022
2,40.0,1,2,6.0,13.0, , ,1,11.0,11.0,0.0,2,4,Empleado_Informal,ENPOVE_2022
2,46.0,1,2,10.0,13.0,1,2,1,16.0,16.0,0.0,2,4,Empleado_Formal,ENPOVE_2022
2,31.0,2,2,5.0,13.0, , ,1,10.0,10.0,0.0,2,4,Empleado_Informal,ENPOVE_2022
1,48.0,2,2,5.0,13.0, , ,1,10.0,10.0,0.0,2,4,Empleado_Informal,ENPOVE_2022
2,21.0,1,2,6.0,13.0, , ,1,11.0,11.0,0.0,9,3,Empleado_Informal,ENPOVE_2022
2,25.0,1,2,8.0,13.0, , ,1,14.0,14.0,0.0,2,4,Desempleado,ENPOVE_2022
1,32.0,6,2,5.0,13.0, , ,1,10.0,10.0,0.0,9,3,Empleado_Informal,ENPOVE_2022
2,37.0,1,2,3.0,13.0, , ,1,4.5,4.5,0.0,9,3,Empleado_Informal,ENPOVE_2022
1,20.0,1,2,4.0,13.0, , ,1,9.0,9.0,0.0,9,3,Empleado_Informal,ENPOVE_2022
2,20.0,1,2,6.0,13.0, , ,1,11.0,11.0,0.0,9,3,Desempleado,ENPOVE_2022
1,21.0,6,2,5.0,13.0, , ,1,10.0,10.0,0.0,9,1,Empleado_Informal,ENPOVE_2022
2,38.0,5,2,4.0,13.0, , ,1,9.0,9.0,0.0,9,0,Desempleado,ENPOVE_2022
1,17.0,1,2,5.0,13.0, , ,1,10.0,10.0,0.0,9,0,Desempleado,ENPOVE_2022
1,19.0,6,2,5.0,13.0, , ,1,10.0,10.0,0.0,9,0,Desempleado,ENPOVE_2022
1,17.0,6,2,5.0,13.0, , ,1,10.0,10.0,0.0,9,0,Desempleado,ENPOVE_2022
2,29.0,1,2,5.0,13.0, , ,1,10.0,10.0,0.0,1,3,Empleado_Informal,ENPOVE_2022
2,22.0,6,2,8.0,13.0, , ,1,14.0,14.0,0.0,9,0,Empleado_Informal,ENPOVE_2022
1,29.0,1,2,8.0,13.0, , ,1,14.0,14.0,0.0,2,4,Empleado_Informal,ENPOVE_2022
1,44.0,4,2,6.0,13.0, , ,1,11.0,11.0,0.0,2,4,Empleado_Formal,ENPOVE_2022
1,30.0,1,2,6.0,13.0, , ,1,11.0,11.0,0.0,9,3,Empleado_Informal,ENPOVE_2022
2,21.0,6,2,5.0,13.0, , ,1,10.0,10.0,0.0,9,2,Empleado_Informal,ENPOVE_2022
1,28.0,2,2,5.0,13.0, , ,1,10.0,10.0,0.0,9,4,Empleado_Informal,ENPOVE_2022
2,50.0,1,2,3.0,13.0, , ,1,4.5,4.5,0.0,2,4,Empleado_Informal,ENPOVE_2022
2,53.0,6,2,4.0,13.0, , ,1,9.0,9.0,0.0,2,5,Empleado_Informal,ENPOVE_2022
1,27.0,6,2,6.0,13.0, , ,1,11.0,11.0,0.0,2,3,Empleado_Informal,ENPOVE_2022
1,45.0,2,2,6.0,13.0, , ,1,11.0,11.0,0.0,2,4,Empleado_Informal,ENPOVE_2022
1,42.0,2,2,6.0,13.0, , ,1,11.0,11.0,0.0,1,4,Desempleado,ENPOVE_2022
2,41.0,2,2,10.0,13.0,1,2,1,16.0,16.0,0.0,1,4,Empleado_Informal,ENPOVE_2022
1,15.0,6,2,1.0,5.0, , ,1,0.0,8.5,-8.5,9,4,Empleado_Informal,ENPOVE_2022
1,62.0,2,2,6.0,13.0, , ,1,11.0,11.0,0.0,9,1,Desempleado,ENPOVE_2022
1,22.0,1,2,6.0,13.0, , ,1,11.0,11.0,0.0,1,4,Empleado_Informal,ENPOVE_2022
1,23.0,1,2,5.0,13.0, , ,1,10.0,10.0,0.0,9,5,Empleado_Informal,ENPOVE_2022
2,47.0,5,2,6.0,13.0, , ,1,11.0,11.0,0.0,9,1,Empleado_Informal,ENPOVE_2022
2,20.0,6,2,6.0,13.0, , ,1,11.0,11.0,0.0,9,1,Empleado_Informal,ENPOVE_2022
2,25.0,1,2,6.0,13.0, , ,1,11.0,11.0,0.0,9,3,Empleado_Informal,ENPOVE_2022
1,26.0,1,2,6.0,13.0, , ,1,11.0,11.0,0.0,9,3,Empleado_Informal,ENPOVE_2022
2,52.0,5,2,4.0,13.0, , ,1,9.0,9.0,0.0,1,1,Empleado_Informal,ENPOVE_2022
1,33.0,5,2,5.0,13.0, , ,1,10.0,10.0,0.0,1,2,Empleado_Informal,ENPOVE_2022
1,61.0,5,2,4.0,13.0, , ,1,9.0,9.0,0.0,9,0,Empleado_Informal,ENPOVE_2022
1,21.0,6,2,6.0,13.0, , ,1,11.0,11.0,0.0,2,4,Empleado_Formal,ENPOVE_2022
1,67.0,2,2,8.0,13.0, , ,1,14.0,14.0,0.0,1,4,Empleado_Informal,ENPOVE_2022
1,32.0,5,2,5.0,13.0, , ,1,10.0,10.0,0.0,9,3,Empleado_Informal,ENPOVE_2022
2,31.0,1,2,9.0,13.0, , ,1,13.5,13.5,0.0,9,1,Desempleado,ENPOVE_2022
1,42.0,1,2,6.0,13.0, , ,1,11.0,11.0,0.0,9,0,Empleado_Informal,ENPOVE_2022
2,17.0,1,2,5.0,13.0, , ,1,10.0,10.0,0.0,9,0,Empleado_Informal,ENPOVE_2022
1,18.0,1,2,1.0,5.0, , ,1,0.0,8.5,-8.5,1,3,Empleado_Informal,ENPOVE_2022
2,19.0,6,2,6.0,13.0, , ,1,11.0,11.0,0.0,1,1,Desempleado,ENPOVE_2022
1,24.0,1,2,6.0,13.0, , ,1,11.0,11.0,0.0,1,4,Empleado_Informal,ENPOVE_2022
2,35.0,1,2,7.0,13.0, , ,1,12.5,12.5,0.0,9,1,Desempleado,ENPOVE_2022
1,26.0,6,2,9.0,13.0, , ,1,13.5,13.5,0.0,9,4,Empleado_Informal,ENPOVE_2022
2,55.0,3,2,5.0,13.0, , ,1,10.0,10.0,0.0,9,3,Empleado_Informal,ENPOVE_2022
1,23.0,1,2,5.0,13.0, , ,1,10.0,10.0,0.0,9,3,Empleado_Informal,ENPOVE_2022
2,29.0,1,2,7.0,13.0, , ,1,12.5,12.5,0.0,9,4,Empleado_Informal,ENPOVE_2022
1,23.0,1,2,6.0,13.0, , ,1,11.0,11.0,0.0,1,3,Empleado_Informal,ENPOVE_2022
1,23.0,1,2,5.0,13.0, , ,1,10.0,10.0,0.0,9,4,Desempleado,ENPOVE_2022
2,21.0,1,2,9.0,13.0, , ,1,13.5,13.5,0.0,9,4,Empleado_Informal,ENPOVE_2022
2,39.0,5,2,5.0,13.0, , ,1,10.0,10.0,0.0,9,4,Empleado_Informal,ENPOVE_2022
1,49.0,2,2,3.0,13.0, , ,1,4.5,4.5,0.0,9,3,Empleado_Informal,ENPOVE_2022
2,17.0,6,2,5.0,13.0, , ,1,10.0,10.0,0.0,9,3,Desempleado,ENPOVE_2022
2,37.0,6,2,10.0,13.0,1,2,1,16.0,16.0,0.0,9,4,Empleado_Informal,ENPOVE_2022
2,37.0,5,2,6.0,13.0, , ,1,11.0,11.0,0.0,9,4,Desempleado,ENPOVE_2022
2,20.0,6,2,1.0,6.0, , ,1,0.0,11.0,-11.0,9,3,Empleado_Informal,ENPOVE_2022
2,28.0,1,2,5.0,13.0, , ,1,10.0,10.0,0.0,9,3,Desempleado,ENPOVE_2022
1,29.0,1,2,6.0,13.0, , ,1,11.0,11.0,0.0,9,1,Desempleado,ENPOVE_2022
2,33.0,6,2,8.0,13.0, , ,1,14.0,14.0,0.0,9,3,Empleado_Informal,ENPOVE_2022
2,39.0,6,2,4.0,13.0, , ,1,9.0,9.0,0.0,9,3,Empleado_Informal,ENPOVE_2022
1,57.0,1,2,3.0,13.0, , ,1,4.5,4.5,0.0,2,4,Empleado_Informal,ENPOVE_2022
2,25.0,1,2,9.0,13.0, , ,1,13.5,13.5,0.0,1,4,Empleado_Informal,ENPOVE_2022
1,33.0,1,2,4.0,13.0, , ,1,9.0,9.0,0.0,9,4,Empleado_Informal,ENPOVE_2022
2,20.0,6,2,6.0,13.0, , ,1,11.0,11.0,0.0,9,1,Empleado_Informal,ENPOVE_2022
1,38.0,1,2,8.0,13.0, , ,1,14.0,14.0,0.0,2,4,Empleado_Informal,ENPOVE_2022
2,29.0,1,2,6.0,13.0, , ,1,11.0,11.0,0.0,9,3,Empleado_Informal,ENPOVE_2022
1,25.0,1,2,6.0,13.0, , ,1,11.0,11.0,0.0,1,3,Empleado_Informal,ENPOVE_2022
2,55.0,5,2,6.0,13.0, , ,1,11.0,11.0,0.0,1,3,Desempleado,ENPOVE_2022
2,37.0,1,2,10.0,13.0,1,2,1,16.0,16.0,0.0,9,4,Empleado_Informal,ENPOVE_2022
1,32.0,1,2,5.0,13.0, , ,1,10.0,10.0,0.0,1,4,Empleado_Informal,ENPOVE_2022
1,14.0,6,2,1.0,5.0, , ,1,0.0,8.5,-8.5,9,3,Empleado_Informal,ENPOVE_2022
1,30.0,5,2,6.0,13.0, , ,1,11.0,11.0,0.0,1,4,Desempleado,ENPOVE_2022
1,54.0,2,2,5.0,13.0, , ,1,10.0,10.0,0.0,1,2,Empleado_Informal,ENPOVE_2022
2,44.0,2,2,6.0,13.0, , ,1,11.0,11.0,0.0,1,2,Empleado_Informal,ENPOVE_2022
2,45.0,1,2,3.0,13.0, , ,1,4.5,4.5,0.0,1,3,Empleado_Informal,ENPOVE_2022
1,50.0,1,2,4.0,13.0, , ,1,9.0,9.0,0.0,1,3,Empleado_Informal,ENPOVE_2022
1,21.0,1,2,6.0,13.0, , ,1,11.0,11.0,0.0,1,2,Empleado_Informal,ENPOVE_2022
1,24.0,6,2,5.0,13.0, , ,1,10.0,10.0,0.0,1,3,Empleado_Informal,ENPOVE_2022
2,32.0,1,2,8.0,13.0, , ,1,14.0,14.0,0.0,9,1,Empleado_Informal,ENPOVE_2022
1,31.0,1,2,6.0,13.0, , ,1,11.0,11.0,0.0,1,2,Empleado_Informal,ENPOVE_2022
1,54.0,1,2,3.0,13.0, , ,1,4.5,4.5,0.0,9,1,Empleado_Informal,ENPOVE_2022
2,48.0,1,2,6.0,13.0, , ,1,11.0,11.0,0.0,9,1,Desempleado,ENPOVE_2022
2,45.0,1,2,10.0,13.0,1,1,1,16.0,16.0,0.0,1,2,Desempleado,ENPOVE_2022
2,26.0,1,2,9.0,13.0, , ,1,13.5,13.5,0.0,1,2,Desempleado,ENPOVE_2022
1,34.0,1,2,5.0,13.0, , ,1,10.0,10.0,0.0,9,1,Empleado_Informal,ENPOVE_2022
1,26.0,6,2,6.0,13.0, , ,1,11.0,11.0,0.0,9,1,Desempleado,ENPOVE_2022
1,19.0,1,2,5.0,13.0, , ,1,10.0,10.0,0.0,9,1,Empleado_Informal,ENPOVE_2022
1,29.0,6,2,5.0,13.0, , ,1,10.0,10.0,0.0,9,4,Empleado_Informal,ENPOVE_2022
2,39.0,6,2,6.0,13.0, , ,1,11.0,11.0,0.0,2,4,Empleado_Informal,ENPOVE_2022
1,15.0,6,2,5.0,13.0, , ,1,10.0,10.0,0.0,9,1,Desempleado,ENPOVE_2022
2,32.0,1,2,5.0,13.0, , ,1,10.0,10.0,0.0,9,1,Desempleado,ENPOVE_2022
1,22.0,1,2,6.0,13.0, , ,1,11.0,11.0,0.0,9,1,Desempleado,ENPOVE_2022
1,19.0,1,2,6.0,13.0, , ,1,11.0,11.0,0.0,9,2,Empleado_Informal,ENPOVE_2022
2,18.0,1,2,6.0,13.0, , ,1,11.0,11.0,0.0,9,2,Empleado_Informal,ENPOVE_2022
1,23.0,6,2,6.0,13.0, , ,1,11.0,11.0,0.0,9,2,Empleado_Informal,ENPOVE_2022
2,27.0,1,2,6.0,13.0, , ,1,11.0,11.0,0.0,1,3,Empleado_Informal,ENPOVE_2022
1,60.0,3,2,5.0,13.0, , ,1,10.0,10.0,0.0,9,1,Desempleado,ENPOVE_2022
1,23.0,1,2,9.0,13.0, , ,1,13.5,13.5,0.0,9,2,Empleado_Informal,ENPOVE_2022
2,21.0,1,2,6.0,13.0, , ,1,11.0,11.0,0.0,9,1,Empleado_Informal,ENPOVE_2022
1,26.0,1,2,5.0,13.0, , ,1,10.0,10.0,0.0,9,1,Empleado_Informal,ENPOVE_2022
2,37.0,1,2,4.0,13.0, , ,1,9.0,9.0,0.0,9,4,Desempleado,ENPOVE_2022
1,38.0,1,2,3.0,13.0, , ,1,4.5,4.5,0.0,9,4,Empleado_Informal,ENPOVE_2022
1,18.0,6,2,4.0,13.0, , ,1,9.0,9.0,0.0,9,3,Empleado_Informal,ENPOVE_2022
1,20.0,1,2,4.0,13.0, , ,1,9.0,9.0,0.0,9,3,Empleado_Informal,ENPOVE_2022
1,42.0,1,2,1.0,5.0, , ,1,0.0,8.5,-8.5,4,1,Empleado_Informal,ENPOVE_2022
2,33.0,1,2,4.0,13.0, , ,1,9.0,9.0,0.0,1,3,Empleado_Informal,ENPOVE_2022
2,55.0,6,2,2.0,13.0, , ,1,0.0,0.0,0.0,9,1,Desempleado,ENPOVE_2022
1,26.0,1,2,8.0,13.0, , ,1,14.0,14.0,0.0,1,3,Empleado_Informal,ENPOVE_2022
2,19.0,1,2,4.0,13.0, , ,1,9.0,9.0,0.0,1,3,Desempleado,ENPOVE_2022
1,34.0,6,2,10.0,13.0,1,2,1,16.0,16.0,0.0,1,2,Empleado_Informal,ENPOVE_2022
2,26.0,1,2,4.0,13.0, , ,1,9.0,9.0,0.0,9,2,Empleado_Informal,ENPOVE_2022
1,29.0,1,2,3.0,13.0, , ,1,4.5,4.5,0.0,2,3,Desempleado,ENPOVE_2022
1,24.0,1,2,4.0,13.0, , ,1,9.0,9.0,0.0,1,3,Empleado_Informal,ENPOVE_2022
2,22.0,1,2,4.0,13.0, , ,1,9.0,9.0,0.0,9,3,Desempleado,ENPOVE_2022
1,29.0,1,2,1.0,13.0, , ,1,0.0,0.0,0.0,9,3,Empleado_Informal,ENPOVE_2022
2,40.0,1,2,9.0,13.0, , ,1,13.5,13.5,0.0,9,1,Desempleado,ENPOVE_2022
1,22.0,1,2,2.0,13.0, , ,1,0.0,0.0,0.0,9,1,Empleado_Informal,ENPOVE_2022
1,26.0,6,2,2.0,13.0, , ,1,0.0,0.0,0.0,9,1,Empleado_Informal,ENPOVE_2022
1,38.0,6,2,8.0,13.0, , ,1,14.0,14.0,0.0,2,4,Empleado_Formal,ENPOVE_2022
1,16.0,6,2,3.0,13.0, , ,1,4.5,4.5,0.0,9,0,Desempleado,ENPOVE_2022
2,21.0,6,2,4.0,13.0, , ,1,9.0,9.0,0.0,9,0,Desempleado,ENPOVE_2022
1,35.0,6,2,10.0,13.0,1,2,1,16.0,16.0,0.0,1,4,Empleado_Formal,ENPOVE_2022
1,39.0,1,2,10.0,13.0,1,2,1,16.0,16.0,0.0,1,3,Empleado_Informal,ENPOVE_2022
2,20.0,5,2,6.0,13.0, , ,1,11.0,11.0,0.0,1,4,Desempleado,ENPOVE_2022
2,23.0,1,2,6.0,13.0, , ,1,11.0,11.0,0.0,9,1,Empleado_Informal,ENPOVE_2022
1,25.0,1,2,5.0,13.0, , ,1,10.0,10.0,0.0,9,0,Desempleado,ENPOVE_2022
2,40.0,1,2,5.0,13.0, , ,1,10.0,10.0,0.0,9,4,Empleado_Informal,ENPOVE_2022
1,14.0,6,2,1.0,5.0, , ,1,0.0,8.5,-8.5,9,5,Desempleado,ENPOVE_2022
1,28.0,1,2,10.0,13.0,1,2,1,16.0,16.0,0.0,9,1,Desempleado,ENPOVE_2022
2,22.0,1,2,6.0,13.0, , ,1,11.0,11.0,0.0,9,0,Desempleado,ENPOVE_2022
1,45.0,1,2,3.0,13.0, , ,1,4.5,4.5,0.0,9,3,Empleado_Informal,ENPOVE_2022
1,22.0,1,2,6.0,13.0, , ,1,11.0,11.0,0.0,9,3,Desempleado,ENPOVE_2022
1,21.0,1,2,1.0,5.0, , ,1,0.0,8.5,-8.5,9,3,Empleado_Informal,ENPOVE_2022
1,24.0,1,2,5.0,13.0, , ,1,10.0,10.0,0.0,2,3,Empleado_Informal,ENPOVE_2022
1,24.0,1,2,6.0,13.0, , ,1,11.0,11.0,0.0,9,3,Empleado_Informal,ENPOVE_2022
1,48.0,1,2,4.0,13.0, , ,1,9.0,9.0,0.0,9,1,Desempleado,ENPOVE_2022
2,41.0,1,2,6.0,13.0, , ,1,11.0,11.0,0.0,9,1,Desempleado,ENPOVE_2022
2,37.0,1,2,5.0,13.0, , ,1,10.0,10.0,0.0,1,3,Desempleado,ENPOVE_2022
1,17.0,6,2,1.0,6.0, , ,1,0.0,11.0,-11.0,1,3,Empleado_Informal,ENPOVE_2022
2,19.0,1,2,5.0,13.0, , ,1,10.0,10.0,0.0,9,1,Desempleado,ENPOVE_2022
1,12.0,6,2,3.0,13.0, , ,1,4.5,4.5,0.0,9,1,Desempleado,ENPOVE_2022
1,17.0,6,2,5.0,13.0, , ,1,10.0,10.0,0.0,9,2,Desempleado,ENPOVE_2022
1,35.0,1,2,6.0,13.0, , ,1,11.0,11.0,0.0,2,4,Empleado_Informal,ENPOVE_2022
2,39.0,1,2,7.0,13.0, , ,1,12.5,12.5,0.0,1,3,Desempleado,ENPOVE_2022
1,24.0,1,2,6.0,13.0, , ,1,11.0,11.0,0.0,9,3,Empleado_Informal,ENPOVE_2022
2,40.0,4,2,6.0,13.0, , ,1,11.0,11.0,0.0,9,0,Empleado_Informal,ENPOVE_2022
1,21.0,5,2,6.0,13.0, , ,1,11.0,11.0,0.0,9,2,Empleado_Informal,ENPOVE_2022
1,28.0,6,2,6.0,13.0, , ,1,11.0,11.0,0.0,1,3,Empleado_Informal,ENPOVE_2022
